[2025-12-20T14:12:48.649+0000] {manager.py:469} INFO - Processing files using up to 2 processes at a time 
[2025-12-20T14:12:48.649+0000] {manager.py:470} INFO - Process each file at most once every 30 seconds
[2025-12-20T14:12:48.649+0000] {manager.py:471} INFO - Checking for new files in /opt/airflow/dags every 300 seconds
[2025-12-20T14:12:48.650+0000] {manager.py:738} INFO - Searching for files in /opt/airflow/dags
[2025-12-20T14:12:48.652+0000] {manager.py:741} INFO - There are 1 files in /opt/airflow/dags
[2025-12-20T14:12:48.720+0000] {manager.py:879} INFO - 
================================================================================
DAG File Processing Stats

File Path                           PID  Runtime      # DAGs    # Errors  Last Runtime    Last Run
--------------------------------  -----  ---------  --------  ----------  --------------  ----------
/opt/airflow/dags/example_dag.py     29  0.03s             0           0
================================================================================
[2025-12-20T14:13:18.953+0000] {manager.py:879} INFO - 
================================================================================
DAG File Processing Stats

File Path                           PID  Runtime      # DAGs    # Errors  Last Runtime    Last Run
--------------------------------  -----  ---------  --------  ----------  --------------  -------------------
/opt/airflow/dags/example_dag.py     38  0.01s             1           0  0.23s           2025-12-20T14:12:48
================================================================================
[2025-12-20T14:13:49.190+0000] {manager.py:879} INFO - 
================================================================================
DAG File Processing Stats

File Path                           PID  Runtime      # DAGs    # Errors  Last Runtime    Last Run
--------------------------------  -----  ---------  --------  ----------  --------------  -------------------
/opt/airflow/dags/example_dag.py     46  0.00s             1           0  0.13s           2025-12-20T14:13:19
================================================================================
[2025-12-20T14:14:19.500+0000] {manager.py:879} INFO - 
================================================================================
DAG File Processing Stats

File Path                           PID  Runtime      # DAGs    # Errors  Last Runtime    Last Run
--------------------------------  -----  ---------  --------  ----------  --------------  -------------------
/opt/airflow/dags/example_dag.py     54  0.00s             1           0  0.10s           2025-12-20T14:13:49
================================================================================
[2025-12-20T14:14:49.814+0000] {manager.py:879} INFO - 
================================================================================
DAG File Processing Stats

File Path                           PID  Runtime      # DAGs    # Errors  Last Runtime    Last Run
--------------------------------  -----  ---------  --------  ----------  --------------  -------------------
/opt/airflow/dags/example_dag.py     62  0.01s             1           0  0.06s           2025-12-20T14:14:19
================================================================================
[2025-12-20T14:15:20.099+0000] {manager.py:879} INFO - 
================================================================================
DAG File Processing Stats

File Path                           PID  Runtime      # DAGs    # Errors  Last Runtime    Last Run
--------------------------------  -----  ---------  --------  ----------  --------------  -------------------
/opt/airflow/dags/example_dag.py     70  0.01s             1           0  0.08s           2025-12-20T14:14:49
================================================================================
[2025-12-20T14:15:50.376+0000] {manager.py:879} INFO - 
================================================================================
DAG File Processing Stats

File Path                         PID    Runtime      # DAGs    # Errors  Last Runtime    Last Run
--------------------------------  -----  ---------  --------  ----------  --------------  -------------------
/opt/airflow/dags/example_dag.py                           1           0  0.30s           2025-12-20T14:15:20
================================================================================
[2025-12-20T14:16:20.999+0000] {manager.py:879} INFO - 
================================================================================
DAG File Processing Stats

File Path                           PID  Runtime      # DAGs    # Errors  Last Runtime    Last Run
--------------------------------  -----  ---------  --------  ----------  --------------  -------------------
/opt/airflow/dags/example_dag.py     86  0.00s             1           0  0.10s           2025-12-20T14:15:50
================================================================================
[2025-12-20T14:16:51.336+0000] {manager.py:879} INFO - 
================================================================================
DAG File Processing Stats

File Path                           PID  Runtime      # DAGs    # Errors  Last Runtime    Last Run
--------------------------------  -----  ---------  --------  ----------  --------------  -------------------
/opt/airflow/dags/example_dag.py     94  0.01s             1           0  0.09s           2025-12-20T14:16:21
================================================================================
[2025-12-20T14:17:21.590+0000] {manager.py:879} INFO - 
================================================================================
DAG File Processing Stats

File Path                           PID  Runtime      # DAGs    # Errors  Last Runtime    Last Run
--------------------------------  -----  ---------  --------  ----------  --------------  -------------------
/opt/airflow/dags/example_dag.py     95  0.01s             1           0  0.10s           2025-12-20T14:16:51
================================================================================
[2025-12-20T14:17:48.934+0000] {manager.py:738} INFO - Searching for files in /opt/airflow/dags
[2025-12-20T14:17:48.941+0000] {manager.py:741} INFO - There are 1 files in /opt/airflow/dags
[2025-12-20T14:17:51.986+0000] {manager.py:879} INFO - 
================================================================================
DAG File Processing Stats

File Path                           PID  Runtime      # DAGs    # Errors  Last Runtime    Last Run
--------------------------------  -----  ---------  --------  ----------  --------------  -------------------
/opt/airflow/dags/example_dag.py    103  0.01s             1           0  0.14s           2025-12-20T14:17:21
================================================================================
[2025-12-20T14:18:22.268+0000] {manager.py:879} INFO - 
================================================================================
DAG File Processing Stats

File Path                           PID  Runtime      # DAGs    # Errors  Last Runtime    Last Run
--------------------------------  -----  ---------  --------  ----------  --------------  -------------------
/opt/airflow/dags/example_dag.py    111  0.01s             1           0  0.13s           2025-12-20T14:17:52
================================================================================
[2025-12-20T14:18:52.533+0000] {manager.py:879} INFO - 
================================================================================
DAG File Processing Stats

File Path                           PID  Runtime      # DAGs    # Errors  Last Runtime    Last Run
--------------------------------  -----  ---------  --------  ----------  --------------  -------------------
/opt/airflow/dags/example_dag.py    195  0.00s             1           0  0.12s           2025-12-20T14:18:22
================================================================================
[2025-12-20T14:19:22.900+0000] {manager.py:879} INFO - 
================================================================================
DAG File Processing Stats

File Path                           PID  Runtime      # DAGs    # Errors  Last Runtime    Last Run
--------------------------------  -----  ---------  --------  ----------  --------------  -------------------
/opt/airflow/dags/example_dag.py    203  0.01s             1           0  0.09s           2025-12-20T14:18:52
================================================================================
[2025-12-20T14:19:53.208+0000] {manager.py:879} INFO - 
================================================================================
DAG File Processing Stats

File Path                           PID  Runtime      # DAGs    # Errors  Last Runtime    Last Run
--------------------------------  -----  ---------  --------  ----------  --------------  -------------------
/opt/airflow/dags/example_dag.py    211  0.01s             1           0  0.13s           2025-12-20T14:19:23
================================================================================
[2025-12-20T14:20:23.525+0000] {manager.py:879} INFO - 
================================================================================
DAG File Processing Stats

File Path                           PID  Runtime      # DAGs    # Errors  Last Runtime    Last Run
--------------------------------  -----  ---------  --------  ----------  --------------  -------------------
/opt/airflow/dags/example_dag.py    219  0.01s             1           0  0.12s           2025-12-20T14:19:53
================================================================================
[2025-12-20T14:20:53.750+0000] {manager.py:879} INFO - 
================================================================================
DAG File Processing Stats

File Path                           PID  Runtime      # DAGs    # Errors  Last Runtime    Last Run
--------------------------------  -----  ---------  --------  ----------  --------------  -------------------
/opt/airflow/dags/example_dag.py    227  0.00s             1           0  0.09s           2025-12-20T14:20:23
================================================================================
[2025-12-20T14:21:24.042+0000] {manager.py:879} INFO - 
================================================================================
DAG File Processing Stats

File Path                           PID  Runtime      # DAGs    # Errors  Last Runtime    Last Run
--------------------------------  -----  ---------  --------  ----------  --------------  -------------------
/opt/airflow/dags/example_dag.py    235  0.01s             1           0  0.09s           2025-12-20T14:20:53
================================================================================
[2025-12-20T14:21:54.351+0000] {manager.py:879} INFO - 
================================================================================
DAG File Processing Stats

File Path                           PID  Runtime      # DAGs    # Errors  Last Runtime    Last Run
--------------------------------  -----  ---------  --------  ----------  --------------  -------------------
/opt/airflow/dags/example_dag.py    243  0.00s             1           0  0.09s           2025-12-20T14:21:24
================================================================================
[2025-12-20T14:22:24.644+0000] {manager.py:879} INFO - 
================================================================================
DAG File Processing Stats

File Path                           PID  Runtime      # DAGs    # Errors  Last Runtime    Last Run
--------------------------------  -----  ---------  --------  ----------  --------------  -------------------
/opt/airflow/dags/example_dag.py    251  0.01s             1           0  0.07s           2025-12-20T14:21:54
================================================================================
[2025-12-20T14:22:49.863+0000] {manager.py:738} INFO - Searching for files in /opt/airflow/dags
[2025-12-20T14:22:49.867+0000] {manager.py:741} INFO - There are 1 files in /opt/airflow/dags
[2025-12-20T14:22:54.918+0000] {manager.py:879} INFO - 
================================================================================
DAG File Processing Stats

File Path                           PID  Runtime      # DAGs    # Errors  Last Runtime    Last Run
--------------------------------  -----  ---------  --------  ----------  --------------  -------------------
/opt/airflow/dags/example_dag.py    259  0.00s             1           0  0.09s           2025-12-20T14:22:24
================================================================================
[2025-12-20T14:23:25.202+0000] {manager.py:879} INFO - 
================================================================================
DAG File Processing Stats

File Path                           PID  Runtime      # DAGs    # Errors  Last Runtime    Last Run
--------------------------------  -----  ---------  --------  ----------  --------------  -------------------
/opt/airflow/dags/example_dag.py    267  0.01s             1           0  0.07s           2025-12-20T14:22:54
================================================================================
[2025-12-20T14:23:55.519+0000] {manager.py:879} INFO - 
================================================================================
DAG File Processing Stats

File Path                           PID  Runtime      # DAGs    # Errors  Last Runtime    Last Run
--------------------------------  -----  ---------  --------  ----------  --------------  -------------------
/opt/airflow/dags/example_dag.py    275  0.00s             1           0  0.08s           2025-12-20T14:23:25
================================================================================
[2025-12-20T14:24:25.800+0000] {manager.py:879} INFO - 
================================================================================
DAG File Processing Stats

File Path                           PID  Runtime      # DAGs    # Errors  Last Runtime    Last Run
--------------------------------  -----  ---------  --------  ----------  --------------  -------------------
/opt/airflow/dags/example_dag.py    283  0.01s             1           0  0.07s           2025-12-20T14:23:55
================================================================================
[2025-12-20T14:24:56.106+0000] {manager.py:879} INFO - 
================================================================================
DAG File Processing Stats

File Path                           PID  Runtime      # DAGs    # Errors  Last Runtime    Last Run
--------------------------------  -----  ---------  --------  ----------  --------------  -------------------
/opt/airflow/dags/example_dag.py    291  0.00s             1           0  0.09s           2025-12-20T14:24:25
================================================================================
[2025-12-20T14:25:26.438+0000] {manager.py:879} INFO - 
================================================================================
DAG File Processing Stats

File Path                           PID  Runtime      # DAGs    # Errors  Last Runtime    Last Run
--------------------------------  -----  ---------  --------  ----------  --------------  -------------------
/opt/airflow/dags/example_dag.py    299  0.01s             1           0  0.07s           2025-12-20T14:24:56
================================================================================
[2025-12-20T14:25:56.744+0000] {manager.py:879} INFO - 
================================================================================
DAG File Processing Stats

File Path                           PID  Runtime      # DAGs    # Errors  Last Runtime    Last Run
--------------------------------  -----  ---------  --------  ----------  --------------  -------------------
/opt/airflow/dags/example_dag.py    307  0.00s             1           0  0.11s           2025-12-20T14:25:26
================================================================================
[2025-12-20T14:26:27.118+0000] {manager.py:879} INFO - 
================================================================================
DAG File Processing Stats

File Path                           PID  Runtime      # DAGs    # Errors  Last Runtime    Last Run
--------------------------------  -----  ---------  --------  ----------  --------------  -------------------
/opt/airflow/dags/example_dag.py    315  0.01s             1           0  0.08s           2025-12-20T14:25:56
================================================================================
[2025-12-20T14:26:57.471+0000] {manager.py:879} INFO - 
================================================================================
DAG File Processing Stats

File Path                           PID  Runtime      # DAGs    # Errors  Last Runtime    Last Run
--------------------------------  -----  ---------  --------  ----------  --------------  -------------------
/opt/airflow/dags/example_dag.py    323  0.01s             1           0  0.10s           2025-12-20T14:26:27
================================================================================
[2025-12-20T14:27:27.783+0000] {manager.py:879} INFO - 
================================================================================
DAG File Processing Stats

File Path                           PID  Runtime      # DAGs    # Errors  Last Runtime    Last Run
--------------------------------  -----  ---------  --------  ----------  --------------  -------------------
/opt/airflow/dags/example_dag.py    331  0.00s             1           0  0.10s           2025-12-20T14:26:57
================================================================================
[2025-12-20T14:27:50.008+0000] {manager.py:738} INFO - Searching for files in /opt/airflow/dags
[2025-12-20T14:27:50.013+0000] {manager.py:741} INFO - There are 1 files in /opt/airflow/dags
[2025-12-20T14:27:58.097+0000] {manager.py:879} INFO - 
================================================================================
DAG File Processing Stats

File Path                           PID  Runtime      # DAGs    # Errors  Last Runtime    Last Run
--------------------------------  -----  ---------  --------  ----------  --------------  -------------------
/opt/airflow/dags/example_dag.py    339  0.01s             1           0  0.06s           2025-12-20T14:27:27
================================================================================
[2025-12-20T14:28:28.466+0000] {manager.py:879} INFO - 
================================================================================
DAG File Processing Stats

File Path                           PID  Runtime      # DAGs    # Errors  Last Runtime    Last Run
--------------------------------  -----  ---------  --------  ----------  --------------  -------------------
/opt/airflow/dags/example_dag.py    347  0.01s             1           0  0.10s           2025-12-20T14:27:58
================================================================================
[2025-12-20T14:28:58.839+0000] {manager.py:879} INFO - 
================================================================================
DAG File Processing Stats

File Path                           PID  Runtime      # DAGs    # Errors  Last Runtime    Last Run
--------------------------------  -----  ---------  --------  ----------  --------------  -------------------
/opt/airflow/dags/example_dag.py    355  0.03s             1           0  0.13s           2025-12-20T14:28:28
================================================================================
[2025-12-20T14:29:29.119+0000] {manager.py:879} INFO - 
================================================================================
DAG File Processing Stats

File Path                           PID  Runtime      # DAGs    # Errors  Last Runtime    Last Run
--------------------------------  -----  ---------  --------  ----------  --------------  -------------------
/opt/airflow/dags/example_dag.py    363  0.00s             1           0  0.12s           2025-12-20T14:28:58
================================================================================
[2025-12-20T14:29:59.413+0000] {manager.py:879} INFO - 
================================================================================
DAG File Processing Stats

File Path                           PID  Runtime      # DAGs    # Errors  Last Runtime    Last Run
--------------------------------  -----  ---------  --------  ----------  --------------  -------------------
/opt/airflow/dags/example_dag.py    371  0.00s             1           0  0.08s           2025-12-20T14:29:29
================================================================================
[2025-12-20T14:30:29.723+0000] {manager.py:879} INFO - 
================================================================================
DAG File Processing Stats

File Path                           PID  Runtime      # DAGs    # Errors  Last Runtime    Last Run
--------------------------------  -----  ---------  --------  ----------  --------------  -------------------
/opt/airflow/dags/example_dag.py    379  0.01s             1           0  0.06s           2025-12-20T14:29:59
================================================================================
[2025-12-20T14:31:00.024+0000] {manager.py:879} INFO - 
================================================================================
DAG File Processing Stats

File Path                           PID  Runtime      # DAGs    # Errors  Last Runtime    Last Run
--------------------------------  -----  ---------  --------  ----------  --------------  -------------------
/opt/airflow/dags/example_dag.py    387  0.00s             1           0  0.13s           2025-12-20T14:30:29
================================================================================
[2025-12-20T14:31:30.418+0000] {manager.py:879} INFO - 
================================================================================
DAG File Processing Stats

File Path                           PID  Runtime      # DAGs    # Errors  Last Runtime    Last Run
--------------------------------  -----  ---------  --------  ----------  --------------  -------------------
/opt/airflow/dags/example_dag.py    395  0.01s             1           0  0.09s           2025-12-20T14:31:00
================================================================================
[2025-12-20T14:32:00.713+0000] {manager.py:879} INFO - 
================================================================================
DAG File Processing Stats

File Path                           PID  Runtime      # DAGs    # Errors  Last Runtime    Last Run
--------------------------------  -----  ---------  --------  ----------  --------------  -------------------
/opt/airflow/dags/example_dag.py    403  0.00s             1           0  0.11s           2025-12-20T14:31:30
================================================================================
[2025-12-20T14:32:31.036+0000] {manager.py:879} INFO - 
================================================================================
DAG File Processing Stats

File Path                           PID  Runtime      # DAGs    # Errors  Last Runtime    Last Run
--------------------------------  -----  ---------  --------  ----------  --------------  -------------------
/opt/airflow/dags/example_dag.py    411  0.01s             1           0  0.06s           2025-12-20T14:32:00
================================================================================
[2025-12-20T14:32:50.216+0000] {manager.py:738} INFO - Searching for files in /opt/airflow/dags
[2025-12-20T14:32:50.221+0000] {manager.py:741} INFO - There are 1 files in /opt/airflow/dags
[2025-12-20T14:33:01.326+0000] {manager.py:879} INFO - 
================================================================================
DAG File Processing Stats

File Path                           PID  Runtime      # DAGs    # Errors  Last Runtime    Last Run
--------------------------------  -----  ---------  --------  ----------  --------------  -------------------
/opt/airflow/dags/example_dag.py    419  0.00s             1           0  0.09s           2025-12-20T14:32:31
================================================================================
[2025-12-20T14:33:31.614+0000] {manager.py:879} INFO - 
================================================================================
DAG File Processing Stats

File Path                           PID  Runtime      # DAGs    # Errors  Last Runtime    Last Run
--------------------------------  -----  ---------  --------  ----------  --------------  -------------------
/opt/airflow/dags/example_dag.py    427  0.00s             1           0  0.08s           2025-12-20T14:33:01
================================================================================
[2025-12-20T14:34:01.939+0000] {manager.py:879} INFO - 
================================================================================
DAG File Processing Stats

File Path                           PID  Runtime      # DAGs    # Errors  Last Runtime    Last Run
--------------------------------  -----  ---------  --------  ----------  --------------  -------------------
/opt/airflow/dags/example_dag.py    435  0.00s             1           0  0.06s           2025-12-20T14:33:31
================================================================================
[2025-12-20T14:34:32.196+0000] {manager.py:879} INFO - 
================================================================================
DAG File Processing Stats

File Path                           PID  Runtime      # DAGs    # Errors  Last Runtime    Last Run
--------------------------------  -----  ---------  --------  ----------  --------------  -------------------
/opt/airflow/dags/example_dag.py    436  0.00s             1           0  0.09s           2025-12-20T14:34:02
================================================================================
[2025-12-20T14:35:02.502+0000] {manager.py:879} INFO - 
================================================================================
DAG File Processing Stats

File Path                           PID  Runtime      # DAGs    # Errors  Last Runtime    Last Run
--------------------------------  -----  ---------  --------  ----------  --------------  -------------------
/opt/airflow/dags/example_dag.py    444  0.00s             1           0  0.08s           2025-12-20T14:34:32
================================================================================
[2025-12-20T14:35:32.804+0000] {manager.py:879} INFO - 
================================================================================
DAG File Processing Stats

File Path                           PID  Runtime      # DAGs    # Errors  Last Runtime    Last Run
--------------------------------  -----  ---------  --------  ----------  --------------  -------------------
/opt/airflow/dags/example_dag.py    452  0.01s             1           0  0.07s           2025-12-20T14:35:02
================================================================================
[2025-12-20T14:36:03.142+0000] {manager.py:879} INFO - 
================================================================================
DAG File Processing Stats

File Path                           PID  Runtime      # DAGs    # Errors  Last Runtime    Last Run
--------------------------------  -----  ---------  --------  ----------  --------------  -------------------
/opt/airflow/dags/example_dag.py    460  0.00s             1           0  0.09s           2025-12-20T14:35:32
================================================================================
[2025-12-20T14:36:33.414+0000] {manager.py:879} INFO - 
================================================================================
DAG File Processing Stats

File Path                           PID  Runtime      # DAGs    # Errors  Last Runtime    Last Run
--------------------------------  -----  ---------  --------  ----------  --------------  -------------------
/opt/airflow/dags/example_dag.py    467  0.00s             1           0  0.09s           2025-12-20T14:36:03
================================================================================
[2025-12-20T14:37:03.696+0000] {manager.py:879} INFO - 
================================================================================
DAG File Processing Stats

File Path                           PID  Runtime      # DAGs    # Errors  Last Runtime    Last Run
--------------------------------  -----  ---------  --------  ----------  --------------  -------------------
/opt/airflow/dags/example_dag.py    475  0.01s             1           0  0.07s           2025-12-20T14:36:33
================================================================================
[2025-12-20T14:37:34.028+0000] {manager.py:879} INFO - 
================================================================================
DAG File Processing Stats

File Path                           PID  Runtime      # DAGs    # Errors  Last Runtime    Last Run
--------------------------------  -----  ---------  --------  ----------  --------------  -------------------
/opt/airflow/dags/example_dag.py    483  0.01s             1           0  0.08s           2025-12-20T14:37:03
================================================================================
[2025-12-20T14:37:50.290+0000] {manager.py:738} INFO - Searching for files in /opt/airflow/dags
[2025-12-20T14:37:50.295+0000] {manager.py:741} INFO - There are 1 files in /opt/airflow/dags
[2025-12-20T14:38:04.393+0000] {manager.py:879} INFO - 
================================================================================
DAG File Processing Stats

File Path                           PID  Runtime      # DAGs    # Errors  Last Runtime    Last Run
--------------------------------  -----  ---------  --------  ----------  --------------  -------------------
/opt/airflow/dags/example_dag.py    491  0.00s             1           0  0.11s           2025-12-20T14:37:34
================================================================================
[2025-12-20T14:38:34.744+0000] {manager.py:879} INFO - 
================================================================================
DAG File Processing Stats

File Path                           PID  Runtime      # DAGs    # Errors  Last Runtime    Last Run
--------------------------------  -----  ---------  --------  ----------  --------------  -------------------
/opt/airflow/dags/example_dag.py    499  0.00s             1           0  0.08s           2025-12-20T14:38:04
================================================================================
[2025-12-20T14:39:05.094+0000] {manager.py:879} INFO - 
================================================================================
DAG File Processing Stats

File Path                           PID  Runtime      # DAGs    # Errors  Last Runtime    Last Run
--------------------------------  -----  ---------  --------  ----------  --------------  -------------------
/opt/airflow/dags/example_dag.py    507  0.01s             1           0  0.11s           2025-12-20T14:38:34
================================================================================
[2025-12-20T14:39:35.408+0000] {manager.py:879} INFO - 
================================================================================
DAG File Processing Stats

File Path                           PID  Runtime      # DAGs    # Errors  Last Runtime    Last Run
--------------------------------  -----  ---------  --------  ----------  --------------  -------------------
/opt/airflow/dags/example_dag.py    515  0.00s             1           0  0.09s           2025-12-20T14:39:05
================================================================================
[2025-12-20T14:40:05.721+0000] {manager.py:879} INFO - 
================================================================================
DAG File Processing Stats

File Path                           PID  Runtime      # DAGs    # Errors  Last Runtime    Last Run
--------------------------------  -----  ---------  --------  ----------  --------------  -------------------
/opt/airflow/dags/example_dag.py    522  0.01s             1           0  0.07s           2025-12-20T14:39:35
================================================================================
[2025-12-20T14:40:36.023+0000] {manager.py:879} INFO - 
================================================================================
DAG File Processing Stats

File Path                           PID  Runtime      # DAGs    # Errors  Last Runtime    Last Run
--------------------------------  -----  ---------  --------  ----------  --------------  -------------------
/opt/airflow/dags/example_dag.py    530  0.01s             1           0  0.11s           2025-12-20T14:40:05
================================================================================
[2025-12-20T14:41:06.307+0000] {manager.py:879} INFO - 
================================================================================
DAG File Processing Stats

File Path                           PID  Runtime      # DAGs    # Errors  Last Runtime    Last Run
--------------------------------  -----  ---------  --------  ----------  --------------  -------------------
/opt/airflow/dags/example_dag.py    538  0.00s             1           0  0.10s           2025-12-20T14:40:36
================================================================================
[2025-12-20T14:41:36.737+0000] {manager.py:879} INFO - 
================================================================================
DAG File Processing Stats

File Path                           PID  Runtime      # DAGs    # Errors  Last Runtime    Last Run
--------------------------------  -----  ---------  --------  ----------  --------------  -------------------
/opt/airflow/dags/example_dag.py    546  0.01s             1           0  0.09s           2025-12-20T14:41:06
================================================================================
[2025-12-20T14:42:07.025+0000] {manager.py:879} INFO - 
================================================================================
DAG File Processing Stats

File Path                           PID  Runtime      # DAGs    # Errors  Last Runtime    Last Run
--------------------------------  -----  ---------  --------  ----------  --------------  -------------------
/opt/airflow/dags/example_dag.py    554  0.01s             1           0  0.10s           2025-12-20T14:41:36
================================================================================
[2025-12-20T14:42:37.368+0000] {manager.py:879} INFO - 
================================================================================
DAG File Processing Stats

File Path                           PID  Runtime      # DAGs    # Errors  Last Runtime    Last Run
--------------------------------  -----  ---------  --------  ----------  --------------  -------------------
/opt/airflow/dags/example_dag.py    562  0.00s             1           0  0.12s           2025-12-20T14:42:07
================================================================================
[2025-12-20T14:42:50.575+0000] {manager.py:738} INFO - Searching for files in /opt/airflow/dags
[2025-12-20T14:42:50.580+0000] {manager.py:741} INFO - There are 1 files in /opt/airflow/dags
[2025-12-20T14:43:07.779+0000] {manager.py:879} INFO - 
================================================================================
DAG File Processing Stats

File Path                           PID  Runtime      # DAGs    # Errors  Last Runtime    Last Run
--------------------------------  -----  ---------  --------  ----------  --------------  -------------------
/opt/airflow/dags/example_dag.py    570  0.01s             1           0  0.08s           2025-12-20T14:42:37
================================================================================
[2025-12-20T14:43:38.043+0000] {manager.py:879} INFO - 
================================================================================
DAG File Processing Stats

File Path                           PID  Runtime      # DAGs    # Errors  Last Runtime    Last Run
--------------------------------  -----  ---------  --------  ----------  --------------  -------------------
/opt/airflow/dags/example_dag.py    578  0.00s             1           0  0.12s           2025-12-20T14:43:07
================================================================================
[2025-12-20T14:44:08.415+0000] {manager.py:879} INFO - 
================================================================================
DAG File Processing Stats

File Path                           PID  Runtime      # DAGs    # Errors  Last Runtime    Last Run
--------------------------------  -----  ---------  --------  ----------  --------------  -------------------
/opt/airflow/dags/example_dag.py    586  0.00s             1           0  0.10s           2025-12-20T14:43:38
================================================================================
[2025-12-20T14:44:38.733+0000] {manager.py:879} INFO - 
================================================================================
DAG File Processing Stats

File Path                           PID  Runtime      # DAGs    # Errors  Last Runtime    Last Run
--------------------------------  -----  ---------  --------  ----------  --------------  -------------------
/opt/airflow/dags/example_dag.py    594  0.00s             1           0  0.09s           2025-12-20T14:44:08
================================================================================
[2025-12-20T14:45:09.091+0000] {manager.py:879} INFO - 
================================================================================
DAG File Processing Stats

File Path                           PID  Runtime      # DAGs    # Errors  Last Runtime    Last Run
--------------------------------  -----  ---------  --------  ----------  --------------  -------------------
/opt/airflow/dags/example_dag.py    602  0.00s             1           0  0.10s           2025-12-20T14:44:38
================================================================================
[2025-12-20T14:45:39.388+0000] {manager.py:879} INFO - 
================================================================================
DAG File Processing Stats

File Path                           PID  Runtime      # DAGs    # Errors  Last Runtime    Last Run
--------------------------------  -----  ---------  --------  ----------  --------------  -------------------
/opt/airflow/dags/example_dag.py    610  0.00s             1           0  0.06s           2025-12-20T14:45:09
================================================================================
[2025-12-20T14:46:09.746+0000] {manager.py:879} INFO - 
================================================================================
DAG File Processing Stats

File Path                           PID  Runtime      # DAGs    # Errors  Last Runtime    Last Run
--------------------------------  -----  ---------  --------  ----------  --------------  -------------------
/opt/airflow/dags/example_dag.py    617  0.00s             1           0  0.11s           2025-12-20T14:45:39
================================================================================
[2025-12-20T14:46:40.094+0000] {manager.py:879} INFO - 
================================================================================
DAG File Processing Stats

File Path                           PID  Runtime      # DAGs    # Errors  Last Runtime    Last Run
--------------------------------  -----  ---------  --------  ----------  --------------  -------------------
/opt/airflow/dags/example_dag.py    625  0.00s             1           0  0.06s           2025-12-20T14:46:09
================================================================================
[2025-12-20T14:47:10.391+0000] {manager.py:879} INFO - 
================================================================================
DAG File Processing Stats

File Path                           PID  Runtime      # DAGs    # Errors  Last Runtime    Last Run
--------------------------------  -----  ---------  --------  ----------  --------------  -------------------
/opt/airflow/dags/example_dag.py    632  0.00s             1           0  0.12s           2025-12-20T14:46:40
================================================================================
[2025-12-20T14:47:40.814+0000] {manager.py:879} INFO - 
================================================================================
DAG File Processing Stats

File Path                           PID  Runtime      # DAGs    # Errors  Last Runtime    Last Run
--------------------------------  -----  ---------  --------  ----------  --------------  -------------------
/opt/airflow/dags/example_dag.py    640  0.00s             1           0  0.11s           2025-12-20T14:47:10
================================================================================
[2025-12-20T14:47:50.912+0000] {manager.py:738} INFO - Searching for files in /opt/airflow/dags
[2025-12-20T14:47:50.916+0000] {manager.py:741} INFO - There are 1 files in /opt/airflow/dags
[2025-12-20T14:48:11.122+0000] {manager.py:879} INFO - 
================================================================================
DAG File Processing Stats

File Path                           PID  Runtime      # DAGs    # Errors  Last Runtime    Last Run
--------------------------------  -----  ---------  --------  ----------  --------------  -------------------
/opt/airflow/dags/example_dag.py    648  0.01s             1           0  0.06s           2025-12-20T14:47:40
================================================================================
[2025-12-20T14:48:41.490+0000] {manager.py:879} INFO - 
================================================================================
DAG File Processing Stats

File Path                           PID  Runtime      # DAGs    # Errors  Last Runtime    Last Run
--------------------------------  -----  ---------  --------  ----------  --------------  -------------------
/opt/airflow/dags/example_dag.py    656  0.00s             1           0  0.08s           2025-12-20T14:48:11
================================================================================
[2025-12-20T14:49:11.843+0000] {manager.py:879} INFO - 
================================================================================
DAG File Processing Stats

File Path                           PID  Runtime      # DAGs    # Errors  Last Runtime    Last Run
--------------------------------  -----  ---------  --------  ----------  --------------  -------------------
/opt/airflow/dags/example_dag.py    664  0.00s             1           0  0.06s           2025-12-20T14:48:41
================================================================================
[2025-12-20T14:49:42.121+0000] {manager.py:879} INFO - 
================================================================================
DAG File Processing Stats

File Path                           PID  Runtime      # DAGs    # Errors  Last Runtime    Last Run
--------------------------------  -----  ---------  --------  ----------  --------------  -------------------
/opt/airflow/dags/example_dag.py    672  0.00s             1           0  0.09s           2025-12-20T14:49:11
================================================================================
[2025-12-20T14:50:12.431+0000] {manager.py:879} INFO - 
================================================================================
DAG File Processing Stats

File Path                           PID  Runtime      # DAGs    # Errors  Last Runtime    Last Run
--------------------------------  -----  ---------  --------  ----------  --------------  -------------------
/opt/airflow/dags/example_dag.py    680  0.00s             1           0  0.06s           2025-12-20T14:49:42
================================================================================
[2025-12-20T14:50:42.767+0000] {manager.py:879} INFO - 
================================================================================
DAG File Processing Stats

File Path                           PID  Runtime      # DAGs    # Errors  Last Runtime    Last Run
--------------------------------  -----  ---------  --------  ----------  --------------  -------------------
/opt/airflow/dags/example_dag.py    688  0.00s             1           0  0.10s           2025-12-20T14:50:12
================================================================================
[2025-12-20T14:51:13.023+0000] {manager.py:879} INFO - 
================================================================================
DAG File Processing Stats

File Path                           PID  Runtime      # DAGs    # Errors  Last Runtime    Last Run
--------------------------------  -----  ---------  --------  ----------  --------------  -------------------
/opt/airflow/dags/example_dag.py    696  0.01s             1           0  0.07s           2025-12-20T14:50:42
================================================================================
[2025-12-20T14:51:43.278+0000] {manager.py:879} INFO - 
================================================================================
DAG File Processing Stats

File Path                           PID  Runtime      # DAGs    # Errors  Last Runtime    Last Run
--------------------------------  -----  ---------  --------  ----------  --------------  -------------------
/opt/airflow/dags/example_dag.py    704  0.00s             1           0  0.09s           2025-12-20T14:51:13
================================================================================
[2025-12-20T14:52:13.584+0000] {manager.py:879} INFO - 
================================================================================
DAG File Processing Stats

File Path                           PID  Runtime      # DAGs    # Errors  Last Runtime    Last Run
--------------------------------  -----  ---------  --------  ----------  --------------  -------------------
/opt/airflow/dags/example_dag.py    712  0.01s             1           0  0.06s           2025-12-20T14:51:43
================================================================================
[2025-12-20T14:52:43.931+0000] {manager.py:879} INFO - 
================================================================================
DAG File Processing Stats

File Path                           PID  Runtime      # DAGs    # Errors  Last Runtime    Last Run
--------------------------------  -----  ---------  --------  ----------  --------------  -------------------
/opt/airflow/dags/example_dag.py    713  0.00s             1           0  0.11s           2025-12-20T14:52:13
================================================================================
[2025-12-20T14:52:50.993+0000] {manager.py:738} INFO - Searching for files in /opt/airflow/dags
[2025-12-20T14:52:50.996+0000] {manager.py:741} INFO - There are 1 files in /opt/airflow/dags
[2025-12-20T14:53:14.278+0000] {manager.py:879} INFO - 
================================================================================
DAG File Processing Stats

File Path                           PID  Runtime      # DAGs    # Errors  Last Runtime    Last Run
--------------------------------  -----  ---------  --------  ----------  --------------  -------------------
/opt/airflow/dags/example_dag.py    721  0.01s             1           0  0.07s           2025-12-20T14:52:43
================================================================================
[2025-12-20T14:53:44.548+0000] {manager.py:879} INFO - 
================================================================================
DAG File Processing Stats

File Path                           PID  Runtime      # DAGs    # Errors  Last Runtime    Last Run
--------------------------------  -----  ---------  --------  ----------  --------------  -------------------
/opt/airflow/dags/example_dag.py    729  0.00s             1           0  0.12s           2025-12-20T14:53:14
================================================================================
[2025-12-20T14:54:14.837+0000] {manager.py:879} INFO - 
================================================================================
DAG File Processing Stats

File Path                           PID  Runtime      # DAGs    # Errors  Last Runtime    Last Run
--------------------------------  -----  ---------  --------  ----------  --------------  -------------------
/opt/airflow/dags/example_dag.py    737  0.01s             1           0  0.07s           2025-12-20T14:53:44
================================================================================
[2025-12-20T14:54:45.176+0000] {manager.py:879} INFO - 
================================================================================
DAG File Processing Stats

File Path                           PID  Runtime      # DAGs    # Errors  Last Runtime    Last Run
--------------------------------  -----  ---------  --------  ----------  --------------  -------------------
/opt/airflow/dags/example_dag.py    745  0.00s             1           0  0.16s           2025-12-20T14:54:14
================================================================================
[2025-12-20T14:55:15.516+0000] {manager.py:879} INFO - 
================================================================================
DAG File Processing Stats

File Path                           PID  Runtime      # DAGs    # Errors  Last Runtime    Last Run
--------------------------------  -----  ---------  --------  ----------  --------------  -------------------
/opt/airflow/dags/example_dag.py    753  0.00s             1           0  0.08s           2025-12-20T14:54:45
================================================================================
[2025-12-20T14:55:45.857+0000] {manager.py:879} INFO - 
================================================================================
DAG File Processing Stats

File Path                           PID  Runtime      # DAGs    # Errors  Last Runtime    Last Run
--------------------------------  -----  ---------  --------  ----------  --------------  -------------------
/opt/airflow/dags/example_dag.py    761  0.00s             1           0  0.11s           2025-12-20T14:55:15
================================================================================
[2025-12-20T14:56:16.184+0000] {manager.py:879} INFO - 
================================================================================
DAG File Processing Stats

File Path                           PID  Runtime      # DAGs    # Errors  Last Runtime    Last Run
--------------------------------  -----  ---------  --------  ----------  --------------  -------------------
/opt/airflow/dags/example_dag.py    769  0.01s             1           0  0.07s           2025-12-20T14:55:45
================================================================================
[2025-12-20T14:56:46.476+0000] {manager.py:879} INFO - 
================================================================================
DAG File Processing Stats

File Path                           PID  Runtime      # DAGs    # Errors  Last Runtime    Last Run
--------------------------------  -----  ---------  --------  ----------  --------------  -------------------
/opt/airflow/dags/example_dag.py    777  0.00s             1           0  0.12s           2025-12-20T14:56:16
================================================================================
[2025-12-20T14:57:16.831+0000] {manager.py:879} INFO - 
================================================================================
DAG File Processing Stats

File Path                           PID  Runtime      # DAGs    # Errors  Last Runtime    Last Run
--------------------------------  -----  ---------  --------  ----------  --------------  -------------------
/opt/airflow/dags/example_dag.py    785  0.00s             1           0  0.07s           2025-12-20T14:56:46
================================================================================
[2025-12-20T14:57:47.119+0000] {manager.py:879} INFO - 
================================================================================
DAG File Processing Stats

File Path                           PID  Runtime      # DAGs    # Errors  Last Runtime    Last Run
--------------------------------  -----  ---------  --------  ----------  --------------  -------------------
/opt/airflow/dags/example_dag.py    793  0.00s             1           0  0.11s           2025-12-20T14:57:16
================================================================================
[2025-12-20T14:57:51.160+0000] {manager.py:738} INFO - Searching for files in /opt/airflow/dags
[2025-12-20T14:57:51.166+0000] {manager.py:741} INFO - There are 1 files in /opt/airflow/dags
[2025-12-20T14:58:17.482+0000] {manager.py:879} INFO - 
================================================================================
DAG File Processing Stats

File Path                           PID  Runtime      # DAGs    # Errors  Last Runtime    Last Run
--------------------------------  -----  ---------  --------  ----------  --------------  -------------------
/opt/airflow/dags/example_dag.py    801  0.01s             1           0  0.07s           2025-12-20T14:57:47
================================================================================
[2025-12-20T14:58:47.765+0000] {manager.py:879} INFO - 
================================================================================
DAG File Processing Stats

File Path                           PID  Runtime      # DAGs    # Errors  Last Runtime    Last Run
--------------------------------  -----  ---------  --------  ----------  --------------  -------------------
/opt/airflow/dags/example_dag.py    809  0.00s             1           0  0.12s           2025-12-20T14:58:17
================================================================================
[2025-12-20T14:59:18.090+0000] {manager.py:879} INFO - 
================================================================================
DAG File Processing Stats

File Path                           PID  Runtime      # DAGs    # Errors  Last Runtime    Last Run
--------------------------------  -----  ---------  --------  ----------  --------------  -------------------
/opt/airflow/dags/example_dag.py    817  0.01s             1           0  0.07s           2025-12-20T14:58:47
================================================================================
[2025-12-20T14:59:48.379+0000] {manager.py:879} INFO - 
================================================================================
DAG File Processing Stats

File Path                           PID  Runtime      # DAGs    # Errors  Last Runtime    Last Run
--------------------------------  -----  ---------  --------  ----------  --------------  -------------------
/opt/airflow/dags/example_dag.py    825  0.00s             1           0  0.12s           2025-12-20T14:59:18
================================================================================
[2025-12-20T15:00:18.753+0000] {manager.py:879} INFO - 
================================================================================
DAG File Processing Stats

File Path                           PID  Runtime      # DAGs    # Errors  Last Runtime    Last Run
--------------------------------  -----  ---------  --------  ----------  --------------  -------------------
/opt/airflow/dags/example_dag.py    833  0.01s             1           0  0.09s           2025-12-20T14:59:48
================================================================================
[2025-12-20T15:00:49.037+0000] {manager.py:879} INFO - 
================================================================================
DAG File Processing Stats

File Path                           PID  Runtime      # DAGs    # Errors  Last Runtime    Last Run
--------------------------------  -----  ---------  --------  ----------  --------------  -------------------
/opt/airflow/dags/example_dag.py    841  0.00s             1           0  0.11s           2025-12-20T15:00:18
================================================================================
[2025-12-20T15:01:19.330+0000] {manager.py:879} INFO - 
================================================================================
DAG File Processing Stats

File Path                           PID  Runtime      # DAGs    # Errors  Last Runtime    Last Run
--------------------------------  -----  ---------  --------  ----------  --------------  -------------------
/opt/airflow/dags/example_dag.py    849  0.01s             1           0  0.09s           2025-12-20T15:00:49
================================================================================
[2025-12-20T15:01:49.611+0000] {manager.py:879} INFO - 
================================================================================
DAG File Processing Stats

File Path                           PID  Runtime      # DAGs    # Errors  Last Runtime    Last Run
--------------------------------  -----  ---------  --------  ----------  --------------  -------------------
/opt/airflow/dags/example_dag.py    856  0.00s             1           0  0.10s           2025-12-20T15:01:19
================================================================================
[2025-12-20T15:02:19.885+0000] {manager.py:879} INFO - 
================================================================================
DAG File Processing Stats

File Path                           PID  Runtime      # DAGs    # Errors  Last Runtime    Last Run
--------------------------------  -----  ---------  --------  ----------  --------------  -------------------
/opt/airflow/dags/example_dag.py    864  0.01s             1           0  0.07s           2025-12-20T15:01:49
================================================================================
[2025-12-20T15:02:50.183+0000] {manager.py:879} INFO - 
================================================================================
DAG File Processing Stats

File Path                           PID  Runtime      # DAGs    # Errors  Last Runtime    Last Run
--------------------------------  -----  ---------  --------  ----------  --------------  -------------------
/opt/airflow/dags/example_dag.py    872  0.00s             1           0  0.10s           2025-12-20T15:02:19
================================================================================
[2025-12-20T15:02:51.193+0000] {manager.py:738} INFO - Searching for files in /opt/airflow/dags
[2025-12-20T15:02:51.198+0000] {manager.py:741} INFO - There are 1 files in /opt/airflow/dags
[2025-12-20T15:03:20.480+0000] {manager.py:879} INFO - 
================================================================================
DAG File Processing Stats

File Path                           PID  Runtime      # DAGs    # Errors  Last Runtime    Last Run
--------------------------------  -----  ---------  --------  ----------  --------------  -------------------
/opt/airflow/dags/example_dag.py    880  0.00s             1           0  0.07s           2025-12-20T15:02:50
================================================================================
[2025-12-20T15:03:50.750+0000] {manager.py:879} INFO - 
================================================================================
DAG File Processing Stats

File Path                           PID  Runtime      # DAGs    # Errors  Last Runtime    Last Run
--------------------------------  -----  ---------  --------  ----------  --------------  -------------------
/opt/airflow/dags/example_dag.py    888  0.00s             1           0  0.10s           2025-12-20T15:03:20
================================================================================
[2025-12-20T15:04:21.019+0000] {manager.py:879} INFO - 
================================================================================
DAG File Processing Stats

File Path                           PID  Runtime      # DAGs    # Errors  Last Runtime    Last Run
--------------------------------  -----  ---------  --------  ----------  --------------  -------------------
/opt/airflow/dags/example_dag.py    896  0.00s             1           0  0.06s           2025-12-20T15:03:50
================================================================================
[2025-12-20T15:04:51.284+0000] {manager.py:879} INFO - 
================================================================================
DAG File Processing Stats

File Path                           PID  Runtime      # DAGs    # Errors  Last Runtime    Last Run
--------------------------------  -----  ---------  --------  ----------  --------------  -------------------
/opt/airflow/dags/example_dag.py    904  0.01s             1           0  0.09s           2025-12-20T15:04:21
================================================================================
[2025-12-20T15:05:21.573+0000] {manager.py:879} INFO - 
================================================================================
DAG File Processing Stats

File Path                           PID  Runtime      # DAGs    # Errors  Last Runtime    Last Run
--------------------------------  -----  ---------  --------  ----------  --------------  -------------------
/opt/airflow/dags/example_dag.py    912  0.00s             1           0  0.07s           2025-12-20T15:04:51
================================================================================
[2025-12-20T15:05:51.907+0000] {manager.py:879} INFO - 
================================================================================
DAG File Processing Stats

File Path                           PID  Runtime      # DAGs    # Errors  Last Runtime    Last Run
--------------------------------  -----  ---------  --------  ----------  --------------  -------------------
/opt/airflow/dags/example_dag.py    920  0.00s             1           0  0.13s           2025-12-20T15:05:21
================================================================================
[2025-12-20T15:06:22.216+0000] {manager.py:879} INFO - 
================================================================================
DAG File Processing Stats

File Path                           PID  Runtime      # DAGs    # Errors  Last Runtime    Last Run
--------------------------------  -----  ---------  --------  ----------  --------------  -------------------
/opt/airflow/dags/example_dag.py    928  0.01s             1           0  0.07s           2025-12-20T15:05:51
================================================================================
[2025-12-20T15:06:52.545+0000] {manager.py:879} INFO - 
================================================================================
DAG File Processing Stats

File Path                           PID  Runtime      # DAGs    # Errors  Last Runtime    Last Run
--------------------------------  -----  ---------  --------  ----------  --------------  -------------------
/opt/airflow/dags/example_dag.py    936  0.00s             1           0  0.12s           2025-12-20T15:06:22
================================================================================
[2025-12-20T15:07:22.840+0000] {manager.py:879} INFO - 
================================================================================
DAG File Processing Stats

File Path                           PID  Runtime      # DAGs    # Errors  Last Runtime    Last Run
--------------------------------  -----  ---------  --------  ----------  --------------  -------------------
/opt/airflow/dags/example_dag.py    944  0.01s             1           0  0.06s           2025-12-20T15:06:52
================================================================================
[2025-12-20T15:07:52.128+0000] {manager.py:738} INFO - Searching for files in /opt/airflow/dags
[2025-12-20T15:07:52.133+0000] {manager.py:741} INFO - There are 1 files in /opt/airflow/dags
[2025-12-20T15:07:53.158+0000] {manager.py:879} INFO - 
================================================================================
DAG File Processing Stats

File Path                           PID  Runtime      # DAGs    # Errors  Last Runtime    Last Run
--------------------------------  -----  ---------  --------  ----------  --------------  -------------------
/opt/airflow/dags/example_dag.py    952  0.00s             1           0  0.11s           2025-12-20T15:07:22
================================================================================
[2025-12-20T15:08:23.502+0000] {manager.py:879} INFO - 
================================================================================
DAG File Processing Stats

File Path                           PID  Runtime      # DAGs    # Errors  Last Runtime    Last Run
--------------------------------  -----  ---------  --------  ----------  --------------  -------------------
/opt/airflow/dags/example_dag.py    960  0.01s             1           0  0.06s           2025-12-20T15:07:53
================================================================================
[2025-12-20T15:08:53.850+0000] {manager.py:879} INFO - 
================================================================================
DAG File Processing Stats

File Path                           PID  Runtime      # DAGs    # Errors  Last Runtime    Last Run
--------------------------------  -----  ---------  --------  ----------  --------------  -------------------
/opt/airflow/dags/example_dag.py    968  0.00s             1           0  0.10s           2025-12-20T15:08:23
================================================================================
[2025-12-20T15:09:24.169+0000] {manager.py:879} INFO - 
================================================================================
DAG File Processing Stats

File Path                           PID  Runtime      # DAGs    # Errors  Last Runtime    Last Run
--------------------------------  -----  ---------  --------  ----------  --------------  -------------------
/opt/airflow/dags/example_dag.py    976  0.00s             1           0  0.07s           2025-12-20T15:08:53
================================================================================
[2025-12-20T15:09:54.500+0000] {manager.py:879} INFO - 
================================================================================
DAG File Processing Stats

File Path                           PID  Runtime      # DAGs    # Errors  Last Runtime    Last Run
--------------------------------  -----  ---------  --------  ----------  --------------  -------------------
/opt/airflow/dags/example_dag.py    984  0.00s             1           0  0.06s           2025-12-20T15:09:24
================================================================================
[2025-12-20T15:10:24.851+0000] {manager.py:879} INFO - 
================================================================================
DAG File Processing Stats

File Path                           PID  Runtime      # DAGs    # Errors  Last Runtime    Last Run
--------------------------------  -----  ---------  --------  ----------  --------------  -------------------
/opt/airflow/dags/example_dag.py    991  0.00s             1           0  0.07s           2025-12-20T15:09:54
================================================================================
[2025-12-20T15:10:55.180+0000] {manager.py:879} INFO - 
================================================================================
DAG File Processing Stats

File Path                           PID  Runtime      # DAGs    # Errors  Last Runtime    Last Run
--------------------------------  -----  ---------  --------  ----------  --------------  -------------------
/opt/airflow/dags/example_dag.py    999  0.00s             1           0  0.06s           2025-12-20T15:10:24
================================================================================
[2025-12-20T15:11:25.481+0000] {manager.py:879} INFO - 
================================================================================
DAG File Processing Stats

File Path                           PID  Runtime      # DAGs    # Errors  Last Runtime    Last Run
--------------------------------  -----  ---------  --------  ----------  --------------  -------------------
/opt/airflow/dags/example_dag.py   1000  0.00s             1           0  0.09s           2025-12-20T15:10:55
================================================================================
[2025-12-20T15:11:55.825+0000] {manager.py:879} INFO - 
================================================================================
DAG File Processing Stats

File Path                           PID  Runtime      # DAGs    # Errors  Last Runtime    Last Run
--------------------------------  -----  ---------  --------  ----------  --------------  -------------------
/opt/airflow/dags/example_dag.py   1008  0.01s             1           0  0.08s           2025-12-20T15:11:25
================================================================================
[2025-12-20T15:12:26.102+0000] {manager.py:879} INFO - 
================================================================================
DAG File Processing Stats

File Path                           PID  Runtime      # DAGs    # Errors  Last Runtime    Last Run
--------------------------------  -----  ---------  --------  ----------  --------------  -------------------
/opt/airflow/dags/example_dag.py   1016  0.00s             1           0  0.09s           2025-12-20T15:11:55
================================================================================
[2025-12-20T15:12:52.411+0000] {manager.py:738} INFO - Searching for files in /opt/airflow/dags
[2025-12-20T15:12:52.417+0000] {manager.py:741} INFO - There are 1 files in /opt/airflow/dags
[2025-12-20T15:12:56.486+0000] {manager.py:879} INFO - 
================================================================================
DAG File Processing Stats

File Path                           PID  Runtime      # DAGs    # Errors  Last Runtime    Last Run
--------------------------------  -----  ---------  --------  ----------  --------------  -------------------
/opt/airflow/dags/example_dag.py   1024  0.01s             1           0  0.08s           2025-12-20T15:12:26
================================================================================
[2025-12-20T15:13:26.804+0000] {manager.py:879} INFO - 
================================================================================
DAG File Processing Stats

File Path                           PID  Runtime      # DAGs    # Errors  Last Runtime    Last Run
--------------------------------  -----  ---------  --------  ----------  --------------  -------------------
/opt/airflow/dags/example_dag.py   1032  0.00s             1           0  0.11s           2025-12-20T15:12:56
================================================================================
[2025-12-20T15:13:57.156+0000] {manager.py:879} INFO - 
================================================================================
DAG File Processing Stats

File Path                           PID  Runtime      # DAGs    # Errors  Last Runtime    Last Run
--------------------------------  -----  ---------  --------  ----------  --------------  -------------------
/opt/airflow/dags/example_dag.py   1040  0.00s             1           0  0.10s           2025-12-20T15:13:26
================================================================================
[2025-12-20T15:14:27.478+0000] {manager.py:879} INFO - 
================================================================================
DAG File Processing Stats

File Path                           PID  Runtime      # DAGs    # Errors  Last Runtime    Last Run
--------------------------------  -----  ---------  --------  ----------  --------------  -------------------
/opt/airflow/dags/example_dag.py   1048  0.00s             1           0  0.09s           2025-12-20T15:13:57
================================================================================
[2025-12-20T15:14:57.823+0000] {manager.py:879} INFO - 
================================================================================
DAG File Processing Stats

File Path                           PID  Runtime      # DAGs    # Errors  Last Runtime    Last Run
--------------------------------  -----  ---------  --------  ----------  --------------  -------------------
/opt/airflow/dags/example_dag.py   1056  0.00s             1           0  0.07s           2025-12-20T15:14:27
================================================================================
[2025-12-20T15:15:28.125+0000] {manager.py:879} INFO - 
================================================================================
DAG File Processing Stats

File Path                           PID  Runtime      # DAGs    # Errors  Last Runtime    Last Run
--------------------------------  -----  ---------  --------  ----------  --------------  -------------------
/opt/airflow/dags/example_dag.py   1064  0.01s             1           0  0.07s           2025-12-20T15:14:57
================================================================================
[2025-12-20T15:15:58.420+0000] {manager.py:879} INFO - 
================================================================================
DAG File Processing Stats

File Path                           PID  Runtime      # DAGs    # Errors  Last Runtime    Last Run
--------------------------------  -----  ---------  --------  ----------  --------------  -------------------
/opt/airflow/dags/example_dag.py   1072  0.00s             1           0  0.08s           2025-12-20T15:15:28
================================================================================
[2025-12-20T15:16:28.776+0000] {manager.py:879} INFO - 
================================================================================
DAG File Processing Stats

File Path                           PID  Runtime      # DAGs    # Errors  Last Runtime    Last Run
--------------------------------  -----  ---------  --------  ----------  --------------  -------------------
/opt/airflow/dags/example_dag.py   1080  0.00s             1           0  0.06s           2025-12-20T15:15:58
================================================================================
[2025-12-20T15:16:59.084+0000] {manager.py:879} INFO - 
================================================================================
DAG File Processing Stats

File Path                           PID  Runtime      # DAGs    # Errors  Last Runtime    Last Run
--------------------------------  -----  ---------  --------  ----------  --------------  -------------------
/opt/airflow/dags/example_dag.py   1088  0.00s             1           0  0.09s           2025-12-20T15:16:28
================================================================================
[2025-12-20T15:17:29.453+0000] {manager.py:879} INFO - 
================================================================================
DAG File Processing Stats

File Path                           PID  Runtime      # DAGs    # Errors  Last Runtime    Last Run
--------------------------------  -----  ---------  --------  ----------  --------------  -------------------
/opt/airflow/dags/example_dag.py   1096  0.00s             1           0  0.07s           2025-12-20T15:16:59
================================================================================
[2025-12-20T15:17:52.658+0000] {manager.py:738} INFO - Searching for files in /opt/airflow/dags
[2025-12-20T15:17:52.661+0000] {manager.py:741} INFO - There are 1 files in /opt/airflow/dags
[2025-12-20T15:17:59.747+0000] {manager.py:879} INFO - 
================================================================================
DAG File Processing Stats

File Path                           PID  Runtime      # DAGs    # Errors  Last Runtime    Last Run
--------------------------------  -----  ---------  --------  ----------  --------------  -------------------
/opt/airflow/dags/example_dag.py   1104  0.00s             1           0  0.11s           2025-12-20T15:17:29
================================================================================
[2025-12-20T15:18:30.054+0000] {manager.py:879} INFO - 
================================================================================
DAG File Processing Stats

File Path                           PID  Runtime      # DAGs    # Errors  Last Runtime    Last Run
--------------------------------  -----  ---------  --------  ----------  --------------  -------------------
/opt/airflow/dags/example_dag.py   1112  0.00s             1           0  0.08s           2025-12-20T15:17:59
================================================================================
[2025-12-20T15:19:00.381+0000] {manager.py:879} INFO - 
================================================================================
DAG File Processing Stats

File Path                           PID  Runtime      # DAGs    # Errors  Last Runtime    Last Run
--------------------------------  -----  ---------  --------  ----------  --------------  -------------------
/opt/airflow/dags/example_dag.py   1120  0.00s             1           0  0.08s           2025-12-20T15:18:30
================================================================================
[2025-12-20T15:19:30.729+0000] {manager.py:879} INFO - 
================================================================================
DAG File Processing Stats

File Path                           PID  Runtime      # DAGs    # Errors  Last Runtime    Last Run
--------------------------------  -----  ---------  --------  ----------  --------------  -------------------
/opt/airflow/dags/example_dag.py   1128  0.00s             1           0  0.06s           2025-12-20T15:19:00
================================================================================
[2025-12-20T15:20:01.013+0000] {manager.py:879} INFO - 
================================================================================
DAG File Processing Stats

File Path                           PID  Runtime      # DAGs    # Errors  Last Runtime    Last Run
--------------------------------  -----  ---------  --------  ----------  --------------  -------------------
/opt/airflow/dags/example_dag.py   1136  0.00s             1           0  0.06s           2025-12-20T15:19:30
================================================================================
[2025-12-20T15:20:31.283+0000] {manager.py:879} INFO - 
================================================================================
DAG File Processing Stats

File Path                           PID  Runtime      # DAGs    # Errors  Last Runtime    Last Run
--------------------------------  -----  ---------  --------  ----------  --------------  -------------------
/opt/airflow/dags/example_dag.py   1144  0.00s             1           0  0.06s           2025-12-20T15:20:01
================================================================================
[2025-12-20T15:21:01.653+0000] {manager.py:879} INFO - 
================================================================================
DAG File Processing Stats

File Path                           PID  Runtime      # DAGs    # Errors  Last Runtime    Last Run
--------------------------------  -----  ---------  --------  ----------  --------------  -------------------
/opt/airflow/dags/example_dag.py   1152  0.00s             1           0  0.07s           2025-12-20T15:20:31
================================================================================
[2025-12-20T15:21:32.013+0000] {manager.py:879} INFO - 
================================================================================
DAG File Processing Stats

File Path                           PID  Runtime      # DAGs    # Errors  Last Runtime    Last Run
--------------------------------  -----  ---------  --------  ----------  --------------  -------------------
/opt/airflow/dags/example_dag.py   1160  0.01s             1           0  0.06s           2025-12-20T15:21:01
================================================================================
[2025-12-20T15:22:02.252+0000] {manager.py:879} INFO - 
================================================================================
DAG File Processing Stats

File Path                           PID  Runtime      # DAGs    # Errors  Last Runtime    Last Run
--------------------------------  -----  ---------  --------  ----------  --------------  -------------------
/opt/airflow/dags/example_dag.py   1168  0.00s             1           0  0.11s           2025-12-20T15:21:32
================================================================================
[2025-12-20T15:22:32.632+0000] {manager.py:879} INFO - 
================================================================================
DAG File Processing Stats

File Path                           PID  Runtime      # DAGs    # Errors  Last Runtime    Last Run
--------------------------------  -----  ---------  --------  ----------  --------------  -------------------
/opt/airflow/dags/example_dag.py   1176  0.01s             1           0  0.08s           2025-12-20T15:22:02
================================================================================
[2025-12-20T15:22:52.792+0000] {manager.py:738} INFO - Searching for files in /opt/airflow/dags
[2025-12-20T15:22:52.796+0000] {manager.py:741} INFO - There are 1 files in /opt/airflow/dags
[2025-12-20T15:23:02.921+0000] {manager.py:879} INFO - 
================================================================================
DAG File Processing Stats

File Path                           PID  Runtime      # DAGs    # Errors  Last Runtime    Last Run
--------------------------------  -----  ---------  --------  ----------  --------------  -------------------
/opt/airflow/dags/example_dag.py   1184  0.00s             1           0  0.11s           2025-12-20T15:22:32
================================================================================
[2025-12-20T15:23:33.359+0000] {manager.py:879} INFO - 
================================================================================
DAG File Processing Stats

File Path                           PID  Runtime      # DAGs    # Errors  Last Runtime    Last Run
--------------------------------  -----  ---------  --------  ----------  --------------  -------------------
/opt/airflow/dags/example_dag.py   1192  0.00s             1           0  0.09s           2025-12-20T15:23:03
================================================================================
[2025-12-20T15:24:03.660+0000] {manager.py:879} INFO - 
================================================================================
DAG File Processing Stats

File Path                           PID  Runtime      # DAGs    # Errors  Last Runtime    Last Run
--------------------------------  -----  ---------  --------  ----------  --------------  -------------------
/opt/airflow/dags/example_dag.py   1200  0.01s             1           0  0.07s           2025-12-20T15:23:33
================================================================================
[2025-12-20T15:24:34.010+0000] {manager.py:879} INFO - 
================================================================================
DAG File Processing Stats

File Path                           PID  Runtime      # DAGs    # Errors  Last Runtime    Last Run
--------------------------------  -----  ---------  --------  ----------  --------------  -------------------
/opt/airflow/dags/example_dag.py   1208  0.00s             1           0  0.09s           2025-12-20T15:24:03
================================================================================
[2025-12-20T15:25:04.317+0000] {manager.py:879} INFO - 
================================================================================
DAG File Processing Stats

File Path                           PID  Runtime      # DAGs    # Errors  Last Runtime    Last Run
--------------------------------  -----  ---------  --------  ----------  --------------  -------------------
/opt/airflow/dags/example_dag.py   1216  0.00s             1           0  0.06s           2025-12-20T15:24:34
================================================================================
[2025-12-20T15:25:34.646+0000] {manager.py:879} INFO - 
================================================================================
DAG File Processing Stats

File Path                           PID  Runtime      # DAGs    # Errors  Last Runtime    Last Run
--------------------------------  -----  ---------  --------  ----------  --------------  -------------------
/opt/airflow/dags/example_dag.py   1224  0.00s             1           0  0.08s           2025-12-20T15:25:04
================================================================================
[2025-12-20T15:26:04.967+0000] {manager.py:879} INFO - 
================================================================================
DAG File Processing Stats

File Path                           PID  Runtime      # DAGs    # Errors  Last Runtime    Last Run
--------------------------------  -----  ---------  --------  ----------  --------------  -------------------
/opt/airflow/dags/example_dag.py   1232  0.00s             1           0  0.06s           2025-12-20T15:25:34
================================================================================
[2025-12-20T15:26:35.294+0000] {manager.py:879} INFO - 
================================================================================
DAG File Processing Stats

File Path                           PID  Runtime      # DAGs    # Errors  Last Runtime    Last Run
--------------------------------  -----  ---------  --------  ----------  --------------  -------------------
/opt/airflow/dags/example_dag.py   1240  0.00s             1           0  0.07s           2025-12-20T15:26:05
================================================================================
[2025-12-20T15:27:05.683+0000] {manager.py:879} INFO - 
================================================================================
DAG File Processing Stats

File Path                           PID  Runtime      # DAGs    # Errors  Last Runtime    Last Run
--------------------------------  -----  ---------  --------  ----------  --------------  -------------------
/opt/airflow/dags/example_dag.py   1248  0.01s             1           0  0.08s           2025-12-20T15:26:35
================================================================================
[2025-12-20T15:27:36.074+0000] {manager.py:879} INFO - 
================================================================================
DAG File Processing Stats

File Path                           PID  Runtime      # DAGs    # Errors  Last Runtime    Last Run
--------------------------------  -----  ---------  --------  ----------  --------------  -------------------
/opt/airflow/dags/example_dag.py   1256  0.00s             1           0  0.15s           2025-12-20T15:27:05
================================================================================
[2025-12-20T15:27:53.336+0000] {manager.py:738} INFO - Searching for files in /opt/airflow/dags
[2025-12-20T15:27:53.341+0000] {manager.py:741} INFO - There are 1 files in /opt/airflow/dags
[2025-12-20T15:28:06.513+0000] {manager.py:879} INFO - 
================================================================================
DAG File Processing Stats

File Path                           PID  Runtime      # DAGs    # Errors  Last Runtime    Last Run
--------------------------------  -----  ---------  --------  ----------  --------------  -------------------
/opt/airflow/dags/example_dag.py   1264  0.00s             1           0  0.08s           2025-12-20T15:27:36
================================================================================
[2025-12-20T15:28:36.886+0000] {manager.py:879} INFO - 
================================================================================
DAG File Processing Stats

File Path                           PID  Runtime      # DAGs    # Errors  Last Runtime    Last Run
--------------------------------  -----  ---------  --------  ----------  --------------  -------------------
/opt/airflow/dags/example_dag.py   1271  0.00s             1           0  0.06s           2025-12-20T15:28:06
================================================================================
[2025-12-20T15:29:07.245+0000] {manager.py:879} INFO - 
================================================================================
DAG File Processing Stats

File Path                           PID  Runtime      # DAGs    # Errors  Last Runtime    Last Run
--------------------------------  -----  ---------  --------  ----------  --------------  -------------------
/opt/airflow/dags/example_dag.py   1278  0.00s             1           0  0.07s           2025-12-20T15:28:36
================================================================================
[2025-12-20T15:29:37.530+0000] {manager.py:879} INFO - 
================================================================================
DAG File Processing Stats

File Path                           PID  Runtime      # DAGs    # Errors  Last Runtime    Last Run
--------------------------------  -----  ---------  --------  ----------  --------------  -------------------
/opt/airflow/dags/example_dag.py   1286  0.00s             1           0  0.09s           2025-12-20T15:29:07
================================================================================
[2025-12-20T15:30:07.866+0000] {manager.py:879} INFO - 
================================================================================
DAG File Processing Stats

File Path                           PID  Runtime      # DAGs    # Errors  Last Runtime    Last Run
--------------------------------  -----  ---------  --------  ----------  --------------  -------------------
/opt/airflow/dags/example_dag.py   1294  0.00s             1           0  0.07s           2025-12-20T15:29:37
================================================================================
[2025-12-20T15:30:38.163+0000] {manager.py:879} INFO - 
================================================================================
DAG File Processing Stats

File Path                           PID  Runtime      # DAGs    # Errors  Last Runtime    Last Run
--------------------------------  -----  ---------  --------  ----------  --------------  -------------------
/opt/airflow/dags/example_dag.py   1302  0.00s             1           0  0.07s           2025-12-20T15:30:07
================================================================================
[2025-12-20T15:31:08.512+0000] {manager.py:879} INFO - 
================================================================================
DAG File Processing Stats

File Path                           PID  Runtime      # DAGs    # Errors  Last Runtime    Last Run
--------------------------------  -----  ---------  --------  ----------  --------------  -------------------
/opt/airflow/dags/example_dag.py   1309  0.01s             1           0  0.08s           2025-12-20T15:30:38
================================================================================
[2025-12-20T15:31:38.773+0000] {manager.py:879} INFO - 
================================================================================
DAG File Processing Stats

File Path                           PID  Runtime      # DAGs    # Errors  Last Runtime    Last Run
--------------------------------  -----  ---------  --------  ----------  --------------  -------------------
/opt/airflow/dags/example_dag.py   1311  0.01s             1           0  0.14s           2025-12-20T15:31:08
================================================================================
[2025-12-20T15:32:03.354+0000] {manager.py:451} INFO - Exiting gracefully upon receiving signal 15
[2025-12-20T15:32:42.305+0000] {manager.py:469} INFO - Processing files using up to 2 processes at a time 
[2025-12-20T15:32:42.306+0000] {manager.py:470} INFO - Process each file at most once every 30 seconds
[2025-12-20T15:32:42.306+0000] {manager.py:471} INFO - Checking for new files in /opt/airflow/dags every 300 seconds
[2025-12-20T15:32:42.306+0000] {manager.py:738} INFO - Searching for files in /opt/airflow/dags
[2025-12-20T15:32:42.309+0000] {manager.py:741} INFO - There are 1 files in /opt/airflow/dags
[2025-12-20T15:32:42.374+0000] {manager.py:879} INFO - 
================================================================================
DAG File Processing Stats

File Path                           PID  Runtime      # DAGs    # Errors  Last Runtime    Last Run
--------------------------------  -----  ---------  --------  ----------  --------------  ----------
/opt/airflow/dags/example_dag.py     30  0.02s             0           0
================================================================================
[2025-12-20T15:33:12.704+0000] {manager.py:879} INFO - 
================================================================================
DAG File Processing Stats

File Path                           PID  Runtime      # DAGs    # Errors  Last Runtime    Last Run
--------------------------------  -----  ---------  --------  ----------  --------------  -------------------
/opt/airflow/dags/example_dag.py     38  0.02s             1           0  0.08s           2025-12-20T15:32:42
================================================================================
[2025-12-20T15:33:43.063+0000] {manager.py:879} INFO - 
================================================================================
DAG File Processing Stats

File Path                           PID  Runtime      # DAGs    # Errors  Last Runtime    Last Run
--------------------------------  -----  ---------  --------  ----------  --------------  -------------------
/opt/airflow/dags/example_dag.py     46  0.01s             1           0  0.26s           2025-12-20T15:33:12
================================================================================
[2025-12-20T15:34:13.306+0000] {manager.py:879} INFO - 
================================================================================
DAG File Processing Stats

File Path                           PID  Runtime      # DAGs    # Errors  Last Runtime    Last Run
--------------------------------  -----  ---------  --------  ----------  --------------  -------------------
/opt/airflow/dags/example_dag.py     54  0.02s             1           0  0.10s           2025-12-20T15:33:43
================================================================================
[2025-12-20T15:34:43.622+0000] {manager.py:879} INFO - 
================================================================================
DAG File Processing Stats

File Path                           PID  Runtime      # DAGs    # Errors  Last Runtime    Last Run
--------------------------------  -----  ---------  --------  ----------  --------------  -------------------
/opt/airflow/dags/example_dag.py     62  0.01s             1           0  0.13s           2025-12-20T15:34:13
================================================================================
[2025-12-20T15:35:13.938+0000] {manager.py:879} INFO - 
================================================================================
DAG File Processing Stats

File Path                           PID  Runtime      # DAGs    # Errors  Last Runtime    Last Run
--------------------------------  -----  ---------  --------  ----------  --------------  -------------------
/opt/airflow/dags/example_dag.py     70  0.00s             1           0  0.08s           2025-12-20T15:34:43
================================================================================
[2025-12-20T15:35:44.277+0000] {manager.py:879} INFO - 
================================================================================
DAG File Processing Stats

File Path                           PID  Runtime      # DAGs    # Errors  Last Runtime    Last Run
--------------------------------  -----  ---------  --------  ----------  --------------  -------------------
/opt/airflow/dags/example_dag.py     78  0.01s             1           0  0.12s           2025-12-20T15:35:14
================================================================================
[2025-12-20T15:36:14.538+0000] {manager.py:879} INFO - 
================================================================================
DAG File Processing Stats

File Path                           PID  Runtime      # DAGs    # Errors  Last Runtime    Last Run
--------------------------------  -----  ---------  --------  ----------  --------------  -------------------
/opt/airflow/dags/example_dag.py     79  0.01s             1           0  0.17s           2025-12-20T15:35:44
================================================================================
[2025-12-20T15:36:44.971+0000] {manager.py:879} INFO - 
================================================================================
DAG File Processing Stats

File Path                           PID  Runtime      # DAGs    # Errors  Last Runtime    Last Run
--------------------------------  -----  ---------  --------  ----------  --------------  -------------------
/opt/airflow/dags/example_dag.py     87  0.01s             1           0  0.12s           2025-12-20T15:36:14
================================================================================
[2025-12-20T15:37:15.256+0000] {manager.py:879} INFO - 
================================================================================
DAG File Processing Stats

File Path                           PID  Runtime      # DAGs    # Errors  Last Runtime    Last Run
--------------------------------  -----  ---------  --------  ----------  --------------  -------------------
/opt/airflow/dags/example_dag.py     95  0.01s             1           0  0.13s           2025-12-20T15:36:45
================================================================================
[2025-12-20T15:37:42.567+0000] {manager.py:738} INFO - Searching for files in /opt/airflow/dags
[2025-12-20T15:37:42.574+0000] {manager.py:741} INFO - There are 3 files in /opt/airflow/dags
[2025-12-20T15:37:45.637+0000] {manager.py:879} INFO - 
================================================================================
DAG File Processing Stats

File Path                                      PID  Runtime      # DAGs    # Errors  Last Runtime    Last Run
-------------------------------------------  -----  ---------  --------  ----------  --------------  -------------------
/opt/airflow/dags/example_dag.py               105  0.00s             1           0  0.12s           2025-12-20T15:37:15
/opt/airflow/dags/purchase_analytics_dag.py                           1           0  0.21s           2025-12-20T15:37:42
/opt/airflow/dags/warehouse_delivery_dag.py                           1           0  0.21s           2025-12-20T15:37:42
================================================================================
[2025-12-20T15:38:16.108+0000] {manager.py:879} INFO - 
================================================================================
DAG File Processing Stats

File Path                                      PID  Runtime      # DAGs    # Errors  Last Runtime    Last Run
-------------------------------------------  -----  ---------  --------  ----------  --------------  -------------------
/opt/airflow/dags/example_dag.py               116  0.00s             1           0  0.09s           2025-12-20T15:37:45
/opt/airflow/dags/purchase_analytics_dag.py                           1           0  0.19s           2025-12-20T15:38:13
/opt/airflow/dags/warehouse_delivery_dag.py                           1           0  0.09s           2025-12-20T15:38:15
================================================================================
[2025-12-20T15:38:46.439+0000] {manager.py:879} INFO - 
================================================================================
DAG File Processing Stats

File Path                                      PID  Runtime      # DAGs    # Errors  Last Runtime    Last Run
-------------------------------------------  -----  ---------  --------  ----------  --------------  -------------------
/opt/airflow/dags/example_dag.py               126  0.01s             1           0  0.07s           2025-12-20T15:38:16
/opt/airflow/dags/purchase_analytics_dag.py                           1           0  0.07s           2025-12-20T15:38:25
/opt/airflow/dags/warehouse_delivery_dag.py                           1           0  0.09s           2025-12-20T15:38:27
================================================================================
[2025-12-20T15:39:16.769+0000] {manager.py:879} INFO - 
================================================================================
DAG File Processing Stats

File Path                                      PID  Runtime      # DAGs    # Errors  Last Runtime    Last Run
-------------------------------------------  -----  ---------  --------  ----------  --------------  -------------------
/opt/airflow/dags/example_dag.py               136  0.01s             1           0  0.15s           2025-12-20T15:38:46
/opt/airflow/dags/purchase_analytics_dag.py                           1           0  0.09s           2025-12-20T15:38:55
/opt/airflow/dags/warehouse_delivery_dag.py                           1           0  0.09s           2025-12-20T15:38:57
================================================================================
[2025-12-20T15:39:43.346+0000] {manager.py:451} INFO - Exiting gracefully upon receiving signal 15
[2025-12-20T15:43:43.618+0000] {manager.py:469} INFO - Processing files using up to 2 processes at a time 
[2025-12-20T15:43:43.618+0000] {manager.py:470} INFO - Process each file at most once every 30 seconds
[2025-12-20T15:43:43.618+0000] {manager.py:471} INFO - Checking for new files in /opt/airflow/dags every 300 seconds
[2025-12-20T15:43:43.619+0000] {manager.py:738} INFO - Searching for files in /opt/airflow/dags
[2025-12-20T15:43:43.624+0000] {manager.py:741} INFO - There are 3 files in /opt/airflow/dags
[2025-12-20T15:43:43.694+0000] {manager.py:879} INFO - 
================================================================================
DAG File Processing Stats

File Path                                      PID  Runtime      # DAGs    # Errors  Last Runtime    Last Run
-------------------------------------------  -----  ---------  --------  ----------  --------------  ----------
/opt/airflow/dags/example_dag.py                                      0           0
/opt/airflow/dags/purchase_analytics_dag.py     31  0.02s             0           0
/opt/airflow/dags/warehouse_delivery_dag.py     30  0.03s             0           0
================================================================================
[2025-12-20T15:44:14.022+0000] {manager.py:879} INFO - 
================================================================================
DAG File Processing Stats

File Path                                      PID  Runtime      # DAGs    # Errors  Last Runtime    Last Run
-------------------------------------------  -----  ---------  --------  ----------  --------------  -------------------
/opt/airflow/dags/example_dag.py                                      1           0  0.06s           2025-12-20T15:43:43
/opt/airflow/dags/purchase_analytics_dag.py     41  0.01s             1           0  0.10s           2025-12-20T15:43:43
/opt/airflow/dags/warehouse_delivery_dag.py     40  0.01s             1           0  0.10s           2025-12-20T15:43:43
================================================================================
[2025-12-20T15:44:44.551+0000] {manager.py:879} INFO - 
================================================================================
DAG File Processing Stats

File Path                                      PID  Runtime      # DAGs    # Errors  Last Runtime    Last Run
-------------------------------------------  -----  ---------  --------  ----------  --------------  -------------------
/opt/airflow/dags/example_dag.py                                      1           0  0.15s           2025-12-20T15:44:14
/opt/airflow/dags/purchase_analytics_dag.py     51  0.01s             1           0  0.23s           2025-12-20T15:44:14
/opt/airflow/dags/warehouse_delivery_dag.py     50  0.02s             1           0  0.25s           2025-12-20T15:44:14
================================================================================
[2025-12-20T15:45:14.904+0000] {manager.py:879} INFO - 
================================================================================
DAG File Processing Stats

File Path                                      PID  Runtime      # DAGs    # Errors  Last Runtime    Last Run
-------------------------------------------  -----  ---------  --------  ----------  --------------  -------------------
/opt/airflow/dags/example_dag.py                                      1           0  0.07s           2025-12-20T15:44:44
/opt/airflow/dags/purchase_analytics_dag.py     61  0.00s             1           0  0.11s           2025-12-20T15:44:44
/opt/airflow/dags/warehouse_delivery_dag.py     60  0.01s             1           0  0.12s           2025-12-20T15:44:44
================================================================================
[2025-12-20T15:45:45.221+0000] {manager.py:879} INFO - 
================================================================================
DAG File Processing Stats

File Path                                      PID  Runtime      # DAGs    # Errors  Last Runtime    Last Run
-------------------------------------------  -----  ---------  --------  ----------  --------------  -------------------
/opt/airflow/dags/example_dag.py                                      1           0  0.06s           2025-12-20T15:45:15
/opt/airflow/dags/purchase_analytics_dag.py     71  0.00s             1           0  0.08s           2025-12-20T15:45:14
/opt/airflow/dags/warehouse_delivery_dag.py     70  0.01s             1           0  0.08s           2025-12-20T15:45:14
================================================================================
[2025-12-20T15:46:15.619+0000] {manager.py:879} INFO - 
================================================================================
DAG File Processing Stats

File Path                                      PID  Runtime      # DAGs    # Errors  Last Runtime    Last Run
-------------------------------------------  -----  ---------  --------  ----------  --------------  -------------------
/opt/airflow/dags/example_dag.py                                      1           0  0.07s           2025-12-20T15:45:45
/opt/airflow/dags/purchase_analytics_dag.py     81  0.00s             1           0  0.11s           2025-12-20T15:45:45
/opt/airflow/dags/warehouse_delivery_dag.py     80  0.01s             1           0  0.12s           2025-12-20T15:45:45
================================================================================
[2025-12-20T15:46:45.985+0000] {manager.py:879} INFO - 
================================================================================
DAG File Processing Stats

File Path                                      PID  Runtime      # DAGs    # Errors  Last Runtime    Last Run
-------------------------------------------  -----  ---------  --------  ----------  --------------  -------------------
/opt/airflow/dags/example_dag.py                                      1           0  0.07s           2025-12-20T15:46:15
/opt/airflow/dags/purchase_analytics_dag.py     91  0.00s             1           0  0.12s           2025-12-20T15:46:15
/opt/airflow/dags/warehouse_delivery_dag.py     90  0.01s             1           0  0.12s           2025-12-20T15:46:15
================================================================================
[2025-12-20T15:47:16.402+0000] {manager.py:879} INFO - 
================================================================================
DAG File Processing Stats

File Path                                      PID  Runtime      # DAGs    # Errors  Last Runtime    Last Run
-------------------------------------------  -----  ---------  --------  ----------  --------------  -------------------
/opt/airflow/dags/example_dag.py                                      1           0  0.07s           2025-12-20T15:46:46
/opt/airflow/dags/purchase_analytics_dag.py    101  0.00s             1           0  0.11s           2025-12-20T15:46:46
/opt/airflow/dags/warehouse_delivery_dag.py    100  0.01s             1           0  0.12s           2025-12-20T15:46:46
================================================================================
[2025-12-20T15:47:46.827+0000] {manager.py:879} INFO - 
================================================================================
DAG File Processing Stats

File Path                                      PID  Runtime      # DAGs    # Errors  Last Runtime    Last Run
-------------------------------------------  -----  ---------  --------  ----------  --------------  -------------------
/opt/airflow/dags/example_dag.py                                      1           0  0.07s           2025-12-20T15:47:16
/opt/airflow/dags/purchase_analytics_dag.py    110  0.01s             1           0  0.13s           2025-12-20T15:47:16
/opt/airflow/dags/warehouse_delivery_dag.py    109  0.02s             1           0  0.13s           2025-12-20T15:47:16
================================================================================
[2025-12-20T15:48:17.229+0000] {manager.py:879} INFO - 
================================================================================
DAG File Processing Stats

File Path                                      PID  Runtime      # DAGs    # Errors  Last Runtime    Last Run
-------------------------------------------  -----  ---------  --------  ----------  --------------  -------------------
/opt/airflow/dags/example_dag.py                                      1           0  0.06s           2025-12-20T15:47:47
/opt/airflow/dags/purchase_analytics_dag.py    114  0.00s             1           0  0.13s           2025-12-20T15:47:46
/opt/airflow/dags/warehouse_delivery_dag.py    113  0.01s             1           0  0.14s           2025-12-20T15:47:46
================================================================================
[2025-12-20T15:48:44.602+0000] {manager.py:738} INFO - Searching for files in /opt/airflow/dags
[2025-12-20T15:48:44.609+0000] {manager.py:741} INFO - There are 3 files in /opt/airflow/dags
[2025-12-20T15:48:47.644+0000] {manager.py:879} INFO - 
================================================================================
DAG File Processing Stats

File Path                                      PID  Runtime      # DAGs    # Errors  Last Runtime    Last Run
-------------------------------------------  -----  ---------  --------  ----------  --------------  -------------------
/opt/airflow/dags/example_dag.py                                      1           0  0.06s           2025-12-20T15:48:17
/opt/airflow/dags/purchase_analytics_dag.py    124  0.00s             1           0  0.14s           2025-12-20T15:48:17
/opt/airflow/dags/warehouse_delivery_dag.py    123  0.01s             1           0  0.15s           2025-12-20T15:48:17
================================================================================
[2025-12-20T15:49:08.955+0000] {manager.py:451} INFO - Exiting gracefully upon receiving signal 15
[2025-12-20T15:51:19.853+0000] {manager.py:469} INFO - Processing files using up to 2 processes at a time 
[2025-12-20T15:51:19.853+0000] {manager.py:470} INFO - Process each file at most once every 30 seconds
[2025-12-20T15:51:19.853+0000] {manager.py:471} INFO - Checking for new files in /opt/airflow/dags every 300 seconds
[2025-12-20T15:51:19.854+0000] {manager.py:738} INFO - Searching for files in /opt/airflow/dags
[2025-12-20T15:51:19.861+0000] {manager.py:741} INFO - There are 3 files in /opt/airflow/dags
[2025-12-20T15:51:19.927+0000] {manager.py:879} INFO - 
================================================================================
DAG File Processing Stats

File Path                                      PID  Runtime      # DAGs    # Errors  Last Runtime    Last Run
-------------------------------------------  -----  ---------  --------  ----------  --------------  ----------
/opt/airflow/dags/example_dag.py                                      0           0
/opt/airflow/dags/purchase_analytics_dag.py     30  0.03s             0           0
/opt/airflow/dags/warehouse_delivery_dag.py     29  0.03s             0           0
================================================================================
[2025-12-20T15:51:50.225+0000] {manager.py:879} INFO - 
================================================================================
DAG File Processing Stats

File Path                                      PID  Runtime      # DAGs    # Errors  Last Runtime    Last Run
-------------------------------------------  -----  ---------  --------  ----------  --------------  -------------------
/opt/airflow/dags/example_dag.py                                      1           0  0.12s           2025-12-20T15:51:20
/opt/airflow/dags/purchase_analytics_dag.py     41  0.00s             1           0  0.08s           2025-12-20T15:51:19
/opt/airflow/dags/warehouse_delivery_dag.py     40  0.02s             1           0  0.10s           2025-12-20T15:51:19
================================================================================
[2025-12-20T15:52:20.906+0000] {manager.py:879} INFO - 
================================================================================
DAG File Processing Stats

File Path                                      PID  Runtime      # DAGs    # Errors  Last Runtime    Last Run
-------------------------------------------  -----  ---------  --------  ----------  --------------  -------------------
/opt/airflow/dags/example_dag.py                                      1           0  0.11s           2025-12-20T15:51:50
/opt/airflow/dags/purchase_analytics_dag.py     51  0.00s             1           0  0.39s           2025-12-20T15:51:50
/opt/airflow/dags/warehouse_delivery_dag.py     50  0.02s             1           0  0.40s           2025-12-20T15:51:50
================================================================================
[2025-12-20T15:52:51.310+0000] {manager.py:879} INFO - 
================================================================================
DAG File Processing Stats

File Path                                      PID  Runtime      # DAGs    # Errors  Last Runtime    Last Run
-------------------------------------------  -----  ---------  --------  ----------  --------------  -------------------
/opt/airflow/dags/example_dag.py                                      1           0  0.06s           2025-12-20T15:52:21
/opt/airflow/dags/purchase_analytics_dag.py     61  0.00s             1           0  0.14s           2025-12-20T15:52:21
/opt/airflow/dags/warehouse_delivery_dag.py     60  0.01s             1           0  0.16s           2025-12-20T15:52:21
================================================================================
[2025-12-20T15:53:21.673+0000] {manager.py:879} INFO - 
================================================================================
DAG File Processing Stats

File Path                                      PID  Runtime      # DAGs    # Errors  Last Runtime    Last Run
-------------------------------------------  -----  ---------  --------  ----------  --------------  -------------------
/opt/airflow/dags/example_dag.py                                      1           0  0.06s           2025-12-20T15:52:51
/opt/airflow/dags/purchase_analytics_dag.py     71  0.00s             1           0  0.10s           2025-12-20T15:52:51
/opt/airflow/dags/warehouse_delivery_dag.py     70  0.01s             1           0  0.10s           2025-12-20T15:52:51
================================================================================
[2025-12-20T15:53:52.015+0000] {manager.py:879} INFO - 
================================================================================
DAG File Processing Stats

File Path                                      PID  Runtime      # DAGs    # Errors  Last Runtime    Last Run
-------------------------------------------  -----  ---------  --------  ----------  --------------  -------------------
/opt/airflow/dags/example_dag.py                                      1           0  0.06s           2025-12-20T15:53:21
/opt/airflow/dags/purchase_analytics_dag.py     81  0.00s             1           0  0.10s           2025-12-20T15:53:21
/opt/airflow/dags/warehouse_delivery_dag.py     80  0.02s             1           0  0.11s           2025-12-20T15:53:21
================================================================================
[2025-12-20T15:54:22.396+0000] {manager.py:879} INFO - 
================================================================================
DAG File Processing Stats

File Path                                      PID  Runtime      # DAGs    # Errors  Last Runtime    Last Run
-------------------------------------------  -----  ---------  --------  ----------  --------------  -------------------
/opt/airflow/dags/example_dag.py                                      1           0  0.06s           2025-12-20T15:53:52
/opt/airflow/dags/purchase_analytics_dag.py    115  0.00s             1           0  0.10s           2025-12-20T15:53:52
/opt/airflow/dags/warehouse_delivery_dag.py    114  0.01s             1           0  0.12s           2025-12-20T15:53:52
================================================================================
[2025-12-20T15:54:52.818+0000] {manager.py:879} INFO - 
================================================================================
DAG File Processing Stats

File Path                                      PID  Runtime      # DAGs    # Errors  Last Runtime    Last Run
-------------------------------------------  -----  ---------  --------  ----------  --------------  -------------------
/opt/airflow/dags/example_dag.py                                      1           0  0.06s           2025-12-20T15:54:22
/opt/airflow/dags/purchase_analytics_dag.py    125  0.00s             1           0  0.09s           2025-12-20T15:54:22
/opt/airflow/dags/warehouse_delivery_dag.py    124  0.01s             1           0  0.10s           2025-12-20T15:54:22
================================================================================
[2025-12-20T15:55:23.284+0000] {manager.py:879} INFO - 
================================================================================
DAG File Processing Stats

File Path                                      PID  Runtime      # DAGs    # Errors  Last Runtime    Last Run
-------------------------------------------  -----  ---------  --------  ----------  --------------  -------------------
/opt/airflow/dags/example_dag.py                                      1           0  0.10s           2025-12-20T15:54:53
/opt/airflow/dags/purchase_analytics_dag.py    128  0.00s             1           0  0.18s           2025-12-20T15:54:52
/opt/airflow/dags/warehouse_delivery_dag.py    127  0.02s             1           0  0.20s           2025-12-20T15:54:52
================================================================================
[2025-12-20T15:55:53.648+0000] {manager.py:879} INFO - 
================================================================================
DAG File Processing Stats

File Path                                      PID  Runtime      # DAGs    # Errors  Last Runtime    Last Run
-------------------------------------------  -----  ---------  --------  ----------  --------------  -------------------
/opt/airflow/dags/example_dag.py                                      1           0  0.06s           2025-12-20T15:55:23
/opt/airflow/dags/purchase_analytics_dag.py    138  0.00s             1           0  0.10s           2025-12-20T15:55:23
/opt/airflow/dags/warehouse_delivery_dag.py    137  0.01s             1           0  0.12s           2025-12-20T15:55:23
================================================================================
[2025-12-20T15:56:19.940+0000] {manager.py:738} INFO - Searching for files in /opt/airflow/dags
[2025-12-20T15:56:19.949+0000] {manager.py:741} INFO - There are 3 files in /opt/airflow/dags
[2025-12-20T15:56:24.012+0000] {manager.py:879} INFO - 
================================================================================
DAG File Processing Stats

File Path                                      PID  Runtime      # DAGs    # Errors  Last Runtime    Last Run
-------------------------------------------  -----  ---------  --------  ----------  --------------  -------------------
/opt/airflow/dags/example_dag.py                                      1           0  0.06s           2025-12-20T15:55:53
/opt/airflow/dags/purchase_analytics_dag.py    148  0.00s             1           0  0.07s           2025-12-20T15:55:53
/opt/airflow/dags/warehouse_delivery_dag.py    147  0.01s             1           0  0.08s           2025-12-20T15:55:53
================================================================================
[2025-12-20T15:56:54.380+0000] {manager.py:879} INFO - 
================================================================================
DAG File Processing Stats

File Path                                      PID  Runtime      # DAGs    # Errors  Last Runtime    Last Run
-------------------------------------------  -----  ---------  --------  ----------  --------------  -------------------
/opt/airflow/dags/example_dag.py                                      1           0  0.07s           2025-12-20T15:56:24
/opt/airflow/dags/purchase_analytics_dag.py    158  0.01s             1           0  0.09s           2025-12-20T15:56:24
/opt/airflow/dags/warehouse_delivery_dag.py    157  0.04s             1           0  0.11s           2025-12-20T15:56:24
================================================================================
[2025-12-20T15:57:24.769+0000] {manager.py:879} INFO - 
================================================================================
DAG File Processing Stats

File Path                                      PID  Runtime      # DAGs    # Errors  Last Runtime    Last Run
-------------------------------------------  -----  ---------  --------  ----------  --------------  -------------------
/opt/airflow/dags/example_dag.py                                      1           0  0.07s           2025-12-20T15:56:54
/opt/airflow/dags/purchase_analytics_dag.py    168  0.00s             1           0  0.14s           2025-12-20T15:56:54
/opt/airflow/dags/warehouse_delivery_dag.py    167  0.02s             1           0  0.18s           2025-12-20T15:56:54
================================================================================
[2025-12-20T15:57:55.169+0000] {manager.py:879} INFO - 
================================================================================
DAG File Processing Stats

File Path                                      PID  Runtime      # DAGs    # Errors  Last Runtime    Last Run
-------------------------------------------  -----  ---------  --------  ----------  --------------  -------------------
/opt/airflow/dags/example_dag.py                                      1           0  0.06s           2025-12-20T15:57:24
/opt/airflow/dags/purchase_analytics_dag.py    178  0.00s             1           0  0.14s           2025-12-20T15:57:24
/opt/airflow/dags/warehouse_delivery_dag.py    177  0.01s             1           0  0.14s           2025-12-20T15:57:24
================================================================================
[2025-12-20T15:58:25.555+0000] {manager.py:879} INFO - 
================================================================================
DAG File Processing Stats

File Path                                      PID  Runtime      # DAGs    # Errors  Last Runtime    Last Run
-------------------------------------------  -----  ---------  --------  ----------  --------------  -------------------
/opt/airflow/dags/example_dag.py                                      1           0  0.08s           2025-12-20T15:57:55
/opt/airflow/dags/purchase_analytics_dag.py    188  0.00s             1           0  0.11s           2025-12-20T15:57:55
/opt/airflow/dags/warehouse_delivery_dag.py    187  0.02s             1           0  0.12s           2025-12-20T15:57:55
================================================================================
[2025-12-20T15:58:55.991+0000] {manager.py:879} INFO - 
================================================================================
DAG File Processing Stats

File Path                                      PID  Runtime      # DAGs    # Errors  Last Runtime    Last Run
-------------------------------------------  -----  ---------  --------  ----------  --------------  -------------------
/opt/airflow/dags/example_dag.py                                      1           0  0.06s           2025-12-20T15:58:25
/opt/airflow/dags/purchase_analytics_dag.py    198  0.00s             1           0  0.12s           2025-12-20T15:58:25
/opt/airflow/dags/warehouse_delivery_dag.py    197  0.02s             1           0  0.14s           2025-12-20T15:58:25
================================================================================
[2025-12-20T15:59:26.423+0000] {manager.py:879} INFO - 
================================================================================
DAG File Processing Stats

File Path                                      PID  Runtime      # DAGs    # Errors  Last Runtime    Last Run
-------------------------------------------  -----  ---------  --------  ----------  --------------  -------------------
/opt/airflow/dags/example_dag.py                                      1           0  0.06s           2025-12-20T15:58:56
/opt/airflow/dags/purchase_analytics_dag.py    232  0.00s             1           0  0.10s           2025-12-20T15:58:56
/opt/airflow/dags/warehouse_delivery_dag.py    231  0.03s             1           0  0.12s           2025-12-20T15:58:56
================================================================================
[2025-12-20T15:59:56.802+0000] {manager.py:879} INFO - 
================================================================================
DAG File Processing Stats

File Path                                      PID  Runtime      # DAGs    # Errors  Last Runtime    Last Run
-------------------------------------------  -----  ---------  --------  ----------  --------------  -------------------
/opt/airflow/dags/example_dag.py                                      1           0  0.06s           2025-12-20T15:59:26
/opt/airflow/dags/purchase_analytics_dag.py    242  0.00s             1           0  0.15s           2025-12-20T15:59:26
/opt/airflow/dags/warehouse_delivery_dag.py    241  0.01s             1           0  0.18s           2025-12-20T15:59:26
================================================================================
[2025-12-20T16:00:27.148+0000] {manager.py:879} INFO - 
================================================================================
DAG File Processing Stats

File Path                                      PID  Runtime      # DAGs    # Errors  Last Runtime    Last Run
-------------------------------------------  -----  ---------  --------  ----------  --------------  -------------------
/opt/airflow/dags/example_dag.py                                      1           0  0.06s           2025-12-20T15:59:56
/opt/airflow/dags/purchase_analytics_dag.py    252  0.01s             1           0  0.07s           2025-12-20T15:59:56
/opt/airflow/dags/warehouse_delivery_dag.py    251  0.02s             1           0  0.08s           2025-12-20T15:59:56
================================================================================
[2025-12-20T16:00:57.601+0000] {manager.py:879} INFO - 
================================================================================
DAG File Processing Stats

File Path                                      PID  Runtime      # DAGs    # Errors  Last Runtime    Last Run
-------------------------------------------  -----  ---------  --------  ----------  --------------  -------------------
/opt/airflow/dags/example_dag.py                                      1           0  0.07s           2025-12-20T16:00:27
/opt/airflow/dags/purchase_analytics_dag.py    262  0.00s             1           0  0.11s           2025-12-20T16:00:27
/opt/airflow/dags/warehouse_delivery_dag.py    261  0.03s             1           0  0.12s           2025-12-20T16:00:27
================================================================================
[2025-12-20T16:01:19.941+0000] {manager.py:738} INFO - Searching for files in /opt/airflow/dags
[2025-12-20T16:01:19.946+0000] {manager.py:741} INFO - There are 3 files in /opt/airflow/dags
[2025-12-20T16:01:27.997+0000] {manager.py:879} INFO - 
================================================================================
DAG File Processing Stats

File Path                                      PID  Runtime      # DAGs    # Errors  Last Runtime    Last Run
-------------------------------------------  -----  ---------  --------  ----------  --------------  -------------------
/opt/airflow/dags/example_dag.py                                      1           0  0.09s           2025-12-20T16:00:57
/opt/airflow/dags/purchase_analytics_dag.py    272  0.00s             1           0  0.10s           2025-12-20T16:00:57
/opt/airflow/dags/warehouse_delivery_dag.py    271  0.01s             1           0  0.12s           2025-12-20T16:00:57
================================================================================
[2025-12-20T16:01:58.391+0000] {manager.py:879} INFO - 
================================================================================
DAG File Processing Stats

File Path                                      PID  Runtime      # DAGs    # Errors  Last Runtime    Last Run
-------------------------------------------  -----  ---------  --------  ----------  --------------  -------------------
/opt/airflow/dags/example_dag.py                                      1           0  0.07s           2025-12-20T16:01:28
/opt/airflow/dags/purchase_analytics_dag.py    282  0.00s             1           0  0.09s           2025-12-20T16:01:28
/opt/airflow/dags/warehouse_delivery_dag.py    281  0.01s             1           0  0.10s           2025-12-20T16:01:28
================================================================================
[2025-12-20T16:02:28.761+0000] {manager.py:879} INFO - 
================================================================================
DAG File Processing Stats

File Path                                      PID  Runtime      # DAGs    # Errors  Last Runtime    Last Run
-------------------------------------------  -----  ---------  --------  ----------  --------------  -------------------
/opt/airflow/dags/example_dag.py                                      1           0  0.08s           2025-12-20T16:01:58
/opt/airflow/dags/purchase_analytics_dag.py    292  0.00s             1           0  0.11s           2025-12-20T16:01:58
/opt/airflow/dags/warehouse_delivery_dag.py    291  0.01s             1           0  0.13s           2025-12-20T16:01:58
================================================================================
[2025-12-20T16:02:59.156+0000] {manager.py:879} INFO - 
================================================================================
DAG File Processing Stats

File Path                                      PID  Runtime      # DAGs    # Errors  Last Runtime    Last Run
-------------------------------------------  -----  ---------  --------  ----------  --------------  -------------------
/opt/airflow/dags/example_dag.py                                      1           0  0.06s           2025-12-20T16:02:28
/opt/airflow/dags/purchase_analytics_dag.py    302  0.00s             1           0  0.09s           2025-12-20T16:02:28
/opt/airflow/dags/warehouse_delivery_dag.py    301  0.01s             1           0  0.11s           2025-12-20T16:02:28
================================================================================
[2025-12-20T16:03:29.548+0000] {manager.py:879} INFO - 
================================================================================
DAG File Processing Stats

File Path                                      PID  Runtime      # DAGs    # Errors  Last Runtime    Last Run
-------------------------------------------  -----  ---------  --------  ----------  --------------  -------------------
/opt/airflow/dags/example_dag.py                                      1           0  0.05s           2025-12-20T16:02:59
/opt/airflow/dags/purchase_analytics_dag.py    312  0.00s             1           0  0.09s           2025-12-20T16:02:59
/opt/airflow/dags/warehouse_delivery_dag.py    311  0.02s             1           0  0.10s           2025-12-20T16:02:59
================================================================================
[2025-12-20T16:03:59.954+0000] {manager.py:879} INFO - 
================================================================================
DAG File Processing Stats

File Path                                      PID  Runtime      # DAGs    # Errors  Last Runtime    Last Run
-------------------------------------------  -----  ---------  --------  ----------  --------------  -------------------
/opt/airflow/dags/example_dag.py                                      1           0  0.06s           2025-12-20T16:03:29
/opt/airflow/dags/purchase_analytics_dag.py    322  0.00s             1           0  0.10s           2025-12-20T16:03:29
/opt/airflow/dags/warehouse_delivery_dag.py    321  0.01s             1           0  0.11s           2025-12-20T16:03:29
================================================================================
[2025-12-20T16:04:30.340+0000] {manager.py:879} INFO - 
================================================================================
DAG File Processing Stats

File Path                                      PID  Runtime      # DAGs    # Errors  Last Runtime    Last Run
-------------------------------------------  -----  ---------  --------  ----------  --------------  -------------------
/opt/airflow/dags/example_dag.py                                      1           0  0.06s           2025-12-20T16:04:00
/opt/airflow/dags/purchase_analytics_dag.py    332  0.00s             1           0  0.08s           2025-12-20T16:04:00
/opt/airflow/dags/warehouse_delivery_dag.py    331  0.01s             1           0  0.09s           2025-12-20T16:04:00
================================================================================
[2025-12-20T16:05:00.781+0000] {manager.py:879} INFO - 
================================================================================
DAG File Processing Stats

File Path                                      PID  Runtime      # DAGs    # Errors  Last Runtime    Last Run
-------------------------------------------  -----  ---------  --------  ----------  --------------  -------------------
/opt/airflow/dags/example_dag.py                                      1           0  0.06s           2025-12-20T16:04:30
/opt/airflow/dags/purchase_analytics_dag.py    342  0.01s             1           0  0.09s           2025-12-20T16:04:30
/opt/airflow/dags/warehouse_delivery_dag.py    341  0.02s             1           0  0.10s           2025-12-20T16:04:30
================================================================================
[2025-12-20T16:05:31.230+0000] {manager.py:879} INFO - 
================================================================================
DAG File Processing Stats

File Path                                      PID  Runtime      # DAGs    # Errors  Last Runtime    Last Run
-------------------------------------------  -----  ---------  --------  ----------  --------------  -------------------
/opt/airflow/dags/example_dag.py                                      1           0  0.08s           2025-12-20T16:05:00
/opt/airflow/dags/purchase_analytics_dag.py    352  0.00s             1           0  0.14s           2025-12-20T16:05:00
/opt/airflow/dags/warehouse_delivery_dag.py    351  0.01s             1           0  0.16s           2025-12-20T16:05:00
================================================================================
[2025-12-20T16:06:01.699+0000] {manager.py:879} INFO - 
================================================================================
DAG File Processing Stats

File Path                                      PID  Runtime      # DAGs    # Errors  Last Runtime    Last Run
-------------------------------------------  -----  ---------  --------  ----------  --------------  -------------------
/opt/airflow/dags/example_dag.py                                      1           0  0.06s           2025-12-20T16:05:31
/opt/airflow/dags/purchase_analytics_dag.py    362  0.00s             1           0  0.14s           2025-12-20T16:05:31
/opt/airflow/dags/warehouse_delivery_dag.py    361  0.01s             1           0  0.16s           2025-12-20T16:05:31
================================================================================
[2025-12-20T16:06:19.992+0000] {manager.py:738} INFO - Searching for files in /opt/airflow/dags
[2025-12-20T16:06:20.001+0000] {manager.py:741} INFO - There are 3 files in /opt/airflow/dags
[2025-12-20T16:06:32.169+0000] {manager.py:879} INFO - 
================================================================================
DAG File Processing Stats

File Path                                      PID  Runtime      # DAGs    # Errors  Last Runtime    Last Run
-------------------------------------------  -----  ---------  --------  ----------  --------------  -------------------
/opt/airflow/dags/example_dag.py                                      1           0  0.06s           2025-12-20T16:06:01
/opt/airflow/dags/purchase_analytics_dag.py    372  0.01s             1           0  0.08s           2025-12-20T16:06:01
/opt/airflow/dags/warehouse_delivery_dag.py    371  0.01s             1           0  0.08s           2025-12-20T16:06:01
================================================================================
[2025-12-20T16:07:02.600+0000] {manager.py:879} INFO - 
================================================================================
DAG File Processing Stats

File Path                                      PID  Runtime      # DAGs    # Errors  Last Runtime    Last Run
-------------------------------------------  -----  ---------  --------  ----------  --------------  -------------------
/opt/airflow/dags/example_dag.py                                      1           0  0.07s           2025-12-20T16:06:32
/opt/airflow/dags/purchase_analytics_dag.py    382  0.00s             1           0  0.11s           2025-12-20T16:06:32
/opt/airflow/dags/warehouse_delivery_dag.py    381  0.01s             1           0  0.12s           2025-12-20T16:06:32
================================================================================
[2025-12-20T16:07:33.028+0000] {manager.py:879} INFO - 
================================================================================
DAG File Processing Stats

File Path                                      PID  Runtime      # DAGs    # Errors  Last Runtime    Last Run
-------------------------------------------  -----  ---------  --------  ----------  --------------  -------------------
/opt/airflow/dags/example_dag.py                                      1           0  0.06s           2025-12-20T16:07:02
/opt/airflow/dags/purchase_analytics_dag.py    392  0.00s             1           0  0.08s           2025-12-20T16:07:02
/opt/airflow/dags/warehouse_delivery_dag.py    391  0.01s             1           0  0.07s           2025-12-20T16:07:02
================================================================================
[2025-12-20T16:08:03.398+0000] {manager.py:879} INFO - 
================================================================================
DAG File Processing Stats

File Path                                      PID  Runtime      # DAGs    # Errors  Last Runtime    Last Run
-------------------------------------------  -----  ---------  --------  ----------  --------------  -------------------
/opt/airflow/dags/example_dag.py                                      1           0  0.06s           2025-12-20T16:07:33
/opt/airflow/dags/purchase_analytics_dag.py    402  0.00s             1           0  0.11s           2025-12-20T16:07:33
/opt/airflow/dags/warehouse_delivery_dag.py    401  0.01s             1           0  0.11s           2025-12-20T16:07:33
================================================================================
[2025-12-20T16:08:33.828+0000] {manager.py:879} INFO - 
================================================================================
DAG File Processing Stats

File Path                                      PID  Runtime      # DAGs    # Errors  Last Runtime    Last Run
-------------------------------------------  -----  ---------  --------  ----------  --------------  -------------------
/opt/airflow/dags/example_dag.py                                      1           0  0.07s           2025-12-20T16:08:03
/opt/airflow/dags/purchase_analytics_dag.py    412  0.00s             1           0  0.09s           2025-12-20T16:08:03
/opt/airflow/dags/warehouse_delivery_dag.py    411  0.01s             1           0  0.10s           2025-12-20T16:08:03
================================================================================
[2025-12-20T16:09:04.320+0000] {manager.py:879} INFO - 
================================================================================
DAG File Processing Stats

File Path                                      PID  Runtime      # DAGs    # Errors  Last Runtime    Last Run
-------------------------------------------  -----  ---------  --------  ----------  --------------  -------------------
/opt/airflow/dags/example_dag.py                                      1           0  0.06s           2025-12-20T16:08:33
/opt/airflow/dags/purchase_analytics_dag.py    422  0.00s             1           0  0.09s           2025-12-20T16:08:33
/opt/airflow/dags/warehouse_delivery_dag.py    421  0.01s             1           0  0.10s           2025-12-20T16:08:33
================================================================================
[2025-12-20T16:09:34.614+0000] {manager.py:879} INFO - 
================================================================================
DAG File Processing Stats

File Path                                      PID  Runtime      # DAGs    # Errors  Last Runtime    Last Run
-------------------------------------------  -----  ---------  --------  ----------  --------------  -------------------
/opt/airflow/dags/example_dag.py                                      1           0  0.07s           2025-12-20T16:09:04
/opt/airflow/dags/purchase_analytics_dag.py    432  0.00s             1           0  0.09s           2025-12-20T16:09:04
/opt/airflow/dags/warehouse_delivery_dag.py    431  0.01s             1           0  0.11s           2025-12-20T16:09:04
================================================================================
[2025-12-20T16:10:05.118+0000] {manager.py:879} INFO - 
================================================================================
DAG File Processing Stats

File Path                                      PID  Runtime      # DAGs    # Errors  Last Runtime    Last Run
-------------------------------------------  -----  ---------  --------  ----------  --------------  -------------------
/opt/airflow/dags/example_dag.py                                      1           0  0.05s           2025-12-20T16:09:34
/opt/airflow/dags/purchase_analytics_dag.py    442  0.01s             1           0  0.07s           2025-12-20T16:09:34
/opt/airflow/dags/warehouse_delivery_dag.py    441  0.02s             1           0  0.07s           2025-12-20T16:09:34
================================================================================
[2025-12-20T16:10:35.634+0000] {manager.py:879} INFO - 
================================================================================
DAG File Processing Stats

File Path                                      PID  Runtime      # DAGs    # Errors  Last Runtime    Last Run
-------------------------------------------  -----  ---------  --------  ----------  --------------  -------------------
/opt/airflow/dags/example_dag.py                                      1           0  0.06s           2025-12-20T16:10:05
/opt/airflow/dags/purchase_analytics_dag.py    452  0.00s             1           0  0.12s           2025-12-20T16:10:05
/opt/airflow/dags/warehouse_delivery_dag.py    451  0.01s             1           0  0.13s           2025-12-20T16:10:05
================================================================================
[2025-12-20T16:11:06.069+0000] {manager.py:879} INFO - 
================================================================================
DAG File Processing Stats

File Path                                      PID  Runtime      # DAGs    # Errors  Last Runtime    Last Run
-------------------------------------------  -----  ---------  --------  ----------  --------------  -------------------
/opt/airflow/dags/example_dag.py                                      1           0  0.06s           2025-12-20T16:10:35
/opt/airflow/dags/purchase_analytics_dag.py    462  0.00s             1           0  0.11s           2025-12-20T16:10:35
/opt/airflow/dags/warehouse_delivery_dag.py    461  0.01s             1           0  0.11s           2025-12-20T16:10:35
================================================================================
[2025-12-20T16:11:20.328+0000] {manager.py:738} INFO - Searching for files in /opt/airflow/dags
[2025-12-20T16:11:20.335+0000] {manager.py:741} INFO - There are 3 files in /opt/airflow/dags
[2025-12-20T16:11:36.562+0000] {manager.py:879} INFO - 
================================================================================
DAG File Processing Stats

File Path                                      PID  Runtime      # DAGs    # Errors  Last Runtime    Last Run
-------------------------------------------  -----  ---------  --------  ----------  --------------  -------------------
/opt/airflow/dags/example_dag.py                                      1           0  0.05s           2025-12-20T16:11:06
/opt/airflow/dags/purchase_analytics_dag.py    472  0.00s             1           0  0.07s           2025-12-20T16:11:06
/opt/airflow/dags/warehouse_delivery_dag.py    471  0.01s             1           0  0.08s           2025-12-20T16:11:06
================================================================================
[2025-12-20T16:12:06.939+0000] {manager.py:879} INFO - 
================================================================================
DAG File Processing Stats

File Path                                      PID  Runtime      # DAGs    # Errors  Last Runtime    Last Run
-------------------------------------------  -----  ---------  --------  ----------  --------------  -------------------
/opt/airflow/dags/example_dag.py                                      1           0  0.05s           2025-12-20T16:11:36
/opt/airflow/dags/purchase_analytics_dag.py    482  0.00s             1           0  0.06s           2025-12-20T16:11:36
/opt/airflow/dags/warehouse_delivery_dag.py    481  0.01s             1           0  0.07s           2025-12-20T16:11:36
================================================================================
[2025-12-20T16:12:37.373+0000] {manager.py:879} INFO - 
================================================================================
DAG File Processing Stats

File Path                                      PID  Runtime      # DAGs    # Errors  Last Runtime    Last Run
-------------------------------------------  -----  ---------  --------  ----------  --------------  -------------------
/opt/airflow/dags/example_dag.py                                      1           0  0.06s           2025-12-20T16:12:07
/opt/airflow/dags/purchase_analytics_dag.py    492  0.00s             1           0  0.07s           2025-12-20T16:12:07
/opt/airflow/dags/warehouse_delivery_dag.py    491  0.01s             1           0  0.07s           2025-12-20T16:12:07
================================================================================
[2025-12-20T16:13:07.842+0000] {manager.py:879} INFO - 
================================================================================
DAG File Processing Stats

File Path                                      PID  Runtime      # DAGs    # Errors  Last Runtime    Last Run
-------------------------------------------  -----  ---------  --------  ----------  --------------  -------------------
/opt/airflow/dags/example_dag.py                                      1           0  0.06s           2025-12-20T16:12:37
/opt/airflow/dags/purchase_analytics_dag.py    502  0.00s             1           0  0.08s           2025-12-20T16:12:37
/opt/airflow/dags/warehouse_delivery_dag.py    501  0.01s             1           0  0.09s           2025-12-20T16:12:37
================================================================================
[2025-12-20T16:13:38.283+0000] {manager.py:879} INFO - 
================================================================================
DAG File Processing Stats

File Path                                      PID  Runtime      # DAGs    # Errors  Last Runtime    Last Run
-------------------------------------------  -----  ---------  --------  ----------  --------------  -------------------
/opt/airflow/dags/example_dag.py                                      1           0  0.05s           2025-12-20T16:13:07
/opt/airflow/dags/purchase_analytics_dag.py    512  0.00s             1           0  0.08s           2025-12-20T16:13:07
/opt/airflow/dags/warehouse_delivery_dag.py    511  0.02s             1           0  0.08s           2025-12-20T16:13:07
================================================================================
[2025-12-20T16:14:08.654+0000] {manager.py:879} INFO - 
================================================================================
DAG File Processing Stats

File Path                                      PID  Runtime      # DAGs    # Errors  Last Runtime    Last Run
-------------------------------------------  -----  ---------  --------  ----------  --------------  -------------------
/opt/airflow/dags/example_dag.py                                      1           0  0.07s           2025-12-20T16:13:38
/opt/airflow/dags/purchase_analytics_dag.py    522  0.00s             1           0  0.11s           2025-12-20T16:13:38
/opt/airflow/dags/warehouse_delivery_dag.py    521  0.01s             1           0  0.12s           2025-12-20T16:13:38
================================================================================
[2025-12-20T16:14:39.090+0000] {manager.py:879} INFO - 
================================================================================
DAG File Processing Stats

File Path                                      PID  Runtime      # DAGs    # Errors  Last Runtime    Last Run
-------------------------------------------  -----  ---------  --------  ----------  --------------  -------------------
/opt/airflow/dags/example_dag.py                                      1           0  0.06s           2025-12-20T16:14:08
/opt/airflow/dags/purchase_analytics_dag.py    532  0.00s             1           0  0.06s           2025-12-20T16:14:08
/opt/airflow/dags/warehouse_delivery_dag.py    531  0.01s             1           0  0.07s           2025-12-20T16:14:08
================================================================================
[2025-12-20T16:15:09.537+0000] {manager.py:879} INFO - 
================================================================================
DAG File Processing Stats

File Path                                      PID  Runtime      # DAGs    # Errors  Last Runtime    Last Run
-------------------------------------------  -----  ---------  --------  ----------  --------------  -------------------
/opt/airflow/dags/example_dag.py                                      1           0  0.06s           2025-12-20T16:14:39
/opt/airflow/dags/purchase_analytics_dag.py    542  0.00s             1           0  0.07s           2025-12-20T16:14:39
/opt/airflow/dags/warehouse_delivery_dag.py    541  0.01s             1           0  0.07s           2025-12-20T16:14:39
================================================================================
[2025-12-20T16:15:39.920+0000] {manager.py:879} INFO - 
================================================================================
DAG File Processing Stats

File Path                                      PID  Runtime      # DAGs    # Errors  Last Runtime    Last Run
-------------------------------------------  -----  ---------  --------  ----------  --------------  -------------------
/opt/airflow/dags/example_dag.py                                      1           0  0.05s           2025-12-20T16:15:09
/opt/airflow/dags/purchase_analytics_dag.py    551  0.00s             1           0  0.07s           2025-12-20T16:15:09
/opt/airflow/dags/warehouse_delivery_dag.py    550  0.01s             1           0  0.07s           2025-12-20T16:15:09
================================================================================
[2025-12-20T16:16:10.318+0000] {manager.py:879} INFO - 
================================================================================
DAG File Processing Stats

File Path                                      PID  Runtime      # DAGs    # Errors  Last Runtime    Last Run
-------------------------------------------  -----  ---------  --------  ----------  --------------  -------------------
/opt/airflow/dags/example_dag.py                                      1           0  0.06s           2025-12-20T16:15:40
/opt/airflow/dags/purchase_analytics_dag.py    561  0.00s             1           0  0.09s           2025-12-20T16:15:40
/opt/airflow/dags/warehouse_delivery_dag.py    560  0.01s             1           0  0.10s           2025-12-20T16:15:40
================================================================================
[2025-12-20T16:16:20.470+0000] {manager.py:738} INFO - Searching for files in /opt/airflow/dags
[2025-12-20T16:16:20.478+0000] {manager.py:741} INFO - There are 3 files in /opt/airflow/dags
[2025-12-20T16:16:40.706+0000] {manager.py:879} INFO - 
================================================================================
DAG File Processing Stats

File Path                                      PID  Runtime      # DAGs    # Errors  Last Runtime    Last Run
-------------------------------------------  -----  ---------  --------  ----------  --------------  -------------------
/opt/airflow/dags/example_dag.py                                      1           0  0.06s           2025-12-20T16:16:10
/opt/airflow/dags/purchase_analytics_dag.py    570  0.00s             1           0  0.06s           2025-12-20T16:16:10
/opt/airflow/dags/warehouse_delivery_dag.py    569  0.01s             1           0  0.08s           2025-12-20T16:16:10
================================================================================
[2025-12-20T16:17:11.100+0000] {manager.py:879} INFO - 
================================================================================
DAG File Processing Stats

File Path                                      PID  Runtime      # DAGs    # Errors  Last Runtime    Last Run
-------------------------------------------  -----  ---------  --------  ----------  --------------  -------------------
/opt/airflow/dags/example_dag.py                                      1           0  0.06s           2025-12-20T16:16:40
/opt/airflow/dags/purchase_analytics_dag.py    574  0.00s             1           0  0.07s           2025-12-20T16:16:40
/opt/airflow/dags/warehouse_delivery_dag.py    573  0.01s             1           0  0.07s           2025-12-20T16:16:40
================================================================================
[2025-12-20T16:17:41.532+0000] {manager.py:879} INFO - 
================================================================================
DAG File Processing Stats

File Path                                      PID  Runtime      # DAGs    # Errors  Last Runtime    Last Run
-------------------------------------------  -----  ---------  --------  ----------  --------------  -------------------
/opt/airflow/dags/example_dag.py                                      1           0  0.06s           2025-12-20T16:17:11
/opt/airflow/dags/purchase_analytics_dag.py    584  0.00s             1           0  0.08s           2025-12-20T16:17:11
/opt/airflow/dags/warehouse_delivery_dag.py    583  0.01s             1           0  0.09s           2025-12-20T16:17:11
================================================================================
[2025-12-20T16:18:11.955+0000] {manager.py:879} INFO - 
================================================================================
DAG File Processing Stats

File Path                                      PID  Runtime      # DAGs    # Errors  Last Runtime    Last Run
-------------------------------------------  -----  ---------  --------  ----------  --------------  -------------------
/opt/airflow/dags/example_dag.py                                      1           0  0.06s           2025-12-20T16:17:41
/opt/airflow/dags/purchase_analytics_dag.py    594  0.00s             1           0  0.09s           2025-12-20T16:17:41
/opt/airflow/dags/warehouse_delivery_dag.py    593  0.01s             1           0  0.09s           2025-12-20T16:17:41
================================================================================
[2025-12-20T16:18:42.374+0000] {manager.py:879} INFO - 
================================================================================
DAG File Processing Stats

File Path                                      PID  Runtime      # DAGs    # Errors  Last Runtime    Last Run
-------------------------------------------  -----  ---------  --------  ----------  --------------  -------------------
/opt/airflow/dags/example_dag.py                                      1           0  0.05s           2025-12-20T16:18:12
/opt/airflow/dags/purchase_analytics_dag.py    604  0.00s             1           0  0.08s           2025-12-20T16:18:12
/opt/airflow/dags/warehouse_delivery_dag.py    603  0.01s             1           0  0.09s           2025-12-20T16:18:12
================================================================================
[2025-12-20T16:19:12.705+0000] {manager.py:879} INFO - 
================================================================================
DAG File Processing Stats

File Path                                      PID  Runtime      # DAGs    # Errors  Last Runtime    Last Run
-------------------------------------------  -----  ---------  --------  ----------  --------------  -------------------
/opt/airflow/dags/example_dag.py                                      1           0  0.07s           2025-12-20T16:18:42
/opt/airflow/dags/purchase_analytics_dag.py    614  0.00s             1           0  0.07s           2025-12-20T16:18:42
/opt/airflow/dags/warehouse_delivery_dag.py    613  0.01s             1           0  0.08s           2025-12-20T16:18:42
================================================================================
[2025-12-20T16:19:43.037+0000] {manager.py:879} INFO - 
================================================================================
DAG File Processing Stats

File Path                                      PID  Runtime      # DAGs    # Errors  Last Runtime    Last Run
-------------------------------------------  -----  ---------  --------  ----------  --------------  -------------------
/opt/airflow/dags/example_dag.py                                      1           0  0.05s           2025-12-20T16:19:12
/opt/airflow/dags/purchase_analytics_dag.py    624  0.00s             1           0  0.07s           2025-12-20T16:19:12
/opt/airflow/dags/warehouse_delivery_dag.py    623  0.01s             1           0  0.07s           2025-12-20T16:19:12
================================================================================
[2025-12-20T16:20:13.399+0000] {manager.py:879} INFO - 
================================================================================
DAG File Processing Stats

File Path                                      PID  Runtime      # DAGs    # Errors  Last Runtime    Last Run
-------------------------------------------  -----  ---------  --------  ----------  --------------  -------------------
/opt/airflow/dags/example_dag.py                                      1           0  0.06s           2025-12-20T16:19:43
/opt/airflow/dags/purchase_analytics_dag.py    634  0.00s             1           0  0.07s           2025-12-20T16:19:43
/opt/airflow/dags/warehouse_delivery_dag.py    633  0.01s             1           0  0.08s           2025-12-20T16:19:43
================================================================================
[2025-12-20T16:20:43.787+0000] {manager.py:879} INFO - 
================================================================================
DAG File Processing Stats

File Path                                      PID  Runtime      # DAGs    # Errors  Last Runtime    Last Run
-------------------------------------------  -----  ---------  --------  ----------  --------------  -------------------
/opt/airflow/dags/example_dag.py                                      1           0  0.06s           2025-12-20T16:20:13
/opt/airflow/dags/purchase_analytics_dag.py    644  0.00s             1           0  0.06s           2025-12-20T16:20:13
/opt/airflow/dags/warehouse_delivery_dag.py    643  0.01s             1           0  0.07s           2025-12-20T16:20:13
================================================================================
[2025-12-20T16:21:14.177+0000] {manager.py:879} INFO - 
================================================================================
DAG File Processing Stats

File Path                                      PID  Runtime      # DAGs    # Errors  Last Runtime    Last Run
-------------------------------------------  -----  ---------  --------  ----------  --------------  -------------------
/opt/airflow/dags/example_dag.py                                      1           0  0.05s           2025-12-20T16:20:43
/opt/airflow/dags/purchase_analytics_dag.py    654  0.01s             1           0  0.07s           2025-12-20T16:20:43
/opt/airflow/dags/warehouse_delivery_dag.py    653  0.02s             1           0  0.07s           2025-12-20T16:20:43
================================================================================
[2025-12-20T16:21:21.382+0000] {manager.py:738} INFO - Searching for files in /opt/airflow/dags
[2025-12-20T16:21:21.387+0000] {manager.py:741} INFO - There are 3 files in /opt/airflow/dags
[2025-12-20T16:21:44.622+0000] {manager.py:879} INFO - 
================================================================================
DAG File Processing Stats

File Path                                      PID  Runtime      # DAGs    # Errors  Last Runtime    Last Run
-------------------------------------------  -----  ---------  --------  ----------  --------------  -------------------
/opt/airflow/dags/example_dag.py                                      1           0  0.06s           2025-12-20T16:21:14
/opt/airflow/dags/purchase_analytics_dag.py    664  0.00s             1           0  0.13s           2025-12-20T16:21:14
/opt/airflow/dags/warehouse_delivery_dag.py    663  0.01s             1           0  0.15s           2025-12-20T16:21:14
================================================================================
[2025-12-20T16:22:14.982+0000] {manager.py:879} INFO - 
================================================================================
DAG File Processing Stats

File Path                                      PID  Runtime      # DAGs    # Errors  Last Runtime    Last Run
-------------------------------------------  -----  ---------  --------  ----------  --------------  -------------------
/opt/airflow/dags/example_dag.py                                      1           0  0.05s           2025-12-20T16:21:44
/opt/airflow/dags/purchase_analytics_dag.py    674  0.00s             1           0  0.07s           2025-12-20T16:21:44
/opt/airflow/dags/warehouse_delivery_dag.py    673  0.01s             1           0  0.08s           2025-12-20T16:21:44
================================================================================
[2025-12-20T16:22:45.378+0000] {manager.py:879} INFO - 
================================================================================
DAG File Processing Stats

File Path                                      PID  Runtime      # DAGs    # Errors  Last Runtime    Last Run
-------------------------------------------  -----  ---------  --------  ----------  --------------  -------------------
/opt/airflow/dags/example_dag.py                                      1           0  0.06s           2025-12-20T16:22:15
/opt/airflow/dags/purchase_analytics_dag.py    684  0.00s             1           0  0.07s           2025-12-20T16:22:15
/opt/airflow/dags/warehouse_delivery_dag.py    683  0.01s             1           0  0.07s           2025-12-20T16:22:15
================================================================================
[2025-12-20T16:23:15.786+0000] {manager.py:879} INFO - 
================================================================================
DAG File Processing Stats

File Path                                      PID  Runtime      # DAGs    # Errors  Last Runtime    Last Run
-------------------------------------------  -----  ---------  --------  ----------  --------------  -------------------
/opt/airflow/dags/example_dag.py                                      1           0  0.05s           2025-12-20T16:22:45
/opt/airflow/dags/purchase_analytics_dag.py    694  0.00s             1           0  0.09s           2025-12-20T16:22:45
/opt/airflow/dags/warehouse_delivery_dag.py    693  0.01s             1           0  0.10s           2025-12-20T16:22:45
================================================================================
[2025-12-20T16:23:46.146+0000] {manager.py:879} INFO - 
================================================================================
DAG File Processing Stats

File Path                                      PID  Runtime      # DAGs    # Errors  Last Runtime    Last Run
-------------------------------------------  -----  ---------  --------  ----------  --------------  -------------------
/opt/airflow/dags/example_dag.py                                      1           0  0.05s           2025-12-20T16:23:15
/opt/airflow/dags/purchase_analytics_dag.py    704  0.00s             1           0  0.07s           2025-12-20T16:23:15
/opt/airflow/dags/warehouse_delivery_dag.py    703  0.01s             1           0  0.07s           2025-12-20T16:23:15
================================================================================
[2025-12-20T16:24:16.546+0000] {manager.py:879} INFO - 
================================================================================
DAG File Processing Stats

File Path                                      PID  Runtime      # DAGs    # Errors  Last Runtime    Last Run
-------------------------------------------  -----  ---------  --------  ----------  --------------  -------------------
/opt/airflow/dags/example_dag.py                                      1           0  0.05s           2025-12-20T16:23:46
/opt/airflow/dags/purchase_analytics_dag.py    714  0.00s             1           0  0.07s           2025-12-20T16:23:46
/opt/airflow/dags/warehouse_delivery_dag.py    713  0.01s             1           0  0.08s           2025-12-20T16:23:46
================================================================================
[2025-12-20T16:24:46.989+0000] {manager.py:879} INFO - 
================================================================================
DAG File Processing Stats

File Path                                      PID  Runtime      # DAGs    # Errors  Last Runtime    Last Run
-------------------------------------------  -----  ---------  --------  ----------  --------------  -------------------
/opt/airflow/dags/example_dag.py                                      1           0  0.06s           2025-12-20T16:24:16
/opt/airflow/dags/purchase_analytics_dag.py    724  0.00s             1           0  0.09s           2025-12-20T16:24:16
/opt/airflow/dags/warehouse_delivery_dag.py    723  0.01s             1           0  0.10s           2025-12-20T16:24:16
================================================================================
[2025-12-20T16:25:17.358+0000] {manager.py:879} INFO - 
================================================================================
DAG File Processing Stats

File Path                                      PID  Runtime      # DAGs    # Errors  Last Runtime    Last Run
-------------------------------------------  -----  ---------  --------  ----------  --------------  -------------------
/opt/airflow/dags/example_dag.py                                      1           0  0.06s           2025-12-20T16:24:47
/opt/airflow/dags/purchase_analytics_dag.py    733  0.00s             1           0  0.06s           2025-12-20T16:24:47
/opt/airflow/dags/warehouse_delivery_dag.py    732  0.01s             1           0  0.08s           2025-12-20T16:24:47
================================================================================
[2025-12-20T16:25:47.746+0000] {manager.py:879} INFO - 
================================================================================
DAG File Processing Stats

File Path                                      PID  Runtime      # DAGs    # Errors  Last Runtime    Last Run
-------------------------------------------  -----  ---------  --------  ----------  --------------  -------------------
/opt/airflow/dags/example_dag.py                                      1           0  0.05s           2025-12-20T16:25:17
/opt/airflow/dags/purchase_analytics_dag.py    743  0.00s             1           0  0.07s           2025-12-20T16:25:17
/opt/airflow/dags/warehouse_delivery_dag.py    742  0.01s             1           0  0.07s           2025-12-20T16:25:17
================================================================================
[2025-12-20T16:26:18.143+0000] {manager.py:879} INFO - 
================================================================================
DAG File Processing Stats

File Path                                      PID  Runtime      # DAGs    # Errors  Last Runtime    Last Run
-------------------------------------------  -----  ---------  --------  ----------  --------------  -------------------
/opt/airflow/dags/example_dag.py                                      1           0  0.05s           2025-12-20T16:25:47
/opt/airflow/dags/purchase_analytics_dag.py    752  0.00s             1           0  0.06s           2025-12-20T16:25:47
/opt/airflow/dags/warehouse_delivery_dag.py    751  0.01s             1           0  0.07s           2025-12-20T16:25:47
================================================================================
[2025-12-20T16:26:22.276+0000] {manager.py:738} INFO - Searching for files in /opt/airflow/dags
[2025-12-20T16:26:22.281+0000] {manager.py:741} INFO - There are 3 files in /opt/airflow/dags
[2025-12-20T16:26:48.552+0000] {manager.py:879} INFO - 
================================================================================
DAG File Processing Stats

File Path                                      PID  Runtime      # DAGs    # Errors  Last Runtime    Last Run
-------------------------------------------  -----  ---------  --------  ----------  --------------  -------------------
/opt/airflow/dags/example_dag.py                                      1           0  0.05s           2025-12-20T16:26:18
/opt/airflow/dags/purchase_analytics_dag.py    762  0.00s             1           0  0.09s           2025-12-20T16:26:18
/opt/airflow/dags/warehouse_delivery_dag.py    761  0.01s             1           0  0.11s           2025-12-20T16:26:18
================================================================================
[2025-12-20T16:27:18.960+0000] {manager.py:879} INFO - 
================================================================================
DAG File Processing Stats

File Path                                      PID  Runtime      # DAGs    # Errors  Last Runtime    Last Run
-------------------------------------------  -----  ---------  --------  ----------  --------------  -------------------
/opt/airflow/dags/example_dag.py                                      1           0  0.06s           2025-12-20T16:26:48
/opt/airflow/dags/purchase_analytics_dag.py    772  0.00s             1           0  0.06s           2025-12-20T16:26:48
/opt/airflow/dags/warehouse_delivery_dag.py    771  0.01s             1           0  0.07s           2025-12-20T16:26:48
================================================================================
[2025-12-20T16:27:49.334+0000] {manager.py:879} INFO - 
================================================================================
DAG File Processing Stats

File Path                                      PID  Runtime      # DAGs    # Errors  Last Runtime    Last Run
-------------------------------------------  -----  ---------  --------  ----------  --------------  -------------------
/opt/airflow/dags/example_dag.py                                      1           0  0.06s           2025-12-20T16:27:19
/opt/airflow/dags/purchase_analytics_dag.py    782  0.00s             1           0  0.06s           2025-12-20T16:27:19
/opt/airflow/dags/warehouse_delivery_dag.py    781  0.01s             1           0  0.07s           2025-12-20T16:27:19
================================================================================
[2025-12-20T16:28:19.731+0000] {manager.py:879} INFO - 
================================================================================
DAG File Processing Stats

File Path                                      PID  Runtime      # DAGs    # Errors  Last Runtime    Last Run
-------------------------------------------  -----  ---------  --------  ----------  --------------  -------------------
/opt/airflow/dags/example_dag.py                                      1           0  0.05s           2025-12-20T16:27:49
/opt/airflow/dags/purchase_analytics_dag.py    792  0.00s             1           0  0.07s           2025-12-20T16:27:49
/opt/airflow/dags/warehouse_delivery_dag.py    791  0.01s             1           0  0.07s           2025-12-20T16:27:49
================================================================================
[2025-12-20T16:28:50.095+0000] {manager.py:879} INFO - 
================================================================================
DAG File Processing Stats

File Path                                      PID  Runtime      # DAGs    # Errors  Last Runtime    Last Run
-------------------------------------------  -----  ---------  --------  ----------  --------------  -------------------
/opt/airflow/dags/example_dag.py                                      1           0  0.06s           2025-12-20T16:28:19
/opt/airflow/dags/purchase_analytics_dag.py    802  0.00s             1           0  0.09s           2025-12-20T16:28:19
/opt/airflow/dags/warehouse_delivery_dag.py    801  0.01s             1           0  0.09s           2025-12-20T16:28:19
================================================================================
[2025-12-20T16:29:20.538+0000] {manager.py:879} INFO - 
================================================================================
DAG File Processing Stats

File Path                                      PID  Runtime      # DAGs    # Errors  Last Runtime    Last Run
-------------------------------------------  -----  ---------  --------  ----------  --------------  -------------------
/opt/airflow/dags/example_dag.py                                      1           0  0.06s           2025-12-20T16:28:50
/opt/airflow/dags/purchase_analytics_dag.py    812  0.00s             1           0  0.07s           2025-12-20T16:28:50
/opt/airflow/dags/warehouse_delivery_dag.py    811  0.01s             1           0  0.07s           2025-12-20T16:28:50
================================================================================
[2025-12-20T16:29:50.843+0000] {manager.py:879} INFO - 
================================================================================
DAG File Processing Stats

File Path                                      PID  Runtime      # DAGs    # Errors  Last Runtime    Last Run
-------------------------------------------  -----  ---------  --------  ----------  --------------  -------------------
/opt/airflow/dags/example_dag.py                                      1           0  0.06s           2025-12-20T16:29:20
/opt/airflow/dags/purchase_analytics_dag.py    822  0.00s             1           0  0.07s           2025-12-20T16:29:20
/opt/airflow/dags/warehouse_delivery_dag.py    821  0.01s             1           0  0.07s           2025-12-20T16:29:20
================================================================================
[2025-12-20T16:30:21.220+0000] {manager.py:879} INFO - 
================================================================================
DAG File Processing Stats

File Path                                      PID  Runtime      # DAGs    # Errors  Last Runtime    Last Run
-------------------------------------------  -----  ---------  --------  ----------  --------------  -------------------
/opt/airflow/dags/example_dag.py                                      1           0  0.05s           2025-12-20T16:29:50
/opt/airflow/dags/purchase_analytics_dag.py    832  0.00s             1           0  0.07s           2025-12-20T16:29:50
/opt/airflow/dags/warehouse_delivery_dag.py    831  0.01s             1           0  0.06s           2025-12-20T16:29:50
================================================================================
[2025-12-20T16:30:51.666+0000] {manager.py:879} INFO - 
================================================================================
DAG File Processing Stats

File Path                                      PID  Runtime      # DAGs    # Errors  Last Runtime    Last Run
-------------------------------------------  -----  ---------  --------  ----------  --------------  -------------------
/opt/airflow/dags/example_dag.py                                      1           0  0.06s           2025-12-20T16:30:21
/opt/airflow/dags/purchase_analytics_dag.py    842  0.00s             1           0  0.08s           2025-12-20T16:30:21
/opt/airflow/dags/warehouse_delivery_dag.py    841  0.01s             1           0  0.09s           2025-12-20T16:30:21
================================================================================
[2025-12-20T16:31:22.042+0000] {manager.py:879} INFO - 
================================================================================
DAG File Processing Stats

File Path                                      PID  Runtime      # DAGs    # Errors  Last Runtime    Last Run
-------------------------------------------  -----  ---------  --------  ----------  --------------  -------------------
/opt/airflow/dags/example_dag.py                                      1           0  0.05s           2025-12-20T16:30:51
/opt/airflow/dags/purchase_analytics_dag.py    852  0.00s             1           0  0.07s           2025-12-20T16:30:51
/opt/airflow/dags/warehouse_delivery_dag.py    851  0.01s             1           0  0.07s           2025-12-20T16:30:51
================================================================================
[2025-12-20T16:31:23.122+0000] {manager.py:738} INFO - Searching for files in /opt/airflow/dags
[2025-12-20T16:31:23.128+0000] {manager.py:741} INFO - There are 3 files in /opt/airflow/dags
[2025-12-20T16:31:52.454+0000] {manager.py:879} INFO - 
================================================================================
DAG File Processing Stats

File Path                                      PID  Runtime      # DAGs    # Errors  Last Runtime    Last Run
-------------------------------------------  -----  ---------  --------  ----------  --------------  -------------------
/opt/airflow/dags/example_dag.py                                      1           0  0.06s           2025-12-20T16:31:22
/opt/airflow/dags/purchase_analytics_dag.py    862  0.00s             1           0  0.06s           2025-12-20T16:31:22
/opt/airflow/dags/warehouse_delivery_dag.py    861  0.01s             1           0  0.08s           2025-12-20T16:31:22
================================================================================
[2025-12-20T16:32:22.854+0000] {manager.py:879} INFO - 
================================================================================
DAG File Processing Stats

File Path                                      PID  Runtime      # DAGs    # Errors  Last Runtime    Last Run
-------------------------------------------  -----  ---------  --------  ----------  --------------  -------------------
/opt/airflow/dags/example_dag.py                                      1           0  0.06s           2025-12-20T16:31:52
/opt/airflow/dags/purchase_analytics_dag.py    872  0.00s             1           0  0.07s           2025-12-20T16:31:52
/opt/airflow/dags/warehouse_delivery_dag.py    871  0.01s             1           0  0.08s           2025-12-20T16:31:52
================================================================================
[2025-12-20T16:32:53.244+0000] {manager.py:879} INFO - 
================================================================================
DAG File Processing Stats

File Path                                      PID  Runtime      # DAGs    # Errors  Last Runtime    Last Run
-------------------------------------------  -----  ---------  --------  ----------  --------------  -------------------
/opt/airflow/dags/example_dag.py                                      1           0  0.07s           2025-12-20T16:32:23
/opt/airflow/dags/purchase_analytics_dag.py    882  0.00s             1           0  0.10s           2025-12-20T16:32:22
/opt/airflow/dags/warehouse_delivery_dag.py    881  0.01s             1           0  0.11s           2025-12-20T16:32:22
================================================================================
[2025-12-20T16:33:23.662+0000] {manager.py:879} INFO - 
================================================================================
DAG File Processing Stats

File Path                                      PID  Runtime      # DAGs    # Errors  Last Runtime    Last Run
-------------------------------------------  -----  ---------  --------  ----------  --------------  -------------------
/opt/airflow/dags/example_dag.py                                      1           0  0.06s           2025-12-20T16:32:53
/opt/airflow/dags/purchase_analytics_dag.py    892  0.00s             1           0  0.07s           2025-12-20T16:32:53
/opt/airflow/dags/warehouse_delivery_dag.py    891  0.01s             1           0  0.08s           2025-12-20T16:32:53
================================================================================
[2025-12-20T16:33:54.044+0000] {manager.py:879} INFO - 
================================================================================
DAG File Processing Stats

File Path                                      PID  Runtime      # DAGs    # Errors  Last Runtime    Last Run
-------------------------------------------  -----  ---------  --------  ----------  --------------  -------------------
/opt/airflow/dags/example_dag.py                                      1           0  0.06s           2025-12-20T16:33:23
/opt/airflow/dags/purchase_analytics_dag.py    902  0.00s             1           0  0.08s           2025-12-20T16:33:23
/opt/airflow/dags/warehouse_delivery_dag.py    901  0.01s             1           0  0.08s           2025-12-20T16:33:23
================================================================================
[2025-12-20T16:34:24.412+0000] {manager.py:879} INFO - 
================================================================================
DAG File Processing Stats

File Path                                      PID  Runtime      # DAGs    # Errors  Last Runtime    Last Run
-------------------------------------------  -----  ---------  --------  ----------  --------------  -------------------
/opt/airflow/dags/example_dag.py                                      1           0  0.06s           2025-12-20T16:33:54
/opt/airflow/dags/purchase_analytics_dag.py    912  0.00s             1           0  0.07s           2025-12-20T16:33:54
/opt/airflow/dags/warehouse_delivery_dag.py    911  0.01s             1           0  0.08s           2025-12-20T16:33:54
================================================================================
[2025-12-20T16:34:54.811+0000] {manager.py:879} INFO - 
================================================================================
DAG File Processing Stats

File Path                                      PID  Runtime      # DAGs    # Errors  Last Runtime    Last Run
-------------------------------------------  -----  ---------  --------  ----------  --------------  -------------------
/opt/airflow/dags/example_dag.py                                      1           0  0.07s           2025-12-20T16:34:24
/opt/airflow/dags/purchase_analytics_dag.py    922  0.00s             1           0  0.07s           2025-12-20T16:34:24
/opt/airflow/dags/warehouse_delivery_dag.py    921  0.01s             1           0  0.07s           2025-12-20T16:34:24
================================================================================
[2025-12-20T16:35:25.176+0000] {manager.py:879} INFO - 
================================================================================
DAG File Processing Stats

File Path                                      PID  Runtime      # DAGs    # Errors  Last Runtime    Last Run
-------------------------------------------  -----  ---------  --------  ----------  --------------  -------------------
/opt/airflow/dags/example_dag.py                                      1           0  0.05s           2025-12-20T16:34:54
/opt/airflow/dags/purchase_analytics_dag.py    932  0.00s             1           0  0.07s           2025-12-20T16:34:54
/opt/airflow/dags/warehouse_delivery_dag.py    931  0.01s             1           0  0.08s           2025-12-20T16:34:54
================================================================================
[2025-12-20T16:35:55.583+0000] {manager.py:879} INFO - 
================================================================================
DAG File Processing Stats

File Path                                      PID  Runtime      # DAGs    # Errors  Last Runtime    Last Run
-------------------------------------------  -----  ---------  --------  ----------  --------------  -------------------
/opt/airflow/dags/example_dag.py                                      1           0  0.06s           2025-12-20T16:35:25
/opt/airflow/dags/purchase_analytics_dag.py    942  0.00s             1           0  0.09s           2025-12-20T16:35:25
/opt/airflow/dags/warehouse_delivery_dag.py    941  0.01s             1           0  0.10s           2025-12-20T16:35:25
================================================================================
[2025-12-20T16:36:23.944+0000] {manager.py:738} INFO - Searching for files in /opt/airflow/dags
[2025-12-20T16:36:23.953+0000] {manager.py:741} INFO - There are 3 files in /opt/airflow/dags
[2025-12-20T16:36:25.993+0000] {manager.py:879} INFO - 
================================================================================
DAG File Processing Stats

File Path                                      PID  Runtime      # DAGs    # Errors  Last Runtime    Last Run
-------------------------------------------  -----  ---------  --------  ----------  --------------  -------------------
/opt/airflow/dags/example_dag.py                                      1           0  0.06s           2025-12-20T16:35:55
/opt/airflow/dags/purchase_analytics_dag.py    952  0.00s             1           0  0.08s           2025-12-20T16:35:55
/opt/airflow/dags/warehouse_delivery_dag.py    951  0.01s             1           0  0.07s           2025-12-20T16:35:55
================================================================================
[2025-12-20T16:36:56.399+0000] {manager.py:879} INFO - 
================================================================================
DAG File Processing Stats

File Path                                      PID  Runtime      # DAGs    # Errors  Last Runtime    Last Run
-------------------------------------------  -----  ---------  --------  ----------  --------------  -------------------
/opt/airflow/dags/example_dag.py                                      1           0  0.06s           2025-12-20T16:36:26
/opt/airflow/dags/purchase_analytics_dag.py    962  0.00s             1           0  0.10s           2025-12-20T16:36:26
/opt/airflow/dags/warehouse_delivery_dag.py    961  0.01s             1           0  0.11s           2025-12-20T16:36:26
================================================================================
[2025-12-20T16:37:27.093+0000] {manager.py:879} INFO - 
================================================================================
DAG File Processing Stats

File Path                                      PID  Runtime      # DAGs    # Errors  Last Runtime    Last Run
-------------------------------------------  -----  ---------  --------  ----------  --------------  -------------------
/opt/airflow/dags/example_dag.py                                      1           0  0.05s           2025-12-20T16:36:56
/opt/airflow/dags/purchase_analytics_dag.py    972  0.00s             1           0  0.07s           2025-12-20T16:36:56
/opt/airflow/dags/warehouse_delivery_dag.py    971  0.01s             1           0  0.08s           2025-12-20T16:36:56
================================================================================
[2025-12-20T16:37:57.493+0000] {manager.py:879} INFO - 
================================================================================
DAG File Processing Stats

File Path                                      PID  Runtime      # DAGs    # Errors  Last Runtime    Last Run
-------------------------------------------  -----  ---------  --------  ----------  --------------  -------------------
/opt/airflow/dags/example_dag.py                                      1           0  0.07s           2025-12-20T16:37:27
/opt/airflow/dags/purchase_analytics_dag.py    982  0.00s             1           0  0.10s           2025-12-20T16:37:27
/opt/airflow/dags/warehouse_delivery_dag.py    981  0.02s             1           0  0.10s           2025-12-20T16:37:27
================================================================================
[2025-12-20T16:38:27.905+0000] {manager.py:879} INFO - 
================================================================================
DAG File Processing Stats

File Path                                      PID  Runtime      # DAGs    # Errors  Last Runtime    Last Run
-------------------------------------------  -----  ---------  --------  ----------  --------------  -------------------
/opt/airflow/dags/example_dag.py                                      1           0  0.06s           2025-12-20T16:37:57
/opt/airflow/dags/purchase_analytics_dag.py    992  0.00s             1           0  0.13s           2025-12-20T16:37:57
/opt/airflow/dags/warehouse_delivery_dag.py    991  0.01s             1           0  0.14s           2025-12-20T16:37:57
================================================================================
[2025-12-20T16:38:58.298+0000] {manager.py:879} INFO - 
================================================================================
DAG File Processing Stats

File Path                                      PID  Runtime      # DAGs    # Errors  Last Runtime    Last Run
-------------------------------------------  -----  ---------  --------  ----------  --------------  -------------------
/opt/airflow/dags/example_dag.py                                      1           0  0.07s           2025-12-20T16:38:28
/opt/airflow/dags/purchase_analytics_dag.py    995  0.00s             1           0  0.15s           2025-12-20T16:38:28
/opt/airflow/dags/warehouse_delivery_dag.py    994  0.01s             1           0  0.17s           2025-12-20T16:38:28
================================================================================
[2025-12-20T16:39:28.824+0000] {manager.py:879} INFO - 
================================================================================
DAG File Processing Stats

File Path                                      PID  Runtime      # DAGs    # Errors  Last Runtime    Last Run
-------------------------------------------  -----  ---------  --------  ----------  --------------  -------------------
/opt/airflow/dags/example_dag.py                                      1           0  0.07s           2025-12-20T16:38:58
/opt/airflow/dags/purchase_analytics_dag.py   1005  0.01s             1           0  0.18s           2025-12-20T16:38:58
/opt/airflow/dags/warehouse_delivery_dag.py   1004  0.04s             1           0  0.18s           2025-12-20T16:38:58
================================================================================
[2025-12-20T16:39:59.294+0000] {manager.py:879} INFO - 
================================================================================
DAG File Processing Stats

File Path                                      PID  Runtime      # DAGs    # Errors  Last Runtime    Last Run
-------------------------------------------  -----  ---------  --------  ----------  --------------  -------------------
/opt/airflow/dags/example_dag.py                                      1           0  0.10s           2025-12-20T16:39:29
/opt/airflow/dags/purchase_analytics_dag.py   1015  0.01s             1           0  0.16s           2025-12-20T16:39:28
/opt/airflow/dags/warehouse_delivery_dag.py   1014  0.02s             1           0  0.18s           2025-12-20T16:39:28
================================================================================
[2025-12-20T16:40:29.877+0000] {manager.py:879} INFO - 
================================================================================
DAG File Processing Stats

File Path                                      PID  Runtime      # DAGs    # Errors  Last Runtime    Last Run
-------------------------------------------  -----  ---------  --------  ----------  --------------  -------------------
/opt/airflow/dags/example_dag.py                                      1           0  0.06s           2025-12-20T16:39:59
/opt/airflow/dags/purchase_analytics_dag.py   1025  0.01s             1           0  0.18s           2025-12-20T16:39:59
/opt/airflow/dags/warehouse_delivery_dag.py   1024  0.03s             1           0  0.20s           2025-12-20T16:39:59
================================================================================
[2025-12-20T16:41:00.578+0000] {manager.py:879} INFO - 
================================================================================
DAG File Processing Stats

File Path                                      PID  Runtime      # DAGs    # Errors  Last Runtime    Last Run
-------------------------------------------  -----  ---------  --------  ----------  --------------  -------------------
/opt/airflow/dags/example_dag.py                                      1           0  0.07s           2025-12-20T16:40:30
/opt/airflow/dags/purchase_analytics_dag.py   1035  0.00s             1           0  0.44s           2025-12-20T16:40:30
/opt/airflow/dags/warehouse_delivery_dag.py   1034  0.02s             1           0  0.46s           2025-12-20T16:40:30
================================================================================
[2025-12-20T16:41:23.952+0000] {manager.py:738} INFO - Searching for files in /opt/airflow/dags
[2025-12-20T16:41:23.962+0000] {manager.py:741} INFO - There are 3 files in /opt/airflow/dags
[2025-12-20T16:41:31.019+0000] {manager.py:879} INFO - 
================================================================================
DAG File Processing Stats

File Path                                      PID  Runtime      # DAGs    # Errors  Last Runtime    Last Run
-------------------------------------------  -----  ---------  --------  ----------  --------------  -------------------
/opt/airflow/dags/example_dag.py                                      1           0  0.08s           2025-12-20T16:41:00
/opt/airflow/dags/purchase_analytics_dag.py   1045  0.01s             1           0  0.15s           2025-12-20T16:41:00
/opt/airflow/dags/warehouse_delivery_dag.py   1044  0.03s             1           0  0.16s           2025-12-20T16:41:00
================================================================================
[2025-12-20T16:42:01.498+0000] {manager.py:879} INFO - 
================================================================================
DAG File Processing Stats

File Path                                      PID  Runtime      # DAGs    # Errors  Last Runtime    Last Run
-------------------------------------------  -----  ---------  --------  ----------  --------------  -------------------
/opt/airflow/dags/example_dag.py                                      1           0  0.08s           2025-12-20T16:41:31
/opt/airflow/dags/purchase_analytics_dag.py   1055  0.01s             1           0  0.18s           2025-12-20T16:41:31
/opt/airflow/dags/warehouse_delivery_dag.py   1054  0.03s             1           0  0.20s           2025-12-20T16:41:31
================================================================================
[2025-12-20T16:42:31.943+0000] {manager.py:879} INFO - 
================================================================================
DAG File Processing Stats

File Path                                      PID  Runtime      # DAGs    # Errors  Last Runtime    Last Run
-------------------------------------------  -----  ---------  --------  ----------  --------------  -------------------
/opt/airflow/dags/example_dag.py                                      1           0  0.08s           2025-12-20T16:42:01
/opt/airflow/dags/purchase_analytics_dag.py   1067  0.00s             1           0  0.18s           2025-12-20T16:42:01
/opt/airflow/dags/warehouse_delivery_dag.py   1066  0.02s             1           0  0.21s           2025-12-20T16:42:01
================================================================================
[2025-12-20T16:43:02.544+0000] {manager.py:879} INFO - 
================================================================================
DAG File Processing Stats

File Path                                      PID  Runtime      # DAGs    # Errors  Last Runtime    Last Run
-------------------------------------------  -----  ---------  --------  ----------  --------------  -------------------
/opt/airflow/dags/example_dag.py                                      1           0  0.07s           2025-12-20T16:42:32
/opt/airflow/dags/purchase_analytics_dag.py   1099  0.01s             1           0  0.14s           2025-12-20T16:42:32
/opt/airflow/dags/warehouse_delivery_dag.py   1098  0.03s             1           0  0.15s           2025-12-20T16:42:32
================================================================================
[2025-12-20T16:43:32.964+0000] {manager.py:879} INFO - 
================================================================================
DAG File Processing Stats

File Path                                      PID  Runtime      # DAGs    # Errors  Last Runtime    Last Run
-------------------------------------------  -----  ---------  --------  ----------  --------------  -------------------
/opt/airflow/dags/example_dag.py                                      1           0  0.11s           2025-12-20T16:43:02
/opt/airflow/dags/purchase_analytics_dag.py   1109  0.00s             1           0  0.13s           2025-12-20T16:43:02
/opt/airflow/dags/warehouse_delivery_dag.py   1108  0.02s             1           0  0.16s           2025-12-20T16:43:02
================================================================================
[2025-12-20T16:44:03.371+0000] {manager.py:879} INFO - 
================================================================================
DAG File Processing Stats

File Path                                      PID  Runtime      # DAGs    # Errors  Last Runtime    Last Run
-------------------------------------------  -----  ---------  --------  ----------  --------------  -------------------
/opt/airflow/dags/example_dag.py                                      1           0  0.09s           2025-12-20T16:43:33
/opt/airflow/dags/purchase_analytics_dag.py   1119  0.01s             1           0  0.14s           2025-12-20T16:43:33
/opt/airflow/dags/warehouse_delivery_dag.py   1118  0.02s             1           0  0.16s           2025-12-20T16:43:33
================================================================================
[2025-12-20T16:44:33.870+0000] {manager.py:879} INFO - 
================================================================================
DAG File Processing Stats

File Path                                      PID  Runtime      # DAGs    # Errors  Last Runtime    Last Run
-------------------------------------------  -----  ---------  --------  ----------  --------------  -------------------
/opt/airflow/dags/example_dag.py                                      1           0  0.06s           2025-12-20T16:44:03
/opt/airflow/dags/purchase_analytics_dag.py   1129  0.01s             1           0  0.16s           2025-12-20T16:44:03
/opt/airflow/dags/warehouse_delivery_dag.py   1128  0.02s             1           0  0.18s           2025-12-20T16:44:03
================================================================================
[2025-12-20T16:45:04.325+0000] {manager.py:879} INFO - 
================================================================================
DAG File Processing Stats

File Path                                      PID  Runtime      # DAGs    # Errors  Last Runtime    Last Run
-------------------------------------------  -----  ---------  --------  ----------  --------------  -------------------
/opt/airflow/dags/example_dag.py                                      1           0  0.06s           2025-12-20T16:44:34
/opt/airflow/dags/purchase_analytics_dag.py   1139  0.00s             1           0  0.15s           2025-12-20T16:44:34
/opt/airflow/dags/warehouse_delivery_dag.py   1138  0.01s             1           0  0.16s           2025-12-20T16:44:34
================================================================================
[2025-12-20T16:45:34.703+0000] {manager.py:879} INFO - 
================================================================================
DAG File Processing Stats

File Path                                      PID  Runtime      # DAGs    # Errors  Last Runtime    Last Run
-------------------------------------------  -----  ---------  --------  ----------  --------------  -------------------
/opt/airflow/dags/example_dag.py                                      1           0  0.06s           2025-12-20T16:45:04
/opt/airflow/dags/purchase_analytics_dag.py   1149  0.01s             1           0  0.10s           2025-12-20T16:45:04
/opt/airflow/dags/warehouse_delivery_dag.py   1148  0.03s             1           0  0.11s           2025-12-20T16:45:04
================================================================================
[2025-12-20T16:46:05.346+0000] {manager.py:879} INFO - 
================================================================================
DAG File Processing Stats

File Path                                      PID  Runtime      # DAGs    # Errors  Last Runtime    Last Run
-------------------------------------------  -----  ---------  --------  ----------  --------------  -------------------
/opt/airflow/dags/example_dag.py              1160  0.01s             1           0  0.07s           2025-12-20T16:45:35
/opt/airflow/dags/purchase_analytics_dag.py                           1           0  0.12s           2025-12-20T16:45:40
/opt/airflow/dags/warehouse_delivery_dag.py   1159  0.05s             1           0  0.30s           2025-12-20T16:45:34
================================================================================
[2025-12-20T16:46:24.546+0000] {manager.py:738} INFO - Searching for files in /opt/airflow/dags
[2025-12-20T16:46:24.550+0000] {manager.py:741} INFO - There are 3 files in /opt/airflow/dags
[2025-12-20T16:46:35.672+0000] {manager.py:879} INFO - 
================================================================================
DAG File Processing Stats

File Path                                      PID  Runtime      # DAGs    # Errors  Last Runtime    Last Run
-------------------------------------------  -----  ---------  --------  ----------  --------------  -------------------
/opt/airflow/dags/example_dag.py              1170  0.01s             1           0  0.26s           2025-12-20T16:46:05
/opt/airflow/dags/purchase_analytics_dag.py                           1           0  0.11s           2025-12-20T16:46:10
/opt/airflow/dags/warehouse_delivery_dag.py   1169  0.03s             1           0  0.30s           2025-12-20T16:46:05
================================================================================
[2025-12-20T16:47:06.096+0000] {manager.py:879} INFO - 
================================================================================
DAG File Processing Stats

File Path                                      PID  Runtime      # DAGs    # Errors  Last Runtime    Last Run
-------------------------------------------  -----  ---------  --------  ----------  --------------  -------------------
/opt/airflow/dags/example_dag.py              1192  0.01s             1           0  0.15s           2025-12-20T16:46:35
/opt/airflow/dags/purchase_analytics_dag.py                           1           0  0.10s           2025-12-20T16:46:40
/opt/airflow/dags/warehouse_delivery_dag.py   1191  0.03s             1           0  0.18s           2025-12-20T16:46:35
================================================================================
[2025-12-20T16:47:36.390+0000] {manager.py:879} INFO - 
================================================================================
DAG File Processing Stats

File Path                                      PID  Runtime      # DAGs    # Errors  Last Runtime    Last Run
-------------------------------------------  -----  ---------  --------  ----------  --------------  -------------------
/opt/airflow/dags/example_dag.py              1214  0.00s             1           0  0.17s           2025-12-20T16:47:06
/opt/airflow/dags/purchase_analytics_dag.py                           1           0  0.11s           2025-12-20T16:47:11
/opt/airflow/dags/warehouse_delivery_dag.py   1213  0.01s             1           0  0.19s           2025-12-20T16:47:06
================================================================================
[2025-12-20T16:48:06.896+0000] {manager.py:879} INFO - 
================================================================================
DAG File Processing Stats

File Path                                      PID  Runtime      # DAGs    # Errors  Last Runtime    Last Run
-------------------------------------------  -----  ---------  --------  ----------  --------------  -------------------
/opt/airflow/dags/example_dag.py              1236  0.01s             1           0  0.11s           2025-12-20T16:47:36
/opt/airflow/dags/purchase_analytics_dag.py                           1           0  0.12s           2025-12-20T16:47:41
/opt/airflow/dags/warehouse_delivery_dag.py                           1           0  0.17s           2025-12-20T16:47:59
================================================================================
[2025-12-20T16:48:37.789+0000] {manager.py:879} INFO - 
================================================================================
DAG File Processing Stats

File Path                                      PID  Runtime      # DAGs    # Errors  Last Runtime    Last Run
-------------------------------------------  -----  ---------  --------  ----------  --------------  -------------------
/opt/airflow/dags/example_dag.py              1250  0.01s             1           0  0.21s           2025-12-20T16:48:07
/opt/airflow/dags/purchase_analytics_dag.py                           1           0  0.21s           2025-12-20T16:48:34
/opt/airflow/dags/warehouse_delivery_dag.py                           1           0  0.18s           2025-12-20T16:48:34
================================================================================
[2025-12-20T16:49:08.225+0000] {manager.py:879} INFO - 
================================================================================
DAG File Processing Stats

File Path                                      PID  Runtime      # DAGs    # Errors  Last Runtime    Last Run
-------------------------------------------  -----  ---------  --------  ----------  --------------  -------------------
/opt/airflow/dags/example_dag.py              1260  0.01s             1           0  0.09s           2025-12-20T16:48:37
/opt/airflow/dags/purchase_analytics_dag.py                           1           0  0.10s           2025-12-20T16:48:47
/opt/airflow/dags/warehouse_delivery_dag.py                           1           0  0.11s           2025-12-20T16:48:48
================================================================================
[2025-12-20T16:49:38.604+0000] {manager.py:879} INFO - 
================================================================================
DAG File Processing Stats

File Path                                      PID  Runtime      # DAGs    # Errors  Last Runtime    Last Run
-------------------------------------------  -----  ---------  --------  ----------  --------------  -------------------
/opt/airflow/dags/example_dag.py              1270  0.01s             1           0  0.19s           2025-12-20T16:49:08
/opt/airflow/dags/purchase_analytics_dag.py                           1           0  0.10s           2025-12-20T16:49:18
/opt/airflow/dags/warehouse_delivery_dag.py                           1           0  0.10s           2025-12-20T16:49:18
================================================================================
[2025-12-20T16:50:09.041+0000] {manager.py:879} INFO - 
================================================================================
DAG File Processing Stats

File Path                                      PID  Runtime      # DAGs    # Errors  Last Runtime    Last Run
-------------------------------------------  -----  ---------  --------  ----------  --------------  -------------------
/opt/airflow/dags/example_dag.py              1280  0.01s             1           0  0.15s           2025-12-20T16:49:38
/opt/airflow/dags/purchase_analytics_dag.py                           1           0  0.17s           2025-12-20T16:49:48
/opt/airflow/dags/warehouse_delivery_dag.py                           1           0  0.16s           2025-12-20T16:49:48
================================================================================
[2025-12-20T16:50:39.522+0000] {manager.py:879} INFO - 
================================================================================
DAG File Processing Stats

File Path                                      PID  Runtime      # DAGs    # Errors  Last Runtime    Last Run
-------------------------------------------  -----  ---------  --------  ----------  --------------  -------------------
/opt/airflow/dags/example_dag.py              1290  0.00s             1           0  0.18s           2025-12-20T16:50:09
/opt/airflow/dags/purchase_analytics_dag.py                           1           0  0.21s           2025-12-20T16:50:19
/opt/airflow/dags/warehouse_delivery_dag.py                           1           0  0.18s           2025-12-20T16:50:19
================================================================================
[2025-12-20T16:51:09.956+0000] {manager.py:879} INFO - 
================================================================================
DAG File Processing Stats

File Path                                      PID  Runtime      # DAGs    # Errors  Last Runtime    Last Run
-------------------------------------------  -----  ---------  --------  ----------  --------------  -------------------
/opt/airflow/dags/example_dag.py              1300  0.01s             1           0  0.15s           2025-12-20T16:50:39
/opt/airflow/dags/purchase_analytics_dag.py                           1           0  0.11s           2025-12-20T16:50:49
/opt/airflow/dags/warehouse_delivery_dag.py                           1           0  0.11s           2025-12-20T16:50:49
================================================================================
[2025-12-20T16:51:25.418+0000] {manager.py:738} INFO - Searching for files in /opt/airflow/dags
[2025-12-20T16:51:25.450+0000] {manager.py:741} INFO - There are 3 files in /opt/airflow/dags
[2025-12-20T16:51:40.624+0000] {manager.py:879} INFO - 
================================================================================
DAG File Processing Stats

File Path                                      PID  Runtime      # DAGs    # Errors  Last Runtime    Last Run
-------------------------------------------  -----  ---------  --------  ----------  --------------  -------------------
/opt/airflow/dags/example_dag.py              1310  0.01s             1           0  0.19s           2025-12-20T16:51:10
/opt/airflow/dags/purchase_analytics_dag.py                           1           0  0.18s           2025-12-20T16:51:20
/opt/airflow/dags/warehouse_delivery_dag.py                           1           0  0.14s           2025-12-20T16:51:20
================================================================================
[2025-12-20T16:52:11.030+0000] {manager.py:879} INFO - 
================================================================================
DAG File Processing Stats

File Path                                      PID  Runtime      # DAGs    # Errors  Last Runtime    Last Run
-------------------------------------------  -----  ---------  --------  ----------  --------------  -------------------
/opt/airflow/dags/example_dag.py              1332  0.01s             1           0  0.12s           2025-12-20T16:51:40
/opt/airflow/dags/purchase_analytics_dag.py                           1           0  0.14s           2025-12-20T16:51:50
/opt/airflow/dags/warehouse_delivery_dag.py                           1           0  0.11s           2025-12-20T16:51:50
================================================================================
[2025-12-20T16:52:41.445+0000] {manager.py:879} INFO - 
================================================================================
DAG File Processing Stats

File Path                                      PID  Runtime      # DAGs    # Errors  Last Runtime    Last Run
-------------------------------------------  -----  ---------  --------  ----------  --------------  -------------------
/opt/airflow/dags/example_dag.py              1342  0.01s             1           0  0.17s           2025-12-20T16:52:11
/opt/airflow/dags/purchase_analytics_dag.py                           1           0  0.13s           2025-12-20T16:52:21
/opt/airflow/dags/warehouse_delivery_dag.py                           1           0  0.14s           2025-12-20T16:52:21
================================================================================
[2025-12-20T16:53:11.826+0000] {manager.py:879} INFO - 
================================================================================
DAG File Processing Stats

File Path                                      PID  Runtime      # DAGs    # Errors  Last Runtime    Last Run
-------------------------------------------  -----  ---------  --------  ----------  --------------  -------------------
/opt/airflow/dags/example_dag.py              1352  0.00s             1           0  0.13s           2025-12-20T16:52:41
/opt/airflow/dags/purchase_analytics_dag.py                           1           0  0.12s           2025-12-20T16:52:51
/opt/airflow/dags/warehouse_delivery_dag.py                           1           0  0.12s           2025-12-20T16:52:51
================================================================================
[2025-12-20T16:53:42.217+0000] {manager.py:879} INFO - 
================================================================================
DAG File Processing Stats

File Path                                      PID  Runtime      # DAGs    # Errors  Last Runtime    Last Run
-------------------------------------------  -----  ---------  --------  ----------  --------------  -------------------
/opt/airflow/dags/example_dag.py              1362  0.00s             1           0  0.16s           2025-12-20T16:53:11
/opt/airflow/dags/purchase_analytics_dag.py                           1           0  0.13s           2025-12-20T16:53:22
/opt/airflow/dags/warehouse_delivery_dag.py                           1           0  0.11s           2025-12-20T16:53:22
================================================================================
[2025-12-20T16:54:12.589+0000] {manager.py:879} INFO - 
================================================================================
DAG File Processing Stats

File Path                                      PID  Runtime      # DAGs    # Errors  Last Runtime    Last Run
-------------------------------------------  -----  ---------  --------  ----------  --------------  -------------------
/opt/airflow/dags/example_dag.py              1372  0.00s             1           0  0.08s           2025-12-20T16:53:42
/opt/airflow/dags/purchase_analytics_dag.py                           1           0  0.09s           2025-12-20T16:53:52
/opt/airflow/dags/warehouse_delivery_dag.py                           1           0  0.10s           2025-12-20T16:53:52
================================================================================
[2025-12-20T16:54:42.963+0000] {manager.py:879} INFO - 
================================================================================
DAG File Processing Stats

File Path                                      PID  Runtime      # DAGs    # Errors  Last Runtime    Last Run
-------------------------------------------  -----  ---------  --------  ----------  --------------  -------------------
/opt/airflow/dags/example_dag.py              1381  0.01s             1           0  0.08s           2025-12-20T16:54:12
/opt/airflow/dags/purchase_analytics_dag.py                           1           0  0.09s           2025-12-20T16:54:22
/opt/airflow/dags/warehouse_delivery_dag.py                           1           0  0.08s           2025-12-20T16:54:22
================================================================================
[2025-12-20T16:55:13.417+0000] {manager.py:879} INFO - 
================================================================================
DAG File Processing Stats

File Path                                      PID  Runtime      # DAGs    # Errors  Last Runtime    Last Run
-------------------------------------------  -----  ---------  --------  ----------  --------------  -------------------
/opt/airflow/dags/example_dag.py              1385  0.01s             1           0  0.16s           2025-12-20T16:54:43
/opt/airflow/dags/purchase_analytics_dag.py                           1           0  0.16s           2025-12-20T16:54:53
/opt/airflow/dags/warehouse_delivery_dag.py                           1           0  0.12s           2025-12-20T16:54:53
================================================================================
[2025-12-20T16:55:43.804+0000] {manager.py:879} INFO - 
================================================================================
DAG File Processing Stats

File Path                                      PID  Runtime      # DAGs    # Errors  Last Runtime    Last Run
-------------------------------------------  -----  ---------  --------  ----------  --------------  -------------------
/opt/airflow/dags/example_dag.py              1395  0.01s             1           0  0.14s           2025-12-20T16:55:13
/opt/airflow/dags/purchase_analytics_dag.py                           1           0  0.10s           2025-12-20T16:55:23
/opt/airflow/dags/warehouse_delivery_dag.py                           1           0  0.11s           2025-12-20T16:55:23
================================================================================
[2025-12-20T16:56:14.339+0000] {manager.py:879} INFO - 
================================================================================
DAG File Processing Stats

File Path                                      PID  Runtime      # DAGs    # Errors  Last Runtime    Last Run
-------------------------------------------  -----  ---------  --------  ----------  --------------  -------------------
/opt/airflow/dags/example_dag.py              1405  0.01s             1           0  0.16s           2025-12-20T16:55:43
/opt/airflow/dags/purchase_analytics_dag.py                           1           0  0.16s           2025-12-20T16:55:54
/opt/airflow/dags/warehouse_delivery_dag.py                           1           0  0.13s           2025-12-20T16:55:54
================================================================================
[2025-12-20T16:56:25.587+0000] {manager.py:738} INFO - Searching for files in /opt/airflow/dags
[2025-12-20T16:56:25.593+0000] {manager.py:741} INFO - There are 3 files in /opt/airflow/dags
[2025-12-20T16:56:44.941+0000] {manager.py:879} INFO - 
================================================================================
DAG File Processing Stats

File Path                                      PID  Runtime      # DAGs    # Errors  Last Runtime    Last Run
-------------------------------------------  -----  ---------  --------  ----------  --------------  -------------------
/opt/airflow/dags/example_dag.py              1415  0.03s             1           0  0.14s           2025-12-20T16:56:14
/opt/airflow/dags/purchase_analytics_dag.py                           1           0  0.13s           2025-12-20T16:56:24
/opt/airflow/dags/warehouse_delivery_dag.py                           1           0  0.13s           2025-12-20T16:56:24
================================================================================
[2025-12-20T16:57:15.558+0000] {manager.py:879} INFO - 
================================================================================
DAG File Processing Stats

File Path                                      PID  Runtime      # DAGs    # Errors  Last Runtime    Last Run
-------------------------------------------  -----  ---------  --------  ----------  --------------  -------------------
/opt/airflow/dags/example_dag.py              1425  0.01s             1           0  0.38s           2025-12-20T16:56:45
/opt/airflow/dags/purchase_analytics_dag.py                           1           0  0.31s           2025-12-20T16:56:55
/opt/airflow/dags/warehouse_delivery_dag.py                           1           0  0.28s           2025-12-20T16:56:55
================================================================================
[2025-12-20T16:57:45.993+0000] {manager.py:879} INFO - 
================================================================================
DAG File Processing Stats

File Path                                      PID  Runtime      # DAGs    # Errors  Last Runtime    Last Run
-------------------------------------------  -----  ---------  --------  ----------  --------------  -------------------
/opt/airflow/dags/example_dag.py              1435  0.01s             1           0  0.15s           2025-12-20T16:57:15
/opt/airflow/dags/purchase_analytics_dag.py                           1           0  0.17s           2025-12-20T16:57:25
/opt/airflow/dags/warehouse_delivery_dag.py                           1           0  0.15s           2025-12-20T16:57:25
================================================================================
[2025-12-20T16:58:16.420+0000] {manager.py:879} INFO - 
================================================================================
DAG File Processing Stats

File Path                                      PID  Runtime      # DAGs    # Errors  Last Runtime    Last Run
-------------------------------------------  -----  ---------  --------  ----------  --------------  -------------------
/opt/airflow/dags/example_dag.py              1445  0.04s             1           0  0.17s           2025-12-20T16:57:46
/opt/airflow/dags/purchase_analytics_dag.py                           1           0  0.10s           2025-12-20T16:57:56
/opt/airflow/dags/warehouse_delivery_dag.py                           1           0  0.07s           2025-12-20T16:57:56
================================================================================
[2025-12-20T16:58:46.898+0000] {manager.py:879} INFO - 
================================================================================
DAG File Processing Stats

File Path                                      PID  Runtime      # DAGs    # Errors  Last Runtime    Last Run
-------------------------------------------  -----  ---------  --------  ----------  --------------  -------------------
/opt/airflow/dags/example_dag.py              1455  0.01s             1           0  0.23s           2025-12-20T16:58:16
/opt/airflow/dags/purchase_analytics_dag.py                           1           0  0.16s           2025-12-20T16:58:26
/opt/airflow/dags/warehouse_delivery_dag.py                           1           0  0.14s           2025-12-20T16:58:26
================================================================================
[2025-12-20T16:59:17.269+0000] {manager.py:879} INFO - 
================================================================================
DAG File Processing Stats

File Path                                      PID  Runtime      # DAGs    # Errors  Last Runtime    Last Run
-------------------------------------------  -----  ---------  --------  ----------  --------------  -------------------
/opt/airflow/dags/example_dag.py              1465  0.01s             1           0  0.22s           2025-12-20T16:58:47
/opt/airflow/dags/purchase_analytics_dag.py                           1           0  0.11s           2025-12-20T16:58:57
/opt/airflow/dags/warehouse_delivery_dag.py                           1           0  0.11s           2025-12-20T16:58:57
================================================================================
[2025-12-20T16:59:47.655+0000] {manager.py:879} INFO - 
================================================================================
DAG File Processing Stats

File Path                                      PID  Runtime      # DAGs    # Errors  Last Runtime    Last Run
-------------------------------------------  -----  ---------  --------  ----------  --------------  -------------------
/opt/airflow/dags/example_dag.py              1475  0.02s             1           0  0.15s           2025-12-20T16:59:17
/opt/airflow/dags/purchase_analytics_dag.py                           1           0  0.11s           2025-12-20T16:59:27
/opt/airflow/dags/warehouse_delivery_dag.py                           1           0  0.10s           2025-12-20T16:59:27
================================================================================
[2025-12-20T17:00:18.068+0000] {manager.py:879} INFO - 
================================================================================
DAG File Processing Stats

File Path                                      PID  Runtime      # DAGs    # Errors  Last Runtime    Last Run
-------------------------------------------  -----  ---------  --------  ----------  --------------  -------------------
/opt/airflow/dags/example_dag.py              1485  0.01s             1           0  0.15s           2025-12-20T16:59:47
/opt/airflow/dags/purchase_analytics_dag.py                           1           0  0.10s           2025-12-20T16:59:57
/opt/airflow/dags/warehouse_delivery_dag.py                           1           0  0.12s           2025-12-20T16:59:57
================================================================================
[2025-12-20T17:00:48.534+0000] {manager.py:879} INFO - 
================================================================================
DAG File Processing Stats

File Path                                      PID  Runtime      # DAGs    # Errors  Last Runtime    Last Run
-------------------------------------------  -----  ---------  --------  ----------  --------------  -------------------
/opt/airflow/dags/example_dag.py              1495  0.01s             1           0  0.15s           2025-12-20T17:00:18
/opt/airflow/dags/purchase_analytics_dag.py                           1           0  0.14s           2025-12-20T17:00:28
/opt/airflow/dags/warehouse_delivery_dag.py                           1           0  0.11s           2025-12-20T17:00:28
================================================================================
[2025-12-20T17:01:08.058+0000] {manager.py:451} INFO - Exiting gracefully upon receiving signal 15
[2025-12-20T17:04:41.971+0000] {manager.py:469} INFO - Processing files using up to 2 processes at a time 
[2025-12-20T17:04:41.971+0000] {manager.py:470} INFO - Process each file at most once every 30 seconds
[2025-12-20T17:04:41.972+0000] {manager.py:471} INFO - Checking for new files in /opt/airflow/dags every 300 seconds
[2025-12-20T17:04:41.972+0000] {manager.py:738} INFO - Searching for files in /opt/airflow/dags
[2025-12-20T17:04:41.979+0000] {manager.py:741} INFO - There are 3 files in /opt/airflow/dags
[2025-12-20T17:04:42.095+0000] {manager.py:879} INFO - 
================================================================================
DAG File Processing Stats

File Path                                      PID  Runtime      # DAGs    # Errors  Last Runtime    Last Run
-------------------------------------------  -----  ---------  --------  ----------  --------------  ----------
/opt/airflow/dags/example_dag.py                                      0           0
/opt/airflow/dags/purchase_analytics_dag.py     30  0.05s             0           0
/opt/airflow/dags/warehouse_delivery_dag.py     31  0.04s             0           0
================================================================================
[2025-12-20T17:05:12.750+0000] {manager.py:879} INFO - 
================================================================================
DAG File Processing Stats

File Path                                      PID  Runtime      # DAGs    # Errors  Last Runtime    Last Run
-------------------------------------------  -----  ---------  --------  ----------  --------------  -------------------
/opt/airflow/dags/example_dag.py                                      1           0  0.07s           2025-12-20T17:04:42
/opt/airflow/dags/purchase_analytics_dag.py     40  0.03s             1           0  0.19s           2025-12-20T17:04:42
/opt/airflow/dags/warehouse_delivery_dag.py     41  0.01s             1           0  0.19s           2025-12-20T17:04:42
================================================================================
[2025-12-20T17:05:43.293+0000] {manager.py:879} INFO - 
================================================================================
DAG File Processing Stats

File Path                                      PID  Runtime      # DAGs    # Errors  Last Runtime    Last Run
-------------------------------------------  -----  ---------  --------  ----------  --------------  -------------------
/opt/airflow/dags/example_dag.py                                      1           0  0.10s           2025-12-20T17:05:13
/opt/airflow/dags/purchase_analytics_dag.py     62  0.01s             1           0  0.32s           2025-12-20T17:05:13
/opt/airflow/dags/warehouse_delivery_dag.py     63  0.00s             1           0  0.30s           2025-12-20T17:05:13
================================================================================
[2025-12-20T17:06:13.634+0000] {manager.py:879} INFO - 
================================================================================
DAG File Processing Stats

File Path                                      PID  Runtime      # DAGs    # Errors  Last Runtime    Last Run
-------------------------------------------  -----  ---------  --------  ----------  --------------  -------------------
/opt/airflow/dags/example_dag.py                                      1           0  0.06s           2025-12-20T17:05:43
/opt/airflow/dags/purchase_analytics_dag.py     72  0.03s             1           0  0.08s           2025-12-20T17:05:43
/opt/airflow/dags/warehouse_delivery_dag.py     73  0.00s             1           0  0.08s           2025-12-20T17:05:43
================================================================================
[2025-12-20T17:06:43.943+0000] {manager.py:879} INFO - 
================================================================================
DAG File Processing Stats

File Path                                      PID  Runtime      # DAGs    # Errors  Last Runtime    Last Run
-------------------------------------------  -----  ---------  --------  ----------  --------------  -------------------
/opt/airflow/dags/example_dag.py                                      1           0  0.06s           2025-12-20T17:06:13
/opt/airflow/dags/purchase_analytics_dag.py     82  0.01s             1           0  0.12s           2025-12-20T17:06:13
/opt/airflow/dags/warehouse_delivery_dag.py     83  0.00s             1           0  0.09s           2025-12-20T17:06:13
================================================================================
[2025-12-20T17:07:14.347+0000] {manager.py:879} INFO - 
================================================================================
DAG File Processing Stats

File Path                                      PID  Runtime      # DAGs    # Errors  Last Runtime    Last Run
-------------------------------------------  -----  ---------  --------  ----------  --------------  -------------------
/opt/airflow/dags/example_dag.py                                      1           0  0.06s           2025-12-20T17:06:44
/opt/airflow/dags/purchase_analytics_dag.py     92  0.02s             1           0  0.08s           2025-12-20T17:06:44
/opt/airflow/dags/warehouse_delivery_dag.py     93  0.00s             1           0  0.08s           2025-12-20T17:06:44
================================================================================
[2025-12-20T17:07:44.834+0000] {manager.py:879} INFO - 
================================================================================
DAG File Processing Stats

File Path                                      PID  Runtime      # DAGs    # Errors  Last Runtime    Last Run
-------------------------------------------  -----  ---------  --------  ----------  --------------  -------------------
/opt/airflow/dags/example_dag.py                                      1           0  0.10s           2025-12-20T17:07:14
/opt/airflow/dags/purchase_analytics_dag.py    102  0.01s             1           0  0.18s           2025-12-20T17:07:14
/opt/airflow/dags/warehouse_delivery_dag.py    103  0.00s             1           0  0.19s           2025-12-20T17:07:14
================================================================================
[2025-12-20T17:08:15.218+0000] {manager.py:879} INFO - 
================================================================================
DAG File Processing Stats

File Path                                      PID  Runtime      # DAGs    # Errors  Last Runtime    Last Run
-------------------------------------------  -----  ---------  --------  ----------  --------------  -------------------
/opt/airflow/dags/example_dag.py                                      1           0  0.06s           2025-12-20T17:07:44
/opt/airflow/dags/purchase_analytics_dag.py    112  0.03s             1           0  0.10s           2025-12-20T17:07:44
/opt/airflow/dags/warehouse_delivery_dag.py    113  0.01s             1           0  0.08s           2025-12-20T17:07:44
================================================================================
[2025-12-20T17:08:45.622+0000] {manager.py:879} INFO - 
================================================================================
DAG File Processing Stats

File Path                                      PID  Runtime      # DAGs    # Errors  Last Runtime    Last Run
-------------------------------------------  -----  ---------  --------  ----------  --------------  -------------------
/opt/airflow/dags/example_dag.py                                      1           0  0.06s           2025-12-20T17:08:15
/opt/airflow/dags/purchase_analytics_dag.py    122  0.01s             1           0  0.13s           2025-12-20T17:08:15
/opt/airflow/dags/warehouse_delivery_dag.py    123  0.00s             1           0  0.11s           2025-12-20T17:08:15
================================================================================
[2025-12-20T17:09:15.922+0000] {manager.py:879} INFO - 
================================================================================
DAG File Processing Stats

File Path                                      PID  Runtime      # DAGs    # Errors  Last Runtime    Last Run
-------------------------------------------  -----  ---------  --------  ----------  --------------  -------------------
/opt/airflow/dags/example_dag.py                                      1           0  0.06s           2025-12-20T17:08:45
/opt/airflow/dags/purchase_analytics_dag.py    132  0.01s             1           0  0.07s           2025-12-20T17:08:45
/opt/airflow/dags/warehouse_delivery_dag.py    133  0.00s             1           0  0.07s           2025-12-20T17:08:45
================================================================================
[2025-12-20T17:09:42.235+0000] {manager.py:738} INFO - Searching for files in /opt/airflow/dags
[2025-12-20T17:09:42.246+0000] {manager.py:741} INFO - There are 3 files in /opt/airflow/dags
[2025-12-20T17:09:46.313+0000] {manager.py:879} INFO - 
================================================================================
DAG File Processing Stats

File Path                                      PID  Runtime      # DAGs    # Errors  Last Runtime    Last Run
-------------------------------------------  -----  ---------  --------  ----------  --------------  -------------------
/opt/airflow/dags/example_dag.py                                      1           0  0.06s           2025-12-20T17:09:16
/opt/airflow/dags/purchase_analytics_dag.py    135  0.01s             1           0  0.12s           2025-12-20T17:09:16
/opt/airflow/dags/warehouse_delivery_dag.py    136  0.00s             1           0  0.12s           2025-12-20T17:09:16
================================================================================
[2025-12-20T17:10:16.710+0000] {manager.py:879} INFO - 
================================================================================
DAG File Processing Stats

File Path                                      PID  Runtime      # DAGs    # Errors  Last Runtime    Last Run
-------------------------------------------  -----  ---------  --------  ----------  --------------  -------------------
/opt/airflow/dags/example_dag.py                                      1           0  0.06s           2025-12-20T17:09:46
/opt/airflow/dags/purchase_analytics_dag.py    145  0.02s             1           0  0.09s           2025-12-20T17:09:46
/opt/airflow/dags/warehouse_delivery_dag.py    146  0.00s             1           0  0.09s           2025-12-20T17:09:46
================================================================================
[2025-12-20T17:10:47.093+0000] {manager.py:879} INFO - 
================================================================================
DAG File Processing Stats

File Path                                      PID  Runtime      # DAGs    # Errors  Last Runtime    Last Run
-------------------------------------------  -----  ---------  --------  ----------  --------------  -------------------
/opt/airflow/dags/example_dag.py                                      1           0  0.06s           2025-12-20T17:10:16
/opt/airflow/dags/purchase_analytics_dag.py    167  0.01s             1           0  0.16s           2025-12-20T17:10:16
/opt/airflow/dags/warehouse_delivery_dag.py    168  0.00s             1           0  0.14s           2025-12-20T17:10:16
================================================================================
[2025-12-20T17:11:17.458+0000] {manager.py:879} INFO - 
================================================================================
DAG File Processing Stats

File Path                                      PID  Runtime      # DAGs    # Errors  Last Runtime    Last Run
-------------------------------------------  -----  ---------  --------  ----------  --------------  -------------------
/opt/airflow/dags/example_dag.py                                      1           0  0.06s           2025-12-20T17:10:47
/opt/airflow/dags/purchase_analytics_dag.py    177  0.02s             1           0  0.08s           2025-12-20T17:10:47
/opt/airflow/dags/warehouse_delivery_dag.py    178  0.00s             1           0  0.07s           2025-12-20T17:10:47
================================================================================
[2025-12-20T17:11:47.993+0000] {manager.py:879} INFO - 
================================================================================
DAG File Processing Stats

File Path                                      PID  Runtime      # DAGs    # Errors  Last Runtime    Last Run
-------------------------------------------  -----  ---------  --------  ----------  --------------  -------------------
/opt/airflow/dags/example_dag.py                                      1           0  0.07s           2025-12-20T17:11:17
/opt/airflow/dags/purchase_analytics_dag.py    187  0.05s             1           0  0.15s           2025-12-20T17:11:17
/opt/airflow/dags/warehouse_delivery_dag.py    188  0.01s             1           0  0.14s           2025-12-20T17:11:17
================================================================================
[2025-12-20T17:12:18.417+0000] {manager.py:879} INFO - 
================================================================================
DAG File Processing Stats

File Path                                      PID  Runtime      # DAGs    # Errors  Last Runtime    Last Run
-------------------------------------------  -----  ---------  --------  ----------  --------------  -------------------
/opt/airflow/dags/example_dag.py                                      1           0  0.07s           2025-12-20T17:11:48
/opt/airflow/dags/purchase_analytics_dag.py    197  0.02s             1           0  0.20s           2025-12-20T17:11:48
/opt/airflow/dags/warehouse_delivery_dag.py    198  0.00s             1           0  0.16s           2025-12-20T17:11:48
================================================================================
[2025-12-20T17:12:48.801+0000] {manager.py:879} INFO - 
================================================================================
DAG File Processing Stats

File Path                                      PID  Runtime      # DAGs    # Errors  Last Runtime    Last Run
-------------------------------------------  -----  ---------  --------  ----------  --------------  -------------------
/opt/airflow/dags/example_dag.py                                      1           0  0.06s           2025-12-20T17:12:18
/opt/airflow/dags/purchase_analytics_dag.py    207  0.02s             1           0  0.14s           2025-12-20T17:12:18
/opt/airflow/dags/warehouse_delivery_dag.py    208  0.00s             1           0  0.13s           2025-12-20T17:12:18
================================================================================
[2025-12-20T17:13:19.366+0000] {manager.py:879} INFO - 
================================================================================
DAG File Processing Stats

File Path                                      PID  Runtime      # DAGs    # Errors  Last Runtime    Last Run
-------------------------------------------  -----  ---------  --------  ----------  --------------  -------------------
/opt/airflow/dags/example_dag.py                                      1           0  0.07s           2025-12-20T17:12:48
/opt/airflow/dags/purchase_analytics_dag.py    217  0.04s             1           0  0.13s           2025-12-20T17:12:48
/opt/airflow/dags/warehouse_delivery_dag.py    218  0.00s             1           0  0.11s           2025-12-20T17:12:48
================================================================================
[2025-12-20T17:13:49.881+0000] {manager.py:879} INFO - 
================================================================================
DAG File Processing Stats

File Path                                      PID  Runtime      # DAGs    # Errors  Last Runtime    Last Run
-------------------------------------------  -----  ---------  --------  ----------  --------------  -------------------
/opt/airflow/dags/example_dag.py               229  0.02s             1           0  0.06s           2025-12-20T17:13:19
/opt/airflow/dags/purchase_analytics_dag.py    228  0.03s             1           0  0.21s           2025-12-20T17:13:19
/opt/airflow/dags/warehouse_delivery_dag.py                           1           0  0.22s           2025-12-20T17:13:46
================================================================================
[2025-12-20T17:14:20.429+0000] {manager.py:879} INFO - 
================================================================================
DAG File Processing Stats

File Path                                      PID  Runtime      # DAGs    # Errors  Last Runtime    Last Run
-------------------------------------------  -----  ---------  --------  ----------  --------------  -------------------
/opt/airflow/dags/example_dag.py               240  0.01s             1           0  0.16s           2025-12-20T17:13:50
/opt/airflow/dags/purchase_analytics_dag.py                           1           0  0.17s           2025-12-20T17:13:59
/opt/airflow/dags/warehouse_delivery_dag.py                           1           0  0.16s           2025-12-20T17:13:59
================================================================================
[2025-12-20T17:14:42.732+0000] {manager.py:738} INFO - Searching for files in /opt/airflow/dags
[2025-12-20T17:14:42.739+0000] {manager.py:741} INFO - There are 3 files in /opt/airflow/dags
[2025-12-20T17:14:50.832+0000] {manager.py:879} INFO - 
================================================================================
DAG File Processing Stats

File Path                                      PID  Runtime      # DAGs    # Errors  Last Runtime    Last Run
-------------------------------------------  -----  ---------  --------  ----------  --------------  -------------------
/opt/airflow/dags/example_dag.py               250  0.00s             1           0  0.18s           2025-12-20T17:14:20
/opt/airflow/dags/purchase_analytics_dag.py                           1           0  0.10s           2025-12-20T17:14:29
/opt/airflow/dags/warehouse_delivery_dag.py                           1           0  0.11s           2025-12-20T17:14:29
================================================================================
[2025-12-20T17:15:42.000+0000] {manager.py:469} INFO - Processing files using up to 2 processes at a time 
[2025-12-20T17:15:42.001+0000] {manager.py:470} INFO - Process each file at most once every 30 seconds
[2025-12-20T17:15:42.001+0000] {manager.py:471} INFO - Checking for new files in /opt/airflow/dags every 300 seconds
[2025-12-20T17:15:42.001+0000] {manager.py:738} INFO - Searching for files in /opt/airflow/dags
[2025-12-20T17:15:42.007+0000] {manager.py:741} INFO - There are 3 files in /opt/airflow/dags
[2025-12-20T17:15:42.086+0000] {manager.py:879} INFO - 
================================================================================
DAG File Processing Stats

File Path                                      PID  Runtime      # DAGs    # Errors  Last Runtime    Last Run
-------------------------------------------  -----  ---------  --------  ----------  --------------  ----------
/opt/airflow/dags/example_dag.py                                      0           0
/opt/airflow/dags/purchase_analytics_dag.py     30  0.04s             0           0
/opt/airflow/dags/warehouse_delivery_dag.py     31  0.03s             0           0
================================================================================
[2025-12-20T17:16:12.417+0000] {manager.py:879} INFO - 
================================================================================
DAG File Processing Stats

File Path                                      PID  Runtime      # DAGs    # Errors  Last Runtime    Last Run
-------------------------------------------  -----  ---------  --------  ----------  --------------  -------------------
/opt/airflow/dags/example_dag.py                                      1           0  0.06s           2025-12-20T17:15:42
/opt/airflow/dags/purchase_analytics_dag.py     51  0.02s             1           0  0.11s           2025-12-20T17:15:42
/opt/airflow/dags/warehouse_delivery_dag.py     52  0.00s             1           0  0.09s           2025-12-20T17:15:42
================================================================================
[2025-12-20T17:16:42.944+0000] {manager.py:879} INFO - 
================================================================================
DAG File Processing Stats

File Path                                      PID  Runtime      # DAGs    # Errors  Last Runtime    Last Run
-------------------------------------------  -----  ---------  --------  ----------  --------------  -------------------
/opt/airflow/dags/example_dag.py                                      1           0  0.12s           2025-12-20T17:16:12
/opt/airflow/dags/purchase_analytics_dag.py     62  0.01s             1           0  0.26s           2025-12-20T17:16:12
/opt/airflow/dags/warehouse_delivery_dag.py     63  0.00s             1           0  0.25s           2025-12-20T17:16:12
================================================================================
[2025-12-20T17:17:13.381+0000] {manager.py:879} INFO - 
================================================================================
DAG File Processing Stats

File Path                                      PID  Runtime      # DAGs    # Errors  Last Runtime    Last Run
-------------------------------------------  -----  ---------  --------  ----------  --------------  -------------------
/opt/airflow/dags/example_dag.py                                      1           0  0.07s           2025-12-20T17:16:43
/opt/airflow/dags/purchase_analytics_dag.py     72  0.01s             1           0  0.13s           2025-12-20T17:16:43
/opt/airflow/dags/warehouse_delivery_dag.py     73  0.00s             1           0  0.12s           2025-12-20T17:16:43
================================================================================
[2025-12-20T17:17:43.765+0000] {manager.py:879} INFO - 
================================================================================
DAG File Processing Stats

File Path                                      PID  Runtime      # DAGs    # Errors  Last Runtime    Last Run
-------------------------------------------  -----  ---------  --------  ----------  --------------  -------------------
/opt/airflow/dags/example_dag.py                                      1           0  0.06s           2025-12-20T17:17:13
/opt/airflow/dags/purchase_analytics_dag.py     82  0.01s             1           0  0.09s           2025-12-20T17:17:13
/opt/airflow/dags/warehouse_delivery_dag.py     83  0.00s             1           0  0.10s           2025-12-20T17:17:13
================================================================================
[2025-12-20T17:18:14.192+0000] {manager.py:879} INFO - 
================================================================================
DAG File Processing Stats

File Path                                      PID  Runtime      # DAGs    # Errors  Last Runtime    Last Run
-------------------------------------------  -----  ---------  --------  ----------  --------------  -------------------
/opt/airflow/dags/example_dag.py                                      1           0  0.08s           2025-12-20T17:17:43
/opt/airflow/dags/purchase_analytics_dag.py     92  0.01s             1           0  0.08s           2025-12-20T17:17:43
/opt/airflow/dags/warehouse_delivery_dag.py     93  0.00s             1           0  0.06s           2025-12-20T17:17:43
================================================================================
[2025-12-20T17:18:44.586+0000] {manager.py:879} INFO - 
================================================================================
DAG File Processing Stats

File Path                                      PID  Runtime      # DAGs    # Errors  Last Runtime    Last Run
-------------------------------------------  -----  ---------  --------  ----------  --------------  -------------------
/opt/airflow/dags/example_dag.py                                      1           0  0.06s           2025-12-20T17:18:14
/opt/airflow/dags/purchase_analytics_dag.py    102  0.01s             1           0  0.10s           2025-12-20T17:18:14
/opt/airflow/dags/warehouse_delivery_dag.py    103  0.00s             1           0  0.09s           2025-12-20T17:18:14
================================================================================
[2025-12-20T17:19:14.985+0000] {manager.py:879} INFO - 
================================================================================
DAG File Processing Stats

File Path                                      PID  Runtime      # DAGs    # Errors  Last Runtime    Last Run
-------------------------------------------  -----  ---------  --------  ----------  --------------  -------------------
/opt/airflow/dags/example_dag.py                                      1           0  0.05s           2025-12-20T17:18:44
/opt/airflow/dags/purchase_analytics_dag.py    112  0.02s             1           0  0.08s           2025-12-20T17:18:44
/opt/airflow/dags/warehouse_delivery_dag.py    113  0.00s             1           0  0.08s           2025-12-20T17:18:44
================================================================================
[2025-12-20T17:19:45.384+0000] {manager.py:879} INFO - 
================================================================================
DAG File Processing Stats

File Path                                      PID  Runtime      # DAGs    # Errors  Last Runtime    Last Run
-------------------------------------------  -----  ---------  --------  ----------  --------------  -------------------
/opt/airflow/dags/example_dag.py                                      1           0  0.05s           2025-12-20T17:19:15
/opt/airflow/dags/purchase_analytics_dag.py    122  0.01s             1           0  0.13s           2025-12-20T17:19:15
/opt/airflow/dags/warehouse_delivery_dag.py    123  0.00s             1           0  0.13s           2025-12-20T17:19:15
================================================================================
[2025-12-20T17:20:15.773+0000] {manager.py:879} INFO - 
================================================================================
DAG File Processing Stats

File Path                                      PID  Runtime      # DAGs    # Errors  Last Runtime    Last Run
-------------------------------------------  -----  ---------  --------  ----------  --------------  -------------------
/opt/airflow/dags/example_dag.py                                      1           0  0.06s           2025-12-20T17:19:45
/opt/airflow/dags/purchase_analytics_dag.py    132  0.02s             1           0  0.12s           2025-12-20T17:19:45
/opt/airflow/dags/warehouse_delivery_dag.py    133  0.00s             1           0  0.11s           2025-12-20T17:19:45
================================================================================
[2025-12-20T17:20:42.080+0000] {manager.py:738} INFO - Searching for files in /opt/airflow/dags
[2025-12-20T17:20:42.089+0000] {manager.py:741} INFO - There are 3 files in /opt/airflow/dags
[2025-12-20T17:20:46.146+0000] {manager.py:879} INFO - 
================================================================================
DAG File Processing Stats

File Path                                      PID  Runtime      # DAGs    # Errors  Last Runtime    Last Run
-------------------------------------------  -----  ---------  --------  ----------  --------------  -------------------
/opt/airflow/dags/example_dag.py                                      1           0  0.08s           2025-12-20T17:20:15
/opt/airflow/dags/purchase_analytics_dag.py    135  0.02s             1           0  0.13s           2025-12-20T17:20:15
/opt/airflow/dags/warehouse_delivery_dag.py    136  0.00s             1           0  0.13s           2025-12-20T17:20:15
================================================================================
[2025-12-20T17:21:16.612+0000] {manager.py:879} INFO - 
================================================================================
DAG File Processing Stats

File Path                                      PID  Runtime      # DAGs    # Errors  Last Runtime    Last Run
-------------------------------------------  -----  ---------  --------  ----------  --------------  -------------------
/opt/airflow/dags/example_dag.py                                      1           0  0.07s           2025-12-20T17:20:46
/opt/airflow/dags/purchase_analytics_dag.py    145  0.02s             1           0  0.17s           2025-12-20T17:20:46
/opt/airflow/dags/warehouse_delivery_dag.py    146  0.01s             1           0  0.16s           2025-12-20T17:20:46
================================================================================
[2025-12-20T17:21:47.063+0000] {manager.py:879} INFO - 
================================================================================
DAG File Processing Stats

File Path                                      PID  Runtime      # DAGs    # Errors  Last Runtime    Last Run
-------------------------------------------  -----  ---------  --------  ----------  --------------  -------------------
/opt/airflow/dags/example_dag.py                                      1           0  0.08s           2025-12-20T17:21:16
/opt/airflow/dags/purchase_analytics_dag.py    155  0.02s             1           0  0.17s           2025-12-20T17:21:16
/opt/airflow/dags/warehouse_delivery_dag.py    156  0.00s             1           0  0.15s           2025-12-20T17:21:16
================================================================================
[2025-12-20T17:22:17.549+0000] {manager.py:879} INFO - 
================================================================================
DAG File Processing Stats

File Path                                      PID  Runtime      # DAGs    # Errors  Last Runtime    Last Run
-------------------------------------------  -----  ---------  --------  ----------  --------------  -------------------
/opt/airflow/dags/example_dag.py                                      1           0  0.29s           2025-12-20T17:21:47
/opt/airflow/dags/purchase_analytics_dag.py    165  0.04s             1           0  0.24s           2025-12-20T17:21:47
/opt/airflow/dags/warehouse_delivery_dag.py    166  0.01s             1           0  0.15s           2025-12-20T17:21:47
================================================================================
[2025-12-20T17:22:48.024+0000] {manager.py:879} INFO - 
================================================================================
DAG File Processing Stats

File Path                                      PID  Runtime      # DAGs    # Errors  Last Runtime    Last Run
-------------------------------------------  -----  ---------  --------  ----------  --------------  -------------------
/opt/airflow/dags/example_dag.py                                      1           0  0.07s           2025-12-20T17:22:17
/opt/airflow/dags/purchase_analytics_dag.py    175  0.04s             1           0  0.19s           2025-12-20T17:22:17
/opt/airflow/dags/warehouse_delivery_dag.py    176  0.01s             1           0  0.15s           2025-12-20T17:22:17
================================================================================
[2025-12-20T17:23:18.459+0000] {manager.py:879} INFO - 
================================================================================
DAG File Processing Stats

File Path                                      PID  Runtime      # DAGs    # Errors  Last Runtime    Last Run
-------------------------------------------  -----  ---------  --------  ----------  --------------  -------------------
/opt/airflow/dags/example_dag.py                                      1           0  0.08s           2025-12-20T17:22:48
/opt/airflow/dags/purchase_analytics_dag.py    185  0.03s             1           0  0.21s           2025-12-20T17:22:48
/opt/airflow/dags/warehouse_delivery_dag.py    186  0.00s             1           0  0.17s           2025-12-20T17:22:48
================================================================================
[2025-12-20T17:23:48.850+0000] {manager.py:879} INFO - 
================================================================================
DAG File Processing Stats

File Path                                      PID  Runtime      # DAGs    # Errors  Last Runtime    Last Run
-------------------------------------------  -----  ---------  --------  ----------  --------------  -------------------
/opt/airflow/dags/example_dag.py                                      1           0  0.09s           2025-12-20T17:23:18
/opt/airflow/dags/purchase_analytics_dag.py    195  0.02s             1           0  0.18s           2025-12-20T17:23:18
/opt/airflow/dags/warehouse_delivery_dag.py    196  0.00s             1           0  0.15s           2025-12-20T17:23:18
================================================================================
[2025-12-20T17:24:19.318+0000] {manager.py:879} INFO - 
================================================================================
DAG File Processing Stats

File Path                                      PID  Runtime      # DAGs    # Errors  Last Runtime    Last Run
-------------------------------------------  -----  ---------  --------  ----------  --------------  -------------------
/opt/airflow/dags/example_dag.py                                      1           0  0.09s           2025-12-20T17:23:49
/opt/airflow/dags/purchase_analytics_dag.py    205  0.03s             1           0  0.18s           2025-12-20T17:23:49
/opt/airflow/dags/warehouse_delivery_dag.py    206  0.01s             1           0  0.17s           2025-12-20T17:23:49
================================================================================
[2025-12-20T17:24:49.793+0000] {manager.py:879} INFO - 
================================================================================
DAG File Processing Stats

File Path                                      PID  Runtime      # DAGs    # Errors  Last Runtime    Last Run
-------------------------------------------  -----  ---------  --------  ----------  --------------  -------------------
/opt/airflow/dags/example_dag.py                                      1           0  0.08s           2025-12-20T17:24:19
/opt/airflow/dags/purchase_analytics_dag.py    215  0.05s             1           0  0.19s           2025-12-20T17:24:19
/opt/airflow/dags/warehouse_delivery_dag.py    216  0.01s             1           0  0.16s           2025-12-20T17:24:19
================================================================================
[2025-12-20T17:25:20.262+0000] {manager.py:879} INFO - 
================================================================================
DAG File Processing Stats

File Path                                      PID  Runtime      # DAGs    # Errors  Last Runtime    Last Run
-------------------------------------------  -----  ---------  --------  ----------  --------------  -------------------
/opt/airflow/dags/example_dag.py                                      1           0  0.07s           2025-12-20T17:24:50
/opt/airflow/dags/purchase_analytics_dag.py    225  0.02s             1           0  0.25s           2025-12-20T17:24:49
/opt/airflow/dags/warehouse_delivery_dag.py    226  0.01s             1           0  0.22s           2025-12-20T17:24:49
================================================================================
[2025-12-20T17:25:42.600+0000] {manager.py:738} INFO - Searching for files in /opt/airflow/dags
[2025-12-20T17:25:42.611+0000] {manager.py:741} INFO - There are 3 files in /opt/airflow/dags
[2025-12-20T17:25:50.757+0000] {manager.py:879} INFO - 
================================================================================
DAG File Processing Stats

File Path                                      PID  Runtime      # DAGs    # Errors  Last Runtime    Last Run
-------------------------------------------  -----  ---------  --------  ----------  --------------  -------------------
/opt/airflow/dags/example_dag.py                                      1           0  0.06s           2025-12-20T17:25:20
/opt/airflow/dags/purchase_analytics_dag.py    235  0.03s             1           0  0.18s           2025-12-20T17:25:20
/opt/airflow/dags/warehouse_delivery_dag.py    236  0.00s             1           0  0.16s           2025-12-20T17:25:20
================================================================================
[2025-12-20T17:26:21.236+0000] {manager.py:879} INFO - 
================================================================================
DAG File Processing Stats

File Path                                      PID  Runtime      # DAGs    # Errors  Last Runtime    Last Run
-------------------------------------------  -----  ---------  --------  ----------  --------------  -------------------
/opt/airflow/dags/example_dag.py                                      1           0  0.10s           2025-12-20T17:25:50
/opt/airflow/dags/purchase_analytics_dag.py    245  0.03s             1           0  0.17s           2025-12-20T17:25:50
/opt/airflow/dags/warehouse_delivery_dag.py    246  0.01s             1           0  0.15s           2025-12-20T17:25:50
================================================================================
[2025-12-20T17:26:28.048+0000] {manager.py:451} INFO - Exiting gracefully upon receiving signal 15
[2025-12-20T17:37:19.787+0000] {manager.py:469} INFO - Processing files using up to 2 processes at a time 
[2025-12-20T17:37:19.788+0000] {manager.py:470} INFO - Process each file at most once every 30 seconds
[2025-12-20T17:37:19.788+0000] {manager.py:471} INFO - Checking for new files in /opt/airflow/dags every 300 seconds
[2025-12-20T17:37:19.789+0000] {manager.py:738} INFO - Searching for files in /opt/airflow/dags
[2025-12-20T17:37:19.794+0000] {manager.py:741} INFO - There are 3 files in /opt/airflow/dags
[2025-12-20T17:37:19.880+0000] {manager.py:879} INFO - 
================================================================================
DAG File Processing Stats

File Path                                      PID  Runtime      # DAGs    # Errors  Last Runtime    Last Run
-------------------------------------------  -----  ---------  --------  ----------  --------------  ----------
/opt/airflow/dags/example_dag.py                                      0           0
/opt/airflow/dags/purchase_analytics_dag.py     30  0.04s             0           0
/opt/airflow/dags/warehouse_delivery_dag.py     31  0.03s             0           0
================================================================================
[2025-12-20T17:37:50.209+0000] {manager.py:879} INFO - 
================================================================================
DAG File Processing Stats

File Path                                      PID  Runtime      # DAGs    # Errors  Last Runtime    Last Run
-------------------------------------------  -----  ---------  --------  ----------  --------------  -------------------
/opt/airflow/dags/example_dag.py                                      1           0  0.08s           2025-12-20T17:37:20
/opt/airflow/dags/purchase_analytics_dag.py     40  0.01s             1           0  0.10s           2025-12-20T17:37:19
/opt/airflow/dags/warehouse_delivery_dag.py     41  0.00s             1           0  0.11s           2025-12-20T17:37:19
================================================================================
[2025-12-20T17:38:20.752+0000] {manager.py:879} INFO - 
================================================================================
DAG File Processing Stats

File Path                                      PID  Runtime      # DAGs    # Errors  Last Runtime    Last Run
-------------------------------------------  -----  ---------  --------  ----------  --------------  -------------------
/opt/airflow/dags/example_dag.py                                      1           0  0.10s           2025-12-20T17:37:50
/opt/airflow/dags/purchase_analytics_dag.py     50  0.01s             1           0  0.25s           2025-12-20T17:37:50
/opt/airflow/dags/warehouse_delivery_dag.py     51  0.00s             1           0  0.23s           2025-12-20T17:37:50
================================================================================
[2025-12-20T17:38:51.168+0000] {manager.py:879} INFO - 
================================================================================
DAG File Processing Stats

File Path                                      PID  Runtime      # DAGs    # Errors  Last Runtime    Last Run
-------------------------------------------  -----  ---------  --------  ----------  --------------  -------------------
/opt/airflow/dags/example_dag.py                                      1           0  0.06s           2025-12-20T17:38:20
/opt/airflow/dags/purchase_analytics_dag.py     60  0.03s             1           0  0.10s           2025-12-20T17:38:20
/opt/airflow/dags/warehouse_delivery_dag.py     61  0.00s             1           0  0.10s           2025-12-20T17:38:20
================================================================================
[2025-12-20T17:39:21.521+0000] {manager.py:879} INFO - 
================================================================================
DAG File Processing Stats

File Path                                      PID  Runtime      # DAGs    # Errors  Last Runtime    Last Run
-------------------------------------------  -----  ---------  --------  ----------  --------------  -------------------
/opt/airflow/dags/example_dag.py                                      1           0  0.07s           2025-12-20T17:38:51
/opt/airflow/dags/purchase_analytics_dag.py     70  0.01s             1           0  0.16s           2025-12-20T17:38:51
/opt/airflow/dags/warehouse_delivery_dag.py     71  0.00s             1           0  0.13s           2025-12-20T17:38:51
================================================================================
[2025-12-20T17:39:51.985+0000] {manager.py:879} INFO - 
================================================================================
DAG File Processing Stats

File Path                                      PID  Runtime      # DAGs    # Errors  Last Runtime    Last Run
-------------------------------------------  -----  ---------  --------  ----------  --------------  -------------------
/opt/airflow/dags/example_dag.py                                      1           0  0.06s           2025-12-20T17:39:21
/opt/airflow/dags/purchase_analytics_dag.py     80  0.02s             1           0  0.12s           2025-12-20T17:39:21
/opt/airflow/dags/warehouse_delivery_dag.py     81  0.00s             1           0  0.12s           2025-12-20T17:39:21
================================================================================
[2025-12-20T17:40:22.493+0000] {manager.py:879} INFO - 
================================================================================
DAG File Processing Stats

File Path                                      PID  Runtime      # DAGs    # Errors  Last Runtime    Last Run
-------------------------------------------  -----  ---------  --------  ----------  --------------  -------------------
/opt/airflow/dags/example_dag.py                                      1           0  0.07s           2025-12-20T17:39:52
/opt/airflow/dags/purchase_analytics_dag.py     90  0.01s             1           0  0.14s           2025-12-20T17:39:52
/opt/airflow/dags/warehouse_delivery_dag.py     91  0.00s             1           0  0.13s           2025-12-20T17:39:52
================================================================================
[2025-12-20T17:40:52.974+0000] {manager.py:879} INFO - 
================================================================================
DAG File Processing Stats

File Path                                      PID  Runtime      # DAGs    # Errors  Last Runtime    Last Run
-------------------------------------------  -----  ---------  --------  ----------  --------------  -------------------
/opt/airflow/dags/example_dag.py                                      1           0  0.06s           2025-12-20T17:40:22
/opt/airflow/dags/purchase_analytics_dag.py    100  0.02s             1           0  0.11s           2025-12-20T17:40:22
/opt/airflow/dags/warehouse_delivery_dag.py    101  0.01s             1           0  0.10s           2025-12-20T17:40:22
================================================================================
[2025-12-20T17:41:23.350+0000] {manager.py:879} INFO - 
================================================================================
DAG File Processing Stats

File Path                                      PID  Runtime      # DAGs    # Errors  Last Runtime    Last Run
-------------------------------------------  -----  ---------  --------  ----------  --------------  -------------------
/opt/airflow/dags/example_dag.py                                      1           0  0.06s           2025-12-20T17:40:53
/opt/airflow/dags/purchase_analytics_dag.py    109  0.02s             1           0  0.15s           2025-12-20T17:40:53
/opt/airflow/dags/warehouse_delivery_dag.py    110  0.01s             1           0  0.13s           2025-12-20T17:40:53
================================================================================
[2025-12-20T17:41:53.925+0000] {manager.py:879} INFO - 
================================================================================
DAG File Processing Stats

File Path                                      PID  Runtime      # DAGs    # Errors  Last Runtime    Last Run
-------------------------------------------  -----  ---------  --------  ----------  --------------  -------------------
/opt/airflow/dags/example_dag.py                                      1           0  0.08s           2025-12-20T17:41:23
/opt/airflow/dags/purchase_analytics_dag.py    113  0.05s             1           0  0.21s           2025-12-20T17:41:23
/opt/airflow/dags/warehouse_delivery_dag.py    114  0.01s             1           0  0.20s           2025-12-20T17:41:23
================================================================================
[2025-12-20T17:42:20.397+0000] {manager.py:738} INFO - Searching for files in /opt/airflow/dags
[2025-12-20T17:42:20.411+0000] {manager.py:741} INFO - There are 3 files in /opt/airflow/dags
[2025-12-20T17:42:24.652+0000] {manager.py:879} INFO - 
================================================================================
DAG File Processing Stats

File Path                                      PID  Runtime      # DAGs    # Errors  Last Runtime    Last Run
-------------------------------------------  -----  ---------  --------  ----------  --------------  -------------------
/opt/airflow/dags/example_dag.py                                      1           0  0.09s           2025-12-20T17:41:54
/opt/airflow/dags/purchase_analytics_dag.py    122  0.06s             1           0  0.22s           2025-12-20T17:41:54
/opt/airflow/dags/warehouse_delivery_dag.py    123  0.01s             1           0  0.20s           2025-12-20T17:41:54
================================================================================
[2025-12-20T17:42:55.356+0000] {manager.py:879} INFO - 
================================================================================
DAG File Processing Stats

File Path                                      PID  Runtime      # DAGs    # Errors  Last Runtime    Last Run
-------------------------------------------  -----  ---------  --------  ----------  --------------  -------------------
/opt/airflow/dags/example_dag.py                                      1           0  0.10s           2025-12-20T17:42:24
/opt/airflow/dags/purchase_analytics_dag.py    132  0.03s             1           0  0.28s           2025-12-20T17:42:24
/opt/airflow/dags/warehouse_delivery_dag.py    133  0.01s             1           0  0.22s           2025-12-20T17:42:24
================================================================================
[2025-12-20T17:43:25.830+0000] {manager.py:879} INFO - 
================================================================================
DAG File Processing Stats

File Path                                      PID  Runtime      # DAGs    # Errors  Last Runtime    Last Run
-------------------------------------------  -----  ---------  --------  ----------  --------------  -------------------
/opt/airflow/dags/example_dag.py                                      1           0  0.06s           2025-12-20T17:42:55
/opt/airflow/dags/purchase_analytics_dag.py    142  0.05s             1           0  0.17s           2025-12-20T17:42:55
/opt/airflow/dags/warehouse_delivery_dag.py    143  0.00s             1           0  0.16s           2025-12-20T17:42:55
================================================================================
[2025-12-20T17:43:56.292+0000] {manager.py:879} INFO - 
================================================================================
DAG File Processing Stats

File Path                                      PID  Runtime      # DAGs    # Errors  Last Runtime    Last Run
-------------------------------------------  -----  ---------  --------  ----------  --------------  -------------------
/opt/airflow/dags/example_dag.py                                      1           0  0.13s           2025-12-20T17:43:26
/opt/airflow/dags/purchase_analytics_dag.py    151  0.02s             1           0  0.20s           2025-12-20T17:43:25
/opt/airflow/dags/warehouse_delivery_dag.py    152  0.01s             1           0  0.17s           2025-12-20T17:43:25
================================================================================
[2025-12-20T17:44:26.823+0000] {manager.py:879} INFO - 
================================================================================
DAG File Processing Stats

File Path                                      PID  Runtime      # DAGs    # Errors  Last Runtime    Last Run
-------------------------------------------  -----  ---------  --------  ----------  --------------  -------------------
/opt/airflow/dags/example_dag.py                                      1           0  0.08s           2025-12-20T17:43:56
/opt/airflow/dags/purchase_analytics_dag.py    161  0.03s             1           0  0.17s           2025-12-20T17:43:56
/opt/airflow/dags/warehouse_delivery_dag.py    162  0.01s             1           0  0.14s           2025-12-20T17:43:56
================================================================================
[2025-12-20T17:44:57.216+0000] {manager.py:879} INFO - 
================================================================================
DAG File Processing Stats

File Path                                      PID  Runtime      # DAGs    # Errors  Last Runtime    Last Run
-------------------------------------------  -----  ---------  --------  ----------  --------------  -------------------
/opt/airflow/dags/example_dag.py                                      1           0  0.08s           2025-12-20T17:44:27
/opt/airflow/dags/purchase_analytics_dag.py    171  0.02s             1           0  0.20s           2025-12-20T17:44:26
/opt/airflow/dags/warehouse_delivery_dag.py    172  0.01s             1           0  0.17s           2025-12-20T17:44:26
================================================================================
[2025-12-20T17:45:11.966+0000] {manager.py:451} INFO - Exiting gracefully upon receiving signal 15
[2025-12-20T17:59:39.931+0000] {manager.py:469} INFO - Processing files using up to 2 processes at a time 
[2025-12-20T17:59:39.931+0000] {manager.py:470} INFO - Process each file at most once every 30 seconds
[2025-12-20T17:59:39.932+0000] {manager.py:471} INFO - Checking for new files in /opt/airflow/dags every 300 seconds
[2025-12-20T17:59:39.932+0000] {manager.py:738} INFO - Searching for files in /opt/airflow/dags
[2025-12-20T17:59:39.939+0000] {manager.py:741} INFO - There are 3 files in /opt/airflow/dags
[2025-12-20T17:59:40.038+0000] {manager.py:879} INFO - 
================================================================================
DAG File Processing Stats

File Path                                      PID  Runtime      # DAGs    # Errors  Last Runtime    Last Run
-------------------------------------------  -----  ---------  --------  ----------  --------------  ----------
/opt/airflow/dags/example_dag.py                                      0           0
/opt/airflow/dags/purchase_analytics_dag.py     30  0.04s             0           0
/opt/airflow/dags/warehouse_delivery_dag.py     31  0.03s             0           0
================================================================================
[2025-12-20T18:00:10.338+0000] {manager.py:879} INFO - 
================================================================================
DAG File Processing Stats

File Path                                      PID  Runtime      # DAGs    # Errors  Last Runtime    Last Run
-------------------------------------------  -----  ---------  --------  ----------  --------------  -------------------
/opt/airflow/dags/example_dag.py                                      1           0  0.16s           2025-12-20T17:59:40
/opt/airflow/dags/purchase_analytics_dag.py     40  0.02s             1           0  0.10s           2025-12-20T17:59:40
/opt/airflow/dags/warehouse_delivery_dag.py     41  0.00s             1           0  0.09s           2025-12-20T17:59:40
================================================================================
[2025-12-20T18:00:41.004+0000] {manager.py:879} INFO - 
================================================================================
DAG File Processing Stats

File Path                                      PID  Runtime      # DAGs    # Errors  Last Runtime    Last Run
-------------------------------------------  -----  ---------  --------  ----------  --------------  -------------------
/opt/airflow/dags/example_dag.py                                      1           0  0.10s           2025-12-20T18:00:10
/opt/airflow/dags/purchase_analytics_dag.py     62  0.03s             1           0  0.28s           2025-12-20T18:00:10
/opt/airflow/dags/warehouse_delivery_dag.py     63  0.01s             1           0  0.26s           2025-12-20T18:00:10
================================================================================
[2025-12-20T18:01:11.482+0000] {manager.py:879} INFO - 
================================================================================
DAG File Processing Stats

File Path                                      PID  Runtime      # DAGs    # Errors  Last Runtime    Last Run
-------------------------------------------  -----  ---------  --------  ----------  --------------  -------------------
/opt/airflow/dags/example_dag.py                                      1           0  0.08s           2025-12-20T18:00:41
/opt/airflow/dags/purchase_analytics_dag.py     72  0.02s             1           0  0.17s           2025-12-20T18:00:41
/opt/airflow/dags/warehouse_delivery_dag.py     73  0.00s             1           0  0.16s           2025-12-20T18:00:41
================================================================================
[2025-12-20T18:01:41.834+0000] {manager.py:879} INFO - 
================================================================================
DAG File Processing Stats

File Path                                      PID  Runtime      # DAGs    # Errors  Last Runtime    Last Run
-------------------------------------------  -----  ---------  --------  ----------  --------------  -------------------
/opt/airflow/dags/example_dag.py                                      1           0  0.06s           2025-12-20T18:01:11
/opt/airflow/dags/purchase_analytics_dag.py     82  0.01s             1           0  0.12s           2025-12-20T18:01:11
/opt/airflow/dags/warehouse_delivery_dag.py     83  0.00s             1           0  0.10s           2025-12-20T18:01:11
================================================================================
[2025-12-20T18:02:12.295+0000] {manager.py:879} INFO - 
================================================================================
DAG File Processing Stats

File Path                                      PID  Runtime      # DAGs    # Errors  Last Runtime    Last Run
-------------------------------------------  -----  ---------  --------  ----------  --------------  -------------------
/opt/airflow/dags/example_dag.py                                      1           0  0.06s           2025-12-20T18:01:41
/opt/airflow/dags/purchase_analytics_dag.py     92  0.02s             1           0  0.12s           2025-12-20T18:01:41
/opt/airflow/dags/warehouse_delivery_dag.py     93  0.01s             1           0  0.11s           2025-12-20T18:01:41
================================================================================
[2025-12-20T18:02:42.771+0000] {manager.py:879} INFO - 
================================================================================
DAG File Processing Stats

File Path                                      PID  Runtime      # DAGs    # Errors  Last Runtime    Last Run
-------------------------------------------  -----  ---------  --------  ----------  --------------  -------------------
/opt/airflow/dags/example_dag.py                                      1           0  0.06s           2025-12-20T18:02:12
/opt/airflow/dags/purchase_analytics_dag.py    102  0.03s             1           0  0.14s           2025-12-20T18:02:12
/opt/airflow/dags/warehouse_delivery_dag.py    103  0.01s             1           0  0.12s           2025-12-20T18:02:12
================================================================================
[2025-12-20T18:03:13.216+0000] {manager.py:879} INFO - 
================================================================================
DAG File Processing Stats

File Path                                      PID  Runtime      # DAGs    # Errors  Last Runtime    Last Run
-------------------------------------------  -----  ---------  --------  ----------  --------------  -------------------
/opt/airflow/dags/example_dag.py                                      1           0  0.07s           2025-12-20T18:02:42
/opt/airflow/dags/purchase_analytics_dag.py    112  0.02s             1           0  0.13s           2025-12-20T18:02:42
/opt/airflow/dags/warehouse_delivery_dag.py    113  0.00s             1           0  0.12s           2025-12-20T18:02:42
================================================================================
[2025-12-20T18:03:43.570+0000] {manager.py:879} INFO - 
================================================================================
DAG File Processing Stats

File Path                                      PID  Runtime      # DAGs    # Errors  Last Runtime    Last Run
-------------------------------------------  -----  ---------  --------  ----------  --------------  -------------------
/opt/airflow/dags/example_dag.py                                      1           0  0.07s           2025-12-20T18:03:13
/opt/airflow/dags/purchase_analytics_dag.py    122  0.02s             1           0  0.12s           2025-12-20T18:03:13
/opt/airflow/dags/warehouse_delivery_dag.py    123  0.00s             1           0  0.10s           2025-12-20T18:03:13
================================================================================
[2025-12-20T18:04:14.028+0000] {manager.py:879} INFO - 
================================================================================
DAG File Processing Stats

File Path                                      PID  Runtime      # DAGs    # Errors  Last Runtime    Last Run
-------------------------------------------  -----  ---------  --------  ----------  --------------  -------------------
/opt/airflow/dags/example_dag.py                                      1           0  0.07s           2025-12-20T18:03:43
/opt/airflow/dags/purchase_analytics_dag.py    125  0.05s             1           0  0.13s           2025-12-20T18:03:43
/opt/airflow/dags/warehouse_delivery_dag.py    126  0.01s             1           0  0.13s           2025-12-20T18:03:43
================================================================================
[2025-12-20T18:04:40.451+0000] {manager.py:738} INFO - Searching for files in /opt/airflow/dags
[2025-12-20T18:04:40.460+0000] {manager.py:741} INFO - There are 3 files in /opt/airflow/dags
[2025-12-20T18:04:44.557+0000] {manager.py:879} INFO - 
================================================================================
DAG File Processing Stats

File Path                                      PID  Runtime      # DAGs    # Errors  Last Runtime    Last Run
-------------------------------------------  -----  ---------  --------  ----------  --------------  -------------------
/opt/airflow/dags/example_dag.py                                      1           0  0.07s           2025-12-20T18:04:14
/opt/airflow/dags/purchase_analytics_dag.py    135  0.03s             1           0  0.21s           2025-12-20T18:04:14
/opt/airflow/dags/warehouse_delivery_dag.py    136  0.01s             1           0  0.18s           2025-12-20T18:04:14
================================================================================
[2025-12-20T18:05:15.003+0000] {manager.py:879} INFO - 
================================================================================
DAG File Processing Stats

File Path                                      PID  Runtime      # DAGs    # Errors  Last Runtime    Last Run
-------------------------------------------  -----  ---------  --------  ----------  --------------  -------------------
/opt/airflow/dags/example_dag.py                                      1           0  0.07s           2025-12-20T18:04:44
/opt/airflow/dags/purchase_analytics_dag.py    145  0.03s             1           0  0.14s           2025-12-20T18:04:44
/opt/airflow/dags/warehouse_delivery_dag.py    146  0.01s             1           0  0.12s           2025-12-20T18:04:44
================================================================================
[2025-12-20T18:05:45.640+0000] {manager.py:879} INFO - 
================================================================================
DAG File Processing Stats

File Path                                      PID  Runtime      # DAGs    # Errors  Last Runtime    Last Run
-------------------------------------------  -----  ---------  --------  ----------  --------------  -------------------
/opt/airflow/dags/example_dag.py                                      1           0  0.06s           2025-12-20T18:05:15
/opt/airflow/dags/purchase_analytics_dag.py    155  0.03s             1           0  0.17s           2025-12-20T18:05:15
/opt/airflow/dags/warehouse_delivery_dag.py    156  0.01s             1           0  0.14s           2025-12-20T18:05:15
================================================================================
[2025-12-20T18:06:16.138+0000] {manager.py:879} INFO - 
================================================================================
DAG File Processing Stats

File Path                                      PID  Runtime      # DAGs    # Errors  Last Runtime    Last Run
-------------------------------------------  -----  ---------  --------  ----------  --------------  -------------------
/opt/airflow/dags/example_dag.py                                      1           0  0.08s           2025-12-20T18:05:45
/opt/airflow/dags/purchase_analytics_dag.py    165  0.03s             1           0  0.18s           2025-12-20T18:05:45
/opt/airflow/dags/warehouse_delivery_dag.py    166  0.01s             1           0  0.17s           2025-12-20T18:05:45
================================================================================
[2025-12-20T18:06:46.642+0000] {manager.py:879} INFO - 
================================================================================
DAG File Processing Stats

File Path                                      PID  Runtime      # DAGs    # Errors  Last Runtime    Last Run
-------------------------------------------  -----  ---------  --------  ----------  --------------  -------------------
/opt/airflow/dags/example_dag.py                                      1           0  0.07s           2025-12-20T18:06:16
/opt/airflow/dags/purchase_analytics_dag.py    175  0.01s             1           0  0.18s           2025-12-20T18:06:16
/opt/airflow/dags/warehouse_delivery_dag.py    176  0.00s             1           0  0.16s           2025-12-20T18:06:16
================================================================================
[2025-12-20T18:07:17.157+0000] {manager.py:879} INFO - 
================================================================================
DAG File Processing Stats

File Path                                      PID  Runtime      # DAGs    # Errors  Last Runtime    Last Run
-------------------------------------------  -----  ---------  --------  ----------  --------------  -------------------
/opt/airflow/dags/example_dag.py                                      1           0  0.07s           2025-12-20T18:06:46
/opt/airflow/dags/purchase_analytics_dag.py    185  0.03s             1           0  0.16s           2025-12-20T18:06:46
/opt/airflow/dags/warehouse_delivery_dag.py    186  0.01s             1           0  0.15s           2025-12-20T18:06:46
================================================================================
[2025-12-20T18:07:34.527+0000] {manager.py:451} INFO - Exiting gracefully upon receiving signal 15
[2025-12-20T19:00:10.952+0000] {manager.py:469} INFO - Processing files using up to 2 processes at a time 
[2025-12-20T19:00:10.952+0000] {manager.py:470} INFO - Process each file at most once every 30 seconds
[2025-12-20T19:00:10.953+0000] {manager.py:471} INFO - Checking for new files in /opt/airflow/dags every 300 seconds
[2025-12-20T19:00:10.953+0000] {manager.py:738} INFO - Searching for files in /opt/airflow/dags
[2025-12-20T19:00:10.966+0000] {manager.py:741} INFO - There are 3 files in /opt/airflow/dags
[2025-12-20T19:00:11.052+0000] {manager.py:879} INFO - 
================================================================================
DAG File Processing Stats

File Path                                      PID  Runtime      # DAGs    # Errors  Last Runtime    Last Run
-------------------------------------------  -----  ---------  --------  ----------  --------------  ----------
/opt/airflow/dags/example_dag.py                                      0           0
/opt/airflow/dags/purchase_analytics_dag.py     30  0.04s             0           0
/opt/airflow/dags/warehouse_delivery_dag.py     31  0.03s             0           0
================================================================================
[2025-12-20T19:00:41.434+0000] {manager.py:879} INFO - 
================================================================================
DAG File Processing Stats

File Path                                      PID  Runtime      # DAGs    # Errors  Last Runtime    Last Run
-------------------------------------------  -----  ---------  --------  ----------  --------------  -------------------
/opt/airflow/dags/example_dag.py                                      1           0  0.11s           2025-12-20T19:00:11
/opt/airflow/dags/purchase_analytics_dag.py     40  0.02s             1           0  0.10s           2025-12-20T19:00:11
/opt/airflow/dags/warehouse_delivery_dag.py     41  0.00s             1           0  0.11s           2025-12-20T19:00:11
================================================================================
[2025-12-20T19:01:11.978+0000] {manager.py:879} INFO - 
================================================================================
DAG File Processing Stats

File Path                                      PID  Runtime      # DAGs    # Errors  Last Runtime    Last Run
-------------------------------------------  -----  ---------  --------  ----------  --------------  -------------------
/opt/airflow/dags/example_dag.py                                      1           0  0.11s           2025-12-20T19:00:41
/opt/airflow/dags/purchase_analytics_dag.py     62  0.01s             1           0  0.27s           2025-12-20T19:00:41
/opt/airflow/dags/warehouse_delivery_dag.py     63  0.00s             1           0  0.25s           2025-12-20T19:00:41
================================================================================
[2025-12-20T19:01:42.384+0000] {manager.py:879} INFO - 
================================================================================
DAG File Processing Stats

File Path                                      PID  Runtime      # DAGs    # Errors  Last Runtime    Last Run
-------------------------------------------  -----  ---------  --------  ----------  --------------  -------------------
/opt/airflow/dags/example_dag.py                                      1           0  0.07s           2025-12-20T19:01:12
/opt/airflow/dags/purchase_analytics_dag.py     71  0.04s             1           0  0.11s           2025-12-20T19:01:12
/opt/airflow/dags/warehouse_delivery_dag.py     72  0.01s             1           0  0.11s           2025-12-20T19:01:12
================================================================================
[2025-12-20T19:02:12.843+0000] {manager.py:879} INFO - 
================================================================================
DAG File Processing Stats

File Path                                      PID  Runtime      # DAGs    # Errors  Last Runtime    Last Run
-------------------------------------------  -----  ---------  --------  ----------  --------------  -------------------
/opt/airflow/dags/example_dag.py                                      1           0  0.07s           2025-12-20T19:01:42
/opt/airflow/dags/purchase_analytics_dag.py     81  0.03s             1           0  0.15s           2025-12-20T19:01:42
/opt/airflow/dags/warehouse_delivery_dag.py     82  0.01s             1           0  0.11s           2025-12-20T19:01:42
================================================================================
[2025-12-20T19:02:43.396+0000] {manager.py:879} INFO - 
================================================================================
DAG File Processing Stats

File Path                                      PID  Runtime      # DAGs    # Errors  Last Runtime    Last Run
-------------------------------------------  -----  ---------  --------  ----------  --------------  -------------------
/opt/airflow/dags/example_dag.py                                      1           0  0.06s           2025-12-20T19:02:13
/opt/airflow/dags/purchase_analytics_dag.py     91  0.03s             1           0  0.23s           2025-12-20T19:02:13
/opt/airflow/dags/warehouse_delivery_dag.py     92  0.00s             1           0  0.19s           2025-12-20T19:02:13
================================================================================
[2025-12-20T19:03:13.847+0000] {manager.py:879} INFO - 
================================================================================
DAG File Processing Stats

File Path                                      PID  Runtime      # DAGs    # Errors  Last Runtime    Last Run
-------------------------------------------  -----  ---------  --------  ----------  --------------  -------------------
/opt/airflow/dags/example_dag.py                                      1           0  0.06s           2025-12-20T19:02:43
/opt/airflow/dags/purchase_analytics_dag.py    101  0.01s             1           0  0.20s           2025-12-20T19:02:43
/opt/airflow/dags/warehouse_delivery_dag.py    102  0.00s             1           0  0.17s           2025-12-20T19:02:43
================================================================================
[2025-12-20T19:03:44.244+0000] {manager.py:879} INFO - 
================================================================================
DAG File Processing Stats

File Path                                      PID  Runtime      # DAGs    # Errors  Last Runtime    Last Run
-------------------------------------------  -----  ---------  --------  ----------  --------------  -------------------
/opt/airflow/dags/example_dag.py                                      1           0  0.06s           2025-12-20T19:03:14
/opt/airflow/dags/purchase_analytics_dag.py    111  0.01s             1           0  0.11s           2025-12-20T19:03:13
/opt/airflow/dags/warehouse_delivery_dag.py    112  0.00s             1           0  0.10s           2025-12-20T19:03:13
================================================================================
[2025-12-20T19:04:14.703+0000] {manager.py:879} INFO - 
================================================================================
DAG File Processing Stats

File Path                                      PID  Runtime      # DAGs    # Errors  Last Runtime    Last Run
-------------------------------------------  -----  ---------  --------  ----------  --------------  -------------------
/opt/airflow/dags/example_dag.py                                      1           0  0.09s           2025-12-20T19:03:44
/opt/airflow/dags/purchase_analytics_dag.py    121  0.03s             1           0  0.11s           2025-12-20T19:03:44
/opt/airflow/dags/warehouse_delivery_dag.py    122  0.00s             1           0  0.11s           2025-12-20T19:03:44
================================================================================
[2025-12-20T19:04:45.457+0000] {manager.py:879} INFO - 
================================================================================
DAG File Processing Stats

File Path                                      PID  Runtime      # DAGs    # Errors  Last Runtime    Last Run
-------------------------------------------  -----  ---------  --------  ----------  --------------  -------------------
/opt/airflow/dags/example_dag.py                                      1           0  0.06s           2025-12-20T19:04:14
/opt/airflow/dags/purchase_analytics_dag.py    131  0.02s             1           0  0.13s           2025-12-20T19:04:14
/opt/airflow/dags/warehouse_delivery_dag.py    132  0.00s             1           0  0.12s           2025-12-20T19:04:14
================================================================================
[2025-12-20T19:05:11.812+0000] {manager.py:738} INFO - Searching for files in /opt/airflow/dags
[2025-12-20T19:05:11.822+0000] {manager.py:741} INFO - There are 3 files in /opt/airflow/dags
[2025-12-20T19:05:15.887+0000] {manager.py:879} INFO - 
================================================================================
DAG File Processing Stats

File Path                                      PID  Runtime      # DAGs    # Errors  Last Runtime    Last Run
-------------------------------------------  -----  ---------  --------  ----------  --------------  -------------------
/opt/airflow/dags/example_dag.py                                      1           0  0.08s           2025-12-20T19:04:45
/opt/airflow/dags/purchase_analytics_dag.py    134  0.02s             1           0  0.16s           2025-12-20T19:04:45
/opt/airflow/dags/warehouse_delivery_dag.py    135  0.00s             1           0  0.14s           2025-12-20T19:04:45
================================================================================
[2025-12-20T19:05:46.315+0000] {manager.py:879} INFO - 
================================================================================
DAG File Processing Stats

File Path                                      PID  Runtime      # DAGs    # Errors  Last Runtime    Last Run
-------------------------------------------  -----  ---------  --------  ----------  --------------  -------------------
/opt/airflow/dags/example_dag.py                                      1           0  0.07s           2025-12-20T19:05:16
/opt/airflow/dags/purchase_analytics_dag.py    144  0.03s             1           0  0.15s           2025-12-20T19:05:16
/opt/airflow/dags/warehouse_delivery_dag.py    145  0.01s             1           0  0.13s           2025-12-20T19:05:16
================================================================================
[2025-12-20T19:06:16.839+0000] {manager.py:879} INFO - 
================================================================================
DAG File Processing Stats

File Path                                      PID  Runtime      # DAGs    # Errors  Last Runtime    Last Run
-------------------------------------------  -----  ---------  --------  ----------  --------------  -------------------
/opt/airflow/dags/example_dag.py                                      1           0  0.13s           2025-12-20T19:05:46
/opt/airflow/dags/purchase_analytics_dag.py    154  0.04s             1           0  0.21s           2025-12-20T19:05:46
/opt/airflow/dags/warehouse_delivery_dag.py    155  0.00s             1           0  0.18s           2025-12-20T19:05:46
================================================================================
[2025-12-20T19:06:47.489+0000] {manager.py:879} INFO - 
================================================================================
DAG File Processing Stats

File Path                                      PID  Runtime      # DAGs    # Errors  Last Runtime    Last Run
-------------------------------------------  -----  ---------  --------  ----------  --------------  -------------------
/opt/airflow/dags/example_dag.py               168  0.00s             1           0  0.09s           2025-12-20T19:06:17
/opt/airflow/dags/purchase_analytics_dag.py    167  0.01s             1           0  0.21s           2025-12-20T19:06:17
/opt/airflow/dags/warehouse_delivery_dag.py                           1           0  0.20s           2025-12-20T19:06:43
================================================================================
[2025-12-20T19:07:15.876+0000] {manager.py:451} INFO - Exiting gracefully upon receiving signal 15
[2025-12-20T20:08:51.012+0000] {manager.py:469} INFO - Processing files using up to 2 processes at a time 
[2025-12-20T20:08:51.013+0000] {manager.py:470} INFO - Process each file at most once every 30 seconds
[2025-12-20T20:08:51.014+0000] {manager.py:471} INFO - Checking for new files in /opt/airflow/dags every 300 seconds
[2025-12-20T20:08:51.014+0000] {manager.py:738} INFO - Searching for files in /opt/airflow/dags
[2025-12-20T20:08:51.029+0000] {manager.py:741} INFO - There are 3 files in /opt/airflow/dags
[2025-12-20T20:08:51.306+0000] {manager.py:879} INFO - 
================================================================================
DAG File Processing Stats

File Path                                      PID  Runtime      # DAGs    # Errors  Last Runtime    Last Run
-------------------------------------------  -----  ---------  --------  ----------  --------------  ----------
/opt/airflow/dags/example_dag.py                                      0           0
/opt/airflow/dags/purchase_analytics_dag.py     30  0.18s             0           0
/opt/airflow/dags/warehouse_delivery_dag.py     31  0.16s             0           0
================================================================================
[2025-12-20T20:09:22.074+0000] {manager.py:879} INFO - 
================================================================================
DAG File Processing Stats

File Path                                      PID  Runtime      # DAGs    # Errors  Last Runtime    Last Run
-------------------------------------------  -----  ---------  --------  ----------  --------------  -------------------
/opt/airflow/dags/example_dag.py                                      1           0  0.12s           2025-12-20T20:08:51
/opt/airflow/dags/purchase_analytics_dag.py     41  0.05s             1           0  0.45s           2025-12-20T20:08:51
/opt/airflow/dags/warehouse_delivery_dag.py     42  0.01s             1           0  0.45s           2025-12-20T20:08:51
================================================================================
[2025-12-20T20:09:52.214+0000] {manager.py:879} INFO - 
================================================================================
DAG File Processing Stats

File Path                                    PID    Runtime      # DAGs    # Errors  Last Runtime    Last Run
-------------------------------------------  -----  ---------  --------  ----------  --------------  -------------------
/opt/airflow/dags/example_dag.py                                      1           0  0.15s           2025-12-20T20:09:22
/opt/airflow/dags/purchase_analytics_dag.py                           1           0  0.52s           2025-12-20T20:09:22
/opt/airflow/dags/warehouse_delivery_dag.py                           1           0  0.47s           2025-12-20T20:09:22
================================================================================
[2025-12-20T20:10:22.602+0000] {manager.py:879} INFO - 
================================================================================
DAG File Processing Stats

File Path                                    PID    Runtime      # DAGs    # Errors  Last Runtime    Last Run
-------------------------------------------  -----  ---------  --------  ----------  --------------  -------------------
/opt/airflow/dags/example_dag.py                                      1           0  0.09s           2025-12-20T20:09:53
/opt/airflow/dags/purchase_analytics_dag.py                           1           0  0.19s           2025-12-20T20:09:53
/opt/airflow/dags/warehouse_delivery_dag.py                           1           0  0.15s           2025-12-20T20:09:53
================================================================================
[2025-12-20T20:10:53.052+0000] {manager.py:879} INFO - 
================================================================================
DAG File Processing Stats

File Path                                    PID    Runtime      # DAGs    # Errors  Last Runtime    Last Run
-------------------------------------------  -----  ---------  --------  ----------  --------------  -------------------
/opt/airflow/dags/example_dag.py                                      1           0  0.09s           2025-12-20T20:10:23
/opt/airflow/dags/purchase_analytics_dag.py                           1           0  0.23s           2025-12-20T20:10:23
/opt/airflow/dags/warehouse_delivery_dag.py                           1           0  0.18s           2025-12-20T20:10:23
================================================================================
[2025-12-20T20:11:23.366+0000] {manager.py:879} INFO - 
================================================================================
DAG File Processing Stats

File Path                                    PID    Runtime      # DAGs    # Errors  Last Runtime    Last Run
-------------------------------------------  -----  ---------  --------  ----------  --------------  -------------------
/opt/airflow/dags/example_dag.py                                      1           0  0.06s           2025-12-20T20:10:54
/opt/airflow/dags/purchase_analytics_dag.py                           1           0  0.11s           2025-12-20T20:10:54
/opt/airflow/dags/warehouse_delivery_dag.py                           1           0  0.10s           2025-12-20T20:10:54
================================================================================
[2025-12-20T20:11:54.155+0000] {manager.py:879} INFO - 
================================================================================
DAG File Processing Stats

File Path                                    PID    Runtime      # DAGs    # Errors  Last Runtime    Last Run
-------------------------------------------  -----  ---------  --------  ----------  --------------  -------------------
/opt/airflow/dags/example_dag.py                                      1           0  0.07s           2025-12-20T20:11:24
/opt/airflow/dags/purchase_analytics_dag.py                           1           0  0.16s           2025-12-20T20:11:24
/opt/airflow/dags/warehouse_delivery_dag.py                           1           0  0.13s           2025-12-20T20:11:24
================================================================================
[2025-12-20T20:12:24.739+0000] {manager.py:879} INFO - 
================================================================================
DAG File Processing Stats

File Path                                    PID    Runtime      # DAGs    # Errors  Last Runtime    Last Run
-------------------------------------------  -----  ---------  --------  ----------  --------------  -------------------
/opt/airflow/dags/example_dag.py                                      1           0  0.07s           2025-12-20T20:11:55
/opt/airflow/dags/purchase_analytics_dag.py                           1           0  0.16s           2025-12-20T20:11:55
/opt/airflow/dags/warehouse_delivery_dag.py                           1           0  0.12s           2025-12-20T20:11:55
================================================================================
[2025-12-20T20:12:55.142+0000] {manager.py:879} INFO - 
================================================================================
DAG File Processing Stats

File Path                                    PID    Runtime      # DAGs    # Errors  Last Runtime    Last Run
-------------------------------------------  -----  ---------  --------  ----------  --------------  -------------------
/opt/airflow/dags/example_dag.py                                      1           0  0.08s           2025-12-20T20:12:25
/opt/airflow/dags/purchase_analytics_dag.py                           1           0  0.09s           2025-12-20T20:12:25
/opt/airflow/dags/warehouse_delivery_dag.py                           1           0  0.09s           2025-12-20T20:12:25
================================================================================
[2025-12-20T20:13:25.657+0000] {manager.py:879} INFO - 
================================================================================
DAG File Processing Stats

File Path                                    PID    Runtime      # DAGs    # Errors  Last Runtime    Last Run
-------------------------------------------  -----  ---------  --------  ----------  --------------  -------------------
/opt/airflow/dags/example_dag.py                                      1           0  0.08s           2025-12-20T20:12:56
/opt/airflow/dags/purchase_analytics_dag.py                           1           0  0.21s           2025-12-20T20:12:56
/opt/airflow/dags/warehouse_delivery_dag.py                           1           0  0.19s           2025-12-20T20:12:56
================================================================================
[2025-12-20T20:13:51.202+0000] {manager.py:738} INFO - Searching for files in /opt/airflow/dags
[2025-12-20T20:13:51.215+0000] {manager.py:741} INFO - There are 3 files in /opt/airflow/dags
[2025-12-20T20:13:56.273+0000] {manager.py:879} INFO - 
================================================================================
DAG File Processing Stats

File Path                                    PID    Runtime      # DAGs    # Errors  Last Runtime    Last Run
-------------------------------------------  -----  ---------  --------  ----------  --------------  -------------------
/opt/airflow/dags/example_dag.py                                      1           0  0.07s           2025-12-20T20:13:26
/opt/airflow/dags/purchase_analytics_dag.py                           1           0  0.19s           2025-12-20T20:13:26
/opt/airflow/dags/warehouse_delivery_dag.py                           1           0  0.17s           2025-12-20T20:13:26
================================================================================
[2025-12-20T20:14:26.775+0000] {manager.py:879} INFO - 
================================================================================
DAG File Processing Stats

File Path                                    PID    Runtime      # DAGs    # Errors  Last Runtime    Last Run
-------------------------------------------  -----  ---------  --------  ----------  --------------  -------------------
/opt/airflow/dags/example_dag.py                                      1           0  0.07s           2025-12-20T20:13:57
/opt/airflow/dags/purchase_analytics_dag.py                           1           0  0.20s           2025-12-20T20:13:57
/opt/airflow/dags/warehouse_delivery_dag.py                           1           0  0.17s           2025-12-20T20:13:57
================================================================================
[2025-12-20T20:14:57.258+0000] {manager.py:879} INFO - 
================================================================================
DAG File Processing Stats

File Path                                    PID    Runtime      # DAGs    # Errors  Last Runtime    Last Run
-------------------------------------------  -----  ---------  --------  ----------  --------------  -------------------
/opt/airflow/dags/example_dag.py                                      1           0  0.08s           2025-12-20T20:14:28
/opt/airflow/dags/purchase_analytics_dag.py                           1           0  0.17s           2025-12-20T20:14:27
/opt/airflow/dags/warehouse_delivery_dag.py                           1           0  0.15s           2025-12-20T20:14:27
================================================================================
[2025-12-20T20:15:27.803+0000] {manager.py:879} INFO - 
================================================================================
DAG File Processing Stats

File Path                                    PID    Runtime      # DAGs    # Errors  Last Runtime    Last Run
-------------------------------------------  -----  ---------  --------  ----------  --------------  -------------------
/opt/airflow/dags/example_dag.py                                      1           0  0.07s           2025-12-20T20:14:58
/opt/airflow/dags/purchase_analytics_dag.py                           1           0  0.19s           2025-12-20T20:15:19
/opt/airflow/dags/warehouse_delivery_dag.py                           1           0  0.18s           2025-12-20T20:14:58
================================================================================
[2025-12-20T20:15:58.452+0000] {manager.py:879} INFO - 
================================================================================
DAG File Processing Stats

File Path                                    PID    Runtime      # DAGs    # Errors  Last Runtime    Last Run
-------------------------------------------  -----  ---------  --------  ----------  --------------  -------------------
/opt/airflow/dags/example_dag.py                                      1           0  0.15s           2025-12-20T20:15:29
/opt/airflow/dags/purchase_analytics_dag.py                           1           0  0.09s           2025-12-20T20:15:30
/opt/airflow/dags/warehouse_delivery_dag.py                           1           0  0.18s           2025-12-20T20:15:29
================================================================================
[2025-12-20T20:16:29.096+0000] {manager.py:879} INFO - 
================================================================================
DAG File Processing Stats

File Path                                    PID    Runtime      # DAGs    # Errors  Last Runtime    Last Run
-------------------------------------------  -----  ---------  --------  ----------  --------------  -------------------
/opt/airflow/dags/example_dag.py                                      1           0  0.16s           2025-12-20T20:15:59
/opt/airflow/dags/purchase_analytics_dag.py                           1           0  0.08s           2025-12-20T20:16:20
/opt/airflow/dags/warehouse_delivery_dag.py                           1           0  0.18s           2025-12-20T20:15:59
================================================================================
[2025-12-20T20:16:59.545+0000] {manager.py:879} INFO - 
================================================================================
DAG File Processing Stats

File Path                                    PID    Runtime      # DAGs    # Errors  Last Runtime    Last Run
-------------------------------------------  -----  ---------  --------  ----------  --------------  -------------------
/opt/airflow/dags/example_dag.py                                      1           0  0.16s           2025-12-20T20:16:30
/opt/airflow/dags/purchase_analytics_dag.py                           1           0  0.25s           2025-12-20T20:16:50
/opt/airflow/dags/warehouse_delivery_dag.py                           1           0  0.20s           2025-12-20T20:16:30
================================================================================
[2025-12-20T20:17:30.010+0000] {manager.py:879} INFO - 
================================================================================
DAG File Processing Stats

File Path                                    PID    Runtime      # DAGs    # Errors  Last Runtime    Last Run
-------------------------------------------  -----  ---------  --------  ----------  --------------  -------------------
/opt/airflow/dags/example_dag.py                                      1           0  0.15s           2025-12-20T20:17:00
/opt/airflow/dags/purchase_analytics_dag.py                           1           0  0.18s           2025-12-20T20:17:21
/opt/airflow/dags/warehouse_delivery_dag.py                           1           0  0.16s           2025-12-20T20:17:00
================================================================================
[2025-12-20T20:18:00.456+0000] {manager.py:879} INFO - 
================================================================================
DAG File Processing Stats

File Path                                    PID    Runtime      # DAGs    # Errors  Last Runtime    Last Run
-------------------------------------------  -----  ---------  --------  ----------  --------------  -------------------
/opt/airflow/dags/example_dag.py                                      1           0  0.11s           2025-12-20T20:17:31
/opt/airflow/dags/purchase_analytics_dag.py                           1           0  0.38s           2025-12-20T20:17:51
/opt/airflow/dags/warehouse_delivery_dag.py                           1           0  0.13s           2025-12-20T20:17:31
================================================================================
[2025-12-20T20:18:31.023+0000] {manager.py:879} INFO - 
================================================================================
DAG File Processing Stats

File Path                                    PID    Runtime      # DAGs    # Errors  Last Runtime    Last Run
-------------------------------------------  -----  ---------  --------  ----------  --------------  -------------------
/opt/airflow/dags/example_dag.py                                      1           0  0.23s           2025-12-20T20:18:01
/opt/airflow/dags/purchase_analytics_dag.py                           1           0  0.13s           2025-12-20T20:18:22
/opt/airflow/dags/warehouse_delivery_dag.py                           1           0  0.29s           2025-12-20T20:18:01
================================================================================
[2025-12-20T20:18:51.303+0000] {manager.py:738} INFO - Searching for files in /opt/airflow/dags
[2025-12-20T20:18:51.310+0000] {manager.py:741} INFO - There are 3 files in /opt/airflow/dags
[2025-12-20T20:19:01.693+0000] {manager.py:879} INFO - 
================================================================================
DAG File Processing Stats

File Path                                    PID    Runtime      # DAGs    # Errors  Last Runtime    Last Run
-------------------------------------------  -----  ---------  --------  ----------  --------------  -------------------
/opt/airflow/dags/example_dag.py                                      1           0  0.13s           2025-12-20T20:18:32
/opt/airflow/dags/purchase_analytics_dag.py                           1           0  0.37s           2025-12-20T20:18:52
/opt/airflow/dags/warehouse_delivery_dag.py                           1           0  0.17s           2025-12-20T20:18:32
================================================================================
[2025-12-20T20:19:32.249+0000] {manager.py:879} INFO - 
================================================================================
DAG File Processing Stats

File Path                                    PID    Runtime      # DAGs    # Errors  Last Runtime    Last Run
-------------------------------------------  -----  ---------  --------  ----------  --------------  -------------------
/opt/airflow/dags/example_dag.py                                      1           0  0.26s           2025-12-20T20:19:03
/opt/airflow/dags/purchase_analytics_dag.py                           1           0  0.15s           2025-12-20T20:19:23
/opt/airflow/dags/warehouse_delivery_dag.py                           1           0  0.29s           2025-12-20T20:19:03
================================================================================
[2025-12-20T20:20:02.634+0000] {manager.py:879} INFO - 
================================================================================
DAG File Processing Stats

File Path                                    PID    Runtime      # DAGs    # Errors  Last Runtime    Last Run
-------------------------------------------  -----  ---------  --------  ----------  --------------  -------------------
/opt/airflow/dags/example_dag.py                                      1           0  0.08s           2025-12-20T20:19:33
/opt/airflow/dags/purchase_analytics_dag.py                           1           0  0.13s           2025-12-20T20:19:53
/opt/airflow/dags/warehouse_delivery_dag.py                           1           0  0.09s           2025-12-20T20:19:33
================================================================================
[2025-12-20T20:20:33.030+0000] {manager.py:879} INFO - 
================================================================================
DAG File Processing Stats

File Path                                    PID    Runtime      # DAGs    # Errors  Last Runtime    Last Run
-------------------------------------------  -----  ---------  --------  ----------  --------------  -------------------
/opt/airflow/dags/example_dag.py                                      1           0  0.08s           2025-12-20T20:20:03
/opt/airflow/dags/purchase_analytics_dag.py                           1           0  0.15s           2025-12-20T20:20:24
/opt/airflow/dags/warehouse_delivery_dag.py                           1           0  0.10s           2025-12-20T20:20:03
================================================================================
[2025-12-20T20:21:03.410+0000] {manager.py:879} INFO - 
================================================================================
DAG File Processing Stats

File Path                                    PID    Runtime      # DAGs    # Errors  Last Runtime    Last Run
-------------------------------------------  -----  ---------  --------  ----------  --------------  -------------------
/opt/airflow/dags/example_dag.py                                      1           0  0.08s           2025-12-20T20:20:34
/opt/airflow/dags/purchase_analytics_dag.py                           1           0  0.55s           2025-12-20T20:20:54
/opt/airflow/dags/warehouse_delivery_dag.py                           1           0  0.09s           2025-12-20T20:20:34
================================================================================
[2025-12-20T20:21:33.891+0000] {manager.py:879} INFO - 
================================================================================
DAG File Processing Stats

File Path                                    PID    Runtime      # DAGs    # Errors  Last Runtime    Last Run
-------------------------------------------  -----  ---------  --------  ----------  --------------  -------------------
/opt/airflow/dags/example_dag.py                                      1           0  0.19s           2025-12-20T20:21:04
/opt/airflow/dags/purchase_analytics_dag.py                           1           0  0.12s           2025-12-20T20:21:24
/opt/airflow/dags/warehouse_delivery_dag.py                           1           0  0.25s           2025-12-20T20:21:04
================================================================================
[2025-12-20T20:22:04.421+0000] {manager.py:879} INFO - 
================================================================================
DAG File Processing Stats

File Path                                    PID    Runtime      # DAGs    # Errors  Last Runtime    Last Run
-------------------------------------------  -----  ---------  --------  ----------  --------------  -------------------
/opt/airflow/dags/example_dag.py                                      1           0  0.10s           2025-12-20T20:21:35
/opt/airflow/dags/purchase_analytics_dag.py                           1           0  0.13s           2025-12-20T20:21:55
/opt/airflow/dags/warehouse_delivery_dag.py                           1           0  0.10s           2025-12-20T20:21:35
================================================================================
[2025-12-20T20:22:34.878+0000] {manager.py:879} INFO - 
================================================================================
DAG File Processing Stats

File Path                                    PID    Runtime      # DAGs    # Errors  Last Runtime    Last Run
-------------------------------------------  -----  ---------  --------  ----------  --------------  -------------------
/opt/airflow/dags/example_dag.py                                      1           0  0.17s           2025-12-20T20:22:05
/opt/airflow/dags/purchase_analytics_dag.py                           1           0  0.14s           2025-12-20T20:22:25
/opt/airflow/dags/warehouse_delivery_dag.py                           1           0  0.22s           2025-12-20T20:22:05
================================================================================
[2025-12-20T20:23:05.404+0000] {manager.py:879} INFO - 
================================================================================
DAG File Processing Stats

File Path                                    PID    Runtime      # DAGs    # Errors  Last Runtime    Last Run
-------------------------------------------  -----  ---------  --------  ----------  --------------  -------------------
/opt/airflow/dags/example_dag.py                                      1           0  0.17s           2025-12-20T20:22:36
/opt/airflow/dags/purchase_analytics_dag.py                           1           0  0.24s           2025-12-20T20:22:56
/opt/airflow/dags/warehouse_delivery_dag.py                           1           0  0.20s           2025-12-20T20:22:36
================================================================================
[2025-12-20T20:23:35.961+0000] {manager.py:879} INFO - 
================================================================================
DAG File Processing Stats

File Path                                    PID    Runtime      # DAGs    # Errors  Last Runtime    Last Run
-------------------------------------------  -----  ---------  --------  ----------  --------------  -------------------
/opt/airflow/dags/example_dag.py                                      1           0  0.19s           2025-12-20T20:23:06
/opt/airflow/dags/purchase_analytics_dag.py                           1           0  0.23s           2025-12-20T20:23:27
/opt/airflow/dags/warehouse_delivery_dag.py                           1           0  0.23s           2025-12-20T20:23:06
================================================================================
[2025-12-20T20:23:51.476+0000] {manager.py:738} INFO - Searching for files in /opt/airflow/dags
[2025-12-20T20:23:51.487+0000] {manager.py:741} INFO - There are 3 files in /opt/airflow/dags
[2025-12-20T20:24:06.763+0000] {manager.py:879} INFO - 
================================================================================
DAG File Processing Stats

File Path                                    PID    Runtime      # DAGs    # Errors  Last Runtime    Last Run
-------------------------------------------  -----  ---------  --------  ----------  --------------  -------------------
/opt/airflow/dags/example_dag.py                                      1           0  0.17s           2025-12-20T20:23:37
/opt/airflow/dags/purchase_analytics_dag.py                           1           0  0.17s           2025-12-20T20:23:57
/opt/airflow/dags/warehouse_delivery_dag.py                           1           0  0.10s           2025-12-20T20:23:51
================================================================================
[2025-12-20T20:24:37.513+0000] {manager.py:879} INFO - 
================================================================================
DAG File Processing Stats

File Path                                    PID    Runtime      # DAGs    # Errors  Last Runtime    Last Run
-------------------------------------------  -----  ---------  --------  ----------  --------------  -------------------
/opt/airflow/dags/example_dag.py                                      1           0  0.24s           2025-12-20T20:24:08
/opt/airflow/dags/purchase_analytics_dag.py                           1           0  0.09s           2025-12-20T20:24:28
/opt/airflow/dags/warehouse_delivery_dag.py                           1           0  0.19s           2025-12-20T20:24:22
================================================================================
[2025-12-20T20:25:08.039+0000] {manager.py:879} INFO - 
================================================================================
DAG File Processing Stats

File Path                                    PID    Runtime      # DAGs    # Errors  Last Runtime    Last Run
-------------------------------------------  -----  ---------  --------  ----------  --------------  -------------------
/opt/airflow/dags/example_dag.py                                      1           0  0.17s           2025-12-20T20:24:38
/opt/airflow/dags/purchase_analytics_dag.py                           1           0  0.29s           2025-12-20T20:24:59
/opt/airflow/dags/warehouse_delivery_dag.py                           1           0  0.14s           2025-12-20T20:24:52
================================================================================
[2025-12-20T20:25:38.880+0000] {manager.py:879} INFO - 
================================================================================
DAG File Processing Stats

File Path                                    PID    Runtime      # DAGs    # Errors  Last Runtime    Last Run
-------------------------------------------  -----  ---------  --------  ----------  --------------  -------------------
/opt/airflow/dags/example_dag.py                                      1           0  0.24s           2025-12-20T20:25:09
/opt/airflow/dags/purchase_analytics_dag.py                           1           0  0.28s           2025-12-20T20:25:29
/opt/airflow/dags/warehouse_delivery_dag.py                           1           0  0.24s           2025-12-20T20:25:23
================================================================================
[2025-12-20T20:26:09.502+0000] {manager.py:879} INFO - 
================================================================================
DAG File Processing Stats

File Path                                      PID  Runtime      # DAGs    # Errors  Last Runtime    Last Run
-------------------------------------------  -----  ---------  --------  ----------  --------------  -------------------
/opt/airflow/dags/example_dag.py                                      1           0  0.13s           2025-12-20T20:25:40
/opt/airflow/dags/purchase_analytics_dag.py    428  0.01s             1           0  0.16s           2025-12-20T20:26:00
/opt/airflow/dags/warehouse_delivery_dag.py                           1           0  0.19s           2025-12-20T20:25:54
================================================================================
[2025-12-20T20:26:39.909+0000] {manager.py:879} INFO - 
================================================================================
DAG File Processing Stats

File Path                                    PID    Runtime      # DAGs    # Errors  Last Runtime    Last Run
-------------------------------------------  -----  ---------  --------  ----------  --------------  -------------------
/opt/airflow/dags/example_dag.py                                      1           0  0.08s           2025-12-20T20:26:10
/opt/airflow/dags/purchase_analytics_dag.py                           1           0  0.14s           2025-12-20T20:26:21
/opt/airflow/dags/warehouse_delivery_dag.py                           1           0  0.14s           2025-12-20T20:26:24
================================================================================
[2025-12-20T20:27:10.369+0000] {manager.py:879} INFO - 
================================================================================
DAG File Processing Stats

File Path                                    PID    Runtime      # DAGs    # Errors  Last Runtime    Last Run
-------------------------------------------  -----  ---------  --------  ----------  --------------  -------------------
/opt/airflow/dags/example_dag.py                                      1           0  0.08s           2025-12-20T20:26:41
/opt/airflow/dags/purchase_analytics_dag.py                           1           0  0.13s           2025-12-20T20:26:58
/opt/airflow/dags/warehouse_delivery_dag.py                           1           0  0.12s           2025-12-20T20:26:55
================================================================================
[2025-12-20T20:27:34.634+0000] {manager.py:451} INFO - Exiting gracefully upon receiving signal 15
[2025-12-20T20:31:00.183+0000] {manager.py:469} INFO - Processing files using up to 2 processes at a time 
[2025-12-20T20:31:00.183+0000] {manager.py:470} INFO - Process each file at most once every 30 seconds
[2025-12-20T20:31:00.184+0000] {manager.py:471} INFO - Checking for new files in /opt/airflow/dags every 300 seconds
[2025-12-20T20:31:00.184+0000] {manager.py:738} INFO - Searching for files in /opt/airflow/dags
[2025-12-20T20:31:00.193+0000] {manager.py:741} INFO - There are 3 files in /opt/airflow/dags
[2025-12-20T20:31:00.291+0000] {manager.py:879} INFO - 
================================================================================
DAG File Processing Stats

File Path                                      PID  Runtime      # DAGs    # Errors  Last Runtime    Last Run
-------------------------------------------  -----  ---------  --------  ----------  --------------  ----------
/opt/airflow/dags/example_dag.py                                      0           0
/opt/airflow/dags/purchase_analytics_dag.py     30  0.05s             0           0
/opt/airflow/dags/warehouse_delivery_dag.py     31  0.04s             0           0
================================================================================
[2025-12-20T20:31:30.625+0000] {manager.py:879} INFO - 
================================================================================
DAG File Processing Stats

File Path                                      PID  Runtime      # DAGs    # Errors  Last Runtime    Last Run
-------------------------------------------  -----  ---------  --------  ----------  --------------  -------------------
/opt/airflow/dags/example_dag.py                                      1           0  0.06s           2025-12-20T20:31:00
/opt/airflow/dags/purchase_analytics_dag.py     40  0.03s             1           0  0.21s           2025-12-20T20:31:00
/opt/airflow/dags/warehouse_delivery_dag.py     41  0.01s             1           0  0.21s           2025-12-20T20:31:00
================================================================================
[2025-12-20T20:32:01.172+0000] {manager.py:879} INFO - 
================================================================================
DAG File Processing Stats

File Path                                      PID  Runtime      # DAGs    # Errors  Last Runtime    Last Run
-------------------------------------------  -----  ---------  --------  ----------  --------------  -------------------
/opt/airflow/dags/example_dag.py                                      1           0  0.20s           2025-12-20T20:31:31
/opt/airflow/dags/purchase_analytics_dag.py     62  0.03s             1           0  0.39s           2025-12-20T20:31:30
/opt/airflow/dags/warehouse_delivery_dag.py     63  0.00s             1           0  0.38s           2025-12-20T20:31:30
================================================================================
[2025-12-20T20:32:31.470+0000] {manager.py:879} INFO - 
================================================================================
DAG File Processing Stats

File Path                                      PID  Runtime      # DAGs    # Errors  Last Runtime    Last Run
-------------------------------------------  -----  ---------  --------  ----------  --------------  -------------------
/opt/airflow/dags/example_dag.py                                      1           0  0.07s           2025-12-20T20:32:01
/opt/airflow/dags/purchase_analytics_dag.py     72  0.03s             1           0  0.18s           2025-12-20T20:32:01
/opt/airflow/dags/warehouse_delivery_dag.py     73  0.00s             1           0  0.15s           2025-12-20T20:32:01
================================================================================
[2025-12-20T20:33:01.989+0000] {manager.py:879} INFO - 
================================================================================
DAG File Processing Stats

File Path                                      PID  Runtime      # DAGs    # Errors  Last Runtime    Last Run
-------------------------------------------  -----  ---------  --------  ----------  --------------  -------------------
/opt/airflow/dags/example_dag.py                                      1           0  0.06s           2025-12-20T20:32:31
/opt/airflow/dags/purchase_analytics_dag.py     94  0.04s             1           0  0.11s           2025-12-20T20:32:31
/opt/airflow/dags/warehouse_delivery_dag.py     95  0.00s             1           0  0.09s           2025-12-20T20:32:31
================================================================================
[2025-12-20T20:33:32.299+0000] {manager.py:879} INFO - 
================================================================================
DAG File Processing Stats

File Path                                      PID  Runtime      # DAGs    # Errors  Last Runtime    Last Run
-------------------------------------------  -----  ---------  --------  ----------  --------------  -------------------
/opt/airflow/dags/example_dag.py                                      1           0  0.09s           2025-12-20T20:33:02
/opt/airflow/dags/purchase_analytics_dag.py    104  0.02s             1           0  0.18s           2025-12-20T20:33:02
/opt/airflow/dags/warehouse_delivery_dag.py    105  0.01s             1           0  0.14s           2025-12-20T20:33:02
================================================================================
[2025-12-20T20:34:02.647+0000] {manager.py:879} INFO - 
================================================================================
DAG File Processing Stats

File Path                                      PID  Runtime      # DAGs    # Errors  Last Runtime    Last Run
-------------------------------------------  -----  ---------  --------  ----------  --------------  -------------------
/opt/airflow/dags/example_dag.py                                      1           0  0.06s           2025-12-20T20:33:32
/opt/airflow/dags/purchase_analytics_dag.py    114  0.02s             1           0  0.11s           2025-12-20T20:33:32
/opt/airflow/dags/warehouse_delivery_dag.py    115  0.00s             1           0  0.09s           2025-12-20T20:33:32
================================================================================
[2025-12-20T20:34:33.034+0000] {manager.py:879} INFO - 
================================================================================
DAG File Processing Stats

File Path                                      PID  Runtime      # DAGs    # Errors  Last Runtime    Last Run
-------------------------------------------  -----  ---------  --------  ----------  --------------  -------------------
/opt/airflow/dags/example_dag.py                                      1           0  0.06s           2025-12-20T20:34:02
/opt/airflow/dags/purchase_analytics_dag.py    124  0.02s             1           0  0.11s           2025-12-20T20:34:02
/opt/airflow/dags/warehouse_delivery_dag.py    125  0.01s             1           0  0.10s           2025-12-20T20:34:02
================================================================================
[2025-12-20T20:35:03.471+0000] {manager.py:879} INFO - 
================================================================================
DAG File Processing Stats

File Path                                      PID  Runtime      # DAGs    # Errors  Last Runtime    Last Run
-------------------------------------------  -----  ---------  --------  ----------  --------------  -------------------
/opt/airflow/dags/example_dag.py                                      1           0  0.06s           2025-12-20T20:34:33
/opt/airflow/dags/purchase_analytics_dag.py    127  0.03s             1           0  0.13s           2025-12-20T20:34:33
/opt/airflow/dags/warehouse_delivery_dag.py    128  0.01s             1           0  0.11s           2025-12-20T20:34:33
================================================================================
[2025-12-20T20:35:33.908+0000] {manager.py:879} INFO - 
================================================================================
DAG File Processing Stats

File Path                                      PID  Runtime      # DAGs    # Errors  Last Runtime    Last Run
-------------------------------------------  -----  ---------  --------  ----------  --------------  -------------------
/opt/airflow/dags/example_dag.py                                      1           0  0.06s           2025-12-20T20:35:03
/opt/airflow/dags/purchase_analytics_dag.py    137  0.03s             1           0  0.16s           2025-12-20T20:35:03
/opt/airflow/dags/warehouse_delivery_dag.py    138  0.01s             1           0  0.14s           2025-12-20T20:35:03
================================================================================
[2025-12-20T20:36:00.325+0000] {manager.py:738} INFO - Searching for files in /opt/airflow/dags
[2025-12-20T20:36:00.335+0000] {manager.py:741} INFO - There are 3 files in /opt/airflow/dags
[2025-12-20T20:36:04.435+0000] {manager.py:879} INFO - 
================================================================================
DAG File Processing Stats

File Path                                      PID  Runtime      # DAGs    # Errors  Last Runtime    Last Run
-------------------------------------------  -----  ---------  --------  ----------  --------------  -------------------
/opt/airflow/dags/example_dag.py                                      1           0  0.12s           2025-12-20T20:35:34
/opt/airflow/dags/purchase_analytics_dag.py    146  0.04s             1           0  0.18s           2025-12-20T20:35:34
/opt/airflow/dags/warehouse_delivery_dag.py    147  0.01s             1           0  0.15s           2025-12-20T20:35:34
================================================================================
[2025-12-20T20:36:35.471+0000] {manager.py:879} INFO - 
================================================================================
DAG File Processing Stats

File Path                                      PID  Runtime      # DAGs    # Errors  Last Runtime    Last Run
-------------------------------------------  -----  ---------  --------  ----------  --------------  -------------------
/opt/airflow/dags/example_dag.py                                      1           0  0.12s           2025-12-20T20:36:04
/opt/airflow/dags/purchase_analytics_dag.py    156  0.03s             1           0  0.46s           2025-12-20T20:36:04
/opt/airflow/dags/warehouse_delivery_dag.py    157  0.01s             1           0  0.42s           2025-12-20T20:36:04
================================================================================
[2025-12-20T20:37:06.241+0000] {manager.py:879} INFO - 
================================================================================
DAG File Processing Stats

File Path                                      PID  Runtime      # DAGs    # Errors  Last Runtime    Last Run
-------------------------------------------  -----  ---------  --------  ----------  --------------  -------------------
/opt/airflow/dags/example_dag.py                                      1           0  0.07s           2025-12-20T20:36:35
/opt/airflow/dags/purchase_analytics_dag.py    166  0.03s             1           0  0.15s           2025-12-20T20:36:35
/opt/airflow/dags/warehouse_delivery_dag.py    167  0.00s             1           0  0.14s           2025-12-20T20:36:35
================================================================================
[2025-12-20T20:37:36.653+0000] {manager.py:879} INFO - 
================================================================================
DAG File Processing Stats

File Path                                      PID  Runtime      # DAGs    # Errors  Last Runtime    Last Run
-------------------------------------------  -----  ---------  --------  ----------  --------------  -------------------
/opt/airflow/dags/example_dag.py                                      1           0  0.10s           2025-12-20T20:37:06
/opt/airflow/dags/purchase_analytics_dag.py    176  0.02s             1           0  0.16s           2025-12-20T20:37:06
/opt/airflow/dags/warehouse_delivery_dag.py    177  0.00s             1           0  0.14s           2025-12-20T20:37:06
================================================================================
[2025-12-20T20:38:07.067+0000] {manager.py:879} INFO - 
================================================================================
DAG File Processing Stats

File Path                                      PID  Runtime      # DAGs    # Errors  Last Runtime    Last Run
-------------------------------------------  -----  ---------  --------  ----------  --------------  -------------------
/opt/airflow/dags/example_dag.py                                      1           0  0.08s           2025-12-20T20:37:36
/opt/airflow/dags/purchase_analytics_dag.py    186  0.02s             1           0  0.13s           2025-12-20T20:37:36
/opt/airflow/dags/warehouse_delivery_dag.py    187  0.01s             1           0  0.12s           2025-12-20T20:37:36
================================================================================
[2025-12-20T20:38:37.572+0000] {manager.py:879} INFO - 
================================================================================
DAG File Processing Stats

File Path                                      PID  Runtime      # DAGs    # Errors  Last Runtime    Last Run
-------------------------------------------  -----  ---------  --------  ----------  --------------  -------------------
/opt/airflow/dags/example_dag.py                                      1           0  0.09s           2025-12-20T20:38:07
/opt/airflow/dags/purchase_analytics_dag.py    196  0.02s             1           0  0.16s           2025-12-20T20:38:07
/opt/airflow/dags/warehouse_delivery_dag.py    197  0.01s             1           0  0.15s           2025-12-20T20:38:07
================================================================================
[2025-12-20T20:39:08.063+0000] {manager.py:879} INFO - 
================================================================================
DAG File Processing Stats

File Path                                      PID  Runtime      # DAGs    # Errors  Last Runtime    Last Run
-------------------------------------------  -----  ---------  --------  ----------  --------------  -------------------
/opt/airflow/dags/example_dag.py                                      1           0  0.07s           2025-12-20T20:38:37
/opt/airflow/dags/purchase_analytics_dag.py    206  0.04s             1           0  0.18s           2025-12-20T20:38:37
/opt/airflow/dags/warehouse_delivery_dag.py    207  0.02s             1           0  0.16s           2025-12-20T20:38:37
================================================================================
[2025-12-20T20:39:38.599+0000] {manager.py:879} INFO - 
================================================================================
DAG File Processing Stats

File Path                                      PID  Runtime      # DAGs    # Errors  Last Runtime    Last Run
-------------------------------------------  -----  ---------  --------  ----------  --------------  -------------------
/opt/airflow/dags/example_dag.py                                      1           0  0.07s           2025-12-20T20:39:08
/opt/airflow/dags/purchase_analytics_dag.py    216  0.03s             1           0  0.22s           2025-12-20T20:39:08
/opt/airflow/dags/warehouse_delivery_dag.py    217  0.01s             1           0  0.20s           2025-12-20T20:39:08
================================================================================
[2025-12-20T20:40:09.105+0000] {manager.py:879} INFO - 
================================================================================
DAG File Processing Stats

File Path                                      PID  Runtime      # DAGs    # Errors  Last Runtime    Last Run
-------------------------------------------  -----  ---------  --------  ----------  --------------  -------------------
/opt/airflow/dags/example_dag.py                                      1           0  0.07s           2025-12-20T20:39:38
/opt/airflow/dags/purchase_analytics_dag.py    226  0.03s             1           0  0.19s           2025-12-20T20:39:38
/opt/airflow/dags/warehouse_delivery_dag.py    227  0.01s             1           0  0.18s           2025-12-20T20:39:38
================================================================================
[2025-12-20T20:40:39.565+0000] {manager.py:879} INFO - 
================================================================================
DAG File Processing Stats

File Path                                      PID  Runtime      # DAGs    # Errors  Last Runtime    Last Run
-------------------------------------------  -----  ---------  --------  ----------  --------------  -------------------
/opt/airflow/dags/example_dag.py                                      1           0  0.11s           2025-12-20T20:40:09
/opt/airflow/dags/purchase_analytics_dag.py    236  0.03s             1           0  0.20s           2025-12-20T20:40:09
/opt/airflow/dags/warehouse_delivery_dag.py    237  0.00s             1           0  0.17s           2025-12-20T20:40:09
================================================================================
[2025-12-20T20:41:00.911+0000] {manager.py:738} INFO - Searching for files in /opt/airflow/dags
[2025-12-20T20:41:00.921+0000] {manager.py:741} INFO - There are 3 files in /opt/airflow/dags
[2025-12-20T20:41:10.126+0000] {manager.py:879} INFO - 
================================================================================
DAG File Processing Stats

File Path                                      PID  Runtime      # DAGs    # Errors  Last Runtime    Last Run
-------------------------------------------  -----  ---------  --------  ----------  --------------  -------------------
/opt/airflow/dags/example_dag.py                                      1           0  0.09s           2025-12-20T20:40:39
/opt/airflow/dags/purchase_analytics_dag.py    246  0.03s             1           0  0.20s           2025-12-20T20:40:39
/opt/airflow/dags/warehouse_delivery_dag.py    247  0.01s             1           0  0.17s           2025-12-20T20:40:39
================================================================================
[2025-12-20T20:41:40.597+0000] {manager.py:879} INFO - 
================================================================================
DAG File Processing Stats

File Path                                      PID  Runtime      # DAGs    # Errors  Last Runtime    Last Run
-------------------------------------------  -----  ---------  --------  ----------  --------------  -------------------
/opt/airflow/dags/example_dag.py                                      1           0  0.09s           2025-12-20T20:41:10
/opt/airflow/dags/purchase_analytics_dag.py    256  0.03s             1           0  0.18s           2025-12-20T20:41:10
/opt/airflow/dags/warehouse_delivery_dag.py    257  0.01s             1           0  0.15s           2025-12-20T20:41:10
================================================================================
[2025-12-20T20:42:11.094+0000] {manager.py:879} INFO - 
================================================================================
DAG File Processing Stats

File Path                                      PID  Runtime      # DAGs    # Errors  Last Runtime    Last Run
-------------------------------------------  -----  ---------  --------  ----------  --------------  -------------------
/opt/airflow/dags/example_dag.py                                      1           0  0.11s           2025-12-20T20:41:40
/opt/airflow/dags/purchase_analytics_dag.py    266  0.03s             1           0  0.20s           2025-12-20T20:41:40
/opt/airflow/dags/warehouse_delivery_dag.py    267  0.01s             1           0  0.19s           2025-12-20T20:41:40
================================================================================
[2025-12-20T20:42:41.639+0000] {manager.py:879} INFO - 
================================================================================
DAG File Processing Stats

File Path                                      PID  Runtime      # DAGs    # Errors  Last Runtime    Last Run
-------------------------------------------  -----  ---------  --------  ----------  --------------  -------------------
/opt/airflow/dags/example_dag.py                                      1           0  0.07s           2025-12-20T20:42:11
/opt/airflow/dags/purchase_analytics_dag.py    276  0.03s             1           0  0.22s           2025-12-20T20:42:11
/opt/airflow/dags/warehouse_delivery_dag.py    277  0.01s             1           0  0.19s           2025-12-20T20:42:11
================================================================================
[2025-12-20T20:43:12.140+0000] {manager.py:879} INFO - 
================================================================================
DAG File Processing Stats

File Path                                      PID  Runtime      # DAGs    # Errors  Last Runtime    Last Run
-------------------------------------------  -----  ---------  --------  ----------  --------------  -------------------
/opt/airflow/dags/example_dag.py                                      1           0  0.08s           2025-12-20T20:42:41
/opt/airflow/dags/purchase_analytics_dag.py    286  0.03s             1           0  0.19s           2025-12-20T20:42:41
/opt/airflow/dags/warehouse_delivery_dag.py    287  0.00s             1           0  0.17s           2025-12-20T20:42:41
================================================================================
[2025-12-20T20:43:42.698+0000] {manager.py:879} INFO - 
================================================================================
DAG File Processing Stats

File Path                                      PID  Runtime      # DAGs    # Errors  Last Runtime    Last Run
-------------------------------------------  -----  ---------  --------  ----------  --------------  -------------------
/opt/airflow/dags/example_dag.py                                      1           0  0.07s           2025-12-20T20:43:12
/opt/airflow/dags/purchase_analytics_dag.py    296  0.03s             1           0  0.22s           2025-12-20T20:43:12
/opt/airflow/dags/warehouse_delivery_dag.py    297  0.01s             1           0  0.20s           2025-12-20T20:43:12
================================================================================
[2025-12-20T20:44:13.169+0000] {manager.py:879} INFO - 
================================================================================
DAG File Processing Stats

File Path                                      PID  Runtime      # DAGs    # Errors  Last Runtime    Last Run
-------------------------------------------  -----  ---------  --------  ----------  --------------  -------------------
/opt/airflow/dags/example_dag.py                                      1           0  0.06s           2025-12-20T20:43:42
/opt/airflow/dags/purchase_analytics_dag.py    306  0.02s             1           0  0.18s           2025-12-20T20:43:42
/opt/airflow/dags/warehouse_delivery_dag.py    307  0.01s             1           0  0.17s           2025-12-20T20:43:42
================================================================================
[2025-12-20T20:44:37.963+0000] {manager.py:451} INFO - Exiting gracefully upon receiving signal 15
[2025-12-21T15:22:52.916+0000] {manager.py:469} INFO - Processing files using up to 2 processes at a time 
[2025-12-21T15:22:52.916+0000] {manager.py:470} INFO - Process each file at most once every 30 seconds
[2025-12-21T15:22:52.917+0000] {manager.py:471} INFO - Checking for new files in /opt/airflow/dags every 300 seconds
[2025-12-21T15:22:52.917+0000] {manager.py:738} INFO - Searching for files in /opt/airflow/dags
[2025-12-21T15:22:52.924+0000] {manager.py:741} INFO - There are 3 files in /opt/airflow/dags
[2025-12-21T15:22:53.075+0000] {manager.py:879} INFO - 
================================================================================
DAG File Processing Stats

File Path                                      PID  Runtime      # DAGs    # Errors  Last Runtime    Last Run
-------------------------------------------  -----  ---------  --------  ----------  --------------  ----------
/opt/airflow/dags/example_dag.py                                      0           0
/opt/airflow/dags/purchase_analytics_dag.py     30  0.11s             0           0
/opt/airflow/dags/warehouse_delivery_dag.py     31  0.10s             0           0
================================================================================
[2025-12-21T15:23:23.466+0000] {manager.py:879} INFO - 
================================================================================
DAG File Processing Stats

File Path                                      PID  Runtime      # DAGs    # Errors  Last Runtime    Last Run
-------------------------------------------  -----  ---------  --------  ----------  --------------  -------------------
/opt/airflow/dags/example_dag.py                                      1           0  0.10s           2025-12-21T15:22:53
/opt/airflow/dags/purchase_analytics_dag.py    114  0.04s             1           0  0.25s           2025-12-21T15:22:53
/opt/airflow/dags/warehouse_delivery_dag.py    115  0.01s             1           0  0.22s           2025-12-21T15:22:53
================================================================================
[2025-12-21T15:23:53.605+0000] {manager.py:879} INFO - 
================================================================================
DAG File Processing Stats

File Path                                    PID    Runtime      # DAGs    # Errors  Last Runtime    Last Run
-------------------------------------------  -----  ---------  --------  ----------  --------------  -------------------
/opt/airflow/dags/example_dag.py                                      1           0  0.19s           2025-12-21T15:23:24
/opt/airflow/dags/purchase_analytics_dag.py                           1           0  0.69s           2025-12-21T15:23:24
/opt/airflow/dags/warehouse_delivery_dag.py                           1           0  0.64s           2025-12-21T15:23:24
================================================================================
[2025-12-21T15:24:24.435+0000] {manager.py:879} INFO - 
================================================================================
DAG File Processing Stats

File Path                                    PID    Runtime      # DAGs    # Errors  Last Runtime    Last Run
-------------------------------------------  -----  ---------  --------  ----------  --------------  -------------------
/opt/airflow/dags/example_dag.py                                      1           0  0.07s           2025-12-21T15:23:54
/opt/airflow/dags/purchase_analytics_dag.py                           1           0  0.20s           2025-12-21T15:23:54
/opt/airflow/dags/warehouse_delivery_dag.py                           1           0  0.19s           2025-12-21T15:23:54
================================================================================
[2025-12-21T15:24:54.744+0000] {manager.py:879} INFO - 
================================================================================
DAG File Processing Stats

File Path                                    PID    Runtime      # DAGs    # Errors  Last Runtime    Last Run
-------------------------------------------  -----  ---------  --------  ----------  --------------  -------------------
/opt/airflow/dags/example_dag.py                                      1           0  0.06s           2025-12-21T15:24:25
/opt/airflow/dags/purchase_analytics_dag.py                           1           0  0.13s           2025-12-21T15:24:25
/opt/airflow/dags/warehouse_delivery_dag.py                           1           0  0.11s           2025-12-21T15:24:25
================================================================================
[2025-12-21T15:25:25.267+0000] {manager.py:879} INFO - 
================================================================================
DAG File Processing Stats

File Path                                      PID  Runtime      # DAGs    # Errors  Last Runtime    Last Run
-------------------------------------------  -----  ---------  --------  ----------  --------------  -------------------
/opt/airflow/dags/example_dag.py                                      1           0  0.10s           2025-12-21T15:24:56
/opt/airflow/dags/purchase_analytics_dag.py                           1           0  0.20s           2025-12-21T15:24:55
/opt/airflow/dags/warehouse_delivery_dag.py    167  0.01s             1           0  0.25s           2025-12-21T15:25:02
================================================================================
[2025-12-21T15:25:48.277+0000] {manager.py:451} INFO - Exiting gracefully upon receiving signal 15
[2025-12-21T15:31:57.342+0000] {manager.py:469} INFO - Processing files using up to 2 processes at a time 
[2025-12-21T15:31:57.343+0000] {manager.py:470} INFO - Process each file at most once every 30 seconds
[2025-12-21T15:31:57.343+0000] {manager.py:471} INFO - Checking for new files in /opt/airflow/dags every 300 seconds
[2025-12-21T15:31:57.343+0000] {manager.py:738} INFO - Searching for files in /opt/airflow/dags
[2025-12-21T15:31:57.351+0000] {manager.py:741} INFO - There are 3 files in /opt/airflow/dags
[2025-12-21T15:31:57.911+0000] {manager.py:879} INFO - 
================================================================================
DAG File Processing Stats

File Path                                      PID  Runtime      # DAGs    # Errors  Last Runtime    Last Run
-------------------------------------------  -----  ---------  --------  ----------  --------------  ----------
/opt/airflow/dags/example_dag.py                                      0           0
/opt/airflow/dags/purchase_analytics_dag.py     31  0.07s             0           0
/opt/airflow/dags/warehouse_delivery_dag.py     30  0.09s             0           0
================================================================================
[2025-12-21T15:32:28.673+0000] {manager.py:879} INFO - 
================================================================================
DAG File Processing Stats

File Path                                      PID  Runtime      # DAGs    # Errors  Last Runtime    Last Run
-------------------------------------------  -----  ---------  --------  ----------  --------------  -------------------
/opt/airflow/dags/example_dag.py                                      1           0  0.12s           2025-12-21T15:31:58
/opt/airflow/dags/purchase_analytics_dag.py     43  0.00s             1           0  0.29s           2025-12-21T15:31:58
/opt/airflow/dags/warehouse_delivery_dag.py     42  0.03s             1           0  0.29s           2025-12-21T15:31:58
================================================================================
[2025-12-21T15:32:59.318+0000] {manager.py:879} INFO - 
================================================================================
DAG File Processing Stats

File Path                                      PID  Runtime      # DAGs    # Errors  Last Runtime    Last Run
-------------------------------------------  -----  ---------  --------  ----------  --------------  -------------------
/opt/airflow/dags/example_dag.py                                      1           0  0.16s           2025-12-21T15:32:29
/opt/airflow/dags/purchase_analytics_dag.py     63  0.00s             1           0  0.42s           2025-12-21T15:32:29
/opt/airflow/dags/warehouse_delivery_dag.py     62  0.02s             1           0  0.45s           2025-12-21T15:32:29
================================================================================
[2025-12-21T15:33:29.829+0000] {manager.py:879} INFO - 
================================================================================
DAG File Processing Stats

File Path                                      PID  Runtime      # DAGs    # Errors  Last Runtime    Last Run
-------------------------------------------  -----  ---------  --------  ----------  --------------  -------------------
/opt/airflow/dags/example_dag.py                                      1           0  0.07s           2025-12-21T15:32:59
/opt/airflow/dags/purchase_analytics_dag.py     85  0.00s             1           0  0.15s           2025-12-21T15:32:59
/opt/airflow/dags/warehouse_delivery_dag.py     84  0.01s             1           0  0.16s           2025-12-21T15:32:59
================================================================================
[2025-12-21T15:34:00.214+0000] {manager.py:879} INFO - 
================================================================================
DAG File Processing Stats

File Path                                      PID  Runtime      # DAGs    # Errors  Last Runtime    Last Run
-------------------------------------------  -----  ---------  --------  ----------  --------------  -------------------
/opt/airflow/dags/example_dag.py                                      1           0  0.07s           2025-12-21T15:33:30
/opt/airflow/dags/purchase_analytics_dag.py     95  0.01s             1           0  0.12s           2025-12-21T15:33:29
/opt/airflow/dags/warehouse_delivery_dag.py     94  0.04s             1           0  0.13s           2025-12-21T15:33:29
================================================================================
[2025-12-21T15:34:30.541+0000] {manager.py:879} INFO - 
================================================================================
DAG File Processing Stats

File Path                                      PID  Runtime      # DAGs    # Errors  Last Runtime    Last Run
-------------------------------------------  -----  ---------  --------  ----------  --------------  -------------------
/opt/airflow/dags/example_dag.py                                      1           0  0.08s           2025-12-21T15:34:00
/opt/airflow/dags/purchase_analytics_dag.py    105  0.01s             1           0  0.14s           2025-12-21T15:34:00
/opt/airflow/dags/warehouse_delivery_dag.py    104  0.02s             1           0  0.18s           2025-12-21T15:34:00
================================================================================
[2025-12-21T15:35:01.009+0000] {manager.py:879} INFO - 
================================================================================
DAG File Processing Stats

File Path                                      PID  Runtime      # DAGs    # Errors  Last Runtime    Last Run
-------------------------------------------  -----  ---------  --------  ----------  --------------  -------------------
/opt/airflow/dags/example_dag.py                                      1           0  0.07s           2025-12-21T15:34:30
/opt/airflow/dags/purchase_analytics_dag.py    115  0.00s             1           0  0.11s           2025-12-21T15:34:30
/opt/airflow/dags/warehouse_delivery_dag.py    114  0.01s             1           0  0.12s           2025-12-21T15:34:30
================================================================================
[2025-12-21T15:35:31.295+0000] {manager.py:879} INFO - 
================================================================================
DAG File Processing Stats

File Path                                      PID  Runtime      # DAGs    # Errors  Last Runtime    Last Run
-------------------------------------------  -----  ---------  --------  ----------  --------------  -------------------
/opt/airflow/dags/example_dag.py                                      1           0  0.07s           2025-12-21T15:35:01
/opt/airflow/dags/purchase_analytics_dag.py    125  0.00s             1           0  0.11s           2025-12-21T15:35:01
/opt/airflow/dags/warehouse_delivery_dag.py    124  0.01s             1           0  0.12s           2025-12-21T15:35:01
================================================================================
[2025-12-21T15:36:01.564+0000] {manager.py:879} INFO - 
================================================================================
DAG File Processing Stats

File Path                                      PID  Runtime      # DAGs    # Errors  Last Runtime    Last Run
-------------------------------------------  -----  ---------  --------  ----------  --------------  -------------------
/opt/airflow/dags/example_dag.py                                      1           0  0.10s           2025-12-21T15:35:31
/opt/airflow/dags/purchase_analytics_dag.py    134  0.00s             1           0  0.10s           2025-12-21T15:35:31
/opt/airflow/dags/warehouse_delivery_dag.py    133  0.02s             1           0  0.11s           2025-12-21T15:35:31
================================================================================
[2025-12-21T15:36:32.011+0000] {manager.py:879} INFO - 
================================================================================
DAG File Processing Stats

File Path                                      PID  Runtime      # DAGs    # Errors  Last Runtime    Last Run
-------------------------------------------  -----  ---------  --------  ----------  --------------  -------------------
/opt/airflow/dags/example_dag.py                                      1           0  0.08s           2025-12-21T15:36:01
/opt/airflow/dags/purchase_analytics_dag.py    138  0.00s             1           0  0.15s           2025-12-21T15:36:01
/opt/airflow/dags/warehouse_delivery_dag.py    137  0.02s             1           0  0.16s           2025-12-21T15:36:01
================================================================================
[2025-12-21T15:36:58.243+0000] {manager.py:738} INFO - Searching for files in /opt/airflow/dags
[2025-12-21T15:36:58.260+0000] {manager.py:741} INFO - There are 3 files in /opt/airflow/dags
[2025-12-21T15:37:02.323+0000] {manager.py:879} INFO - 
================================================================================
DAG File Processing Stats

File Path                                      PID  Runtime      # DAGs    # Errors  Last Runtime    Last Run
-------------------------------------------  -----  ---------  --------  ----------  --------------  -------------------
/opt/airflow/dags/example_dag.py                                      1           0  0.08s           2025-12-21T15:36:32
/opt/airflow/dags/purchase_analytics_dag.py    148  0.00s             1           0  0.13s           2025-12-21T15:36:32
/opt/airflow/dags/warehouse_delivery_dag.py    147  0.03s             1           0  0.16s           2025-12-21T15:36:32
================================================================================
[2025-12-21T15:37:32.820+0000] {manager.py:879} INFO - 
================================================================================
DAG File Processing Stats

File Path                                      PID  Runtime      # DAGs    # Errors  Last Runtime    Last Run
-------------------------------------------  -----  ---------  --------  ----------  --------------  -------------------
/opt/airflow/dags/example_dag.py                                      1           0  0.07s           2025-12-21T15:37:02
/opt/airflow/dags/purchase_analytics_dag.py    158  0.01s             1           0  0.16s           2025-12-21T15:37:02
/opt/airflow/dags/warehouse_delivery_dag.py    157  0.02s             1           0  0.18s           2025-12-21T15:37:02
================================================================================
[2025-12-21T15:38:03.495+0000] {manager.py:879} INFO - 
================================================================================
DAG File Processing Stats

File Path                                      PID  Runtime      # DAGs    # Errors  Last Runtime    Last Run
-------------------------------------------  -----  ---------  --------  ----------  --------------  -------------------
/opt/airflow/dags/example_dag.py                                      1           0  0.09s           2025-12-21T15:37:33
/opt/airflow/dags/purchase_analytics_dag.py    168  0.00s             1           0  0.18s           2025-12-21T15:37:32
/opt/airflow/dags/warehouse_delivery_dag.py    167  0.02s             1           0  0.19s           2025-12-21T15:37:32
================================================================================
[2025-12-21T15:38:33.956+0000] {manager.py:879} INFO - 
================================================================================
DAG File Processing Stats

File Path                                      PID  Runtime      # DAGs    # Errors  Last Runtime    Last Run
-------------------------------------------  -----  ---------  --------  ----------  --------------  -------------------
/opt/airflow/dags/example_dag.py                                      1           0  0.09s           2025-12-21T15:38:03
/opt/airflow/dags/purchase_analytics_dag.py    178  0.00s             1           0  0.17s           2025-12-21T15:38:03
/opt/airflow/dags/warehouse_delivery_dag.py    177  0.02s             1           0  0.19s           2025-12-21T15:38:03
================================================================================
[2025-12-21T15:39:04.427+0000] {manager.py:879} INFO - 
================================================================================
DAG File Processing Stats

File Path                                      PID  Runtime      # DAGs    # Errors  Last Runtime    Last Run
-------------------------------------------  -----  ---------  --------  ----------  --------------  -------------------
/opt/airflow/dags/example_dag.py                                      1           0  0.07s           2025-12-21T15:38:34
/opt/airflow/dags/purchase_analytics_dag.py    188  0.01s             1           0  0.15s           2025-12-21T15:38:34
/opt/airflow/dags/warehouse_delivery_dag.py    187  0.02s             1           0  0.17s           2025-12-21T15:38:34
================================================================================
[2025-12-21T15:39:21.444+0000] {manager.py:451} INFO - Exiting gracefully upon receiving signal 15
[2025-12-21T15:45:26.414+0000] {manager.py:469} INFO - Processing files using up to 2 processes at a time 
[2025-12-21T15:45:26.415+0000] {manager.py:470} INFO - Process each file at most once every 30 seconds
[2025-12-21T15:45:26.415+0000] {manager.py:471} INFO - Checking for new files in /opt/airflow/dags every 300 seconds
[2025-12-21T15:45:26.415+0000] {manager.py:738} INFO - Searching for files in /opt/airflow/dags
[2025-12-21T15:45:26.421+0000] {manager.py:741} INFO - There are 3 files in /opt/airflow/dags
[2025-12-21T15:45:26.537+0000] {manager.py:879} INFO - 
================================================================================
DAG File Processing Stats

File Path                                      PID  Runtime      # DAGs    # Errors  Last Runtime    Last Run
-------------------------------------------  -----  ---------  --------  ----------  --------------  ----------
/opt/airflow/dags/example_dag.py                                      0           0
/opt/airflow/dags/purchase_analytics_dag.py     31  0.05s             0           0
/opt/airflow/dags/warehouse_delivery_dag.py     30  0.06s             0           0
================================================================================
[2025-12-21T15:45:56.783+0000] {manager.py:879} INFO - 
================================================================================
DAG File Processing Stats

File Path                                      PID  Runtime      # DAGs    # Errors  Last Runtime    Last Run
-------------------------------------------  -----  ---------  --------  ----------  --------------  -------------------
/opt/airflow/dags/example_dag.py                                      1           0  0.07s           2025-12-21T15:45:26
/opt/airflow/dags/purchase_analytics_dag.py     41  0.01s             1           0  0.13s           2025-12-21T15:45:26
/opt/airflow/dags/warehouse_delivery_dag.py     40  0.03s             1           0  0.13s           2025-12-21T15:45:26
================================================================================
[2025-12-21T15:46:27.316+0000] {manager.py:879} INFO - 
================================================================================
DAG File Processing Stats

File Path                                      PID  Runtime      # DAGs    # Errors  Last Runtime    Last Run
-------------------------------------------  -----  ---------  --------  ----------  --------------  -------------------
/opt/airflow/dags/example_dag.py                                      1           0  0.12s           2025-12-21T15:45:57
/opt/airflow/dags/purchase_analytics_dag.py     51  0.00s             1           0  0.31s           2025-12-21T15:45:57
/opt/airflow/dags/warehouse_delivery_dag.py     50  0.02s             1           0  0.33s           2025-12-21T15:45:57
================================================================================
[2025-12-21T15:46:57.710+0000] {manager.py:879} INFO - 
================================================================================
DAG File Processing Stats

File Path                                      PID  Runtime      # DAGs    # Errors  Last Runtime    Last Run
-------------------------------------------  -----  ---------  --------  ----------  --------------  -------------------
/opt/airflow/dags/example_dag.py                                      1           0  0.10s           2025-12-21T15:46:27
/opt/airflow/dags/purchase_analytics_dag.py     61  0.01s             1           0  0.14s           2025-12-21T15:46:27
/opt/airflow/dags/warehouse_delivery_dag.py     60  0.05s             1           0  0.16s           2025-12-21T15:46:27
================================================================================
[2025-12-21T15:47:28.137+0000] {manager.py:879} INFO - 
================================================================================
DAG File Processing Stats

File Path                                      PID  Runtime      # DAGs    # Errors  Last Runtime    Last Run
-------------------------------------------  -----  ---------  --------  ----------  --------------  -------------------
/opt/airflow/dags/example_dag.py                                      1           0  0.08s           2025-12-21T15:46:58
/opt/airflow/dags/purchase_analytics_dag.py     83  0.00s             1           0  0.22s           2025-12-21T15:46:57
/opt/airflow/dags/warehouse_delivery_dag.py     82  0.03s             1           0  0.25s           2025-12-21T15:46:57
================================================================================
[2025-12-21T15:47:58.569+0000] {manager.py:879} INFO - 
================================================================================
DAG File Processing Stats

File Path                                      PID  Runtime      # DAGs    # Errors  Last Runtime    Last Run
-------------------------------------------  -----  ---------  --------  ----------  --------------  -------------------
/opt/airflow/dags/example_dag.py                                      1           0  0.09s           2025-12-21T15:47:28
/opt/airflow/dags/purchase_analytics_dag.py    129  0.01s             1           0  0.20s           2025-12-21T15:47:28
/opt/airflow/dags/warehouse_delivery_dag.py    128  0.03s             1           0  0.21s           2025-12-21T15:47:28
================================================================================
[2025-12-21T15:48:28.934+0000] {manager.py:879} INFO - 
================================================================================
DAG File Processing Stats

File Path                                      PID  Runtime      # DAGs    # Errors  Last Runtime    Last Run
-------------------------------------------  -----  ---------  --------  ----------  --------------  -------------------
/opt/airflow/dags/example_dag.py                                      1           0  0.09s           2025-12-21T15:47:58
/opt/airflow/dags/purchase_analytics_dag.py    138  0.00s             1           0  0.18s           2025-12-21T15:47:58
/opt/airflow/dags/warehouse_delivery_dag.py    137  0.02s             1           0  0.20s           2025-12-21T15:47:58
================================================================================
[2025-12-21T15:48:59.402+0000] {manager.py:879} INFO - 
================================================================================
DAG File Processing Stats

File Path                                      PID  Runtime      # DAGs    # Errors  Last Runtime    Last Run
-------------------------------------------  -----  ---------  --------  ----------  --------------  -------------------
/opt/airflow/dags/example_dag.py                                      1           0  0.10s           2025-12-21T15:48:29
/opt/airflow/dags/purchase_analytics_dag.py    142  0.01s             1           0  0.16s           2025-12-21T15:48:29
/opt/airflow/dags/warehouse_delivery_dag.py    141  0.04s             1           0  0.17s           2025-12-21T15:48:29
================================================================================
[2025-12-21T15:49:29.769+0000] {manager.py:879} INFO - 
================================================================================
DAG File Processing Stats

File Path                                      PID  Runtime      # DAGs    # Errors  Last Runtime    Last Run
-------------------------------------------  -----  ---------  --------  ----------  --------------  -------------------
/opt/airflow/dags/example_dag.py                                      1           0  0.12s           2025-12-21T15:48:59
/opt/airflow/dags/purchase_analytics_dag.py    153  0.00s             1           0  0.17s           2025-12-21T15:48:59
/opt/airflow/dags/warehouse_delivery_dag.py    152  0.02s             1           0  0.19s           2025-12-21T15:48:59
================================================================================
[2025-12-21T15:50:00.287+0000] {manager.py:879} INFO - 
================================================================================
DAG File Processing Stats

File Path                                      PID  Runtime      # DAGs    # Errors  Last Runtime    Last Run
-------------------------------------------  -----  ---------  --------  ----------  --------------  -------------------
/opt/airflow/dags/example_dag.py                                      1           0  0.09s           2025-12-21T15:49:30
/opt/airflow/dags/purchase_analytics_dag.py    163  0.00s             1           0  0.15s           2025-12-21T15:49:29
/opt/airflow/dags/warehouse_delivery_dag.py    162  0.03s             1           0  0.17s           2025-12-21T15:49:29
================================================================================
[2025-12-21T15:50:27.128+0000] {manager.py:738} INFO - Searching for files in /opt/airflow/dags
[2025-12-21T15:50:27.156+0000] {manager.py:741} INFO - There are 3 files in /opt/airflow/dags
[2025-12-21T15:50:31.227+0000] {manager.py:879} INFO - 
================================================================================
DAG File Processing Stats

File Path                                      PID  Runtime      # DAGs    # Errors  Last Runtime    Last Run
-------------------------------------------  -----  ---------  --------  ----------  --------------  -------------------
/opt/airflow/dags/example_dag.py                                      1           0  0.09s           2025-12-21T15:50:00
/opt/airflow/dags/purchase_analytics_dag.py    173  0.01s             1           0  0.28s           2025-12-21T15:50:00
/opt/airflow/dags/warehouse_delivery_dag.py    172  0.03s             1           0  0.32s           2025-12-21T15:50:00
================================================================================
[2025-12-21T15:50:34.015+0000] {manager.py:451} INFO - Exiting gracefully upon receiving signal 15
[2025-12-21T15:56:36.505+0000] {manager.py:469} INFO - Processing files using up to 2 processes at a time 
[2025-12-21T15:56:36.506+0000] {manager.py:470} INFO - Process each file at most once every 30 seconds
[2025-12-21T15:56:36.506+0000] {manager.py:471} INFO - Checking for new files in /opt/airflow/dags every 300 seconds
[2025-12-21T15:56:36.506+0000] {manager.py:738} INFO - Searching for files in /opt/airflow/dags
[2025-12-21T15:56:36.513+0000] {manager.py:741} INFO - There are 3 files in /opt/airflow/dags
[2025-12-21T15:56:36.602+0000] {manager.py:879} INFO - 
================================================================================
DAG File Processing Stats

File Path                                      PID  Runtime      # DAGs    # Errors  Last Runtime    Last Run
-------------------------------------------  -----  ---------  --------  ----------  --------------  ----------
/opt/airflow/dags/example_dag.py                                      0           0
/opt/airflow/dags/purchase_analytics_dag.py     31  0.04s             0           0
/opt/airflow/dags/warehouse_delivery_dag.py     30  0.05s             0           0
================================================================================
[2025-12-21T15:57:07.119+0000] {manager.py:879} INFO - 
================================================================================
DAG File Processing Stats

File Path                                      PID  Runtime      # DAGs    # Errors  Last Runtime    Last Run
-------------------------------------------  -----  ---------  --------  ----------  --------------  -------------------
/opt/airflow/dags/example_dag.py                                      1           0  0.07s           2025-12-21T15:56:36
/opt/airflow/dags/purchase_analytics_dag.py     41  0.01s             1           0  0.13s           2025-12-21T15:56:36
/opt/airflow/dags/warehouse_delivery_dag.py     40  0.03s             1           0  0.13s           2025-12-21T15:56:36
================================================================================
[2025-12-21T15:57:37.647+0000] {manager.py:879} INFO - 
================================================================================
DAG File Processing Stats

File Path                                      PID  Runtime      # DAGs    # Errors  Last Runtime    Last Run
-------------------------------------------  -----  ---------  --------  ----------  --------------  -------------------
/opt/airflow/dags/example_dag.py                                      1           0  0.22s           2025-12-21T15:57:07
/opt/airflow/dags/purchase_analytics_dag.py     76  0.00s             1           0  0.33s           2025-12-21T15:57:07
/opt/airflow/dags/warehouse_delivery_dag.py     75  0.01s             1           0  0.36s           2025-12-21T15:57:07
================================================================================
[2025-12-21T15:58:07.923+0000] {manager.py:879} INFO - 
================================================================================
DAG File Processing Stats

File Path                                      PID  Runtime      # DAGs    # Errors  Last Runtime    Last Run
-------------------------------------------  -----  ---------  --------  ----------  --------------  -------------------
/opt/airflow/dags/example_dag.py                                      1           0  0.09s           2025-12-21T15:57:37
/opt/airflow/dags/purchase_analytics_dag.py    109  0.00s             1           0  0.11s           2025-12-21T15:57:37
/opt/airflow/dags/warehouse_delivery_dag.py    108  0.03s             1           0  0.12s           2025-12-21T15:57:37
================================================================================
[2025-12-21T15:58:38.718+0000] {manager.py:879} INFO - 
================================================================================
DAG File Processing Stats

File Path                                      PID  Runtime      # DAGs    # Errors  Last Runtime    Last Run
-------------------------------------------  -----  ---------  --------  ----------  --------------  -------------------
/opt/airflow/dags/example_dag.py               121  0.00s             1           0  0.13s           2025-12-21T15:58:08
/opt/airflow/dags/purchase_analytics_dag.py    120  0.01s             1           0  0.15s           2025-12-21T15:58:08
/opt/airflow/dags/warehouse_delivery_dag.py                           1           0  0.15s           2025-12-21T15:58:36
================================================================================
[2025-12-21T15:58:55.762+0000] {manager.py:451} INFO - Exiting gracefully upon receiving signal 15
[2025-12-21T16:05:06.015+0000] {manager.py:469} INFO - Processing files using up to 2 processes at a time 
[2025-12-21T16:05:06.016+0000] {manager.py:470} INFO - Process each file at most once every 30 seconds
[2025-12-21T16:05:06.016+0000] {manager.py:471} INFO - Checking for new files in /opt/airflow/dags every 300 seconds
[2025-12-21T16:05:06.017+0000] {manager.py:738} INFO - Searching for files in /opt/airflow/dags
[2025-12-21T16:05:06.024+0000] {manager.py:741} INFO - There are 3 files in /opt/airflow/dags
[2025-12-21T16:05:06.143+0000] {manager.py:879} INFO - 
================================================================================
DAG File Processing Stats

File Path                                      PID  Runtime      # DAGs    # Errors  Last Runtime    Last Run
-------------------------------------------  -----  ---------  --------  ----------  --------------  ----------
/opt/airflow/dags/example_dag.py                                      0           0
/opt/airflow/dags/purchase_analytics_dag.py     31  0.06s             0           0
/opt/airflow/dags/warehouse_delivery_dag.py     30  0.06s             0           0
================================================================================
[2025-12-21T16:05:36.486+0000] {manager.py:879} INFO - 
================================================================================
DAG File Processing Stats

File Path                                      PID  Runtime      # DAGs    # Errors  Last Runtime    Last Run
-------------------------------------------  -----  ---------  --------  ----------  --------------  -------------------
/opt/airflow/dags/example_dag.py                                      1           0  0.08s           2025-12-21T16:05:06
/opt/airflow/dags/purchase_analytics_dag.py     41  0.01s             1           0  0.16s           2025-12-21T16:05:06
/opt/airflow/dags/warehouse_delivery_dag.py     40  0.03s             1           0  0.17s           2025-12-21T16:05:06
================================================================================
[2025-12-21T16:06:06.930+0000] {manager.py:879} INFO - 
================================================================================
DAG File Processing Stats

File Path                                      PID  Runtime      # DAGs    # Errors  Last Runtime    Last Run
-------------------------------------------  -----  ---------  --------  ----------  --------------  -------------------
/opt/airflow/dags/example_dag.py                                      1           0  0.14s           2025-12-21T16:05:36
/opt/airflow/dags/purchase_analytics_dag.py     75  0.00s             1           0  0.30s           2025-12-21T16:05:36
/opt/airflow/dags/warehouse_delivery_dag.py     74  0.01s             1           0  0.32s           2025-12-21T16:05:36
================================================================================
[2025-12-21T16:06:37.300+0000] {manager.py:879} INFO - 
================================================================================
DAG File Processing Stats

File Path                                      PID  Runtime      # DAGs    # Errors  Last Runtime    Last Run
-------------------------------------------  -----  ---------  --------  ----------  --------------  -------------------
/opt/airflow/dags/example_dag.py                                      1           0  0.07s           2025-12-21T16:06:07
/opt/airflow/dags/purchase_analytics_dag.py     85  0.00s             1           0  0.12s           2025-12-21T16:06:07
/opt/airflow/dags/warehouse_delivery_dag.py     84  0.03s             1           0  0.13s           2025-12-21T16:06:07
================================================================================
[2025-12-21T16:07:07.579+0000] {manager.py:879} INFO - 
================================================================================
DAG File Processing Stats

File Path                                      PID  Runtime      # DAGs    # Errors  Last Runtime    Last Run
-------------------------------------------  -----  ---------  --------  ----------  --------------  -------------------
/opt/airflow/dags/example_dag.py                                      1           0  0.08s           2025-12-21T16:06:37
/opt/airflow/dags/purchase_analytics_dag.py     95  0.00s             1           0  0.13s           2025-12-21T16:06:37
/opt/airflow/dags/warehouse_delivery_dag.py     94  0.01s             1           0  0.16s           2025-12-21T16:06:37
================================================================================
[2025-12-21T16:07:37.871+0000] {manager.py:879} INFO - 
================================================================================
DAG File Processing Stats

File Path                                      PID  Runtime      # DAGs    # Errors  Last Runtime    Last Run
-------------------------------------------  -----  ---------  --------  ----------  --------------  -------------------
/opt/airflow/dags/example_dag.py                                      1           0  0.07s           2025-12-21T16:07:07
/opt/airflow/dags/purchase_analytics_dag.py    105  0.00s             1           0  0.12s           2025-12-21T16:07:07
/opt/airflow/dags/warehouse_delivery_dag.py    104  0.01s             1           0  0.13s           2025-12-21T16:07:07
================================================================================
[2025-12-21T16:08:08.136+0000] {manager.py:879} INFO - 
================================================================================
DAG File Processing Stats

File Path                                      PID  Runtime      # DAGs    # Errors  Last Runtime    Last Run
-------------------------------------------  -----  ---------  --------  ----------  --------------  -------------------
/opt/airflow/dags/example_dag.py                                      1           0  0.07s           2025-12-21T16:07:38
/opt/airflow/dags/purchase_analytics_dag.py    115  0.01s             1           0  0.12s           2025-12-21T16:07:37
/opt/airflow/dags/warehouse_delivery_dag.py    114  0.01s             1           0  0.12s           2025-12-21T16:07:37
================================================================================
[2025-12-21T16:08:38.464+0000] {manager.py:879} INFO - 
================================================================================
DAG File Processing Stats

File Path                                      PID  Runtime      # DAGs    # Errors  Last Runtime    Last Run
-------------------------------------------  -----  ---------  --------  ----------  --------------  -------------------
/opt/airflow/dags/example_dag.py                                      1           0  0.07s           2025-12-21T16:08:08
/opt/airflow/dags/purchase_analytics_dag.py    118  0.01s             1           0  0.13s           2025-12-21T16:08:08
/opt/airflow/dags/warehouse_delivery_dag.py    117  0.05s             1           0  0.14s           2025-12-21T16:08:08
================================================================================
[2025-12-21T16:09:08.860+0000] {manager.py:879} INFO - 
================================================================================
DAG File Processing Stats

File Path                                      PID  Runtime      # DAGs    # Errors  Last Runtime    Last Run
-------------------------------------------  -----  ---------  --------  ----------  --------------  -------------------
/opt/airflow/dags/example_dag.py                                      1           0  0.07s           2025-12-21T16:08:38
/opt/airflow/dags/purchase_analytics_dag.py    128  0.00s             1           0  0.24s           2025-12-21T16:08:38
/opt/airflow/dags/warehouse_delivery_dag.py    127  0.02s             1           0  0.28s           2025-12-21T16:08:38
================================================================================
[2025-12-21T16:09:39.144+0000] {manager.py:879} INFO - 
================================================================================
DAG File Processing Stats

File Path                                      PID  Runtime      # DAGs    # Errors  Last Runtime    Last Run
-------------------------------------------  -----  ---------  --------  ----------  --------------  -------------------
/opt/airflow/dags/example_dag.py                                      1           0  0.07s           2025-12-21T16:09:09
/opt/airflow/dags/purchase_analytics_dag.py    138  0.00s             1           0  0.12s           2025-12-21T16:09:08
/opt/airflow/dags/warehouse_delivery_dag.py    137  0.03s             1           0  0.14s           2025-12-21T16:09:08
================================================================================
[2025-12-21T16:10:06.490+0000] {manager.py:738} INFO - Searching for files in /opt/airflow/dags
[2025-12-21T16:10:06.498+0000] {manager.py:741} INFO - There are 3 files in /opt/airflow/dags
[2025-12-21T16:10:09.568+0000] {manager.py:879} INFO - 
================================================================================
DAG File Processing Stats

File Path                                      PID  Runtime      # DAGs    # Errors  Last Runtime    Last Run
-------------------------------------------  -----  ---------  --------  ----------  --------------  -------------------
/opt/airflow/dags/example_dag.py                                      1           0  0.10s           2025-12-21T16:09:39
/opt/airflow/dags/purchase_analytics_dag.py    148  0.01s             1           0  0.14s           2025-12-21T16:09:39
/opt/airflow/dags/warehouse_delivery_dag.py    147  0.03s             1           0  0.15s           2025-12-21T16:09:39
================================================================================
[2025-12-21T16:10:40.142+0000] {manager.py:879} INFO - 
================================================================================
DAG File Processing Stats

File Path                                      PID  Runtime      # DAGs    # Errors  Last Runtime    Last Run
-------------------------------------------  -----  ---------  --------  ----------  --------------  -------------------
/opt/airflow/dags/example_dag.py                                      1           0  0.07s           2025-12-21T16:10:09
/opt/airflow/dags/purchase_analytics_dag.py    158  0.01s             1           0  0.19s           2025-12-21T16:10:09
/opt/airflow/dags/warehouse_delivery_dag.py    157  0.04s             1           0  0.22s           2025-12-21T16:10:09
================================================================================
[2025-12-21T16:11:10.570+0000] {manager.py:879} INFO - 
================================================================================
DAG File Processing Stats

File Path                                      PID  Runtime      # DAGs    # Errors  Last Runtime    Last Run
-------------------------------------------  -----  ---------  --------  ----------  --------------  -------------------
/opt/airflow/dags/example_dag.py                                      1           0  0.07s           2025-12-21T16:10:40
/opt/airflow/dags/purchase_analytics_dag.py    180  0.00s             1           0  0.17s           2025-12-21T16:10:40
/opt/airflow/dags/warehouse_delivery_dag.py    179  0.02s             1           0  0.20s           2025-12-21T16:10:40
================================================================================
[2025-12-21T16:11:40.998+0000] {manager.py:879} INFO - 
================================================================================
DAG File Processing Stats

File Path                                      PID  Runtime      # DAGs    # Errors  Last Runtime    Last Run
-------------------------------------------  -----  ---------  --------  ----------  --------------  -------------------
/opt/airflow/dags/example_dag.py                                      1           0  0.07s           2025-12-21T16:11:10
/opt/airflow/dags/purchase_analytics_dag.py    190  0.01s             1           0  0.15s           2025-12-21T16:11:10
/opt/airflow/dags/warehouse_delivery_dag.py    189  0.03s             1           0  0.16s           2025-12-21T16:11:10
================================================================================
[2025-12-21T16:12:11.550+0000] {manager.py:879} INFO - 
================================================================================
DAG File Processing Stats

File Path                                      PID  Runtime      # DAGs    # Errors  Last Runtime    Last Run
-------------------------------------------  -----  ---------  --------  ----------  --------------  -------------------
/opt/airflow/dags/example_dag.py                                      1           0  0.07s           2025-12-21T16:11:41
/opt/airflow/dags/purchase_analytics_dag.py    200  0.01s             1           0  0.21s           2025-12-21T16:11:41
/opt/airflow/dags/warehouse_delivery_dag.py    199  0.03s             1           0  0.25s           2025-12-21T16:11:41
================================================================================
[2025-12-21T16:12:42.062+0000] {manager.py:879} INFO - 
================================================================================
DAG File Processing Stats

File Path                                      PID  Runtime      # DAGs    # Errors  Last Runtime    Last Run
-------------------------------------------  -----  ---------  --------  ----------  --------------  -------------------
/opt/airflow/dags/example_dag.py                                      1           0  0.13s           2025-12-21T16:12:11
/opt/airflow/dags/purchase_analytics_dag.py    210  0.00s             1           0  0.18s           2025-12-21T16:12:11
/opt/airflow/dags/warehouse_delivery_dag.py    209  0.03s             1           0  0.21s           2025-12-21T16:12:11
================================================================================
[2025-12-21T16:12:50.444+0000] {manager.py:451} INFO - Exiting gracefully upon receiving signal 15
[2025-12-21T16:18:54.153+0000] {manager.py:469} INFO - Processing files using up to 2 processes at a time 
[2025-12-21T16:18:54.154+0000] {manager.py:470} INFO - Process each file at most once every 30 seconds
[2025-12-21T16:18:54.154+0000] {manager.py:471} INFO - Checking for new files in /opt/airflow/dags every 300 seconds
[2025-12-21T16:18:54.155+0000] {manager.py:738} INFO - Searching for files in /opt/airflow/dags
[2025-12-21T16:18:54.162+0000] {manager.py:741} INFO - There are 3 files in /opt/airflow/dags
[2025-12-21T16:18:54.257+0000] {manager.py:879} INFO - 
================================================================================
DAG File Processing Stats

File Path                                      PID  Runtime      # DAGs    # Errors  Last Runtime    Last Run
-------------------------------------------  -----  ---------  --------  ----------  --------------  ----------
/opt/airflow/dags/example_dag.py                                      0           0
/opt/airflow/dags/purchase_analytics_dag.py     31  0.03s             0           0
/opt/airflow/dags/warehouse_delivery_dag.py     30  0.04s             0           0
================================================================================
[2025-12-21T16:19:24.571+0000] {manager.py:879} INFO - 
================================================================================
DAG File Processing Stats

File Path                                      PID  Runtime      # DAGs    # Errors  Last Runtime    Last Run
-------------------------------------------  -----  ---------  --------  ----------  --------------  -------------------
/opt/airflow/dags/example_dag.py                                      1           0  0.07s           2025-12-21T16:18:54
/opt/airflow/dags/purchase_analytics_dag.py     41  0.00s             1           0  0.10s           2025-12-21T16:18:54
/opt/airflow/dags/warehouse_delivery_dag.py     40  0.01s             1           0  0.11s           2025-12-21T16:18:54
================================================================================
[2025-12-21T16:19:54.937+0000] {manager.py:879} INFO - 
================================================================================
DAG File Processing Stats

File Path                                      PID  Runtime      # DAGs    # Errors  Last Runtime    Last Run
-------------------------------------------  -----  ---------  --------  ----------  --------------  -------------------
/opt/airflow/dags/example_dag.py                                      1           0  0.10s           2025-12-21T16:19:24
/opt/airflow/dags/purchase_analytics_dag.py     51  0.00s             1           0  0.23s           2025-12-21T16:19:24
/opt/airflow/dags/warehouse_delivery_dag.py     50  0.01s             1           0  0.24s           2025-12-21T16:19:24
================================================================================
[2025-12-21T16:20:25.153+0000] {manager.py:879} INFO - 
================================================================================
DAG File Processing Stats

File Path                                      PID  Runtime      # DAGs    # Errors  Last Runtime    Last Run
-------------------------------------------  -----  ---------  --------  ----------  --------------  -------------------
/opt/airflow/dags/example_dag.py                                      1           0  0.06s           2025-12-21T16:19:55
/opt/airflow/dags/purchase_analytics_dag.py     61  0.00s             1           0  0.10s           2025-12-21T16:19:55
/opt/airflow/dags/warehouse_delivery_dag.py     60  0.01s             1           0  0.10s           2025-12-21T16:19:55
================================================================================
[2025-12-21T16:20:55.441+0000] {manager.py:879} INFO - 
================================================================================
DAG File Processing Stats

File Path                                      PID  Runtime      # DAGs    # Errors  Last Runtime    Last Run
-------------------------------------------  -----  ---------  --------  ----------  --------------  -------------------
/opt/airflow/dags/example_dag.py                                      1           0  0.06s           2025-12-21T16:20:25
/opt/airflow/dags/purchase_analytics_dag.py     95  0.00s             1           0  0.09s           2025-12-21T16:20:25
/opt/airflow/dags/warehouse_delivery_dag.py     94  0.01s             1           0  0.10s           2025-12-21T16:20:25
================================================================================
[2025-12-21T16:21:25.828+0000] {manager.py:879} INFO - 
================================================================================
DAG File Processing Stats

File Path                                      PID  Runtime      # DAGs    # Errors  Last Runtime    Last Run
-------------------------------------------  -----  ---------  --------  ----------  --------------  -------------------
/opt/airflow/dags/example_dag.py                                      1           0  0.07s           2025-12-21T16:20:55
/opt/airflow/dags/purchase_analytics_dag.py    105  0.00s             1           0  0.16s           2025-12-21T16:20:55
/opt/airflow/dags/warehouse_delivery_dag.py    104  0.01s             1           0  0.16s           2025-12-21T16:20:55
================================================================================
[2025-12-21T16:21:56.619+0000] {manager.py:879} INFO - 
================================================================================
DAG File Processing Stats

File Path                                      PID  Runtime      # DAGs    # Errors  Last Runtime    Last Run
-------------------------------------------  -----  ---------  --------  ----------  --------------  -------------------
/opt/airflow/dags/example_dag.py                                      1           0  0.10s           2025-12-21T16:21:26
/opt/airflow/dags/purchase_analytics_dag.py    115  0.01s             1           0  0.12s           2025-12-21T16:21:25
/opt/airflow/dags/warehouse_delivery_dag.py    114  0.05s             1           0  0.14s           2025-12-21T16:21:25
================================================================================
[2025-12-21T16:22:27.061+0000] {manager.py:879} INFO - 
================================================================================
DAG File Processing Stats

File Path                                      PID  Runtime      # DAGs    # Errors  Last Runtime    Last Run
-------------------------------------------  -----  ---------  --------  ----------  --------------  -------------------
/opt/airflow/dags/example_dag.py                                      1           0  0.09s           2025-12-21T16:21:56
/opt/airflow/dags/purchase_analytics_dag.py    118  0.01s             1           0  0.31s           2025-12-21T16:21:56
/opt/airflow/dags/warehouse_delivery_dag.py    117  0.02s             1           0  0.34s           2025-12-21T16:21:56
================================================================================
[2025-12-21T16:22:57.405+0000] {manager.py:879} INFO - 
================================================================================
DAG File Processing Stats

File Path                                      PID  Runtime      # DAGs    # Errors  Last Runtime    Last Run
-------------------------------------------  -----  ---------  --------  ----------  --------------  -------------------
/opt/airflow/dags/example_dag.py                                      1           0  0.10s           2025-12-21T16:22:27
/opt/airflow/dags/purchase_analytics_dag.py    128  0.00s             1           0  0.17s           2025-12-21T16:22:27
/opt/airflow/dags/warehouse_delivery_dag.py    127  0.03s             1           0  0.22s           2025-12-21T16:22:27
================================================================================
[2025-12-21T16:23:27.790+0000] {manager.py:879} INFO - 
================================================================================
DAG File Processing Stats

File Path                                      PID  Runtime      # DAGs    # Errors  Last Runtime    Last Run
-------------------------------------------  -----  ---------  --------  ----------  --------------  -------------------
/opt/airflow/dags/example_dag.py                                      1           0  0.06s           2025-12-21T16:22:57
/opt/airflow/dags/purchase_analytics_dag.py    138  0.01s             1           0  0.16s           2025-12-21T16:22:57
/opt/airflow/dags/warehouse_delivery_dag.py    137  0.04s             1           0  0.19s           2025-12-21T16:22:57
================================================================================
[2025-12-21T16:23:54.226+0000] {manager.py:738} INFO - Searching for files in /opt/airflow/dags
[2025-12-21T16:23:54.236+0000] {manager.py:741} INFO - There are 3 files in /opt/airflow/dags
[2025-12-21T16:23:58.340+0000] {manager.py:879} INFO - 
================================================================================
DAG File Processing Stats

File Path                                      PID  Runtime      # DAGs    # Errors  Last Runtime    Last Run
-------------------------------------------  -----  ---------  --------  ----------  --------------  -------------------
/opt/airflow/dags/example_dag.py                                      1           0  0.08s           2025-12-21T16:23:28
/opt/airflow/dags/purchase_analytics_dag.py    148  0.01s             1           0  0.19s           2025-12-21T16:23:27
/opt/airflow/dags/warehouse_delivery_dag.py    147  0.05s             1           0  0.22s           2025-12-21T16:23:27
================================================================================
[2025-12-21T16:24:28.919+0000] {manager.py:879} INFO - 
================================================================================
DAG File Processing Stats

File Path                                      PID  Runtime      # DAGs    # Errors  Last Runtime    Last Run
-------------------------------------------  -----  ---------  --------  ----------  --------------  -------------------
/opt/airflow/dags/example_dag.py                                      1           0  0.07s           2025-12-21T16:23:58
/opt/airflow/dags/purchase_analytics_dag.py    158  0.01s             1           0  0.17s           2025-12-21T16:23:58
/opt/airflow/dags/warehouse_delivery_dag.py    157  0.05s             1           0  0.21s           2025-12-21T16:23:58
================================================================================
[2025-12-21T16:24:59.433+0000] {manager.py:879} INFO - 
================================================================================
DAG File Processing Stats

File Path                                      PID  Runtime      # DAGs    # Errors  Last Runtime    Last Run
-------------------------------------------  -----  ---------  --------  ----------  --------------  -------------------
/opt/airflow/dags/example_dag.py                                      1           0  0.08s           2025-12-21T16:24:29
/opt/airflow/dags/purchase_analytics_dag.py    168  0.02s             1           0  0.19s           2025-12-21T16:24:29
/opt/airflow/dags/warehouse_delivery_dag.py    167  0.08s             1           0  0.22s           2025-12-21T16:24:29
================================================================================
[2025-12-21T16:25:04.677+0000] {manager.py:451} INFO - Exiting gracefully upon receiving signal 15
[2025-12-21T16:31:08.628+0000] {manager.py:469} INFO - Processing files using up to 2 processes at a time 
[2025-12-21T16:31:08.628+0000] {manager.py:470} INFO - Process each file at most once every 30 seconds
[2025-12-21T16:31:08.628+0000] {manager.py:471} INFO - Checking for new files in /opt/airflow/dags every 300 seconds
[2025-12-21T16:31:08.629+0000] {manager.py:738} INFO - Searching for files in /opt/airflow/dags
[2025-12-21T16:31:08.636+0000] {manager.py:741} INFO - There are 3 files in /opt/airflow/dags
[2025-12-21T16:31:08.736+0000] {manager.py:879} INFO - 
================================================================================
DAG File Processing Stats

File Path                                      PID  Runtime      # DAGs    # Errors  Last Runtime    Last Run
-------------------------------------------  -----  ---------  --------  ----------  --------------  ----------
/opt/airflow/dags/example_dag.py                                      0           0
/opt/airflow/dags/purchase_analytics_dag.py     31  0.04s             0           0
/opt/airflow/dags/warehouse_delivery_dag.py     30  0.05s             0           0
================================================================================
[2025-12-21T16:31:39.025+0000] {manager.py:879} INFO - 
================================================================================
DAG File Processing Stats

File Path                                      PID  Runtime      # DAGs    # Errors  Last Runtime    Last Run
-------------------------------------------  -----  ---------  --------  ----------  --------------  -------------------
/opt/airflow/dags/example_dag.py                                      1           0  0.08s           2025-12-21T16:31:08
/opt/airflow/dags/purchase_analytics_dag.py     41  0.00s             1           0  0.13s           2025-12-21T16:31:08
/opt/airflow/dags/warehouse_delivery_dag.py     40  0.03s             1           0  0.15s           2025-12-21T16:31:08
================================================================================
[2025-12-21T16:32:09.447+0000] {manager.py:879} INFO - 
================================================================================
DAG File Processing Stats

File Path                                      PID  Runtime      # DAGs    # Errors  Last Runtime    Last Run
-------------------------------------------  -----  ---------  --------  ----------  --------------  -------------------
/opt/airflow/dags/example_dag.py                                      1           0  0.14s           2025-12-21T16:31:39
/opt/airflow/dags/purchase_analytics_dag.py     51  0.00s             1           0  0.27s           2025-12-21T16:31:39
/opt/airflow/dags/warehouse_delivery_dag.py     50  0.01s             1           0  0.30s           2025-12-21T16:31:39
================================================================================
[2025-12-21T16:32:39.999+0000] {manager.py:879} INFO - 
================================================================================
DAG File Processing Stats

File Path                                      PID  Runtime      # DAGs    # Errors  Last Runtime    Last Run
-------------------------------------------  -----  ---------  --------  ----------  --------------  -------------------
/opt/airflow/dags/example_dag.py                                      1           0  0.09s           2025-12-21T16:32:09
/opt/airflow/dags/purchase_analytics_dag.py     61  0.00s             1           0  0.11s           2025-12-21T16:32:09
/opt/airflow/dags/warehouse_delivery_dag.py     60  0.02s             1           0  0.12s           2025-12-21T16:32:09
================================================================================
[2025-12-21T16:33:10.282+0000] {manager.py:879} INFO - 
================================================================================
DAG File Processing Stats

File Path                                      PID  Runtime      # DAGs    # Errors  Last Runtime    Last Run
-------------------------------------------  -----  ---------  --------  ----------  --------------  -------------------
/opt/airflow/dags/example_dag.py                                      1           0  0.08s           2025-12-21T16:32:40
/opt/airflow/dags/purchase_analytics_dag.py     71  0.00s             1           0  0.12s           2025-12-21T16:32:40
/opt/airflow/dags/warehouse_delivery_dag.py     70  0.01s             1           0  0.14s           2025-12-21T16:32:40
================================================================================
[2025-12-21T16:33:40.730+0000] {manager.py:879} INFO - 
================================================================================
DAG File Processing Stats

File Path                                      PID  Runtime      # DAGs    # Errors  Last Runtime    Last Run
-------------------------------------------  -----  ---------  --------  ----------  --------------  -------------------
/opt/airflow/dags/example_dag.py                                      1           0  0.08s           2025-12-21T16:33:10
/opt/airflow/dags/purchase_analytics_dag.py     80  0.00s             1           0  0.11s           2025-12-21T16:33:10
/opt/airflow/dags/warehouse_delivery_dag.py     79  0.01s             1           0  0.12s           2025-12-21T16:33:10
================================================================================
[2025-12-21T16:34:10.979+0000] {manager.py:879} INFO - 
================================================================================
DAG File Processing Stats

File Path                                      PID  Runtime      # DAGs    # Errors  Last Runtime    Last Run
-------------------------------------------  -----  ---------  --------  ----------  --------------  -------------------
/opt/airflow/dags/example_dag.py                                      1           0  0.06s           2025-12-21T16:33:40
/opt/airflow/dags/purchase_analytics_dag.py     89  0.01s             1           0  0.11s           2025-12-21T16:33:40
/opt/airflow/dags/warehouse_delivery_dag.py     88  0.01s             1           0  0.11s           2025-12-21T16:33:40
================================================================================
[2025-12-21T16:34:41.249+0000] {manager.py:879} INFO - 
================================================================================
DAG File Processing Stats

File Path                                      PID  Runtime      # DAGs    # Errors  Last Runtime    Last Run
-------------------------------------------  -----  ---------  --------  ----------  --------------  -------------------
/opt/airflow/dags/example_dag.py                                      1           0  0.07s           2025-12-21T16:34:11
/opt/airflow/dags/purchase_analytics_dag.py     99  0.00s             1           0  0.11s           2025-12-21T16:34:11
/opt/airflow/dags/warehouse_delivery_dag.py     98  0.01s             1           0  0.12s           2025-12-21T16:34:11
================================================================================
[2025-12-21T16:35:11.513+0000] {manager.py:879} INFO - 
================================================================================
DAG File Processing Stats

File Path                                      PID  Runtime      # DAGs    # Errors  Last Runtime    Last Run
-------------------------------------------  -----  ---------  --------  ----------  --------------  -------------------
/opt/airflow/dags/example_dag.py                                      1           0  0.07s           2025-12-21T16:34:41
/opt/airflow/dags/purchase_analytics_dag.py    108  0.00s             1           0  0.13s           2025-12-21T16:34:41
/opt/airflow/dags/warehouse_delivery_dag.py    107  0.01s             1           0  0.14s           2025-12-21T16:34:41
================================================================================
[2025-12-21T16:35:41.796+0000] {manager.py:879} INFO - 
================================================================================
DAG File Processing Stats

File Path                                      PID  Runtime      # DAGs    # Errors  Last Runtime    Last Run
-------------------------------------------  -----  ---------  --------  ----------  --------------  -------------------
/opt/airflow/dags/example_dag.py                                      1           0  0.11s           2025-12-21T16:35:11
/opt/airflow/dags/purchase_analytics_dag.py    112  0.00s             1           0  0.12s           2025-12-21T16:35:11
/opt/airflow/dags/warehouse_delivery_dag.py    111  0.03s             1           0  0.12s           2025-12-21T16:35:11
================================================================================
[2025-12-21T16:36:09.143+0000] {manager.py:738} INFO - Searching for files in /opt/airflow/dags
[2025-12-21T16:36:09.156+0000] {manager.py:741} INFO - There are 3 files in /opt/airflow/dags
[2025-12-21T16:36:12.221+0000] {manager.py:879} INFO - 
================================================================================
DAG File Processing Stats

File Path                                      PID  Runtime      # DAGs    # Errors  Last Runtime    Last Run
-------------------------------------------  -----  ---------  --------  ----------  --------------  -------------------
/opt/airflow/dags/example_dag.py                                      1           0  0.06s           2025-12-21T16:35:41
/opt/airflow/dags/purchase_analytics_dag.py    122  0.00s             1           0  0.13s           2025-12-21T16:35:41
/opt/airflow/dags/warehouse_delivery_dag.py    121  0.02s             1           0  0.16s           2025-12-21T16:35:41
================================================================================
[2025-12-21T16:36:42.907+0000] {manager.py:879} INFO - 
================================================================================
DAG File Processing Stats

File Path                                      PID  Runtime      # DAGs    # Errors  Last Runtime    Last Run
-------------------------------------------  -----  ---------  --------  ----------  --------------  -------------------
/opt/airflow/dags/example_dag.py                                      1           0  0.08s           2025-12-21T16:36:12
/opt/airflow/dags/purchase_analytics_dag.py    132  0.04s             1           0  0.16s           2025-12-21T16:36:12
/opt/airflow/dags/warehouse_delivery_dag.py    131  0.15s             1           0  0.17s           2025-12-21T16:36:12
================================================================================
[2025-12-21T16:37:13.586+0000] {manager.py:879} INFO - 
================================================================================
DAG File Processing Stats

File Path                                      PID  Runtime      # DAGs    # Errors  Last Runtime    Last Run
-------------------------------------------  -----  ---------  --------  ----------  --------------  -------------------
/opt/airflow/dags/example_dag.py                                      1           0  0.07s           2025-12-21T16:36:43
/opt/airflow/dags/purchase_analytics_dag.py    142  0.01s             1           0  0.35s           2025-12-21T16:36:43
/opt/airflow/dags/warehouse_delivery_dag.py    141  0.05s             1           0  0.44s           2025-12-21T16:36:43
================================================================================
[2025-12-21T16:37:44.167+0000] {manager.py:879} INFO - 
================================================================================
DAG File Processing Stats

File Path                                      PID  Runtime      # DAGs    # Errors  Last Runtime    Last Run
-------------------------------------------  -----  ---------  --------  ----------  --------------  -------------------
/opt/airflow/dags/example_dag.py                                      1           0  0.10s           2025-12-21T16:37:13
/opt/airflow/dags/purchase_analytics_dag.py    152  0.01s             1           0  0.22s           2025-12-21T16:37:13
/opt/airflow/dags/warehouse_delivery_dag.py    151  0.04s             1           0  0.28s           2025-12-21T16:37:13
================================================================================
[2025-12-21T16:38:14.730+0000] {manager.py:879} INFO - 
================================================================================
DAG File Processing Stats

File Path                                      PID  Runtime      # DAGs    # Errors  Last Runtime    Last Run
-------------------------------------------  -----  ---------  --------  ----------  --------------  -------------------
/opt/airflow/dags/example_dag.py                                      1           0  0.09s           2025-12-21T16:37:44
/opt/airflow/dags/purchase_analytics_dag.py    162  0.01s             1           0  0.19s           2025-12-21T16:37:44
/opt/airflow/dags/warehouse_delivery_dag.py    161  0.03s             1           0  0.23s           2025-12-21T16:37:44
================================================================================
[2025-12-21T16:38:45.276+0000] {manager.py:879} INFO - 
================================================================================
DAG File Processing Stats

File Path                                      PID  Runtime      # DAGs    # Errors  Last Runtime    Last Run
-------------------------------------------  -----  ---------  --------  ----------  --------------  -------------------
/opt/airflow/dags/example_dag.py                                      1           0  0.10s           2025-12-21T16:38:15
/opt/airflow/dags/purchase_analytics_dag.py    172  0.02s             1           0  0.20s           2025-12-21T16:38:14
/opt/airflow/dags/warehouse_delivery_dag.py    171  0.09s             1           0  0.21s           2025-12-21T16:38:14
================================================================================
[2025-12-21T16:39:16.279+0000] {manager.py:879} INFO - 
================================================================================
DAG File Processing Stats

File Path                                      PID  Runtime      # DAGs    # Errors  Last Runtime    Last Run
-------------------------------------------  -----  ---------  --------  ----------  --------------  -------------------
/opt/airflow/dags/example_dag.py                                      1           0  0.08s           2025-12-21T16:38:45
/opt/airflow/dags/purchase_analytics_dag.py    182  0.01s             1           0  0.22s           2025-12-21T16:38:45
/opt/airflow/dags/warehouse_delivery_dag.py    181  0.04s             1           0  0.29s           2025-12-21T16:38:45
================================================================================
[2025-12-21T16:39:46.809+0000] {manager.py:879} INFO - 
================================================================================
DAG File Processing Stats

File Path                                      PID  Runtime      # DAGs    # Errors  Last Runtime    Last Run
-------------------------------------------  -----  ---------  --------  ----------  --------------  -------------------
/opt/airflow/dags/example_dag.py                                      1           0  0.09s           2025-12-21T16:39:16
/opt/airflow/dags/purchase_analytics_dag.py    192  0.01s             1           0  0.21s           2025-12-21T16:39:16
/opt/airflow/dags/warehouse_delivery_dag.py    191  0.04s             1           0  0.23s           2025-12-21T16:39:16
================================================================================
[2025-12-21T16:40:16.949+0000] {manager.py:879} INFO - 
================================================================================
DAG File Processing Stats

File Path                                    PID    Runtime      # DAGs    # Errors  Last Runtime    Last Run
-------------------------------------------  -----  ---------  --------  ----------  --------------  -------------------
/opt/airflow/dags/example_dag.py                                      1           0  0.10s           2025-12-21T16:39:47
/opt/airflow/dags/purchase_analytics_dag.py                           1           0  0.23s           2025-12-21T16:39:47
/opt/airflow/dags/warehouse_delivery_dag.py                           1           0  0.27s           2025-12-21T16:39:47
================================================================================
[2025-12-21T16:40:32.942+0000] {manager.py:451} INFO - Exiting gracefully upon receiving signal 15
[2025-12-21T16:46:58.378+0000] {manager.py:469} INFO - Processing files using up to 2 processes at a time 
[2025-12-21T16:46:58.379+0000] {manager.py:470} INFO - Process each file at most once every 30 seconds
[2025-12-21T16:46:58.379+0000] {manager.py:471} INFO - Checking for new files in /opt/airflow/dags every 300 seconds
[2025-12-21T16:46:58.379+0000] {manager.py:738} INFO - Searching for files in /opt/airflow/dags
[2025-12-21T16:46:58.388+0000] {manager.py:741} INFO - There are 3 files in /opt/airflow/dags
[2025-12-21T16:46:58.534+0000] {manager.py:879} INFO - 
================================================================================
DAG File Processing Stats

File Path                                      PID  Runtime      # DAGs    # Errors  Last Runtime    Last Run
-------------------------------------------  -----  ---------  --------  ----------  --------------  ----------
/opt/airflow/dags/example_dag.py                                      0           0
/opt/airflow/dags/purchase_analytics_dag.py     30  0.05s             0           0
/opt/airflow/dags/warehouse_delivery_dag.py     29  0.08s             0           0
================================================================================
[2025-12-21T16:47:28.848+0000] {manager.py:879} INFO - 
================================================================================
DAG File Processing Stats

File Path                                      PID  Runtime      # DAGs    # Errors  Last Runtime    Last Run
-------------------------------------------  -----  ---------  --------  ----------  --------------  -------------------
/opt/airflow/dags/example_dag.py                                      1           0  0.08s           2025-12-21T16:46:58
/opt/airflow/dags/purchase_analytics_dag.py     40  0.01s             1           0  0.17s           2025-12-21T16:46:58
/opt/airflow/dags/warehouse_delivery_dag.py     39  0.04s             1           0  0.18s           2025-12-21T16:46:58
================================================================================
[2025-12-21T16:47:59.440+0000] {manager.py:879} INFO - 
================================================================================
DAG File Processing Stats

File Path                                      PID  Runtime      # DAGs    # Errors  Last Runtime    Last Run
-------------------------------------------  -----  ---------  --------  ----------  --------------  -------------------
/opt/airflow/dags/example_dag.py                                      1           0  0.14s           2025-12-21T16:47:29
/opt/airflow/dags/purchase_analytics_dag.py     50  0.01s             1           0  0.36s           2025-12-21T16:47:29
/opt/airflow/dags/warehouse_delivery_dag.py     49  0.02s             1           0  0.38s           2025-12-21T16:47:29
================================================================================
[2025-12-21T16:48:29.956+0000] {manager.py:879} INFO - 
================================================================================
DAG File Processing Stats

File Path                                      PID  Runtime      # DAGs    # Errors  Last Runtime    Last Run
-------------------------------------------  -----  ---------  --------  ----------  --------------  -------------------
/opt/airflow/dags/example_dag.py                                      1           0  0.09s           2025-12-21T16:47:59
/opt/airflow/dags/purchase_analytics_dag.py     60  0.02s             1           0  0.22s           2025-12-21T16:47:59
/opt/airflow/dags/warehouse_delivery_dag.py     59  0.07s             1           0  0.23s           2025-12-21T16:47:59
================================================================================
[2025-12-21T16:49:00.384+0000] {manager.py:879} INFO - 
================================================================================
DAG File Processing Stats

File Path                                      PID  Runtime      # DAGs    # Errors  Last Runtime    Last Run
-------------------------------------------  -----  ---------  --------  ----------  --------------  -------------------
/opt/airflow/dags/example_dag.py                                      1           0  0.07s           2025-12-21T16:48:30
/opt/airflow/dags/purchase_analytics_dag.py     70  0.01s             1           0  0.23s           2025-12-21T16:48:30
/opt/airflow/dags/warehouse_delivery_dag.py     69  0.02s             1           0  0.29s           2025-12-21T16:48:30
================================================================================
[2025-12-21T16:49:30.882+0000] {manager.py:879} INFO - 
================================================================================
DAG File Processing Stats

File Path                                      PID  Runtime      # DAGs    # Errors  Last Runtime    Last Run
-------------------------------------------  -----  ---------  --------  ----------  --------------  -------------------
/opt/airflow/dags/example_dag.py                                      1           0  0.07s           2025-12-21T16:49:00
/opt/airflow/dags/purchase_analytics_dag.py     80  0.00s             1           0  0.11s           2025-12-21T16:49:00
/opt/airflow/dags/warehouse_delivery_dag.py     79  0.01s             1           0  0.13s           2025-12-21T16:49:00
================================================================================
[2025-12-21T16:50:01.196+0000] {manager.py:879} INFO - 
================================================================================
DAG File Processing Stats

File Path                                      PID  Runtime      # DAGs    # Errors  Last Runtime    Last Run
-------------------------------------------  -----  ---------  --------  ----------  --------------  -------------------
/opt/airflow/dags/example_dag.py                                      1           0  0.08s           2025-12-21T16:49:31
/opt/airflow/dags/purchase_analytics_dag.py     90  0.01s             1           0  0.13s           2025-12-21T16:49:31
/opt/airflow/dags/warehouse_delivery_dag.py     89  0.02s             1           0  0.14s           2025-12-21T16:49:31
================================================================================
[2025-12-21T16:50:31.996+0000] {manager.py:879} INFO - 
================================================================================
DAG File Processing Stats

File Path                                      PID  Runtime      # DAGs    # Errors  Last Runtime    Last Run
-------------------------------------------  -----  ---------  --------  ----------  --------------  -------------------
/opt/airflow/dags/example_dag.py                                      1           0  0.08s           2025-12-21T16:50:01
/opt/airflow/dags/purchase_analytics_dag.py    100  0.01s             1           0  0.14s           2025-12-21T16:50:01
/opt/airflow/dags/warehouse_delivery_dag.py     99  0.02s             1           0  0.15s           2025-12-21T16:50:01
================================================================================
[2025-12-21T16:51:02.638+0000] {manager.py:879} INFO - 
================================================================================
DAG File Processing Stats

File Path                                      PID  Runtime      # DAGs    # Errors  Last Runtime    Last Run
-------------------------------------------  -----  ---------  --------  ----------  --------------  -------------------
/opt/airflow/dags/example_dag.py                                      1           0  0.11s           2025-12-21T16:50:32
/opt/airflow/dags/purchase_analytics_dag.py    103  0.01s             1           0  0.21s           2025-12-21T16:50:32
/opt/airflow/dags/warehouse_delivery_dag.py    102  0.02s             1           0  0.24s           2025-12-21T16:50:32
================================================================================
[2025-12-21T16:51:33.057+0000] {manager.py:879} INFO - 
================================================================================
DAG File Processing Stats

File Path                                      PID  Runtime      # DAGs    # Errors  Last Runtime    Last Run
-------------------------------------------  -----  ---------  --------  ----------  --------------  -------------------
/opt/airflow/dags/example_dag.py                                      1           0  0.13s           2025-12-21T16:51:02
/opt/airflow/dags/purchase_analytics_dag.py    113  0.02s             1           0  0.17s           2025-12-21T16:51:02
/opt/airflow/dags/warehouse_delivery_dag.py    112  0.05s             1           0  0.20s           2025-12-21T16:51:02
================================================================================
[2025-12-21T16:51:58.531+0000] {manager.py:738} INFO - Searching for files in /opt/airflow/dags
[2025-12-21T16:51:58.543+0000] {manager.py:741} INFO - There are 3 files in /opt/airflow/dags
[2025-12-21T16:52:03.634+0000] {manager.py:879} INFO - 
================================================================================
DAG File Processing Stats

File Path                                      PID  Runtime      # DAGs    # Errors  Last Runtime    Last Run
-------------------------------------------  -----  ---------  --------  ----------  --------------  -------------------
/opt/airflow/dags/example_dag.py                                      1           0  0.17s           2025-12-21T16:51:33
/opt/airflow/dags/purchase_analytics_dag.py    123  0.01s             1           0  0.31s           2025-12-21T16:51:33
/opt/airflow/dags/warehouse_delivery_dag.py    122  0.04s             1           0  0.33s           2025-12-21T16:51:33
================================================================================
[2025-12-21T16:52:33.993+0000] {manager.py:879} INFO - 
================================================================================
DAG File Processing Stats

File Path                                      PID  Runtime      # DAGs    # Errors  Last Runtime    Last Run
-------------------------------------------  -----  ---------  --------  ----------  --------------  -------------------
/opt/airflow/dags/example_dag.py                                      1           0  0.18s           2025-12-21T16:52:03
/opt/airflow/dags/purchase_analytics_dag.py    133  0.00s             1           0  0.19s           2025-12-21T16:52:03
/opt/airflow/dags/warehouse_delivery_dag.py    132  0.03s             1           0  0.23s           2025-12-21T16:52:03
================================================================================
[2025-12-21T16:53:04.420+0000] {manager.py:879} INFO - 
================================================================================
DAG File Processing Stats

File Path                                      PID  Runtime      # DAGs    # Errors  Last Runtime    Last Run
-------------------------------------------  -----  ---------  --------  ----------  --------------  -------------------
/opt/airflow/dags/example_dag.py                                      1           0  0.09s           2025-12-21T16:52:34
/opt/airflow/dags/purchase_analytics_dag.py    143  0.01s             1           0  0.16s           2025-12-21T16:52:34
/opt/airflow/dags/warehouse_delivery_dag.py    142  0.02s             1           0  0.19s           2025-12-21T16:52:34
================================================================================
[2025-12-21T16:53:34.888+0000] {manager.py:879} INFO - 
================================================================================
DAG File Processing Stats

File Path                                      PID  Runtime      # DAGs    # Errors  Last Runtime    Last Run
-------------------------------------------  -----  ---------  --------  ----------  --------------  -------------------
/opt/airflow/dags/example_dag.py                                      1           0  0.06s           2025-12-21T16:53:04
/opt/airflow/dags/purchase_analytics_dag.py    153  0.00s             1           0  0.14s           2025-12-21T16:53:04
/opt/airflow/dags/warehouse_delivery_dag.py    152  0.02s             1           0  0.16s           2025-12-21T16:53:04
================================================================================
[2025-12-21T16:54:05.516+0000] {manager.py:879} INFO - 
================================================================================
DAG File Processing Stats

File Path                                      PID  Runtime      # DAGs    # Errors  Last Runtime    Last Run
-------------------------------------------  -----  ---------  --------  ----------  --------------  -------------------
/opt/airflow/dags/example_dag.py                                      1           0  0.09s           2025-12-21T16:53:35
/opt/airflow/dags/purchase_analytics_dag.py    163  0.01s             1           0  0.16s           2025-12-21T16:53:35
/opt/airflow/dags/warehouse_delivery_dag.py    162  0.04s             1           0  0.18s           2025-12-21T16:53:35
================================================================================
[2025-12-21T16:54:36.010+0000] {manager.py:879} INFO - 
================================================================================
DAG File Processing Stats

File Path                                      PID  Runtime      # DAGs    # Errors  Last Runtime    Last Run
-------------------------------------------  -----  ---------  --------  ----------  --------------  -------------------
/opt/airflow/dags/example_dag.py                                      1           0  0.07s           2025-12-21T16:54:05
/opt/airflow/dags/purchase_analytics_dag.py    173  0.01s             1           0  0.18s           2025-12-21T16:54:05
/opt/airflow/dags/warehouse_delivery_dag.py    172  0.03s             1           0  0.22s           2025-12-21T16:54:05
================================================================================
[2025-12-21T16:55:06.495+0000] {manager.py:879} INFO - 
================================================================================
DAG File Processing Stats

File Path                                      PID  Runtime      # DAGs    # Errors  Last Runtime    Last Run
-------------------------------------------  -----  ---------  --------  ----------  --------------  -------------------
/opt/airflow/dags/example_dag.py                                      1           0  0.07s           2025-12-21T16:54:36
/opt/airflow/dags/purchase_analytics_dag.py    183  0.01s             1           0  0.18s           2025-12-21T16:54:36
/opt/airflow/dags/warehouse_delivery_dag.py    182  0.04s             1           0  0.20s           2025-12-21T16:54:36
================================================================================
[2025-12-21T16:55:36.959+0000] {manager.py:879} INFO - 
================================================================================
DAG File Processing Stats

File Path                                      PID  Runtime      # DAGs    # Errors  Last Runtime    Last Run
-------------------------------------------  -----  ---------  --------  ----------  --------------  -------------------
/opt/airflow/dags/example_dag.py                                      1           0  0.06s           2025-12-21T16:55:06
/opt/airflow/dags/purchase_analytics_dag.py    193  0.01s             1           0  0.15s           2025-12-21T16:55:06
/opt/airflow/dags/warehouse_delivery_dag.py    192  0.03s             1           0  0.17s           2025-12-21T16:55:06
================================================================================
[2025-12-21T16:56:07.496+0000] {manager.py:879} INFO - 
================================================================================
DAG File Processing Stats

File Path                                      PID  Runtime      # DAGs    # Errors  Last Runtime    Last Run
-------------------------------------------  -----  ---------  --------  ----------  --------------  -------------------
/opt/airflow/dags/example_dag.py                                      1           0  0.08s           2025-12-21T16:55:37
/opt/airflow/dags/purchase_analytics_dag.py    203  0.01s             1           0  0.18s           2025-12-21T16:55:37
/opt/airflow/dags/warehouse_delivery_dag.py    202  0.05s             1           0  0.21s           2025-12-21T16:55:37
================================================================================
[2025-12-21T16:56:37.967+0000] {manager.py:879} INFO - 
================================================================================
DAG File Processing Stats

File Path                                      PID  Runtime      # DAGs    # Errors  Last Runtime    Last Run
-------------------------------------------  -----  ---------  --------  ----------  --------------  -------------------
/opt/airflow/dags/example_dag.py                                      1           0  0.10s           2025-12-21T16:56:07
/opt/airflow/dags/purchase_analytics_dag.py    213  0.00s             1           0  0.16s           2025-12-21T16:56:07
/opt/airflow/dags/warehouse_delivery_dag.py    212  0.02s             1           0  0.21s           2025-12-21T16:56:07
================================================================================
[2025-12-21T16:56:59.320+0000] {manager.py:738} INFO - Searching for files in /opt/airflow/dags
[2025-12-21T16:56:59.331+0000] {manager.py:741} INFO - There are 3 files in /opt/airflow/dags
[2025-12-21T16:57:08.538+0000] {manager.py:879} INFO - 
================================================================================
DAG File Processing Stats

File Path                                      PID  Runtime      # DAGs    # Errors  Last Runtime    Last Run
-------------------------------------------  -----  ---------  --------  ----------  --------------  -------------------
/opt/airflow/dags/example_dag.py                                      1           0  0.07s           2025-12-21T16:56:38
/opt/airflow/dags/purchase_analytics_dag.py    223  0.01s             1           0  0.17s           2025-12-21T16:56:38
/opt/airflow/dags/warehouse_delivery_dag.py    222  0.07s             1           0  0.19s           2025-12-21T16:56:38
================================================================================
[2025-12-21T16:57:39.026+0000] {manager.py:879} INFO - 
================================================================================
DAG File Processing Stats

File Path                                      PID  Runtime      # DAGs    # Errors  Last Runtime    Last Run
-------------------------------------------  -----  ---------  --------  ----------  --------------  -------------------
/opt/airflow/dags/example_dag.py                                      1           0  0.06s           2025-12-21T16:57:08
/opt/airflow/dags/purchase_analytics_dag.py    232  0.00s             1           0  0.18s           2025-12-21T16:57:08
/opt/airflow/dags/warehouse_delivery_dag.py    231  0.03s             1           0  0.25s           2025-12-21T16:57:08
================================================================================
[2025-12-21T16:58:09.633+0000] {manager.py:879} INFO - 
================================================================================
DAG File Processing Stats

File Path                                      PID  Runtime      # DAGs    # Errors  Last Runtime    Last Run
-------------------------------------------  -----  ---------  --------  ----------  --------------  -------------------
/opt/airflow/dags/example_dag.py                                      1           0  0.07s           2025-12-21T16:57:39
/opt/airflow/dags/purchase_analytics_dag.py    242  0.02s             1           0  0.20s           2025-12-21T16:57:39
/opt/airflow/dags/warehouse_delivery_dag.py    241  0.07s             1           0  0.24s           2025-12-21T16:57:39
================================================================================
[2025-12-21T16:58:40.193+0000] {manager.py:879} INFO - 
================================================================================
DAG File Processing Stats

File Path                                      PID  Runtime      # DAGs    # Errors  Last Runtime    Last Run
-------------------------------------------  -----  ---------  --------  ----------  --------------  -------------------
/opt/airflow/dags/example_dag.py                                      1           0  0.07s           2025-12-21T16:58:09
/opt/airflow/dags/purchase_analytics_dag.py    252  0.01s             1           0  0.25s           2025-12-21T16:58:09
/opt/airflow/dags/warehouse_delivery_dag.py    251  0.04s             1           0  0.31s           2025-12-21T16:58:09
================================================================================
[2025-12-21T16:59:10.718+0000] {manager.py:879} INFO - 
================================================================================
DAG File Processing Stats

File Path                                      PID  Runtime      # DAGs    # Errors  Last Runtime    Last Run
-------------------------------------------  -----  ---------  --------  ----------  --------------  -------------------
/opt/airflow/dags/example_dag.py                                      1           0  0.06s           2025-12-21T16:58:40
/opt/airflow/dags/purchase_analytics_dag.py    262  0.00s             1           0  0.17s           2025-12-21T16:58:40
/opt/airflow/dags/warehouse_delivery_dag.py    261  0.04s             1           0  0.20s           2025-12-21T16:58:40
================================================================================
[2025-12-21T16:59:41.193+0000] {manager.py:879} INFO - 
================================================================================
DAG File Processing Stats

File Path                                      PID  Runtime      # DAGs    # Errors  Last Runtime    Last Run
-------------------------------------------  -----  ---------  --------  ----------  --------------  -------------------
/opt/airflow/dags/example_dag.py                                      1           0  0.07s           2025-12-21T16:59:10
/opt/airflow/dags/purchase_analytics_dag.py    272  0.01s             1           0  0.16s           2025-12-21T16:59:10
/opt/airflow/dags/warehouse_delivery_dag.py    271  0.02s             1           0  0.19s           2025-12-21T16:59:10
================================================================================
[2025-12-21T17:00:11.638+0000] {manager.py:879} INFO - 
================================================================================
DAG File Processing Stats

File Path                                      PID  Runtime      # DAGs    # Errors  Last Runtime    Last Run
-------------------------------------------  -----  ---------  --------  ----------  --------------  -------------------
/opt/airflow/dags/example_dag.py                                      1           0  0.07s           2025-12-21T16:59:41
/opt/airflow/dags/purchase_analytics_dag.py    282  0.00s             1           0  0.15s           2025-12-21T16:59:41
/opt/airflow/dags/warehouse_delivery_dag.py    281  0.03s             1           0  0.17s           2025-12-21T16:59:41
================================================================================
[2025-12-21T17:00:42.330+0000] {manager.py:879} INFO - 
================================================================================
DAG File Processing Stats

File Path                                      PID  Runtime      # DAGs    # Errors  Last Runtime    Last Run
-------------------------------------------  -----  ---------  --------  ----------  --------------  -------------------
/opt/airflow/dags/example_dag.py                                      1           0  0.07s           2025-12-21T17:00:11
/opt/airflow/dags/purchase_analytics_dag.py    292  0.01s             1           0  0.20s           2025-12-21T17:00:11
/opt/airflow/dags/warehouse_delivery_dag.py    291  0.03s             1           0  0.21s           2025-12-21T17:00:11
================================================================================
[2025-12-21T17:01:12.832+0000] {manager.py:879} INFO - 
================================================================================
DAG File Processing Stats

File Path                                      PID  Runtime      # DAGs    # Errors  Last Runtime    Last Run
-------------------------------------------  -----  ---------  --------  ----------  --------------  -------------------
/opt/airflow/dags/example_dag.py                                      1           0  0.08s           2025-12-21T17:00:42
/opt/airflow/dags/purchase_analytics_dag.py    302  0.01s             1           0  0.24s           2025-12-21T17:00:42
/opt/airflow/dags/warehouse_delivery_dag.py    301  0.02s             1           0  0.25s           2025-12-21T17:00:42
================================================================================
[2025-12-21T17:01:43.289+0000] {manager.py:879} INFO - 
================================================================================
DAG File Processing Stats

File Path                                      PID  Runtime      # DAGs    # Errors  Last Runtime    Last Run
-------------------------------------------  -----  ---------  --------  ----------  --------------  -------------------
/opt/airflow/dags/example_dag.py                                      1           0  0.07s           2025-12-21T17:01:13
/opt/airflow/dags/purchase_analytics_dag.py    312  0.01s             1           0  0.13s           2025-12-21T17:01:12
/opt/airflow/dags/warehouse_delivery_dag.py    311  0.03s             1           0  0.15s           2025-12-21T17:01:12
================================================================================
[2025-12-21T17:01:59.603+0000] {manager.py:738} INFO - Searching for files in /opt/airflow/dags
[2025-12-21T17:01:59.614+0000] {manager.py:741} INFO - There are 3 files in /opt/airflow/dags
[2025-12-21T17:02:13.793+0000] {manager.py:879} INFO - 
================================================================================
DAG File Processing Stats

File Path                                      PID  Runtime      # DAGs    # Errors  Last Runtime    Last Run
-------------------------------------------  -----  ---------  --------  ----------  --------------  -------------------
/opt/airflow/dags/example_dag.py                                      1           0  0.07s           2025-12-21T17:01:43
/opt/airflow/dags/purchase_analytics_dag.py    321  0.01s             1           0  0.15s           2025-12-21T17:01:43
/opt/airflow/dags/warehouse_delivery_dag.py    320  0.05s             1           0  0.17s           2025-12-21T17:01:43
================================================================================
[2025-12-21T17:02:44.385+0000] {manager.py:879} INFO - 
================================================================================
DAG File Processing Stats

File Path                                      PID  Runtime      # DAGs    # Errors  Last Runtime    Last Run
-------------------------------------------  -----  ---------  --------  ----------  --------------  -------------------
/opt/airflow/dags/example_dag.py                                      1           0  0.07s           2025-12-21T17:02:14
/opt/airflow/dags/purchase_analytics_dag.py    331  0.00s             1           0  0.26s           2025-12-21T17:02:14
/opt/airflow/dags/warehouse_delivery_dag.py    330  0.01s             1           0  0.31s           2025-12-21T17:02:14
================================================================================
[2025-12-21T17:03:14.985+0000] {manager.py:879} INFO - 
================================================================================
DAG File Processing Stats

File Path                                      PID  Runtime      # DAGs    # Errors  Last Runtime    Last Run
-------------------------------------------  -----  ---------  --------  ----------  --------------  -------------------
/opt/airflow/dags/example_dag.py                                      1           0  0.07s           2025-12-21T17:02:44
/opt/airflow/dags/purchase_analytics_dag.py    341  0.01s             1           0  0.11s           2025-12-21T17:02:44
/opt/airflow/dags/warehouse_delivery_dag.py    340  0.04s             1           0  0.13s           2025-12-21T17:02:44
================================================================================
[2025-12-21T17:03:45.022+0000] {manager.py:879} INFO - 
================================================================================
DAG File Processing Stats

File Path                                    PID    Runtime      # DAGs    # Errors  Last Runtime    Last Run
-------------------------------------------  -----  ---------  --------  ----------  --------------  -------------------
/opt/airflow/dags/example_dag.py                                      1           0  0.08s           2025-12-21T17:03:15
/opt/airflow/dags/purchase_analytics_dag.py                           1           0  0.21s           2025-12-21T17:03:15
/opt/airflow/dags/warehouse_delivery_dag.py                           1           0  0.22s           2025-12-21T17:03:15
================================================================================
[2025-12-21T17:04:14.458+0000] {manager.py:451} INFO - Exiting gracefully upon receiving signal 15
[2025-12-21T17:10:19.979+0000] {manager.py:469} INFO - Processing files using up to 2 processes at a time 
[2025-12-21T17:10:19.980+0000] {manager.py:470} INFO - Process each file at most once every 30 seconds
[2025-12-21T17:10:19.980+0000] {manager.py:471} INFO - Checking for new files in /opt/airflow/dags every 300 seconds
[2025-12-21T17:10:19.981+0000] {manager.py:738} INFO - Searching for files in /opt/airflow/dags
[2025-12-21T17:10:19.991+0000] {manager.py:741} INFO - There are 3 files in /opt/airflow/dags
[2025-12-21T17:10:20.089+0000] {manager.py:879} INFO - 
================================================================================
DAG File Processing Stats

File Path                                      PID  Runtime      # DAGs    # Errors  Last Runtime    Last Run
-------------------------------------------  -----  ---------  --------  ----------  --------------  ----------
/opt/airflow/dags/example_dag.py                                      0           0
/opt/airflow/dags/purchase_analytics_dag.py     31  0.04s             0           0
/opt/airflow/dags/warehouse_delivery_dag.py     30  0.05s             0           0
================================================================================
[2025-12-21T17:10:50.402+0000] {manager.py:879} INFO - 
================================================================================
DAG File Processing Stats

File Path                                      PID  Runtime      # DAGs    # Errors  Last Runtime    Last Run
-------------------------------------------  -----  ---------  --------  ----------  --------------  -------------------
/opt/airflow/dags/example_dag.py                                      1           0  0.08s           2025-12-21T17:10:20
/opt/airflow/dags/purchase_analytics_dag.py     41  0.01s             1           0  0.12s           2025-12-21T17:10:20
/opt/airflow/dags/warehouse_delivery_dag.py     40  0.03s             1           0  0.14s           2025-12-21T17:10:20
================================================================================
[2025-12-21T17:11:21.059+0000] {manager.py:879} INFO - 
================================================================================
DAG File Processing Stats

File Path                                      PID  Runtime      # DAGs    # Errors  Last Runtime    Last Run
-------------------------------------------  -----  ---------  --------  ----------  --------------  -------------------
/opt/airflow/dags/example_dag.py                                      1           0  0.15s           2025-12-21T17:10:50
/opt/airflow/dags/purchase_analytics_dag.py     51  0.00s             1           0  0.39s           2025-12-21T17:10:50
/opt/airflow/dags/warehouse_delivery_dag.py     50  0.01s             1           0  0.42s           2025-12-21T17:10:50
================================================================================
[2025-12-21T17:11:51.445+0000] {manager.py:879} INFO - 
================================================================================
DAG File Processing Stats

File Path                                      PID  Runtime      # DAGs    # Errors  Last Runtime    Last Run
-------------------------------------------  -----  ---------  --------  ----------  --------------  -------------------
/opt/airflow/dags/example_dag.py                                      1           0  0.07s           2025-12-21T17:11:21
/opt/airflow/dags/purchase_analytics_dag.py     61  0.00s             1           0  0.12s           2025-12-21T17:11:21
/opt/airflow/dags/warehouse_delivery_dag.py     60  0.01s             1           0  0.12s           2025-12-21T17:11:21
================================================================================
[2025-12-21T17:12:21.836+0000] {manager.py:879} INFO - 
================================================================================
DAG File Processing Stats

File Path                                      PID  Runtime      # DAGs    # Errors  Last Runtime    Last Run
-------------------------------------------  -----  ---------  --------  ----------  --------------  -------------------
/opt/airflow/dags/example_dag.py                                      1           0  0.08s           2025-12-21T17:11:51
/opt/airflow/dags/purchase_analytics_dag.py     71  0.00s             1           0  0.14s           2025-12-21T17:11:51
/opt/airflow/dags/warehouse_delivery_dag.py     70  0.01s             1           0  0.14s           2025-12-21T17:11:51
================================================================================
[2025-12-21T17:12:52.254+0000] {manager.py:879} INFO - 
================================================================================
DAG File Processing Stats

File Path                                      PID  Runtime      # DAGs    # Errors  Last Runtime    Last Run
-------------------------------------------  -----  ---------  --------  ----------  --------------  -------------------
/opt/airflow/dags/example_dag.py                                      1           0  0.08s           2025-12-21T17:12:22
/opt/airflow/dags/purchase_analytics_dag.py     81  0.01s             1           0  0.12s           2025-12-21T17:12:21
/opt/airflow/dags/warehouse_delivery_dag.py     80  0.06s             1           0  0.12s           2025-12-21T17:12:21
================================================================================
[2025-12-21T17:13:22.264+0000] {manager.py:879} INFO - 
================================================================================
DAG File Processing Stats

File Path                                    PID    Runtime      # DAGs    # Errors  Last Runtime    Last Run
-------------------------------------------  -----  ---------  --------  ----------  --------------  -------------------
/opt/airflow/dags/example_dag.py                                      1           0  0.21s           2025-12-21T17:12:52
/opt/airflow/dags/purchase_analytics_dag.py                           1           0  0.50s           2025-12-21T17:12:52
/opt/airflow/dags/warehouse_delivery_dag.py                           1           0  0.53s           2025-12-21T17:12:52
================================================================================
[2025-12-21T17:13:30.180+0000] {manager.py:451} INFO - Exiting gracefully upon receiving signal 15
[2025-12-21T17:19:41.626+0000] {manager.py:469} INFO - Processing files using up to 2 processes at a time 
[2025-12-21T17:19:41.626+0000] {manager.py:470} INFO - Process each file at most once every 30 seconds
[2025-12-21T17:19:41.626+0000] {manager.py:471} INFO - Checking for new files in /opt/airflow/dags every 300 seconds
[2025-12-21T17:19:41.627+0000] {manager.py:738} INFO - Searching for files in /opt/airflow/dags
[2025-12-21T17:19:41.636+0000] {manager.py:741} INFO - There are 3 files in /opt/airflow/dags
[2025-12-21T17:19:41.775+0000] {manager.py:879} INFO - 
================================================================================
DAG File Processing Stats

File Path                                      PID  Runtime      # DAGs    # Errors  Last Runtime    Last Run
-------------------------------------------  -----  ---------  --------  ----------  --------------  ----------
/opt/airflow/dags/example_dag.py                                      0           0
/opt/airflow/dags/purchase_analytics_dag.py     31  0.05s             0           0
/opt/airflow/dags/warehouse_delivery_dag.py     30  0.06s             0           0
================================================================================
[2025-12-21T17:20:12.055+0000] {manager.py:879} INFO - 
================================================================================
DAG File Processing Stats

File Path                                      PID  Runtime      # DAGs    # Errors  Last Runtime    Last Run
-------------------------------------------  -----  ---------  --------  ----------  --------------  -------------------
/opt/airflow/dags/example_dag.py                                      1           0  0.09s           2025-12-21T17:19:41
/opt/airflow/dags/purchase_analytics_dag.py     41  0.00s             1           0  0.17s           2025-12-21T17:19:41
/opt/airflow/dags/warehouse_delivery_dag.py     40  0.03s             1           0  0.17s           2025-12-21T17:19:41
================================================================================
[2025-12-21T17:20:42.598+0000] {manager.py:879} INFO - 
================================================================================
DAG File Processing Stats

File Path                                      PID  Runtime      # DAGs    # Errors  Last Runtime    Last Run
-------------------------------------------  -----  ---------  --------  ----------  --------------  -------------------
/opt/airflow/dags/example_dag.py                                      1           0  0.15s           2025-12-21T17:20:12
/opt/airflow/dags/purchase_analytics_dag.py     51  0.00s             1           0  0.39s           2025-12-21T17:20:12
/opt/airflow/dags/warehouse_delivery_dag.py     50  0.01s             1           0  0.43s           2025-12-21T17:20:12
================================================================================
[2025-12-21T17:21:12.927+0000] {manager.py:879} INFO - 
================================================================================
DAG File Processing Stats

File Path                                      PID  Runtime      # DAGs    # Errors  Last Runtime    Last Run
-------------------------------------------  -----  ---------  --------  ----------  --------------  -------------------
/opt/airflow/dags/example_dag.py                                      1           0  0.06s           2025-12-21T17:20:42
/opt/airflow/dags/purchase_analytics_dag.py     61  0.00s             1           0  0.11s           2025-12-21T17:20:42
/opt/airflow/dags/warehouse_delivery_dag.py     60  0.01s             1           0  0.11s           2025-12-21T17:20:42
================================================================================
[2025-12-21T17:21:43.355+0000] {manager.py:879} INFO - 
================================================================================
DAG File Processing Stats

File Path                                      PID  Runtime      # DAGs    # Errors  Last Runtime    Last Run
-------------------------------------------  -----  ---------  --------  ----------  --------------  -------------------
/opt/airflow/dags/example_dag.py                                      1           0  0.09s           2025-12-21T17:21:13
/opt/airflow/dags/purchase_analytics_dag.py     71  0.00s             1           0  0.14s           2025-12-21T17:21:13
/opt/airflow/dags/warehouse_delivery_dag.py     70  0.01s             1           0  0.15s           2025-12-21T17:21:13
================================================================================
[2025-12-21T17:22:13.706+0000] {manager.py:879} INFO - 
================================================================================
DAG File Processing Stats

File Path                                      PID  Runtime      # DAGs    # Errors  Last Runtime    Last Run
-------------------------------------------  -----  ---------  --------  ----------  --------------  -------------------
/opt/airflow/dags/example_dag.py                                      1           0  0.07s           2025-12-21T17:21:43
/opt/airflow/dags/purchase_analytics_dag.py     81  0.01s             1           0  0.13s           2025-12-21T17:21:43
/opt/airflow/dags/warehouse_delivery_dag.py     80  0.05s             1           0  0.13s           2025-12-21T17:21:43
================================================================================
[2025-12-21T17:22:44.339+0000] {manager.py:879} INFO - 
================================================================================
DAG File Processing Stats

File Path                                      PID  Runtime      # DAGs    # Errors  Last Runtime    Last Run
-------------------------------------------  -----  ---------  --------  ----------  --------------  -------------------
/opt/airflow/dags/example_dag.py                                      1           0  0.22s           2025-12-21T17:22:14
/opt/airflow/dags/purchase_analytics_dag.py     84  0.01s             1           0  0.35s           2025-12-21T17:22:14
/opt/airflow/dags/warehouse_delivery_dag.py     83  0.03s             1           0  0.38s           2025-12-21T17:22:14
================================================================================
[2025-12-21T17:23:08.431+0000] {manager.py:451} INFO - Exiting gracefully upon receiving signal 15
[2025-12-21T17:26:15.890+0000] {manager.py:469} INFO - Processing files using up to 2 processes at a time 
[2025-12-21T17:26:15.891+0000] {manager.py:470} INFO - Process each file at most once every 30 seconds
[2025-12-21T17:26:15.891+0000] {manager.py:471} INFO - Checking for new files in /opt/airflow/dags every 300 seconds
[2025-12-21T17:26:15.891+0000] {manager.py:738} INFO - Searching for files in /opt/airflow/dags
[2025-12-21T17:26:15.898+0000] {manager.py:741} INFO - There are 3 files in /opt/airflow/dags
[2025-12-21T17:26:15.974+0000] {manager.py:879} INFO - 
================================================================================
DAG File Processing Stats

File Path                                      PID  Runtime      # DAGs    # Errors  Last Runtime    Last Run
-------------------------------------------  -----  ---------  --------  ----------  --------------  ----------
/opt/airflow/dags/example_dag.py                                      0           0
/opt/airflow/dags/purchase_analytics_dag.py     31  0.03s             0           0
/opt/airflow/dags/warehouse_delivery_dag.py     30  0.03s             0           0
================================================================================
[2025-12-21T17:26:46.527+0000] {manager.py:879} INFO - 
================================================================================
DAG File Processing Stats

File Path                                      PID  Runtime      # DAGs    # Errors  Last Runtime    Last Run
-------------------------------------------  -----  ---------  --------  ----------  --------------  -------------------
/opt/airflow/dags/example_dag.py                                      1           0  0.06s           2025-12-21T17:26:16
/opt/airflow/dags/purchase_analytics_dag.py     41  0.01s             1           0  0.11s           2025-12-21T17:26:16
/opt/airflow/dags/warehouse_delivery_dag.py     40  0.06s             1           0  0.11s           2025-12-21T17:26:16
================================================================================
[2025-12-21T17:27:17.238+0000] {manager.py:879} INFO - 
================================================================================
DAG File Processing Stats

File Path                                      PID  Runtime      # DAGs    # Errors  Last Runtime    Last Run
-------------------------------------------  -----  ---------  --------  ----------  --------------  -------------------
/opt/airflow/dags/example_dag.py                                      1           0  0.13s           2025-12-21T17:26:47
/opt/airflow/dags/purchase_analytics_dag.py     51  0.01s             1           0  0.41s           2025-12-21T17:26:46
/opt/airflow/dags/warehouse_delivery_dag.py     50  0.02s             1           0  0.47s           2025-12-21T17:26:46
================================================================================
[2025-12-21T17:27:47.734+0000] {manager.py:879} INFO - 
================================================================================
DAG File Processing Stats

File Path                                      PID  Runtime      # DAGs    # Errors  Last Runtime    Last Run
-------------------------------------------  -----  ---------  --------  ----------  --------------  -------------------
/opt/airflow/dags/example_dag.py                                      1           0  0.06s           2025-12-21T17:27:17
/opt/airflow/dags/purchase_analytics_dag.py     61  0.00s             1           0  0.10s           2025-12-21T17:27:17
/opt/airflow/dags/warehouse_delivery_dag.py     60  0.04s             1           0  0.12s           2025-12-21T17:27:17
================================================================================
[2025-12-21T17:28:18.169+0000] {manager.py:879} INFO - 
================================================================================
DAG File Processing Stats

File Path                                      PID  Runtime      # DAGs    # Errors  Last Runtime    Last Run
-------------------------------------------  -----  ---------  --------  ----------  --------------  -------------------
/opt/airflow/dags/example_dag.py                                      1           0  0.09s           2025-12-21T17:27:47
/opt/airflow/dags/purchase_analytics_dag.py     71  0.01s             1           0  0.15s           2025-12-21T17:27:47
/opt/airflow/dags/warehouse_delivery_dag.py     70  0.02s             1           0  0.18s           2025-12-21T17:27:47
================================================================================
[2025-12-21T17:28:48.540+0000] {manager.py:879} INFO - 
================================================================================
DAG File Processing Stats

File Path                                      PID  Runtime      # DAGs    # Errors  Last Runtime    Last Run
-------------------------------------------  -----  ---------  --------  ----------  --------------  -------------------
/opt/airflow/dags/example_dag.py                                      1           0  0.06s           2025-12-21T17:28:18
/opt/airflow/dags/purchase_analytics_dag.py     81  0.00s             1           0  0.10s           2025-12-21T17:28:18
/opt/airflow/dags/warehouse_delivery_dag.py     80  0.01s             1           0  0.13s           2025-12-21T17:28:18
================================================================================
[2025-12-21T17:29:18.916+0000] {manager.py:879} INFO - 
================================================================================
DAG File Processing Stats

File Path                                      PID  Runtime      # DAGs    # Errors  Last Runtime    Last Run
-------------------------------------------  -----  ---------  --------  ----------  --------------  -------------------
/opt/airflow/dags/example_dag.py                                      1           0  0.07s           2025-12-21T17:28:48
/opt/airflow/dags/purchase_analytics_dag.py     91  0.00s             1           0  0.08s           2025-12-21T17:28:48
/opt/airflow/dags/warehouse_delivery_dag.py     90  0.02s             1           0  0.08s           2025-12-21T17:28:48
================================================================================
[2025-12-21T17:29:49.396+0000] {manager.py:879} INFO - 
================================================================================
DAG File Processing Stats

File Path                                      PID  Runtime      # DAGs    # Errors  Last Runtime    Last Run
-------------------------------------------  -----  ---------  --------  ----------  --------------  -------------------
/opt/airflow/dags/example_dag.py                                      1           0  0.08s           2025-12-21T17:29:19
/opt/airflow/dags/purchase_analytics_dag.py    100  0.00s             1           0  0.17s           2025-12-21T17:29:19
/opt/airflow/dags/warehouse_delivery_dag.py     99  0.02s             1           0  0.17s           2025-12-21T17:29:19
================================================================================
[2025-12-21T17:30:19.856+0000] {manager.py:879} INFO - 
================================================================================
DAG File Processing Stats

File Path                                      PID  Runtime      # DAGs    # Errors  Last Runtime    Last Run
-------------------------------------------  -----  ---------  --------  ----------  --------------  -------------------
/opt/airflow/dags/example_dag.py                                      1           0  0.07s           2025-12-21T17:29:49
/opt/airflow/dags/purchase_analytics_dag.py    104  0.01s             1           0  0.14s           2025-12-21T17:29:49
/opt/airflow/dags/warehouse_delivery_dag.py    103  0.03s             1           0  0.17s           2025-12-21T17:29:49
================================================================================
[2025-12-21T17:30:50.430+0000] {manager.py:879} INFO - 
================================================================================
DAG File Processing Stats

File Path                                      PID  Runtime      # DAGs    # Errors  Last Runtime    Last Run
-------------------------------------------  -----  ---------  --------  ----------  --------------  -------------------
/opt/airflow/dags/example_dag.py                                      1           0  0.08s           2025-12-21T17:30:20
/opt/airflow/dags/purchase_analytics_dag.py    114  0.01s             1           0  0.18s           2025-12-21T17:30:20
/opt/airflow/dags/warehouse_delivery_dag.py    113  0.04s             1           0  0.19s           2025-12-21T17:30:20
================================================================================
[2025-12-21T17:31:15.897+0000] {manager.py:738} INFO - Searching for files in /opt/airflow/dags
[2025-12-21T17:31:15.923+0000] {manager.py:741} INFO - There are 3 files in /opt/airflow/dags
[2025-12-21T17:31:21.006+0000] {manager.py:879} INFO - 
================================================================================
DAG File Processing Stats

File Path                                      PID  Runtime      # DAGs    # Errors  Last Runtime    Last Run
-------------------------------------------  -----  ---------  --------  ----------  --------------  -------------------
/opt/airflow/dags/example_dag.py                                      1           0  0.07s           2025-12-21T17:30:50
/opt/airflow/dags/purchase_analytics_dag.py    124  0.02s             1           0  0.17s           2025-12-21T17:30:50
/opt/airflow/dags/warehouse_delivery_dag.py    123  0.03s             1           0  0.20s           2025-12-21T17:30:50
================================================================================
[2025-12-21T17:31:51.418+0000] {manager.py:879} INFO - 
================================================================================
DAG File Processing Stats

File Path                                      PID  Runtime      # DAGs    # Errors  Last Runtime    Last Run
-------------------------------------------  -----  ---------  --------  ----------  --------------  -------------------
/opt/airflow/dags/example_dag.py                                      1           0  0.07s           2025-12-21T17:31:21
/opt/airflow/dags/purchase_analytics_dag.py    134  0.01s             1           0  0.16s           2025-12-21T17:31:21
/opt/airflow/dags/warehouse_delivery_dag.py    133  0.03s             1           0  0.16s           2025-12-21T17:31:21
================================================================================
[2025-12-21T17:32:21.961+0000] {manager.py:879} INFO - 
================================================================================
DAG File Processing Stats

File Path                                      PID  Runtime      # DAGs    # Errors  Last Runtime    Last Run
-------------------------------------------  -----  ---------  --------  ----------  --------------  -------------------
/opt/airflow/dags/example_dag.py                                      1           0  0.07s           2025-12-21T17:31:51
/opt/airflow/dags/purchase_analytics_dag.py    144  0.01s             1           0  0.16s           2025-12-21T17:31:51
/opt/airflow/dags/warehouse_delivery_dag.py    143  0.02s             1           0  0.19s           2025-12-21T17:31:51
================================================================================
[2025-12-21T17:32:52.370+0000] {manager.py:879} INFO - 
================================================================================
DAG File Processing Stats

File Path                                      PID  Runtime      # DAGs    # Errors  Last Runtime    Last Run
-------------------------------------------  -----  ---------  --------  ----------  --------------  -------------------
/opt/airflow/dags/example_dag.py                                      1           0  0.06s           2025-12-21T17:32:22
/opt/airflow/dags/purchase_analytics_dag.py    154  0.01s             1           0  0.15s           2025-12-21T17:32:22
/opt/airflow/dags/warehouse_delivery_dag.py    153  0.02s             1           0  0.15s           2025-12-21T17:32:22
================================================================================
[2025-12-21T17:33:22.967+0000] {manager.py:879} INFO - 
================================================================================
DAG File Processing Stats

File Path                                      PID  Runtime      # DAGs    # Errors  Last Runtime    Last Run
-------------------------------------------  -----  ---------  --------  ----------  --------------  -------------------
/opt/airflow/dags/example_dag.py                                      1           0  0.08s           2025-12-21T17:32:52
/opt/airflow/dags/purchase_analytics_dag.py    164  0.01s             1           0  0.15s           2025-12-21T17:32:52
/opt/airflow/dags/warehouse_delivery_dag.py    163  0.03s             1           0  0.17s           2025-12-21T17:32:52
================================================================================
[2025-12-21T17:33:53.484+0000] {manager.py:879} INFO - 
================================================================================
DAG File Processing Stats

File Path                                      PID  Runtime      # DAGs    # Errors  Last Runtime    Last Run
-------------------------------------------  -----  ---------  --------  ----------  --------------  -------------------
/opt/airflow/dags/example_dag.py                                      1           0  0.06s           2025-12-21T17:33:23
/opt/airflow/dags/purchase_analytics_dag.py    174  0.00s             1           0  0.17s           2025-12-21T17:33:23
/opt/airflow/dags/warehouse_delivery_dag.py    173  0.02s             1           0  0.20s           2025-12-21T17:33:23
================================================================================
[2025-12-21T17:34:24.148+0000] {manager.py:879} INFO - 
================================================================================
DAG File Processing Stats

File Path                                      PID  Runtime      # DAGs    # Errors  Last Runtime    Last Run
-------------------------------------------  -----  ---------  --------  ----------  --------------  -------------------
/opt/airflow/dags/example_dag.py               188  0.00s             1           0  0.08s           2025-12-21T17:33:53
/opt/airflow/dags/purchase_analytics_dag.py    187  0.01s             1           0  0.16s           2025-12-21T17:33:53
/opt/airflow/dags/warehouse_delivery_dag.py                           1           0  0.17s           2025-12-21T17:34:20
================================================================================
[2025-12-21T17:34:54.559+0000] {manager.py:879} INFO - 
================================================================================
DAG File Processing Stats

File Path                                      PID  Runtime      # DAGs    # Errors  Last Runtime    Last Run
-------------------------------------------  -----  ---------  --------  ----------  --------------  -------------------
/opt/airflow/dags/example_dag.py               198  0.00s             1           0  0.11s           2025-12-21T17:34:24
/opt/airflow/dags/purchase_analytics_dag.py    197  0.01s             1           0  0.12s           2025-12-21T17:34:24
/opt/airflow/dags/warehouse_delivery_dag.py                           1           0  0.14s           2025-12-21T17:34:50
================================================================================
[2025-12-21T17:35:24.967+0000] {manager.py:879} INFO - 
================================================================================
DAG File Processing Stats

File Path                                      PID  Runtime      # DAGs    # Errors  Last Runtime    Last Run
-------------------------------------------  -----  ---------  --------  ----------  --------------  -------------------
/opt/airflow/dags/example_dag.py               209  0.00s             1           0  0.08s           2025-12-21T17:34:54
/opt/airflow/dags/purchase_analytics_dag.py    208  0.01s             1           0  0.09s           2025-12-21T17:34:54
/opt/airflow/dags/warehouse_delivery_dag.py                           1           0  0.11s           2025-12-21T17:35:24
================================================================================
[2025-12-21T17:35:46.030+0000] {manager.py:451} INFO - Exiting gracefully upon receiving signal 15
[2025-12-21T17:38:51.973+0000] {manager.py:469} INFO - Processing files using up to 2 processes at a time 
[2025-12-21T17:38:51.974+0000] {manager.py:470} INFO - Process each file at most once every 30 seconds
[2025-12-21T17:38:51.974+0000] {manager.py:471} INFO - Checking for new files in /opt/airflow/dags every 300 seconds
[2025-12-21T17:38:51.974+0000] {manager.py:738} INFO - Searching for files in /opt/airflow/dags
[2025-12-21T17:38:51.978+0000] {manager.py:741} INFO - There are 3 files in /opt/airflow/dags
[2025-12-21T17:38:52.061+0000] {manager.py:879} INFO - 
================================================================================
DAG File Processing Stats

File Path                                      PID  Runtime      # DAGs    # Errors  Last Runtime    Last Run
-------------------------------------------  -----  ---------  --------  ----------  --------------  ----------
/opt/airflow/dags/example_dag.py                                      0           0
/opt/airflow/dags/purchase_analytics_dag.py     30  0.04s             0           0
/opt/airflow/dags/warehouse_delivery_dag.py     29  0.04s             0           0
================================================================================
[2025-12-21T17:39:22.336+0000] {manager.py:879} INFO - 
================================================================================
DAG File Processing Stats

File Path                                      PID  Runtime      # DAGs    # Errors  Last Runtime    Last Run
-------------------------------------------  -----  ---------  --------  ----------  --------------  -------------------
/opt/airflow/dags/example_dag.py                                      1           0  0.06s           2025-12-21T17:38:52
/opt/airflow/dags/purchase_analytics_dag.py     41  0.01s             1           0  0.11s           2025-12-21T17:38:52
/opt/airflow/dags/warehouse_delivery_dag.py     40  0.02s             1           0  0.12s           2025-12-21T17:38:52
================================================================================
[2025-12-21T17:39:52.932+0000] {manager.py:879} INFO - 
================================================================================
DAG File Processing Stats

File Path                                      PID  Runtime      # DAGs    # Errors  Last Runtime    Last Run
-------------------------------------------  -----  ---------  --------  ----------  --------------  -------------------
/opt/airflow/dags/example_dag.py                                      1           0  0.13s           2025-12-21T17:39:22
/opt/airflow/dags/purchase_analytics_dag.py     51  0.01s             1           0  0.24s           2025-12-21T17:39:22
/opt/airflow/dags/warehouse_delivery_dag.py     50  0.08s             1           0  0.25s           2025-12-21T17:39:22
================================================================================
[2025-12-21T17:40:23.388+0000] {manager.py:879} INFO - 
================================================================================
DAG File Processing Stats

File Path                                      PID  Runtime      # DAGs    # Errors  Last Runtime    Last Run
-------------------------------------------  -----  ---------  --------  ----------  --------------  -------------------
/opt/airflow/dags/example_dag.py                                      1           0  0.08s           2025-12-21T17:39:53
/opt/airflow/dags/purchase_analytics_dag.py     61  0.00s             1           0  0.19s           2025-12-21T17:39:53
/opt/airflow/dags/warehouse_delivery_dag.py     60  0.01s             1           0  0.26s           2025-12-21T17:39:53
================================================================================
[2025-12-21T17:40:53.777+0000] {manager.py:879} INFO - 
================================================================================
DAG File Processing Stats

File Path                                      PID  Runtime      # DAGs    # Errors  Last Runtime    Last Run
-------------------------------------------  -----  ---------  --------  ----------  --------------  -------------------
/opt/airflow/dags/example_dag.py                                      1           0  0.07s           2025-12-21T17:40:23
/opt/airflow/dags/purchase_analytics_dag.py     71  0.00s             1           0  0.10s           2025-12-21T17:40:23
/opt/airflow/dags/warehouse_delivery_dag.py     70  0.01s             1           0  0.11s           2025-12-21T17:40:23
================================================================================
[2025-12-21T17:41:24.094+0000] {manager.py:879} INFO - 
================================================================================
DAG File Processing Stats

File Path                                      PID  Runtime      # DAGs    # Errors  Last Runtime    Last Run
-------------------------------------------  -----  ---------  --------  ----------  --------------  -------------------
/opt/airflow/dags/example_dag.py                                      1           0  0.08s           2025-12-21T17:40:53
/opt/airflow/dags/purchase_analytics_dag.py     81  0.00s             1           0  0.09s           2025-12-21T17:40:53
/opt/airflow/dags/warehouse_delivery_dag.py     80  0.01s             1           0  0.11s           2025-12-21T17:40:53
================================================================================
[2025-12-21T17:41:54.504+0000] {manager.py:879} INFO - 
================================================================================
DAG File Processing Stats

File Path                                      PID  Runtime      # DAGs    # Errors  Last Runtime    Last Run
-------------------------------------------  -----  ---------  --------  ----------  --------------  -------------------
/opt/airflow/dags/example_dag.py                                      1           0  0.07s           2025-12-21T17:41:24
/opt/airflow/dags/purchase_analytics_dag.py     91  0.01s             1           0  0.11s           2025-12-21T17:41:24
/opt/airflow/dags/warehouse_delivery_dag.py     90  0.02s             1           0  0.12s           2025-12-21T17:41:24
================================================================================
[2025-12-21T17:42:24.937+0000] {manager.py:879} INFO - 
================================================================================
DAG File Processing Stats

File Path                                      PID  Runtime      # DAGs    # Errors  Last Runtime    Last Run
-------------------------------------------  -----  ---------  --------  ----------  --------------  -------------------
/opt/airflow/dags/example_dag.py                                      1           0  0.07s           2025-12-21T17:41:54
/opt/airflow/dags/purchase_analytics_dag.py    101  0.01s             1           0  0.16s           2025-12-21T17:41:54
/opt/airflow/dags/warehouse_delivery_dag.py    100  0.02s             1           0  0.18s           2025-12-21T17:41:54
================================================================================
[2025-12-21T17:42:55.441+0000] {manager.py:879} INFO - 
================================================================================
DAG File Processing Stats

File Path                                      PID  Runtime      # DAGs    # Errors  Last Runtime    Last Run
-------------------------------------------  -----  ---------  --------  ----------  --------------  -------------------
/opt/airflow/dags/example_dag.py                                      1           0  0.13s           2025-12-21T17:42:25
/opt/airflow/dags/purchase_analytics_dag.py    104  0.01s             1           0  0.18s           2025-12-21T17:42:25
/opt/airflow/dags/warehouse_delivery_dag.py    103  0.06s             1           0  0.18s           2025-12-21T17:42:25
================================================================================
[2025-12-21T17:43:26.029+0000] {manager.py:879} INFO - 
================================================================================
DAG File Processing Stats

File Path                                      PID  Runtime      # DAGs    # Errors  Last Runtime    Last Run
-------------------------------------------  -----  ---------  --------  ----------  --------------  -------------------
/opt/airflow/dags/example_dag.py                                      1           0  0.14s           2025-12-21T17:42:55
/opt/airflow/dags/purchase_analytics_dag.py    114  0.01s             1           0  0.20s           2025-12-21T17:42:55
/opt/airflow/dags/warehouse_delivery_dag.py    113  0.03s             1           0  0.24s           2025-12-21T17:42:55
================================================================================
[2025-12-21T17:43:52.639+0000] {manager.py:738} INFO - Searching for files in /opt/airflow/dags
[2025-12-21T17:43:52.688+0000] {manager.py:741} INFO - There are 3 files in /opt/airflow/dags
[2025-12-21T17:43:56.836+0000] {manager.py:879} INFO - 
================================================================================
DAG File Processing Stats

File Path                                      PID  Runtime      # DAGs    # Errors  Last Runtime    Last Run
-------------------------------------------  -----  ---------  --------  ----------  --------------  -------------------
/opt/airflow/dags/example_dag.py                                      1           0  0.07s           2025-12-21T17:43:26
/opt/airflow/dags/purchase_analytics_dag.py    124  0.01s             1           0  0.19s           2025-12-21T17:43:26
/opt/airflow/dags/warehouse_delivery_dag.py    123  0.05s             1           0  0.22s           2025-12-21T17:43:26
================================================================================
[2025-12-21T17:44:27.382+0000] {manager.py:879} INFO - 
================================================================================
DAG File Processing Stats

File Path                                      PID  Runtime      # DAGs    # Errors  Last Runtime    Last Run
-------------------------------------------  -----  ---------  --------  ----------  --------------  -------------------
/opt/airflow/dags/example_dag.py                                      1           0  0.08s           2025-12-21T17:43:57
/opt/airflow/dags/purchase_analytics_dag.py    134  0.01s             1           0  0.16s           2025-12-21T17:43:56
/opt/airflow/dags/warehouse_delivery_dag.py    133  0.02s             1           0  0.21s           2025-12-21T17:43:56
================================================================================
[2025-12-21T17:44:57.911+0000] {manager.py:879} INFO - 
================================================================================
DAG File Processing Stats

File Path                                      PID  Runtime      # DAGs    # Errors  Last Runtime    Last Run
-------------------------------------------  -----  ---------  --------  ----------  --------------  -------------------
/opt/airflow/dags/example_dag.py                                      1           0  0.06s           2025-12-21T17:44:27
/opt/airflow/dags/purchase_analytics_dag.py    144  0.01s             1           0  0.13s           2025-12-21T17:44:27
/opt/airflow/dags/warehouse_delivery_dag.py    143  0.05s             1           0  0.16s           2025-12-21T17:44:27
================================================================================
[2025-12-21T17:45:28.487+0000] {manager.py:879} INFO - 
================================================================================
DAG File Processing Stats

File Path                                      PID  Runtime      # DAGs    # Errors  Last Runtime    Last Run
-------------------------------------------  -----  ---------  --------  ----------  --------------  -------------------
/opt/airflow/dags/example_dag.py                                      1           0  0.09s           2025-12-21T17:44:58
/opt/airflow/dags/purchase_analytics_dag.py    154  0.01s             1           0  0.18s           2025-12-21T17:44:58
/opt/airflow/dags/warehouse_delivery_dag.py    153  0.03s             1           0  0.23s           2025-12-21T17:44:58
================================================================================
[2025-12-21T17:45:59.046+0000] {manager.py:879} INFO - 
================================================================================
DAG File Processing Stats

File Path                                      PID  Runtime      # DAGs    # Errors  Last Runtime    Last Run
-------------------------------------------  -----  ---------  --------  ----------  --------------  -------------------
/opt/airflow/dags/example_dag.py                                      1           0  0.09s           2025-12-21T17:45:28
/opt/airflow/dags/purchase_analytics_dag.py    164  0.01s             1           0  0.20s           2025-12-21T17:45:28
/opt/airflow/dags/warehouse_delivery_dag.py    163  0.03s             1           0  0.23s           2025-12-21T17:45:28
================================================================================
[2025-12-21T17:46:29.615+0000] {manager.py:879} INFO - 
================================================================================
DAG File Processing Stats

File Path                                      PID  Runtime      # DAGs    # Errors  Last Runtime    Last Run
-------------------------------------------  -----  ---------  --------  ----------  --------------  -------------------
/opt/airflow/dags/example_dag.py                                      1           0  0.06s           2025-12-21T17:45:59
/opt/airflow/dags/purchase_analytics_dag.py    174  0.01s             1           0  0.17s           2025-12-21T17:45:59
/opt/airflow/dags/warehouse_delivery_dag.py    173  0.04s             1           0  0.19s           2025-12-21T17:45:59
================================================================================
[2025-12-21T17:47:00.238+0000] {manager.py:879} INFO - 
================================================================================
DAG File Processing Stats

File Path                                      PID  Runtime      # DAGs    # Errors  Last Runtime    Last Run
-------------------------------------------  -----  ---------  --------  ----------  --------------  -------------------
/opt/airflow/dags/example_dag.py                                      1           0  0.09s           2025-12-21T17:46:29
/opt/airflow/dags/purchase_analytics_dag.py    184  0.01s             1           0  0.20s           2025-12-21T17:46:29
/opt/airflow/dags/warehouse_delivery_dag.py    183  0.04s             1           0  0.23s           2025-12-21T17:46:29
================================================================================
[2025-12-21T17:47:07.434+0000] {manager.py:451} INFO - Exiting gracefully upon receiving signal 15
[2025-12-21T17:50:28.945+0000] {manager.py:469} INFO - Processing files using up to 2 processes at a time 
[2025-12-21T17:50:28.945+0000] {manager.py:470} INFO - Process each file at most once every 30 seconds
[2025-12-21T17:50:28.946+0000] {manager.py:471} INFO - Checking for new files in /opt/airflow/dags every 300 seconds
[2025-12-21T17:50:28.946+0000] {manager.py:738} INFO - Searching for files in /opt/airflow/dags
[2025-12-21T17:50:28.953+0000] {manager.py:741} INFO - There are 3 files in /opt/airflow/dags
[2025-12-21T17:50:29.031+0000] {manager.py:879} INFO - 
================================================================================
DAG File Processing Stats

File Path                                      PID  Runtime      # DAGs    # Errors  Last Runtime    Last Run
-------------------------------------------  -----  ---------  --------  ----------  --------------  ----------
/opt/airflow/dags/example_dag.py                                      0           0
/opt/airflow/dags/purchase_analytics_dag.py     31  0.03s             0           0
/opt/airflow/dags/warehouse_delivery_dag.py     30  0.03s             0           0
================================================================================
[2025-12-21T17:50:59.355+0000] {manager.py:879} INFO - 
================================================================================
DAG File Processing Stats

File Path                                      PID  Runtime      # DAGs    # Errors  Last Runtime    Last Run
-------------------------------------------  -----  ---------  --------  ----------  --------------  -------------------
/opt/airflow/dags/example_dag.py                                      1           0  0.08s           2025-12-21T17:50:29
/opt/airflow/dags/purchase_analytics_dag.py     41  0.01s             1           0  0.11s           2025-12-21T17:50:29
/opt/airflow/dags/warehouse_delivery_dag.py     40  0.03s             1           0  0.11s           2025-12-21T17:50:29
================================================================================
[2025-12-21T17:51:29.986+0000] {manager.py:879} INFO - 
================================================================================
DAG File Processing Stats

File Path                                      PID  Runtime      # DAGs    # Errors  Last Runtime    Last Run
-------------------------------------------  -----  ---------  --------  ----------  --------------  -------------------
/opt/airflow/dags/example_dag.py                                      1           0  0.10s           2025-12-21T17:50:59
/opt/airflow/dags/purchase_analytics_dag.py     51  0.01s             1           0  0.25s           2025-12-21T17:50:59
/opt/airflow/dags/warehouse_delivery_dag.py     50  0.07s             1           0  0.27s           2025-12-21T17:50:59
================================================================================
[2025-12-21T17:52:00.438+0000] {manager.py:879} INFO - 
================================================================================
DAG File Processing Stats

File Path                                      PID  Runtime      # DAGs    # Errors  Last Runtime    Last Run
-------------------------------------------  -----  ---------  --------  ----------  --------------  -------------------
/opt/airflow/dags/example_dag.py                                      1           0  0.07s           2025-12-21T17:51:30
/opt/airflow/dags/purchase_analytics_dag.py     61  0.00s             1           0  0.17s           2025-12-21T17:51:30
/opt/airflow/dags/warehouse_delivery_dag.py     60  0.01s             1           0  0.23s           2025-12-21T17:51:30
================================================================================
[2025-12-21T17:52:31.002+0000] {manager.py:879} INFO - 
================================================================================
DAG File Processing Stats

File Path                                      PID  Runtime      # DAGs    # Errors  Last Runtime    Last Run
-------------------------------------------  -----  ---------  --------  ----------  --------------  -------------------
/opt/airflow/dags/example_dag.py                                      1           0  0.08s           2025-12-21T17:52:00
/opt/airflow/dags/purchase_analytics_dag.py     71  0.00s             1           0  0.12s           2025-12-21T17:52:00
/opt/airflow/dags/warehouse_delivery_dag.py     70  0.02s             1           0  0.13s           2025-12-21T17:52:00
================================================================================
[2025-12-21T17:53:01.367+0000] {manager.py:879} INFO - 
================================================================================
DAG File Processing Stats

File Path                                      PID  Runtime      # DAGs    # Errors  Last Runtime    Last Run
-------------------------------------------  -----  ---------  --------  ----------  --------------  -------------------
/opt/airflow/dags/example_dag.py                                      1           0  0.07s           2025-12-21T17:52:31
/opt/airflow/dags/purchase_analytics_dag.py     81  0.01s             1           0  0.11s           2025-12-21T17:52:31
/opt/airflow/dags/warehouse_delivery_dag.py     80  0.01s             1           0  0.13s           2025-12-21T17:52:31
================================================================================
[2025-12-21T17:53:31.775+0000] {manager.py:879} INFO - 
================================================================================
DAG File Processing Stats

File Path                                      PID  Runtime      # DAGs    # Errors  Last Runtime    Last Run
-------------------------------------------  -----  ---------  --------  ----------  --------------  -------------------
/opt/airflow/dags/example_dag.py                                      1           0  0.08s           2025-12-21T17:53:01
/opt/airflow/dags/purchase_analytics_dag.py     91  0.01s             1           0  0.11s           2025-12-21T17:53:01
/opt/airflow/dags/warehouse_delivery_dag.py     90  0.02s             1           0  0.11s           2025-12-21T17:53:01
================================================================================
[2025-12-21T17:54:02.163+0000] {manager.py:879} INFO - 
================================================================================
DAG File Processing Stats

File Path                                      PID  Runtime      # DAGs    # Errors  Last Runtime    Last Run
-------------------------------------------  -----  ---------  --------  ----------  --------------  -------------------
/opt/airflow/dags/example_dag.py                                      1           0  0.07s           2025-12-21T17:53:31
/opt/airflow/dags/purchase_analytics_dag.py    101  0.00s             1           0  0.13s           2025-12-21T17:53:31
/opt/airflow/dags/warehouse_delivery_dag.py    100  0.01s             1           0  0.15s           2025-12-21T17:53:31
================================================================================
[2025-12-21T17:54:32.646+0000] {manager.py:879} INFO - 
================================================================================
DAG File Processing Stats

File Path                                      PID  Runtime      # DAGs    # Errors  Last Runtime    Last Run
-------------------------------------------  -----  ---------  --------  ----------  --------------  -------------------
/opt/airflow/dags/example_dag.py                                      1           0  0.07s           2025-12-21T17:54:02
/opt/airflow/dags/purchase_analytics_dag.py    110  0.01s             1           0  0.13s           2025-12-21T17:54:02
/opt/airflow/dags/warehouse_delivery_dag.py    103  0.02s             1           0  0.15s           2025-12-21T17:54:02
================================================================================
[2025-12-21T17:55:03.083+0000] {manager.py:879} INFO - 
================================================================================
DAG File Processing Stats

File Path                                      PID  Runtime      # DAGs    # Errors  Last Runtime    Last Run
-------------------------------------------  -----  ---------  --------  ----------  --------------  -------------------
/opt/airflow/dags/example_dag.py                                      1           0  0.08s           2025-12-21T17:54:32
/opt/airflow/dags/purchase_analytics_dag.py    114  0.00s             1           0  0.18s           2025-12-21T17:54:32
/opt/airflow/dags/warehouse_delivery_dag.py    113  0.02s             1           0  0.20s           2025-12-21T17:54:32
================================================================================
[2025-12-21T17:55:29.541+0000] {manager.py:738} INFO - Searching for files in /opt/airflow/dags
[2025-12-21T17:55:29.551+0000] {manager.py:741} INFO - There are 3 files in /opt/airflow/dags
[2025-12-21T17:55:33.631+0000] {manager.py:879} INFO - 
================================================================================
DAG File Processing Stats

File Path                                      PID  Runtime      # DAGs    # Errors  Last Runtime    Last Run
-------------------------------------------  -----  ---------  --------  ----------  --------------  -------------------
/opt/airflow/dags/example_dag.py                                      1           0  0.11s           2025-12-21T17:55:03
/opt/airflow/dags/purchase_analytics_dag.py    124  0.01s             1           0  0.16s           2025-12-21T17:55:03
/opt/airflow/dags/warehouse_delivery_dag.py    123  0.03s             1           0  0.17s           2025-12-21T17:55:03
================================================================================
[2025-12-21T17:56:04.110+0000] {manager.py:879} INFO - 
================================================================================
DAG File Processing Stats

File Path                                      PID  Runtime      # DAGs    # Errors  Last Runtime    Last Run
-------------------------------------------  -----  ---------  --------  ----------  --------------  -------------------
/opt/airflow/dags/example_dag.py                                      1           0  0.06s           2025-12-21T17:55:33
/opt/airflow/dags/purchase_analytics_dag.py    134  0.01s             1           0  0.15s           2025-12-21T17:55:33
/opt/airflow/dags/warehouse_delivery_dag.py    133  0.03s             1           0  0.16s           2025-12-21T17:55:33
================================================================================
[2025-12-21T17:56:34.562+0000] {manager.py:879} INFO - 
================================================================================
DAG File Processing Stats

File Path                                      PID  Runtime      # DAGs    # Errors  Last Runtime    Last Run
-------------------------------------------  -----  ---------  --------  ----------  --------------  -------------------
/opt/airflow/dags/example_dag.py                                      1           0  0.08s           2025-12-21T17:56:04
/opt/airflow/dags/purchase_analytics_dag.py    144  0.01s             1           0  0.16s           2025-12-21T17:56:04
/opt/airflow/dags/warehouse_delivery_dag.py    143  0.03s             1           0  0.18s           2025-12-21T17:56:04
================================================================================
[2025-12-21T17:57:05.096+0000] {manager.py:879} INFO - 
================================================================================
DAG File Processing Stats

File Path                                      PID  Runtime      # DAGs    # Errors  Last Runtime    Last Run
-------------------------------------------  -----  ---------  --------  ----------  --------------  -------------------
/opt/airflow/dags/example_dag.py                                      1           0  0.11s           2025-12-21T17:56:34
/opt/airflow/dags/purchase_analytics_dag.py    153  0.00s             1           0  0.23s           2025-12-21T17:56:34
/opt/airflow/dags/warehouse_delivery_dag.py    152  0.02s             1           0  0.26s           2025-12-21T17:56:34
================================================================================
[2025-12-21T17:57:35.691+0000] {manager.py:879} INFO - 
================================================================================
DAG File Processing Stats

File Path                                      PID  Runtime      # DAGs    # Errors  Last Runtime    Last Run
-------------------------------------------  -----  ---------  --------  ----------  --------------  -------------------
/opt/airflow/dags/example_dag.py                                      1           0  0.09s           2025-12-21T17:57:05
/opt/airflow/dags/purchase_analytics_dag.py    163  0.01s             1           0  0.21s           2025-12-21T17:57:05
/opt/airflow/dags/warehouse_delivery_dag.py    162  0.02s             1           0  0.23s           2025-12-21T17:57:05
================================================================================
[2025-12-21T17:58:06.174+0000] {manager.py:879} INFO - 
================================================================================
DAG File Processing Stats

File Path                                      PID  Runtime      # DAGs    # Errors  Last Runtime    Last Run
-------------------------------------------  -----  ---------  --------  ----------  --------------  -------------------
/opt/airflow/dags/example_dag.py                                      1           0  0.06s           2025-12-21T17:57:35
/opt/airflow/dags/purchase_analytics_dag.py    173  0.01s             1           0  0.16s           2025-12-21T17:57:35
/opt/airflow/dags/warehouse_delivery_dag.py    172  0.03s             1           0  0.18s           2025-12-21T17:57:35
================================================================================
[2025-12-21T17:58:36.675+0000] {manager.py:879} INFO - 
================================================================================
DAG File Processing Stats

File Path                                      PID  Runtime      # DAGs    # Errors  Last Runtime    Last Run
-------------------------------------------  -----  ---------  --------  ----------  --------------  -------------------
/opt/airflow/dags/example_dag.py                                      1           0  0.07s           2025-12-21T17:58:06
/opt/airflow/dags/purchase_analytics_dag.py    183  0.01s             1           0  0.18s           2025-12-21T17:58:06
/opt/airflow/dags/warehouse_delivery_dag.py    182  0.03s             1           0  0.21s           2025-12-21T17:58:06
================================================================================
[2025-12-21T17:58:53.171+0000] {manager.py:451} INFO - Exiting gracefully upon receiving signal 15
[2025-12-21T18:01:57.373+0000] {manager.py:469} INFO - Processing files using up to 2 processes at a time 
[2025-12-21T18:01:57.374+0000] {manager.py:470} INFO - Process each file at most once every 30 seconds
[2025-12-21T18:01:57.374+0000] {manager.py:471} INFO - Checking for new files in /opt/airflow/dags every 300 seconds
[2025-12-21T18:01:57.375+0000] {manager.py:738} INFO - Searching for files in /opt/airflow/dags
[2025-12-21T18:01:57.386+0000] {manager.py:741} INFO - There are 3 files in /opt/airflow/dags
[2025-12-21T18:01:57.467+0000] {manager.py:879} INFO - 
================================================================================
DAG File Processing Stats

File Path                                      PID  Runtime      # DAGs    # Errors  Last Runtime    Last Run
-------------------------------------------  -----  ---------  --------  ----------  --------------  ----------
/opt/airflow/dags/example_dag.py                                      0           0
/opt/airflow/dags/purchase_analytics_dag.py     32  0.03s             0           0
/opt/airflow/dags/warehouse_delivery_dag.py     31  0.04s             0           0
================================================================================
[2025-12-21T18:02:27.864+0000] {manager.py:879} INFO - 
================================================================================
DAG File Processing Stats

File Path                                      PID  Runtime      # DAGs    # Errors  Last Runtime    Last Run
-------------------------------------------  -----  ---------  --------  ----------  --------------  -------------------
/opt/airflow/dags/example_dag.py                                      1           0  0.08s           2025-12-21T18:01:57
/opt/airflow/dags/purchase_analytics_dag.py     42  0.01s             1           0  0.13s           2025-12-21T18:01:57
/opt/airflow/dags/warehouse_delivery_dag.py     41  0.05s             1           0  0.12s           2025-12-21T18:01:57
================================================================================
[2025-12-21T18:02:58.515+0000] {manager.py:879} INFO - 
================================================================================
DAG File Processing Stats

File Path                                      PID  Runtime      # DAGs    # Errors  Last Runtime    Last Run
-------------------------------------------  -----  ---------  --------  ----------  --------------  -------------------
/opt/airflow/dags/example_dag.py                                      1           0  0.14s           2025-12-21T18:02:28
/opt/airflow/dags/purchase_analytics_dag.py     52  0.00s             1           0  0.37s           2025-12-21T18:02:28
/opt/airflow/dags/warehouse_delivery_dag.py     51  0.02s             1           0  0.41s           2025-12-21T18:02:28
================================================================================
[2025-12-21T18:03:28.944+0000] {manager.py:879} INFO - 
================================================================================
DAG File Processing Stats

File Path                                      PID  Runtime      # DAGs    # Errors  Last Runtime    Last Run
-------------------------------------------  -----  ---------  --------  ----------  --------------  -------------------
/opt/airflow/dags/example_dag.py                                      1           0  0.08s           2025-12-21T18:02:58
/opt/airflow/dags/purchase_analytics_dag.py     62  0.00s             1           0  0.11s           2025-12-21T18:02:58
/opt/airflow/dags/warehouse_delivery_dag.py     61  0.01s             1           0  0.11s           2025-12-21T18:02:58
================================================================================
[2025-12-21T18:03:59.274+0000] {manager.py:879} INFO - 
================================================================================
DAG File Processing Stats

File Path                                      PID  Runtime      # DAGs    # Errors  Last Runtime    Last Run
-------------------------------------------  -----  ---------  --------  ----------  --------------  -------------------
/opt/airflow/dags/example_dag.py                                      1           0  0.07s           2025-12-21T18:03:29
/opt/airflow/dags/purchase_analytics_dag.py     72  0.00s             1           0  0.14s           2025-12-21T18:03:29
/opt/airflow/dags/warehouse_delivery_dag.py     71  0.01s             1           0  0.14s           2025-12-21T18:03:29
================================================================================
[2025-12-21T18:04:29.676+0000] {manager.py:879} INFO - 
================================================================================
DAG File Processing Stats

File Path                                      PID  Runtime      # DAGs    # Errors  Last Runtime    Last Run
-------------------------------------------  -----  ---------  --------  ----------  --------------  -------------------
/opt/airflow/dags/example_dag.py                                      1           0  0.19s           2025-12-21T18:03:59
/opt/airflow/dags/purchase_analytics_dag.py     82  0.00s             1           0  0.09s           2025-12-21T18:03:59
/opt/airflow/dags/warehouse_delivery_dag.py     81  0.01s             1           0  0.11s           2025-12-21T18:03:59
================================================================================
[2025-12-21T18:05:00.198+0000] {manager.py:879} INFO - 
================================================================================
DAG File Processing Stats

File Path                                      PID  Runtime      # DAGs    # Errors  Last Runtime    Last Run
-------------------------------------------  -----  ---------  --------  ----------  --------------  -------------------
/opt/airflow/dags/example_dag.py                                      1           0  0.08s           2025-12-21T18:04:29
/opt/airflow/dags/purchase_analytics_dag.py     92  0.01s             1           0  0.12s           2025-12-21T18:04:29
/opt/airflow/dags/warehouse_delivery_dag.py     91  0.06s             1           0  0.12s           2025-12-21T18:04:29
================================================================================
[2025-12-21T18:05:30.719+0000] {manager.py:879} INFO - 
================================================================================
DAG File Processing Stats

File Path                                      PID  Runtime      # DAGs    # Errors  Last Runtime    Last Run
-------------------------------------------  -----  ---------  --------  ----------  --------------  -------------------
/opt/airflow/dags/example_dag.py                                      1           0  0.09s           2025-12-21T18:05:00
/opt/airflow/dags/purchase_analytics_dag.py    102  0.01s             1           0  0.16s           2025-12-21T18:05:00
/opt/airflow/dags/warehouse_delivery_dag.py    101  0.03s             1           0  0.22s           2025-12-21T18:05:00
================================================================================
[2025-12-21T18:06:01.255+0000] {manager.py:879} INFO - 
================================================================================
DAG File Processing Stats

File Path                                      PID  Runtime      # DAGs    # Errors  Last Runtime    Last Run
-------------------------------------------  -----  ---------  --------  ----------  --------------  -------------------
/opt/airflow/dags/example_dag.py                                      1           0  0.12s           2025-12-21T18:05:31
/opt/airflow/dags/purchase_analytics_dag.py    105  0.01s             1           0  0.20s           2025-12-21T18:05:30
/opt/airflow/dags/warehouse_delivery_dag.py    104  0.05s             1           0  0.21s           2025-12-21T18:05:30
================================================================================
[2025-12-21T18:06:31.887+0000] {manager.py:879} INFO - 
================================================================================
DAG File Processing Stats

File Path                                      PID  Runtime      # DAGs    # Errors  Last Runtime    Last Run
-------------------------------------------  -----  ---------  --------  ----------  --------------  -------------------
/opt/airflow/dags/example_dag.py                                      1           0  0.09s           2025-12-21T18:06:01
/opt/airflow/dags/purchase_analytics_dag.py    115  0.01s             1           0  0.19s           2025-12-21T18:06:01
/opt/airflow/dags/warehouse_delivery_dag.py    114  0.05s             1           0  0.24s           2025-12-21T18:06:01
================================================================================
[2025-12-21T18:06:56.116+0000] {manager.py:451} INFO - Exiting gracefully upon receiving signal 15
[2025-12-21T18:09:59.594+0000] {manager.py:469} INFO - Processing files using up to 2 processes at a time 
[2025-12-21T18:09:59.595+0000] {manager.py:470} INFO - Process each file at most once every 30 seconds
[2025-12-21T18:09:59.595+0000] {manager.py:471} INFO - Checking for new files in /opt/airflow/dags every 300 seconds
[2025-12-21T18:09:59.595+0000] {manager.py:738} INFO - Searching for files in /opt/airflow/dags
[2025-12-21T18:09:59.602+0000] {manager.py:741} INFO - There are 3 files in /opt/airflow/dags
[2025-12-21T18:09:59.680+0000] {manager.py:879} INFO - 
================================================================================
DAG File Processing Stats

File Path                                      PID  Runtime      # DAGs    # Errors  Last Runtime    Last Run
-------------------------------------------  -----  ---------  --------  ----------  --------------  ----------
/opt/airflow/dags/example_dag.py                                      0           0
/opt/airflow/dags/purchase_analytics_dag.py     31  0.03s             0           0
/opt/airflow/dags/warehouse_delivery_dag.py     30  0.03s             0           0
================================================================================
[2025-12-21T18:10:30.046+0000] {manager.py:879} INFO - 
================================================================================
DAG File Processing Stats

File Path                                      PID  Runtime      # DAGs    # Errors  Last Runtime    Last Run
-------------------------------------------  -----  ---------  --------  ----------  --------------  -------------------
/opt/airflow/dags/example_dag.py                                      1           0  0.07s           2025-12-21T18:09:59
/opt/airflow/dags/purchase_analytics_dag.py     41  0.00s             1           0  0.10s           2025-12-21T18:09:59
/opt/airflow/dags/warehouse_delivery_dag.py     40  0.02s             1           0  0.11s           2025-12-21T18:09:59
================================================================================
[2025-12-21T18:11:00.646+0000] {manager.py:879} INFO - 
================================================================================
DAG File Processing Stats

File Path                                      PID  Runtime      # DAGs    # Errors  Last Runtime    Last Run
-------------------------------------------  -----  ---------  --------  ----------  --------------  -------------------
/opt/airflow/dags/example_dag.py                                      1           0  0.12s           2025-12-21T18:10:30
/opt/airflow/dags/purchase_analytics_dag.py     51  0.00s             1           0  0.30s           2025-12-21T18:10:30
/opt/airflow/dags/warehouse_delivery_dag.py     50  0.01s             1           0  0.32s           2025-12-21T18:10:30
================================================================================
[2025-12-21T18:11:31.075+0000] {manager.py:879} INFO - 
================================================================================
DAG File Processing Stats

File Path                                      PID  Runtime      # DAGs    # Errors  Last Runtime    Last Run
-------------------------------------------  -----  ---------  --------  ----------  --------------  -------------------
/opt/airflow/dags/example_dag.py                                      1           0  0.07s           2025-12-21T18:11:00
/opt/airflow/dags/purchase_analytics_dag.py     61  0.01s             1           0  0.10s           2025-12-21T18:11:00
/opt/airflow/dags/warehouse_delivery_dag.py     60  0.02s             1           0  0.11s           2025-12-21T18:11:00
================================================================================
[2025-12-21T18:12:01.509+0000] {manager.py:879} INFO - 
================================================================================
DAG File Processing Stats

File Path                                      PID  Runtime      # DAGs    # Errors  Last Runtime    Last Run
-------------------------------------------  -----  ---------  --------  ----------  --------------  -------------------
/opt/airflow/dags/example_dag.py                                      1           0  0.07s           2025-12-21T18:11:31
/opt/airflow/dags/purchase_analytics_dag.py     71  0.00s             1           0  0.11s           2025-12-21T18:11:31
/opt/airflow/dags/warehouse_delivery_dag.py     70  0.02s             1           0  0.14s           2025-12-21T18:11:31
================================================================================
[2025-12-21T18:12:31.930+0000] {manager.py:879} INFO - 
================================================================================
DAG File Processing Stats

File Path                                      PID  Runtime      # DAGs    # Errors  Last Runtime    Last Run
-------------------------------------------  -----  ---------  --------  ----------  --------------  -------------------
/opt/airflow/dags/example_dag.py                                      1           0  0.08s           2025-12-21T18:12:01
/opt/airflow/dags/purchase_analytics_dag.py     81  0.00s             1           0  0.14s           2025-12-21T18:12:01
/opt/airflow/dags/warehouse_delivery_dag.py     80  0.01s             1           0  0.14s           2025-12-21T18:12:01
================================================================================
[2025-12-21T18:13:02.398+0000] {manager.py:879} INFO - 
================================================================================
DAG File Processing Stats

File Path                                      PID  Runtime      # DAGs    # Errors  Last Runtime    Last Run
-------------------------------------------  -----  ---------  --------  ----------  --------------  -------------------
/opt/airflow/dags/example_dag.py                                      1           0  0.07s           2025-12-21T18:12:32
/opt/airflow/dags/purchase_analytics_dag.py     91  0.01s             1           0  0.10s           2025-12-21T18:12:32
/opt/airflow/dags/warehouse_delivery_dag.py     90  0.02s             1           0  0.11s           2025-12-21T18:12:32
================================================================================
[2025-12-21T18:13:32.877+0000] {manager.py:879} INFO - 
================================================================================
DAG File Processing Stats

File Path                                      PID  Runtime      # DAGs    # Errors  Last Runtime    Last Run
-------------------------------------------  -----  ---------  --------  ----------  --------------  -------------------
/opt/airflow/dags/example_dag.py                                      1           0  0.09s           2025-12-21T18:13:02
/opt/airflow/dags/purchase_analytics_dag.py     94  0.01s             1           0  0.16s           2025-12-21T18:13:02
/opt/airflow/dags/warehouse_delivery_dag.py     93  0.02s             1           0  0.16s           2025-12-21T18:13:02
================================================================================
[2025-12-21T18:14:03.663+0000] {manager.py:879} INFO - 
================================================================================
DAG File Processing Stats

File Path                                      PID  Runtime      # DAGs    # Errors  Last Runtime    Last Run
-------------------------------------------  -----  ---------  --------  ----------  --------------  -------------------
/opt/airflow/dags/example_dag.py                                      1           0  0.06s           2025-12-21T18:13:33
/opt/airflow/dags/purchase_analytics_dag.py    104  0.01s             1           0  0.16s           2025-12-21T18:13:33
/opt/airflow/dags/warehouse_delivery_dag.py    103  0.05s             1           0  0.18s           2025-12-21T18:13:33
================================================================================
[2025-12-21T18:14:34.109+0000] {manager.py:879} INFO - 
================================================================================
DAG File Processing Stats

File Path                                      PID  Runtime      # DAGs    # Errors  Last Runtime    Last Run
-------------------------------------------  -----  ---------  --------  ----------  --------------  -------------------
/opt/airflow/dags/example_dag.py                                      1           0  0.06s           2025-12-21T18:14:03
/opt/airflow/dags/purchase_analytics_dag.py    114  0.00s             1           0  0.16s           2025-12-21T18:14:03
/opt/airflow/dags/warehouse_delivery_dag.py    113  0.01s             1           0  0.21s           2025-12-21T18:14:03
================================================================================
[2025-12-21T18:15:00.459+0000] {manager.py:738} INFO - Searching for files in /opt/airflow/dags
[2025-12-21T18:15:00.468+0000] {manager.py:741} INFO - There are 3 files in /opt/airflow/dags
[2025-12-21T18:15:04.558+0000] {manager.py:879} INFO - 
================================================================================
DAG File Processing Stats

File Path                                      PID  Runtime      # DAGs    # Errors  Last Runtime    Last Run
-------------------------------------------  -----  ---------  --------  ----------  --------------  -------------------
/opt/airflow/dags/example_dag.py                                      1           0  0.07s           2025-12-21T18:14:34
/opt/airflow/dags/purchase_analytics_dag.py    124  0.01s             1           0  0.14s           2025-12-21T18:14:34
/opt/airflow/dags/warehouse_delivery_dag.py    123  0.03s             1           0  0.15s           2025-12-21T18:14:34
================================================================================
[2025-12-21T18:15:35.119+0000] {manager.py:879} INFO - 
================================================================================
DAG File Processing Stats

File Path                                      PID  Runtime      # DAGs    # Errors  Last Runtime    Last Run
-------------------------------------------  -----  ---------  --------  ----------  --------------  -------------------
/opt/airflow/dags/example_dag.py                                      1           0  0.06s           2025-12-21T18:15:04
/opt/airflow/dags/purchase_analytics_dag.py    134  0.01s             1           0  0.14s           2025-12-21T18:15:04
/opt/airflow/dags/warehouse_delivery_dag.py    133  0.04s             1           0  0.17s           2025-12-21T18:15:04
================================================================================
[2025-12-21T18:16:05.665+0000] {manager.py:879} INFO - 
================================================================================
DAG File Processing Stats

File Path                                      PID  Runtime      # DAGs    # Errors  Last Runtime    Last Run
-------------------------------------------  -----  ---------  --------  ----------  --------------  -------------------
/opt/airflow/dags/example_dag.py                                      1           0  0.09s           2025-12-21T18:15:35
/opt/airflow/dags/purchase_analytics_dag.py    144  0.01s             1           0  0.19s           2025-12-21T18:15:35
/opt/airflow/dags/warehouse_delivery_dag.py    143  0.02s             1           0  0.21s           2025-12-21T18:15:35
================================================================================
[2025-12-21T18:16:36.150+0000] {manager.py:879} INFO - 
================================================================================
DAG File Processing Stats

File Path                                      PID  Runtime      # DAGs    # Errors  Last Runtime    Last Run
-------------------------------------------  -----  ---------  --------  ----------  --------------  -------------------
/opt/airflow/dags/example_dag.py                                      1           0  0.08s           2025-12-21T18:16:05
/opt/airflow/dags/purchase_analytics_dag.py    154  0.00s             1           0  0.17s           2025-12-21T18:16:05
/opt/airflow/dags/warehouse_delivery_dag.py    153  0.02s             1           0  0.19s           2025-12-21T18:16:05
================================================================================
[2025-12-21T18:17:06.674+0000] {manager.py:879} INFO - 
================================================================================
DAG File Processing Stats

File Path                                      PID  Runtime      # DAGs    # Errors  Last Runtime    Last Run
-------------------------------------------  -----  ---------  --------  ----------  --------------  -------------------
/opt/airflow/dags/example_dag.py                                      1           0  0.08s           2025-12-21T18:16:36
/opt/airflow/dags/purchase_analytics_dag.py    163  0.00s             1           0  0.19s           2025-12-21T18:16:36
/opt/airflow/dags/warehouse_delivery_dag.py    162  0.02s             1           0  0.20s           2025-12-21T18:16:36
================================================================================
[2025-12-21T18:17:37.120+0000] {manager.py:879} INFO - 
================================================================================
DAG File Processing Stats

File Path                                      PID  Runtime      # DAGs    # Errors  Last Runtime    Last Run
-------------------------------------------  -----  ---------  --------  ----------  --------------  -------------------
/opt/airflow/dags/example_dag.py                                      1           0  0.07s           2025-12-21T18:17:06
/opt/airflow/dags/purchase_analytics_dag.py    198  0.00s             1           0  0.16s           2025-12-21T18:17:06
/opt/airflow/dags/warehouse_delivery_dag.py    197  0.01s             1           0  0.18s           2025-12-21T18:17:06
================================================================================
[2025-12-21T18:18:07.611+0000] {manager.py:879} INFO - 
================================================================================
DAG File Processing Stats

File Path                                      PID  Runtime      # DAGs    # Errors  Last Runtime    Last Run
-------------------------------------------  -----  ---------  --------  ----------  --------------  -------------------
/opt/airflow/dags/example_dag.py                                      1           0  0.08s           2025-12-21T18:17:37
/opt/airflow/dags/purchase_analytics_dag.py    231  0.01s             1           0  0.11s           2025-12-21T18:17:37
/opt/airflow/dags/warehouse_delivery_dag.py    230  0.06s             1           0  0.12s           2025-12-21T18:17:37
================================================================================
[2025-12-21T18:18:38.239+0000] {manager.py:879} INFO - 
================================================================================
DAG File Processing Stats

File Path                                      PID  Runtime      # DAGs    # Errors  Last Runtime    Last Run
-------------------------------------------  -----  ---------  --------  ----------  --------------  -------------------
/opt/airflow/dags/example_dag.py                                      1           0  0.10s           2025-12-21T18:18:07
/opt/airflow/dags/purchase_analytics_dag.py    241  0.00s             1           0  0.15s           2025-12-21T18:18:07
/opt/airflow/dags/warehouse_delivery_dag.py    240  0.01s             1           0  0.22s           2025-12-21T18:18:07
================================================================================
[2025-12-21T18:19:08.777+0000] {manager.py:879} INFO - 
================================================================================
DAG File Processing Stats

File Path                                      PID  Runtime      # DAGs    # Errors  Last Runtime    Last Run
-------------------------------------------  -----  ---------  --------  ----------  --------------  -------------------
/opt/airflow/dags/example_dag.py                                      1           0  0.07s           2025-12-21T18:18:38
/opt/airflow/dags/purchase_analytics_dag.py    251  0.01s             1           0  0.17s           2025-12-21T18:18:38
/opt/airflow/dags/warehouse_delivery_dag.py    250  0.04s             1           0  0.18s           2025-12-21T18:18:38
================================================================================
[2025-12-21T18:19:39.308+0000] {manager.py:879} INFO - 
================================================================================
DAG File Processing Stats

File Path                                      PID  Runtime      # DAGs    # Errors  Last Runtime    Last Run
-------------------------------------------  -----  ---------  --------  ----------  --------------  -------------------
/opt/airflow/dags/example_dag.py                                      1           0  0.08s           2025-12-21T18:19:09
/opt/airflow/dags/purchase_analytics_dag.py    261  0.01s             1           0  0.16s           2025-12-21T18:19:08
/opt/airflow/dags/warehouse_delivery_dag.py    260  0.08s             1           0  0.20s           2025-12-21T18:19:08
================================================================================
[2025-12-21T18:20:00.678+0000] {manager.py:738} INFO - Searching for files in /opt/airflow/dags
[2025-12-21T18:20:00.687+0000] {manager.py:741} INFO - There are 3 files in /opt/airflow/dags
[2025-12-21T18:20:09.855+0000] {manager.py:879} INFO - 
================================================================================
DAG File Processing Stats

File Path                                      PID  Runtime      # DAGs    # Errors  Last Runtime    Last Run
-------------------------------------------  -----  ---------  --------  ----------  --------------  -------------------
/opt/airflow/dags/example_dag.py                                      1           0  0.09s           2025-12-21T18:19:39
/opt/airflow/dags/purchase_analytics_dag.py    271  0.00s             1           0  0.17s           2025-12-21T18:19:39
/opt/airflow/dags/warehouse_delivery_dag.py    270  0.02s             1           0  0.24s           2025-12-21T18:19:39
================================================================================
[2025-12-21T18:20:40.298+0000] {manager.py:879} INFO - 
================================================================================
DAG File Processing Stats

File Path                                      PID  Runtime      # DAGs    # Errors  Last Runtime    Last Run
-------------------------------------------  -----  ---------  --------  ----------  --------------  -------------------
/opt/airflow/dags/example_dag.py                                      1           0  0.07s           2025-12-21T18:20:10
/opt/airflow/dags/purchase_analytics_dag.py    281  0.01s             1           0  0.15s           2025-12-21T18:20:09
/opt/airflow/dags/warehouse_delivery_dag.py    280  0.03s             1           0  0.17s           2025-12-21T18:20:09
================================================================================
[2025-12-21T18:21:10.818+0000] {manager.py:879} INFO - 
================================================================================
DAG File Processing Stats

File Path                                      PID  Runtime      # DAGs    # Errors  Last Runtime    Last Run
-------------------------------------------  -----  ---------  --------  ----------  --------------  -------------------
/opt/airflow/dags/example_dag.py                                      1           0  0.07s           2025-12-21T18:20:40
/opt/airflow/dags/purchase_analytics_dag.py    291  0.01s             1           0  0.16s           2025-12-21T18:20:40
/opt/airflow/dags/warehouse_delivery_dag.py    290  0.03s             1           0  0.19s           2025-12-21T18:20:40
================================================================================
[2025-12-21T18:21:41.347+0000] {manager.py:879} INFO - 
================================================================================
DAG File Processing Stats

File Path                                      PID  Runtime      # DAGs    # Errors  Last Runtime    Last Run
-------------------------------------------  -----  ---------  --------  ----------  --------------  -------------------
/opt/airflow/dags/example_dag.py                                      1           0  0.22s           2025-12-21T18:21:11
/opt/airflow/dags/purchase_analytics_dag.py    301  0.01s             1           0  0.17s           2025-12-21T18:21:10
/opt/airflow/dags/warehouse_delivery_dag.py    300  0.05s             1           0  0.27s           2025-12-21T18:21:11
================================================================================
[2025-12-21T18:22:11.387+0000] {manager.py:879} INFO - 
================================================================================
DAG File Processing Stats

File Path                                    PID    Runtime      # DAGs    # Errors  Last Runtime    Last Run
-------------------------------------------  -----  ---------  --------  ----------  --------------  -------------------
/opt/airflow/dags/example_dag.py                                      1           0  0.56s           2025-12-21T18:21:42
/opt/airflow/dags/purchase_analytics_dag.py                           1           0  0.21s           2025-12-21T18:21:41
/opt/airflow/dags/warehouse_delivery_dag.py                           1           0  0.25s           2025-12-21T18:21:41
================================================================================
[2025-12-21T18:22:42.145+0000] {manager.py:879} INFO - 
================================================================================
DAG File Processing Stats

File Path                                      PID  Runtime      # DAGs    # Errors  Last Runtime    Last Run
-------------------------------------------  -----  ---------  --------  ----------  --------------  -------------------
/opt/airflow/dags/example_dag.py                                      1           0  0.08s           2025-12-21T18:22:12
/opt/airflow/dags/purchase_analytics_dag.py    321  0.01s             1           0  0.15s           2025-12-21T18:22:11
/opt/airflow/dags/warehouse_delivery_dag.py    320  0.04s             1           0  0.17s           2025-12-21T18:22:11
================================================================================
[2025-12-21T18:23:12.620+0000] {manager.py:879} INFO - 
================================================================================
DAG File Processing Stats

File Path                                      PID  Runtime      # DAGs    # Errors  Last Runtime    Last Run
-------------------------------------------  -----  ---------  --------  ----------  --------------  -------------------
/opt/airflow/dags/example_dag.py                                      1           0  0.09s           2025-12-21T18:22:43
/opt/airflow/dags/purchase_analytics_dag.py    331  0.01s             1           0  0.15s           2025-12-21T18:22:42
/opt/airflow/dags/warehouse_delivery_dag.py    330  0.02s             1           0  0.18s           2025-12-21T18:22:42
================================================================================
[2025-12-21T18:23:43.155+0000] {manager.py:879} INFO - 
================================================================================
DAG File Processing Stats

File Path                                      PID  Runtime      # DAGs    # Errors  Last Runtime    Last Run
-------------------------------------------  -----  ---------  --------  ----------  --------------  -------------------
/opt/airflow/dags/example_dag.py                                      1           0  0.08s           2025-12-21T18:23:13
/opt/airflow/dags/purchase_analytics_dag.py    340  0.01s             1           0  0.15s           2025-12-21T18:23:12
/opt/airflow/dags/warehouse_delivery_dag.py    339  0.03s             1           0  0.18s           2025-12-21T18:23:12
================================================================================
[2025-12-21T18:24:13.563+0000] {manager.py:879} INFO - 
================================================================================
DAG File Processing Stats

File Path                                      PID  Runtime      # DAGs    # Errors  Last Runtime    Last Run
-------------------------------------------  -----  ---------  --------  ----------  --------------  -------------------
/opt/airflow/dags/example_dag.py                                      1           0  0.08s           2025-12-21T18:23:44
/opt/airflow/dags/purchase_analytics_dag.py    350  0.01s             1           0  0.22s           2025-12-21T18:23:43
/opt/airflow/dags/warehouse_delivery_dag.py    349  0.01s             1           0  0.24s           2025-12-21T18:23:43
================================================================================
[2025-12-21T18:24:36.057+0000] {manager.py:451} INFO - Exiting gracefully upon receiving signal 15
[2025-12-21T18:27:43.877+0000] {manager.py:469} INFO - Processing files using up to 2 processes at a time 
[2025-12-21T18:27:43.878+0000] {manager.py:470} INFO - Process each file at most once every 30 seconds
[2025-12-21T18:27:43.878+0000] {manager.py:471} INFO - Checking for new files in /opt/airflow/dags every 300 seconds
[2025-12-21T18:27:43.878+0000] {manager.py:738} INFO - Searching for files in /opt/airflow/dags
[2025-12-21T18:27:43.886+0000] {manager.py:741} INFO - There are 3 files in /opt/airflow/dags
[2025-12-21T18:27:44.010+0000] {manager.py:879} INFO - 
================================================================================
DAG File Processing Stats

File Path                                      PID  Runtime      # DAGs    # Errors  Last Runtime    Last Run
-------------------------------------------  -----  ---------  --------  ----------  --------------  ----------
/opt/airflow/dags/example_dag.py                                      0           0
/opt/airflow/dags/purchase_analytics_dag.py     31  0.07s             0           0
/opt/airflow/dags/warehouse_delivery_dag.py     30  0.08s             0           0
================================================================================
[2025-12-21T18:28:14.282+0000] {manager.py:879} INFO - 
================================================================================
DAG File Processing Stats

File Path                                      PID  Runtime      # DAGs    # Errors  Last Runtime    Last Run
-------------------------------------------  -----  ---------  --------  ----------  --------------  -------------------
/opt/airflow/dags/example_dag.py                                      1           0  0.06s           2025-12-21T18:27:44
/opt/airflow/dags/purchase_analytics_dag.py     41  0.01s             1           0  0.18s           2025-12-21T18:27:44
/opt/airflow/dags/warehouse_delivery_dag.py     40  0.02s             1           0  0.20s           2025-12-21T18:27:44
================================================================================
[2025-12-21T18:28:44.812+0000] {manager.py:879} INFO - 
================================================================================
DAG File Processing Stats

File Path                                      PID  Runtime      # DAGs    # Errors  Last Runtime    Last Run
-------------------------------------------  -----  ---------  --------  ----------  --------------  -------------------
/opt/airflow/dags/example_dag.py                                      1           0  0.10s           2025-12-21T18:28:14
/opt/airflow/dags/purchase_analytics_dag.py     51  0.01s             1           0  0.26s           2025-12-21T18:28:14
/opt/airflow/dags/warehouse_delivery_dag.py     50  0.03s             1           0  0.26s           2025-12-21T18:28:14
================================================================================
[2025-12-21T18:29:15.202+0000] {manager.py:879} INFO - 
================================================================================
DAG File Processing Stats

File Path                                      PID  Runtime      # DAGs    # Errors  Last Runtime    Last Run
-------------------------------------------  -----  ---------  --------  ----------  --------------  -------------------
/opt/airflow/dags/example_dag.py                                      1           0  0.08s           2025-12-21T18:28:45
/opt/airflow/dags/purchase_analytics_dag.py     61  0.01s             1           0  0.17s           2025-12-21T18:28:44
/opt/airflow/dags/warehouse_delivery_dag.py     60  0.02s             1           0  0.19s           2025-12-21T18:28:44
================================================================================
[2025-12-21T18:29:45.518+0000] {manager.py:879} INFO - 
================================================================================
DAG File Processing Stats

File Path                                      PID  Runtime      # DAGs    # Errors  Last Runtime    Last Run
-------------------------------------------  -----  ---------  --------  ----------  --------------  -------------------
/opt/airflow/dags/example_dag.py                                      1           0  0.08s           2025-12-21T18:29:15
/opt/airflow/dags/purchase_analytics_dag.py    120  0.01s             1           0  0.14s           2025-12-21T18:29:15
/opt/airflow/dags/warehouse_delivery_dag.py    119  0.02s             1           0  0.15s           2025-12-21T18:29:15
================================================================================
[2025-12-21T18:30:15.812+0000] {manager.py:879} INFO - 
================================================================================
DAG File Processing Stats

File Path                                      PID  Runtime      # DAGs    # Errors  Last Runtime    Last Run
-------------------------------------------  -----  ---------  --------  ----------  --------------  -------------------
/opt/airflow/dags/example_dag.py                                      1           0  0.07s           2025-12-21T18:29:45
/opt/airflow/dags/purchase_analytics_dag.py    130  0.00s             1           0  0.12s           2025-12-21T18:29:45
/opt/airflow/dags/warehouse_delivery_dag.py    129  0.03s             1           0  0.14s           2025-12-21T18:29:45
================================================================================
[2025-12-21T18:30:46.246+0000] {manager.py:879} INFO - 
================================================================================
DAG File Processing Stats

File Path                                      PID  Runtime      # DAGs    # Errors  Last Runtime    Last Run
-------------------------------------------  -----  ---------  --------  ----------  --------------  -------------------
/opt/airflow/dags/example_dag.py                                      1           0  0.09s           2025-12-21T18:30:16
/opt/airflow/dags/purchase_analytics_dag.py    141  0.00s             1           0  0.15s           2025-12-21T18:30:15
/opt/airflow/dags/warehouse_delivery_dag.py    140  0.01s             1           0  0.17s           2025-12-21T18:30:15
================================================================================
[2025-12-21T18:31:16.598+0000] {manager.py:879} INFO - 
================================================================================
DAG File Processing Stats

File Path                                      PID  Runtime      # DAGs    # Errors  Last Runtime    Last Run
-------------------------------------------  -----  ---------  --------  ----------  --------------  -------------------
/opt/airflow/dags/example_dag.py                                      1           0  0.06s           2025-12-21T18:30:46
/opt/airflow/dags/purchase_analytics_dag.py    151  0.00s             1           0  0.10s           2025-12-21T18:30:46
/opt/airflow/dags/warehouse_delivery_dag.py    150  0.02s             1           0  0.10s           2025-12-21T18:30:46
================================================================================
[2025-12-21T18:31:47.038+0000] {manager.py:879} INFO - 
================================================================================
DAG File Processing Stats

File Path                                      PID  Runtime      # DAGs    # Errors  Last Runtime    Last Run
-------------------------------------------  -----  ---------  --------  ----------  --------------  -------------------
/opt/airflow/dags/example_dag.py                                      1           0  0.08s           2025-12-21T18:31:16
/opt/airflow/dags/purchase_analytics_dag.py    154  0.01s             1           0  0.16s           2025-12-21T18:31:16
/opt/airflow/dags/warehouse_delivery_dag.py    153  0.02s             1           0  0.17s           2025-12-21T18:31:16
================================================================================
[2025-12-21T18:32:17.453+0000] {manager.py:879} INFO - 
================================================================================
DAG File Processing Stats

File Path                                      PID  Runtime      # DAGs    # Errors  Last Runtime    Last Run
-------------------------------------------  -----  ---------  --------  ----------  --------------  -------------------
/opt/airflow/dags/example_dag.py                                      1           0  0.07s           2025-12-21T18:31:47
/opt/airflow/dags/purchase_analytics_dag.py    164  0.01s             1           0  0.13s           2025-12-21T18:31:47
/opt/airflow/dags/warehouse_delivery_dag.py    163  0.02s             1           0  0.16s           2025-12-21T18:31:47
================================================================================
[2025-12-21T18:32:43.889+0000] {manager.py:738} INFO - Searching for files in /opt/airflow/dags
[2025-12-21T18:32:43.899+0000] {manager.py:741} INFO - There are 3 files in /opt/airflow/dags
[2025-12-21T18:32:47.986+0000] {manager.py:879} INFO - 
================================================================================
DAG File Processing Stats

File Path                                      PID  Runtime      # DAGs    # Errors  Last Runtime    Last Run
-------------------------------------------  -----  ---------  --------  ----------  --------------  -------------------
/opt/airflow/dags/example_dag.py                                      1           0  0.08s           2025-12-21T18:32:17
/opt/airflow/dags/purchase_analytics_dag.py    174  0.01s             1           0  0.20s           2025-12-21T18:32:17
/opt/airflow/dags/warehouse_delivery_dag.py    173  0.03s             1           0  0.20s           2025-12-21T18:32:17
================================================================================
[2025-12-21T18:33:18.615+0000] {manager.py:879} INFO - 
================================================================================
DAG File Processing Stats

File Path                                      PID  Runtime      # DAGs    # Errors  Last Runtime    Last Run
-------------------------------------------  -----  ---------  --------  ----------  --------------  -------------------
/opt/airflow/dags/example_dag.py                                      1           0  0.07s           2025-12-21T18:32:48
/opt/airflow/dags/purchase_analytics_dag.py    184  0.00s             1           0  0.16s           2025-12-21T18:32:48
/opt/airflow/dags/warehouse_delivery_dag.py    183  0.04s             1           0  0.18s           2025-12-21T18:32:48
================================================================================
[2025-12-21T18:33:49.118+0000] {manager.py:879} INFO - 
================================================================================
DAG File Processing Stats

File Path                                      PID  Runtime      # DAGs    # Errors  Last Runtime    Last Run
-------------------------------------------  -----  ---------  --------  ----------  --------------  -------------------
/opt/airflow/dags/example_dag.py                                      1           0  0.14s           2025-12-21T18:33:18
/opt/airflow/dags/purchase_analytics_dag.py    194  0.01s             1           0  0.19s           2025-12-21T18:33:18
/opt/airflow/dags/warehouse_delivery_dag.py    193  0.04s             1           0  0.21s           2025-12-21T18:33:18
================================================================================
[2025-12-21T18:34:19.642+0000] {manager.py:879} INFO - 
================================================================================
DAG File Processing Stats

File Path                                      PID  Runtime      # DAGs    # Errors  Last Runtime    Last Run
-------------------------------------------  -----  ---------  --------  ----------  --------------  -------------------
/opt/airflow/dags/example_dag.py                                      1           0  0.08s           2025-12-21T18:33:49
/opt/airflow/dags/purchase_analytics_dag.py    204  0.02s             1           0  0.18s           2025-12-21T18:33:49
/opt/airflow/dags/warehouse_delivery_dag.py    203  0.04s             1           0  0.20s           2025-12-21T18:33:49
================================================================================
[2025-12-21T18:34:50.061+0000] {manager.py:879} INFO - 
================================================================================
DAG File Processing Stats

File Path                                      PID  Runtime      # DAGs    # Errors  Last Runtime    Last Run
-------------------------------------------  -----  ---------  --------  ----------  --------------  -------------------
/opt/airflow/dags/example_dag.py                                      1           0  0.09s           2025-12-21T18:34:19
/opt/airflow/dags/purchase_analytics_dag.py    214  0.01s             1           0  0.16s           2025-12-21T18:34:19
/opt/airflow/dags/warehouse_delivery_dag.py    213  0.02s             1           0  0.20s           2025-12-21T18:34:19
================================================================================
[2025-12-21T18:35:20.537+0000] {manager.py:879} INFO - 
================================================================================
DAG File Processing Stats

File Path                                      PID  Runtime      # DAGs    # Errors  Last Runtime    Last Run
-------------------------------------------  -----  ---------  --------  ----------  --------------  -------------------
/opt/airflow/dags/example_dag.py                                      1           0  0.11s           2025-12-21T18:34:50
/opt/airflow/dags/purchase_analytics_dag.py    224  0.01s             1           0  0.16s           2025-12-21T18:34:50
/opt/airflow/dags/warehouse_delivery_dag.py    223  0.03s             1           0  0.19s           2025-12-21T18:34:50
================================================================================
[2025-12-21T18:35:51.018+0000] {manager.py:879} INFO - 
================================================================================
DAG File Processing Stats

File Path                                      PID  Runtime      # DAGs    # Errors  Last Runtime    Last Run
-------------------------------------------  -----  ---------  --------  ----------  --------------  -------------------
/opt/airflow/dags/example_dag.py                                      1           0  0.10s           2025-12-21T18:35:20
/opt/airflow/dags/purchase_analytics_dag.py    234  0.00s             1           0  0.18s           2025-12-21T18:35:20
/opt/airflow/dags/warehouse_delivery_dag.py    233  0.02s             1           0  0.20s           2025-12-21T18:35:20
================================================================================
[2025-12-21T18:36:21.712+0000] {manager.py:879} INFO - 
================================================================================
DAG File Processing Stats

File Path                                      PID  Runtime      # DAGs    # Errors  Last Runtime    Last Run
-------------------------------------------  -----  ---------  --------  ----------  --------------  -------------------
/opt/airflow/dags/example_dag.py                                      1           0  0.09s           2025-12-21T18:35:51
/opt/airflow/dags/purchase_analytics_dag.py    244  0.01s             1           0  0.18s           2025-12-21T18:35:51
/opt/airflow/dags/warehouse_delivery_dag.py    243  0.03s             1           0  0.19s           2025-12-21T18:35:51
================================================================================
[2025-12-21T18:36:52.171+0000] {manager.py:879} INFO - 
================================================================================
DAG File Processing Stats

File Path                                      PID  Runtime      # DAGs    # Errors  Last Runtime    Last Run
-------------------------------------------  -----  ---------  --------  ----------  --------------  -------------------
/opt/airflow/dags/example_dag.py                                      1           0  0.06s           2025-12-21T18:36:21
/opt/airflow/dags/purchase_analytics_dag.py    254  0.00s             1           0  0.17s           2025-12-21T18:36:21
/opt/airflow/dags/warehouse_delivery_dag.py    253  0.02s             1           0  0.19s           2025-12-21T18:36:21
================================================================================
[2025-12-21T18:37:22.670+0000] {manager.py:879} INFO - 
================================================================================
DAG File Processing Stats

File Path                                      PID  Runtime      # DAGs    # Errors  Last Runtime    Last Run
-------------------------------------------  -----  ---------  --------  ----------  --------------  -------------------
/opt/airflow/dags/example_dag.py                                      1           0  0.07s           2025-12-21T18:36:52
/opt/airflow/dags/purchase_analytics_dag.py    264  0.00s             1           0  0.17s           2025-12-21T18:36:52
/opt/airflow/dags/warehouse_delivery_dag.py    263  0.04s             1           0  0.20s           2025-12-21T18:36:52
================================================================================
[2025-12-21T18:37:44.089+0000] {manager.py:738} INFO - Searching for files in /opt/airflow/dags
[2025-12-21T18:37:44.101+0000] {manager.py:741} INFO - There are 3 files in /opt/airflow/dags
[2025-12-21T18:37:53.252+0000] {manager.py:879} INFO - 
================================================================================
DAG File Processing Stats

File Path                                      PID  Runtime      # DAGs    # Errors  Last Runtime    Last Run
-------------------------------------------  -----  ---------  --------  ----------  --------------  -------------------
/opt/airflow/dags/example_dag.py                                      1           0  0.08s           2025-12-21T18:37:22
/opt/airflow/dags/purchase_analytics_dag.py    274  0.01s             1           0  0.21s           2025-12-21T18:37:22
/opt/airflow/dags/warehouse_delivery_dag.py    273  0.03s             1           0  0.25s           2025-12-21T18:37:22
================================================================================
[2025-12-21T18:38:23.998+0000] {manager.py:879} INFO - 
================================================================================
DAG File Processing Stats

File Path                                      PID  Runtime      # DAGs    # Errors  Last Runtime    Last Run
-------------------------------------------  -----  ---------  --------  ----------  --------------  -------------------
/opt/airflow/dags/example_dag.py                                      1           0  0.07s           2025-12-21T18:37:53
/opt/airflow/dags/purchase_analytics_dag.py    284  0.02s             1           0  0.16s           2025-12-21T18:37:53
/opt/airflow/dags/warehouse_delivery_dag.py    283  0.07s             1           0  0.19s           2025-12-21T18:37:53
================================================================================
[2025-12-21T18:38:54.517+0000] {manager.py:879} INFO - 
================================================================================
DAG File Processing Stats

File Path                                      PID  Runtime      # DAGs    # Errors  Last Runtime    Last Run
-------------------------------------------  -----  ---------  --------  ----------  --------------  -------------------
/opt/airflow/dags/example_dag.py                                      1           0  0.07s           2025-12-21T18:38:24
/opt/airflow/dags/purchase_analytics_dag.py    294  0.00s             1           0  0.20s           2025-12-21T18:38:24
/opt/airflow/dags/warehouse_delivery_dag.py    293  0.04s             1           0  0.24s           2025-12-21T18:38:24
================================================================================
[2025-12-21T18:39:25.292+0000] {manager.py:879} INFO - 
================================================================================
DAG File Processing Stats

File Path                                      PID  Runtime      # DAGs    # Errors  Last Runtime    Last Run
-------------------------------------------  -----  ---------  --------  ----------  --------------  -------------------
/opt/airflow/dags/example_dag.py                                      1           0  0.08s           2025-12-21T18:38:54
/opt/airflow/dags/purchase_analytics_dag.py    304  0.00s             1           0  0.21s           2025-12-21T18:38:54
/opt/airflow/dags/warehouse_delivery_dag.py    303  0.03s             1           0  0.25s           2025-12-21T18:38:54
================================================================================
[2025-12-21T18:39:28.237+0000] {manager.py:451} INFO - Exiting gracefully upon receiving signal 15
[2025-12-21T18:42:37.090+0000] {manager.py:469} INFO - Processing files using up to 2 processes at a time 
[2025-12-21T18:42:37.091+0000] {manager.py:470} INFO - Process each file at most once every 30 seconds
[2025-12-21T18:42:37.091+0000] {manager.py:471} INFO - Checking for new files in /opt/airflow/dags every 300 seconds
[2025-12-21T18:42:37.092+0000] {manager.py:738} INFO - Searching for files in /opt/airflow/dags
[2025-12-21T18:42:37.101+0000] {manager.py:741} INFO - There are 3 files in /opt/airflow/dags
[2025-12-21T18:42:37.272+0000] {manager.py:879} INFO - 
================================================================================
DAG File Processing Stats

File Path                                      PID  Runtime      # DAGs    # Errors  Last Runtime    Last Run
-------------------------------------------  -----  ---------  --------  ----------  --------------  ----------
/opt/airflow/dags/example_dag.py                                      0           0
/opt/airflow/dags/purchase_analytics_dag.py     30  0.07s             0           0
/opt/airflow/dags/warehouse_delivery_dag.py     29  0.09s             0           0
================================================================================
[2025-12-21T18:43:07.683+0000] {manager.py:879} INFO - 
================================================================================
DAG File Processing Stats

File Path                                      PID  Runtime      # DAGs    # Errors  Last Runtime    Last Run
-------------------------------------------  -----  ---------  --------  ----------  --------------  -------------------
/opt/airflow/dags/example_dag.py                                      1           0  0.09s           2025-12-21T18:42:37
/opt/airflow/dags/purchase_analytics_dag.py     40  0.01s             1           0  0.16s           2025-12-21T18:42:37
/opt/airflow/dags/warehouse_delivery_dag.py     39  0.04s             1           0  0.18s           2025-12-21T18:42:37
================================================================================
[2025-12-21T18:43:38.308+0000] {manager.py:879} INFO - 
================================================================================
DAG File Processing Stats

File Path                                      PID  Runtime      # DAGs    # Errors  Last Runtime    Last Run
-------------------------------------------  -----  ---------  --------  ----------  --------------  -------------------
/opt/airflow/dags/example_dag.py                                      1           0  0.15s           2025-12-21T18:43:08
/opt/airflow/dags/purchase_analytics_dag.py     49  0.00s             1           0  0.43s           2025-12-21T18:43:08
/opt/airflow/dags/warehouse_delivery_dag.py     48  0.02s             1           0  0.46s           2025-12-21T18:43:08
================================================================================
[2025-12-21T18:44:08.785+0000] {manager.py:879} INFO - 
================================================================================
DAG File Processing Stats

File Path                                      PID  Runtime      # DAGs    # Errors  Last Runtime    Last Run
-------------------------------------------  -----  ---------  --------  ----------  --------------  -------------------
/opt/airflow/dags/example_dag.py                                      1           0  0.09s           2025-12-21T18:43:38
/opt/airflow/dags/purchase_analytics_dag.py     59  0.00s             1           0  0.13s           2025-12-21T18:43:38
/opt/airflow/dags/warehouse_delivery_dag.py     58  0.02s             1           0  0.14s           2025-12-21T18:43:38
================================================================================
[2025-12-21T18:44:39.450+0000] {manager.py:879} INFO - 
================================================================================
DAG File Processing Stats

File Path                                      PID  Runtime      # DAGs    # Errors  Last Runtime    Last Run
-------------------------------------------  -----  ---------  --------  ----------  --------------  -------------------
/opt/airflow/dags/example_dag.py                                      1           0  0.11s           2025-12-21T18:44:09
/opt/airflow/dags/purchase_analytics_dag.py     69  0.00s             1           0  0.14s           2025-12-21T18:44:08
/opt/airflow/dags/warehouse_delivery_dag.py     68  0.01s             1           0  0.16s           2025-12-21T18:44:08
================================================================================
[2025-12-21T18:45:09.823+0000] {manager.py:879} INFO - 
================================================================================
DAG File Processing Stats

File Path                                      PID  Runtime      # DAGs    # Errors  Last Runtime    Last Run
-------------------------------------------  -----  ---------  --------  ----------  --------------  -------------------
/opt/airflow/dags/example_dag.py                                      1           0  0.08s           2025-12-21T18:44:39
/opt/airflow/dags/purchase_analytics_dag.py     79  0.01s             1           0  0.12s           2025-12-21T18:44:39
/opt/airflow/dags/warehouse_delivery_dag.py     78  0.03s             1           0  0.12s           2025-12-21T18:44:39
================================================================================
[2025-12-21T18:45:40.592+0000] {manager.py:879} INFO - 
================================================================================
DAG File Processing Stats

File Path                                      PID  Runtime      # DAGs    # Errors  Last Runtime    Last Run
-------------------------------------------  -----  ---------  --------  ----------  --------------  -------------------
/opt/airflow/dags/example_dag.py                                      1           0  0.18s           2025-12-21T18:45:10
/opt/airflow/dags/purchase_analytics_dag.py     82  0.01s             1           0  0.21s           2025-12-21T18:45:10
/opt/airflow/dags/warehouse_delivery_dag.py     81  0.03s             1           0  0.23s           2025-12-21T18:45:10
================================================================================
[2025-12-21T18:46:11.162+0000] {manager.py:879} INFO - 
================================================================================
DAG File Processing Stats

File Path                                      PID  Runtime      # DAGs    # Errors  Last Runtime    Last Run
-------------------------------------------  -----  ---------  --------  ----------  --------------  -------------------
/opt/airflow/dags/example_dag.py                                      1           0  0.11s           2025-12-21T18:45:40
/opt/airflow/dags/purchase_analytics_dag.py     92  0.00s             1           0  0.24s           2025-12-21T18:45:40
/opt/airflow/dags/warehouse_delivery_dag.py     91  0.02s             1           0  0.26s           2025-12-21T18:45:40
================================================================================
[2025-12-21T18:46:41.595+0000] {manager.py:879} INFO - 
================================================================================
DAG File Processing Stats

File Path                                      PID  Runtime      # DAGs    # Errors  Last Runtime    Last Run
-------------------------------------------  -----  ---------  --------  ----------  --------------  -------------------
/opt/airflow/dags/example_dag.py                                      1           0  0.06s           2025-12-21T18:46:11
/opt/airflow/dags/purchase_analytics_dag.py    102  0.00s             1           0  0.13s           2025-12-21T18:46:11
/opt/airflow/dags/warehouse_delivery_dag.py    101  0.02s             1           0  0.16s           2025-12-21T18:46:11
================================================================================
[2025-12-21T18:47:12.075+0000] {manager.py:879} INFO - 
================================================================================
DAG File Processing Stats

File Path                                      PID  Runtime      # DAGs    # Errors  Last Runtime    Last Run
-------------------------------------------  -----  ---------  --------  ----------  --------------  -------------------
/opt/airflow/dags/example_dag.py                                      1           0  0.08s           2025-12-21T18:46:41
/opt/airflow/dags/purchase_analytics_dag.py    112  0.01s             1           0  0.15s           2025-12-21T18:46:41
/opt/airflow/dags/warehouse_delivery_dag.py    111  0.03s             1           0  0.17s           2025-12-21T18:46:41
================================================================================
[2025-12-21T18:47:37.503+0000] {manager.py:738} INFO - Searching for files in /opt/airflow/dags
[2025-12-21T18:47:37.525+0000] {manager.py:741} INFO - There are 3 files in /opt/airflow/dags
[2025-12-21T18:47:42.625+0000] {manager.py:879} INFO - 
================================================================================
DAG File Processing Stats

File Path                                      PID  Runtime      # DAGs    # Errors  Last Runtime    Last Run
-------------------------------------------  -----  ---------  --------  ----------  --------------  -------------------
/opt/airflow/dags/example_dag.py                                      1           0  0.08s           2025-12-21T18:47:12
/opt/airflow/dags/purchase_analytics_dag.py    122  0.00s             1           0  0.15s           2025-12-21T18:47:12
/opt/airflow/dags/warehouse_delivery_dag.py    121  0.02s             1           0  0.17s           2025-12-21T18:47:12
================================================================================
[2025-12-21T18:48:13.078+0000] {manager.py:879} INFO - 
================================================================================
DAG File Processing Stats

File Path                                      PID  Runtime      # DAGs    # Errors  Last Runtime    Last Run
-------------------------------------------  -----  ---------  --------  ----------  --------------  -------------------
/opt/airflow/dags/example_dag.py                                      1           0  0.08s           2025-12-21T18:47:42
/opt/airflow/dags/purchase_analytics_dag.py    132  0.01s             1           0  0.16s           2025-12-21T18:47:42
/opt/airflow/dags/warehouse_delivery_dag.py    131  0.03s             1           0  0.17s           2025-12-21T18:47:42
================================================================================
[2025-12-21T18:48:43.528+0000] {manager.py:879} INFO - 
================================================================================
DAG File Processing Stats

File Path                                      PID  Runtime      # DAGs    # Errors  Last Runtime    Last Run
-------------------------------------------  -----  ---------  --------  ----------  --------------  -------------------
/opt/airflow/dags/example_dag.py                                      1           0  0.08s           2025-12-21T18:48:13
/opt/airflow/dags/purchase_analytics_dag.py    142  0.01s             1           0  0.14s           2025-12-21T18:48:13
/opt/airflow/dags/warehouse_delivery_dag.py    141  0.02s             1           0  0.17s           2025-12-21T18:48:13
================================================================================
[2025-12-21T18:49:14.180+0000] {manager.py:879} INFO - 
================================================================================
DAG File Processing Stats

File Path                                      PID  Runtime      # DAGs    # Errors  Last Runtime    Last Run
-------------------------------------------  -----  ---------  --------  ----------  --------------  -------------------
/opt/airflow/dags/example_dag.py                                      1           0  0.06s           2025-12-21T18:48:43
/opt/airflow/dags/purchase_analytics_dag.py    151  0.01s             1           0  0.16s           2025-12-21T18:48:43
/opt/airflow/dags/warehouse_delivery_dag.py    150  0.03s             1           0  0.17s           2025-12-21T18:48:43
================================================================================
[2025-12-21T18:49:44.731+0000] {manager.py:879} INFO - 
================================================================================
DAG File Processing Stats

File Path                                      PID  Runtime      # DAGs    # Errors  Last Runtime    Last Run
-------------------------------------------  -----  ---------  --------  ----------  --------------  -------------------
/opt/airflow/dags/example_dag.py                                      1           0  0.10s           2025-12-21T18:49:14
/opt/airflow/dags/purchase_analytics_dag.py    161  0.00s             1           0  0.24s           2025-12-21T18:49:14
/opt/airflow/dags/warehouse_delivery_dag.py    160  0.02s             1           0  0.27s           2025-12-21T18:49:14
================================================================================
[2025-12-21T18:50:15.323+0000] {manager.py:879} INFO - 
================================================================================
DAG File Processing Stats

File Path                                      PID  Runtime      # DAGs    # Errors  Last Runtime    Last Run
-------------------------------------------  -----  ---------  --------  ----------  --------------  -------------------
/opt/airflow/dags/example_dag.py                                      1           0  0.09s           2025-12-21T18:49:44
/opt/airflow/dags/purchase_analytics_dag.py    171  0.01s             1           0  0.18s           2025-12-21T18:49:44
/opt/airflow/dags/warehouse_delivery_dag.py    170  0.03s             1           0  0.19s           2025-12-21T18:49:44
================================================================================
[2025-12-21T18:50:45.899+0000] {manager.py:879} INFO - 
================================================================================
DAG File Processing Stats

File Path                                      PID  Runtime      # DAGs    # Errors  Last Runtime    Last Run
-------------------------------------------  -----  ---------  --------  ----------  --------------  -------------------
/opt/airflow/dags/example_dag.py                                      1           0  0.08s           2025-12-21T18:50:15
/opt/airflow/dags/purchase_analytics_dag.py    181  0.01s             1           0  0.18s           2025-12-21T18:50:15
/opt/airflow/dags/warehouse_delivery_dag.py    180  0.04s             1           0  0.21s           2025-12-21T18:50:15
================================================================================
[2025-12-21T18:50:58.438+0000] {manager.py:451} INFO - Exiting gracefully upon receiving signal 15
[2025-12-21T18:54:05.901+0000] {manager.py:469} INFO - Processing files using up to 2 processes at a time 
[2025-12-21T18:54:05.902+0000] {manager.py:470} INFO - Process each file at most once every 30 seconds
[2025-12-21T18:54:05.902+0000] {manager.py:471} INFO - Checking for new files in /opt/airflow/dags every 300 seconds
[2025-12-21T18:54:05.902+0000] {manager.py:738} INFO - Searching for files in /opt/airflow/dags
[2025-12-21T18:54:05.907+0000] {manager.py:741} INFO - There are 3 files in /opt/airflow/dags
[2025-12-21T18:54:05.991+0000] {manager.py:879} INFO - 
================================================================================
DAG File Processing Stats

File Path                                      PID  Runtime      # DAGs    # Errors  Last Runtime    Last Run
-------------------------------------------  -----  ---------  --------  ----------  --------------  ----------
/opt/airflow/dags/example_dag.py                                      0           0
/opt/airflow/dags/purchase_analytics_dag.py     31  0.04s             0           0
/opt/airflow/dags/warehouse_delivery_dag.py     30  0.04s             0           0
================================================================================
[2025-12-21T18:54:36.494+0000] {manager.py:879} INFO - 
================================================================================
DAG File Processing Stats

File Path                                      PID  Runtime      # DAGs    # Errors  Last Runtime    Last Run
-------------------------------------------  -----  ---------  --------  ----------  --------------  -------------------
/opt/airflow/dags/example_dag.py                                      1           0  0.07s           2025-12-21T18:54:06
/opt/airflow/dags/purchase_analytics_dag.py     41  0.01s             1           0  0.10s           2025-12-21T18:54:06
/opt/airflow/dags/warehouse_delivery_dag.py     40  0.03s             1           0  0.12s           2025-12-21T18:54:06
================================================================================
[2025-12-21T18:55:07.091+0000] {manager.py:879} INFO - 
================================================================================
DAG File Processing Stats

File Path                                      PID  Runtime      # DAGs    # Errors  Last Runtime    Last Run
-------------------------------------------  -----  ---------  --------  ----------  --------------  -------------------
/opt/airflow/dags/example_dag.py                                      1           0  0.11s           2025-12-21T18:54:36
/opt/airflow/dags/purchase_analytics_dag.py     51  0.01s             1           0  0.32s           2025-12-21T18:54:36
/opt/airflow/dags/warehouse_delivery_dag.py     50  0.02s             1           0  0.35s           2025-12-21T18:54:36
================================================================================
[2025-12-21T18:55:37.872+0000] {manager.py:879} INFO - 
================================================================================
DAG File Processing Stats

File Path                                      PID  Runtime      # DAGs    # Errors  Last Runtime    Last Run
-------------------------------------------  -----  ---------  --------  ----------  --------------  -------------------
/opt/airflow/dags/example_dag.py                                      1           0  0.08s           2025-12-21T18:55:07
/opt/airflow/dags/purchase_analytics_dag.py     61  0.00s             1           0  0.19s           2025-12-21T18:55:07
/opt/airflow/dags/warehouse_delivery_dag.py     60  0.01s             1           0  0.19s           2025-12-21T18:55:07
================================================================================
[2025-12-21T18:56:08.255+0000] {manager.py:879} INFO - 
================================================================================
DAG File Processing Stats

File Path                                      PID  Runtime      # DAGs    # Errors  Last Runtime    Last Run
-------------------------------------------  -----  ---------  --------  ----------  --------------  -------------------
/opt/airflow/dags/example_dag.py                                      1           0  0.08s           2025-12-21T18:55:38
/opt/airflow/dags/purchase_analytics_dag.py     71  0.00s             1           0  0.11s           2025-12-21T18:55:37
/opt/airflow/dags/warehouse_delivery_dag.py     70  0.02s             1           0  0.12s           2025-12-21T18:55:37
================================================================================
[2025-12-21T18:56:38.749+0000] {manager.py:879} INFO - 
================================================================================
DAG File Processing Stats

File Path                                      PID  Runtime      # DAGs    # Errors  Last Runtime    Last Run
-------------------------------------------  -----  ---------  --------  ----------  --------------  -------------------
/opt/airflow/dags/example_dag.py                                      1           0  0.09s           2025-12-21T18:56:08
/opt/airflow/dags/purchase_analytics_dag.py     81  0.00s             1           0  0.13s           2025-12-21T18:56:08
/opt/airflow/dags/warehouse_delivery_dag.py     80  0.01s             1           0  0.13s           2025-12-21T18:56:08
================================================================================
[2025-12-21T18:57:09.248+0000] {manager.py:879} INFO - 
================================================================================
DAG File Processing Stats

File Path                                      PID  Runtime      # DAGs    # Errors  Last Runtime    Last Run
-------------------------------------------  -----  ---------  --------  ----------  --------------  -------------------
/opt/airflow/dags/example_dag.py                                      1           0  0.08s           2025-12-21T18:56:38
/opt/airflow/dags/purchase_analytics_dag.py     91  0.00s             1           0  0.15s           2025-12-21T18:56:38
/opt/airflow/dags/warehouse_delivery_dag.py     90  0.02s             1           0  0.15s           2025-12-21T18:56:38
================================================================================
[2025-12-21T18:57:40.200+0000] {manager.py:879} INFO - 
================================================================================
DAG File Processing Stats

File Path                                      PID  Runtime      # DAGs    # Errors  Last Runtime    Last Run
-------------------------------------------  -----  ---------  --------  ----------  --------------  -------------------
/opt/airflow/dags/example_dag.py                                      1           0  0.08s           2025-12-21T18:57:09
/opt/airflow/dags/purchase_analytics_dag.py    101  0.01s             1           0  0.13s           2025-12-21T18:57:09
/opt/airflow/dags/warehouse_delivery_dag.py    100  0.02s             1           0  0.15s           2025-12-21T18:57:09
================================================================================
[2025-12-21T18:58:10.691+0000] {manager.py:879} INFO - 
================================================================================
DAG File Processing Stats

File Path                                      PID  Runtime      # DAGs    # Errors  Last Runtime    Last Run
-------------------------------------------  -----  ---------  --------  ----------  --------------  -------------------
/opt/airflow/dags/example_dag.py                                      1           0  0.09s           2025-12-21T18:57:40
/opt/airflow/dags/purchase_analytics_dag.py    110  0.01s             1           0  0.14s           2025-12-21T18:57:40
/opt/airflow/dags/warehouse_delivery_dag.py    109  0.03s             1           0  0.16s           2025-12-21T18:57:40
================================================================================
[2025-12-21T18:58:41.197+0000] {manager.py:879} INFO - 
================================================================================
DAG File Processing Stats

File Path                                      PID  Runtime      # DAGs    # Errors  Last Runtime    Last Run
-------------------------------------------  -----  ---------  --------  ----------  --------------  -------------------
/opt/airflow/dags/example_dag.py                                      1           0  0.08s           2025-12-21T18:58:10
/opt/airflow/dags/purchase_analytics_dag.py    114  0.00s             1           0  0.15s           2025-12-21T18:58:10
/opt/airflow/dags/warehouse_delivery_dag.py    113  0.03s             1           0  0.19s           2025-12-21T18:58:10
================================================================================
[2025-12-21T18:59:06.632+0000] {manager.py:738} INFO - Searching for files in /opt/airflow/dags
[2025-12-21T18:59:06.642+0000] {manager.py:741} INFO - There are 3 files in /opt/airflow/dags
[2025-12-21T18:59:11.866+0000] {manager.py:879} INFO - 
================================================================================
DAG File Processing Stats

File Path                                      PID  Runtime      # DAGs    # Errors  Last Runtime    Last Run
-------------------------------------------  -----  ---------  --------  ----------  --------------  -------------------
/opt/airflow/dags/example_dag.py                                      1           0  0.10s           2025-12-21T18:58:41
/opt/airflow/dags/purchase_analytics_dag.py    124  0.01s             1           0  0.21s           2025-12-21T18:58:41
/opt/airflow/dags/warehouse_delivery_dag.py    123  0.08s             1           0  0.25s           2025-12-21T18:58:41
================================================================================
[2025-12-21T18:59:42.491+0000] {manager.py:879} INFO - 
================================================================================
DAG File Processing Stats

File Path                                      PID  Runtime      # DAGs    # Errors  Last Runtime    Last Run
-------------------------------------------  -----  ---------  --------  ----------  --------------  -------------------
/opt/airflow/dags/example_dag.py                                      1           0  0.12s           2025-12-21T18:59:12
/opt/airflow/dags/purchase_analytics_dag.py    134  0.01s             1           0  0.31s           2025-12-21T18:59:12
/opt/airflow/dags/warehouse_delivery_dag.py    133  0.05s             1           0  0.39s           2025-12-21T18:59:12
================================================================================
[2025-12-21T19:00:13.123+0000] {manager.py:879} INFO - 
================================================================================
DAG File Processing Stats

File Path                                      PID  Runtime      # DAGs    # Errors  Last Runtime    Last Run
-------------------------------------------  -----  ---------  --------  ----------  --------------  -------------------
/opt/airflow/dags/example_dag.py                                      1           0  0.09s           2025-12-21T18:59:42
/opt/airflow/dags/purchase_analytics_dag.py    144  0.01s             1           0  0.22s           2025-12-21T18:59:42
/opt/airflow/dags/warehouse_delivery_dag.py    143  0.08s             1           0  0.25s           2025-12-21T18:59:42
================================================================================
[2025-12-21T19:00:43.899+0000] {manager.py:879} INFO - 
================================================================================
DAG File Processing Stats

File Path                                      PID  Runtime      # DAGs    # Errors  Last Runtime    Last Run
-------------------------------------------  -----  ---------  --------  ----------  --------------  -------------------
/opt/airflow/dags/example_dag.py                                      1           0  0.07s           2025-12-21T19:00:13
/opt/airflow/dags/purchase_analytics_dag.py    154  0.00s             1           0  0.23s           2025-12-21T19:00:13
/opt/airflow/dags/warehouse_delivery_dag.py    153  0.04s             1           0  0.31s           2025-12-21T19:00:13
================================================================================
[2025-12-21T19:01:14.482+0000] {manager.py:879} INFO - 
================================================================================
DAG File Processing Stats

File Path                                      PID  Runtime      # DAGs    # Errors  Last Runtime    Last Run
-------------------------------------------  -----  ---------  --------  ----------  --------------  -------------------
/opt/airflow/dags/example_dag.py                                      1           0  0.08s           2025-12-21T19:00:44
/opt/airflow/dags/purchase_analytics_dag.py    164  0.01s             1           0  0.19s           2025-12-21T19:00:44
/opt/airflow/dags/warehouse_delivery_dag.py    163  0.06s             1           0  0.23s           2025-12-21T19:00:44
================================================================================
[2025-12-21T19:01:45.098+0000] {manager.py:879} INFO - 
================================================================================
DAG File Processing Stats

File Path                                      PID  Runtime      # DAGs    # Errors  Last Runtime    Last Run
-------------------------------------------  -----  ---------  --------  ----------  --------------  -------------------
/opt/airflow/dags/example_dag.py                                      1           0  0.09s           2025-12-21T19:01:14
/opt/airflow/dags/purchase_analytics_dag.py    174  0.01s             1           0  0.28s           2025-12-21T19:01:14
/opt/airflow/dags/warehouse_delivery_dag.py    173  0.03s             1           0  0.33s           2025-12-21T19:01:14
================================================================================
[2025-12-21T19:02:03.189+0000] {manager.py:451} INFO - Exiting gracefully upon receiving signal 15
[2025-12-21T19:05:11.728+0000] {manager.py:469} INFO - Processing files using up to 2 processes at a time 
[2025-12-21T19:05:11.728+0000] {manager.py:470} INFO - Process each file at most once every 30 seconds
[2025-12-21T19:05:11.729+0000] {manager.py:471} INFO - Checking for new files in /opt/airflow/dags every 300 seconds
[2025-12-21T19:05:11.729+0000] {manager.py:738} INFO - Searching for files in /opt/airflow/dags
[2025-12-21T19:05:11.735+0000] {manager.py:741} INFO - There are 3 files in /opt/airflow/dags
[2025-12-21T19:05:11.828+0000] {manager.py:879} INFO - 
================================================================================
DAG File Processing Stats

File Path                                      PID  Runtime      # DAGs    # Errors  Last Runtime    Last Run
-------------------------------------------  -----  ---------  --------  ----------  --------------  ----------
/opt/airflow/dags/example_dag.py                                      0           0
/opt/airflow/dags/purchase_analytics_dag.py     31  0.03s             0           0
/opt/airflow/dags/warehouse_delivery_dag.py     30  0.04s             0           0
================================================================================
[2025-12-21T19:05:42.392+0000] {manager.py:879} INFO - 
================================================================================
DAG File Processing Stats

File Path                                      PID  Runtime      # DAGs    # Errors  Last Runtime    Last Run
-------------------------------------------  -----  ---------  --------  ----------  --------------  -------------------
/opt/airflow/dags/example_dag.py                                      1           0  0.07s           2025-12-21T19:05:12
/opt/airflow/dags/purchase_analytics_dag.py     41  0.02s             1           0  0.16s           2025-12-21T19:05:11
/opt/airflow/dags/warehouse_delivery_dag.py     40  0.05s             1           0  0.15s           2025-12-21T19:05:11
================================================================================
[2025-12-21T19:06:13.163+0000] {manager.py:879} INFO - 
================================================================================
DAG File Processing Stats

File Path                                      PID  Runtime      # DAGs    # Errors  Last Runtime    Last Run
-------------------------------------------  -----  ---------  --------  ----------  --------------  -------------------
/opt/airflow/dags/example_dag.py                                      1           0  0.23s           2025-12-21T19:05:43
/opt/airflow/dags/purchase_analytics_dag.py     51  0.01s             1           0  0.47s           2025-12-21T19:05:42
/opt/airflow/dags/warehouse_delivery_dag.py     50  0.05s             1           0  0.52s           2025-12-21T19:05:42
================================================================================
[2025-12-21T19:06:43.641+0000] {manager.py:879} INFO - 
================================================================================
DAG File Processing Stats

File Path                                      PID  Runtime      # DAGs    # Errors  Last Runtime    Last Run
-------------------------------------------  -----  ---------  --------  ----------  --------------  -------------------
/opt/airflow/dags/example_dag.py                                      1           0  0.09s           2025-12-21T19:06:13
/opt/airflow/dags/purchase_analytics_dag.py     61  0.00s             1           0  0.20s           2025-12-21T19:06:13
/opt/airflow/dags/warehouse_delivery_dag.py     60  0.01s             1           0  0.25s           2025-12-21T19:06:13
================================================================================
[2025-12-21T19:07:14.242+0000] {manager.py:879} INFO - 
================================================================================
DAG File Processing Stats

File Path                                      PID  Runtime      # DAGs    # Errors  Last Runtime    Last Run
-------------------------------------------  -----  ---------  --------  ----------  --------------  -------------------
/opt/airflow/dags/example_dag.py                                      1           0  0.07s           2025-12-21T19:06:43
/opt/airflow/dags/purchase_analytics_dag.py     71  0.00s             1           0  0.15s           2025-12-21T19:06:43
/opt/airflow/dags/warehouse_delivery_dag.py     70  0.01s             1           0  0.16s           2025-12-21T19:06:43
================================================================================
[2025-12-21T19:07:44.629+0000] {manager.py:879} INFO - 
================================================================================
DAG File Processing Stats

File Path                                      PID  Runtime      # DAGs    # Errors  Last Runtime    Last Run
-------------------------------------------  -----  ---------  --------  ----------  --------------  -------------------
/opt/airflow/dags/example_dag.py                                      1           0  0.07s           2025-12-21T19:07:14
/opt/airflow/dags/purchase_analytics_dag.py     80  0.01s             1           0  0.12s           2025-12-21T19:07:14
/opt/airflow/dags/warehouse_delivery_dag.py     79  0.02s             1           0  0.13s           2025-12-21T19:07:14
================================================================================
[2025-12-21T19:08:15.173+0000] {manager.py:879} INFO - 
================================================================================
DAG File Processing Stats

File Path                                      PID  Runtime      # DAGs    # Errors  Last Runtime    Last Run
-------------------------------------------  -----  ---------  --------  ----------  --------------  -------------------
/opt/airflow/dags/example_dag.py                                      1           0  0.11s           2025-12-21T19:07:44
/opt/airflow/dags/purchase_analytics_dag.py     83  0.00s             1           0  0.24s           2025-12-21T19:07:44
/opt/airflow/dags/warehouse_delivery_dag.py     82  0.03s             1           0  0.25s           2025-12-21T19:07:44
================================================================================
[2025-12-21T19:08:45.599+0000] {manager.py:879} INFO - 
================================================================================
DAG File Processing Stats

File Path                                      PID  Runtime      # DAGs    # Errors  Last Runtime    Last Run
-------------------------------------------  -----  ---------  --------  ----------  --------------  -------------------
/opt/airflow/dags/example_dag.py                                      1           0  0.15s           2025-12-21T19:08:15
/opt/airflow/dags/purchase_analytics_dag.py     93  0.01s             1           0  0.22s           2025-12-21T19:08:15
/opt/airflow/dags/warehouse_delivery_dag.py     92  0.02s             1           0  0.25s           2025-12-21T19:08:15
================================================================================
[2025-12-21T19:09:16.112+0000] {manager.py:879} INFO - 
================================================================================
DAG File Processing Stats

File Path                                      PID  Runtime      # DAGs    # Errors  Last Runtime    Last Run
-------------------------------------------  -----  ---------  --------  ----------  --------------  -------------------
/opt/airflow/dags/example_dag.py                                      1           0  0.19s           2025-12-21T19:08:46
/opt/airflow/dags/purchase_analytics_dag.py    103  0.01s             1           0  0.26s           2025-12-21T19:08:45
/opt/airflow/dags/warehouse_delivery_dag.py    102  0.03s             1           0  0.27s           2025-12-21T19:08:45
================================================================================
[2025-12-21T19:09:46.526+0000] {manager.py:879} INFO - 
================================================================================
DAG File Processing Stats

File Path                                      PID  Runtime      # DAGs    # Errors  Last Runtime    Last Run
-------------------------------------------  -----  ---------  --------  ----------  --------------  -------------------
/opt/airflow/dags/example_dag.py                                      1           0  0.10s           2025-12-21T19:09:16
/opt/airflow/dags/purchase_analytics_dag.py    113  0.00s             1           0  0.16s           2025-12-21T19:09:16
/opt/airflow/dags/warehouse_delivery_dag.py    112  0.02s             1           0  0.19s           2025-12-21T19:09:16
================================================================================
[2025-12-21T19:10:11.946+0000] {manager.py:738} INFO - Searching for files in /opt/airflow/dags
[2025-12-21T19:10:11.976+0000] {manager.py:741} INFO - There are 3 files in /opt/airflow/dags
[2025-12-21T19:10:12.382+0000] {manager.py:451} INFO - Exiting gracefully upon receiving signal 15
[2025-12-21T19:13:24.564+0000] {manager.py:469} INFO - Processing files using up to 2 processes at a time 
[2025-12-21T19:13:24.564+0000] {manager.py:470} INFO - Process each file at most once every 30 seconds
[2025-12-21T19:13:24.565+0000] {manager.py:471} INFO - Checking for new files in /opt/airflow/dags every 300 seconds
[2025-12-21T19:13:24.565+0000] {manager.py:738} INFO - Searching for files in /opt/airflow/dags
[2025-12-21T19:13:24.571+0000] {manager.py:741} INFO - There are 3 files in /opt/airflow/dags
[2025-12-21T19:13:24.665+0000] {manager.py:879} INFO - 
================================================================================
DAG File Processing Stats

File Path                                      PID  Runtime      # DAGs    # Errors  Last Runtime    Last Run
-------------------------------------------  -----  ---------  --------  ----------  --------------  ----------
/opt/airflow/dags/example_dag.py                                      0           0
/opt/airflow/dags/purchase_analytics_dag.py     31  0.04s             0           0
/opt/airflow/dags/warehouse_delivery_dag.py     30  0.05s             0           0
================================================================================
[2025-12-21T19:13:54.971+0000] {manager.py:879} INFO - 
================================================================================
DAG File Processing Stats

File Path                                      PID  Runtime      # DAGs    # Errors  Last Runtime    Last Run
-------------------------------------------  -----  ---------  --------  ----------  --------------  -------------------
/opt/airflow/dags/example_dag.py                                      1           0  0.07s           2025-12-21T19:13:24
/opt/airflow/dags/purchase_analytics_dag.py     41  0.00s             1           0  0.12s           2025-12-21T19:13:24
/opt/airflow/dags/warehouse_delivery_dag.py     40  0.01s             1           0  0.13s           2025-12-21T19:13:24
================================================================================
[2025-12-21T19:14:25.492+0000] {manager.py:879} INFO - 
================================================================================
DAG File Processing Stats

File Path                                      PID  Runtime      # DAGs    # Errors  Last Runtime    Last Run
-------------------------------------------  -----  ---------  --------  ----------  --------------  -------------------
/opt/airflow/dags/example_dag.py                                      1           0  0.11s           2025-12-21T19:13:55
/opt/airflow/dags/purchase_analytics_dag.py     51  0.00s             1           0  0.28s           2025-12-21T19:13:55
/opt/airflow/dags/warehouse_delivery_dag.py     50  0.02s             1           0  0.30s           2025-12-21T19:13:55
================================================================================
[2025-12-21T19:14:56.187+0000] {manager.py:879} INFO - 
================================================================================
DAG File Processing Stats

File Path                                      PID  Runtime      # DAGs    # Errors  Last Runtime    Last Run
-------------------------------------------  -----  ---------  --------  ----------  --------------  -------------------
/opt/airflow/dags/example_dag.py                                      1           0  0.07s           2025-12-21T19:14:25
/opt/airflow/dags/purchase_analytics_dag.py     61  0.02s             1           0  0.15s           2025-12-21T19:14:25
/opt/airflow/dags/warehouse_delivery_dag.py     60  0.14s             1           0  0.16s           2025-12-21T19:14:25
================================================================================
[2025-12-21T19:15:26.598+0000] {manager.py:879} INFO - 
================================================================================
DAG File Processing Stats

File Path                                      PID  Runtime      # DAGs    # Errors  Last Runtime    Last Run
-------------------------------------------  -----  ---------  --------  ----------  --------------  -------------------
/opt/airflow/dags/example_dag.py                                      1           0  0.07s           2025-12-21T19:14:56
/opt/airflow/dags/purchase_analytics_dag.py     71  0.01s             1           0  0.20s           2025-12-21T19:14:56
/opt/airflow/dags/warehouse_delivery_dag.py     70  0.02s             1           0  0.32s           2025-12-21T19:14:56
================================================================================
[2025-12-21T19:15:56.919+0000] {manager.py:879} INFO - 
================================================================================
DAG File Processing Stats

File Path                                      PID  Runtime      # DAGs    # Errors  Last Runtime    Last Run
-------------------------------------------  -----  ---------  --------  ----------  --------------  -------------------
/opt/airflow/dags/example_dag.py                                      1           0  0.06s           2025-12-21T19:15:26
/opt/airflow/dags/purchase_analytics_dag.py     81  0.00s             1           0  0.13s           2025-12-21T19:15:26
/opt/airflow/dags/warehouse_delivery_dag.py     80  0.02s             1           0  0.15s           2025-12-21T19:15:26
================================================================================
[2025-12-21T19:16:27.362+0000] {manager.py:879} INFO - 
================================================================================
DAG File Processing Stats

File Path                                      PID  Runtime      # DAGs    # Errors  Last Runtime    Last Run
-------------------------------------------  -----  ---------  --------  ----------  --------------  -------------------
/opt/airflow/dags/example_dag.py                                      1           0  0.07s           2025-12-21T19:15:57
/opt/airflow/dags/purchase_analytics_dag.py     91  0.01s             1           0  0.12s           2025-12-21T19:15:57
/opt/airflow/dags/warehouse_delivery_dag.py     90  0.08s             1           0  0.14s           2025-12-21T19:15:57
================================================================================
[2025-12-21T19:16:57.854+0000] {manager.py:879} INFO - 
================================================================================
DAG File Processing Stats

File Path                                      PID  Runtime      # DAGs    # Errors  Last Runtime    Last Run
-------------------------------------------  -----  ---------  --------  ----------  --------------  -------------------
/opt/airflow/dags/example_dag.py                                      1           0  0.11s           2025-12-21T19:16:27
/opt/airflow/dags/purchase_analytics_dag.py     94  0.01s             1           0  0.27s           2025-12-21T19:16:27
/opt/airflow/dags/warehouse_delivery_dag.py     93  0.04s             1           0  0.33s           2025-12-21T19:16:27
================================================================================
[2025-12-21T19:17:28.692+0000] {manager.py:879} INFO - 
================================================================================
DAG File Processing Stats

File Path                                      PID  Runtime      # DAGs    # Errors  Last Runtime    Last Run
-------------------------------------------  -----  ---------  --------  ----------  --------------  -------------------
/opt/airflow/dags/example_dag.py                                      1           0  0.13s           2025-12-21T19:16:58
/opt/airflow/dags/purchase_analytics_dag.py    104  0.00s             1           0  0.31s           2025-12-21T19:16:58
/opt/airflow/dags/warehouse_delivery_dag.py    103  0.04s             1           0  0.32s           2025-12-21T19:16:58
================================================================================
[2025-12-21T19:17:59.232+0000] {manager.py:879} INFO - 
================================================================================
DAG File Processing Stats

File Path                                      PID  Runtime      # DAGs    # Errors  Last Runtime    Last Run
-------------------------------------------  -----  ---------  --------  ----------  --------------  -------------------
/opt/airflow/dags/example_dag.py                                      1           0  0.08s           2025-12-21T19:17:28
/opt/airflow/dags/purchase_analytics_dag.py    114  0.01s             1           0  0.18s           2025-12-21T19:17:28
/opt/airflow/dags/warehouse_delivery_dag.py    113  0.05s             1           0  0.21s           2025-12-21T19:17:28
================================================================================
[2025-12-21T19:18:24.739+0000] {manager.py:738} INFO - Searching for files in /opt/airflow/dags
[2025-12-21T19:18:24.753+0000] {manager.py:741} INFO - There are 3 files in /opt/airflow/dags
[2025-12-21T19:18:29.879+0000] {manager.py:879} INFO - 
================================================================================
DAG File Processing Stats

File Path                                      PID  Runtime      # DAGs    # Errors  Last Runtime    Last Run
-------------------------------------------  -----  ---------  --------  ----------  --------------  -------------------
/opt/airflow/dags/example_dag.py                                      1           0  0.10s           2025-12-21T19:17:59
/opt/airflow/dags/purchase_analytics_dag.py    124  0.01s             1           0  0.18s           2025-12-21T19:17:59
/opt/airflow/dags/warehouse_delivery_dag.py    123  0.05s             1           0  0.23s           2025-12-21T19:17:59
================================================================================
[2025-12-21T19:18:33.374+0000] {manager.py:451} INFO - Exiting gracefully upon receiving signal 15
[2025-12-21T19:21:53.763+0000] {manager.py:469} INFO - Processing files using up to 2 processes at a time 
[2025-12-21T19:21:53.765+0000] {manager.py:470} INFO - Process each file at most once every 30 seconds
[2025-12-21T19:21:53.765+0000] {manager.py:471} INFO - Checking for new files in /opt/airflow/dags every 300 seconds
[2025-12-21T19:21:53.766+0000] {manager.py:738} INFO - Searching for files in /opt/airflow/dags
[2025-12-21T19:21:53.777+0000] {manager.py:741} INFO - There are 3 files in /opt/airflow/dags
[2025-12-21T19:21:53.947+0000] {manager.py:879} INFO - 
================================================================================
DAG File Processing Stats

File Path                                      PID  Runtime      # DAGs    # Errors  Last Runtime    Last Run
-------------------------------------------  -----  ---------  --------  ----------  --------------  ----------
/opt/airflow/dags/example_dag.py                                      0           0
/opt/airflow/dags/purchase_analytics_dag.py     31  0.05s             0           0
/opt/airflow/dags/warehouse_delivery_dag.py     30  0.07s             0           0
================================================================================
[2025-12-21T19:22:24.323+0000] {manager.py:879} INFO - 
================================================================================
DAG File Processing Stats

File Path                                      PID  Runtime      # DAGs    # Errors  Last Runtime    Last Run
-------------------------------------------  -----  ---------  --------  ----------  --------------  -------------------
/opt/airflow/dags/example_dag.py                                      1           0  0.08s           2025-12-21T19:21:54
/opt/airflow/dags/purchase_analytics_dag.py     41  0.01s             1           0  0.16s           2025-12-21T19:21:54
/opt/airflow/dags/warehouse_delivery_dag.py     40  0.03s             1           0  0.17s           2025-12-21T19:21:54
================================================================================
[2025-12-21T19:22:54.972+0000] {manager.py:879} INFO - 
================================================================================
DAG File Processing Stats

File Path                                      PID  Runtime      # DAGs    # Errors  Last Runtime    Last Run
-------------------------------------------  -----  ---------  --------  ----------  --------------  -------------------
/opt/airflow/dags/example_dag.py                                      1           0  0.16s           2025-12-21T19:22:24
/opt/airflow/dags/purchase_analytics_dag.py     51  0.00s             1           0  0.37s           2025-12-21T19:22:24
/opt/airflow/dags/warehouse_delivery_dag.py     50  0.04s             1           0  0.40s           2025-12-21T19:22:24
================================================================================
[2025-12-21T19:23:25.400+0000] {manager.py:879} INFO - 
================================================================================
DAG File Processing Stats

File Path                                      PID  Runtime      # DAGs    # Errors  Last Runtime    Last Run
-------------------------------------------  -----  ---------  --------  ----------  --------------  -------------------
/opt/airflow/dags/example_dag.py                                      1           0  0.10s           2025-12-21T19:22:55
/opt/airflow/dags/purchase_analytics_dag.py     61  0.01s             1           0  0.19s           2025-12-21T19:22:55
/opt/airflow/dags/warehouse_delivery_dag.py     60  0.05s             1           0  0.23s           2025-12-21T19:22:55
================================================================================
[2025-12-21T19:23:55.895+0000] {manager.py:879} INFO - 
================================================================================
DAG File Processing Stats

File Path                                      PID  Runtime      # DAGs    # Errors  Last Runtime    Last Run
-------------------------------------------  -----  ---------  --------  ----------  --------------  -------------------
/opt/airflow/dags/example_dag.py                                      1           0  0.09s           2025-12-21T19:23:25
/opt/airflow/dags/purchase_analytics_dag.py     70  0.00s             1           0  0.18s           2025-12-21T19:23:25
/opt/airflow/dags/warehouse_delivery_dag.py     69  0.03s             1           0  0.23s           2025-12-21T19:23:25
================================================================================
[2025-12-21T19:24:26.764+0000] {manager.py:879} INFO - 
================================================================================
DAG File Processing Stats

File Path                                      PID  Runtime      # DAGs    # Errors  Last Runtime    Last Run
-------------------------------------------  -----  ---------  --------  ----------  --------------  -------------------
/opt/airflow/dags/example_dag.py                                      1           0  0.07s           2025-12-21T19:23:56
/opt/airflow/dags/purchase_analytics_dag.py     80  0.01s             1           0  0.13s           2025-12-21T19:23:56
/opt/airflow/dags/warehouse_delivery_dag.py     79  0.03s             1           0  0.16s           2025-12-21T19:23:56
================================================================================
[2025-12-21T19:24:57.309+0000] {manager.py:879} INFO - 
================================================================================
DAG File Processing Stats

File Path                                      PID  Runtime      # DAGs    # Errors  Last Runtime    Last Run
-------------------------------------------  -----  ---------  --------  ----------  --------------  -------------------
/opt/airflow/dags/example_dag.py                                      1           0  0.09s           2025-12-21T19:24:26
/opt/airflow/dags/purchase_analytics_dag.py     90  0.00s             1           0  0.14s           2025-12-21T19:24:26
/opt/airflow/dags/warehouse_delivery_dag.py     89  0.03s             1           0  0.17s           2025-12-21T19:24:26
================================================================================
[2025-12-21T19:25:28.010+0000] {manager.py:879} INFO - 
================================================================================
DAG File Processing Stats

File Path                                      PID  Runtime      # DAGs    # Errors  Last Runtime    Last Run
-------------------------------------------  -----  ---------  --------  ----------  --------------  -------------------
/opt/airflow/dags/example_dag.py                                      1           0  0.12s           2025-12-21T19:24:57
/opt/airflow/dags/purchase_analytics_dag.py    100  0.01s             1           0  0.14s           2025-12-21T19:24:57
/opt/airflow/dags/warehouse_delivery_dag.py     99  0.03s             1           0  0.18s           2025-12-21T19:24:57
================================================================================
[2025-12-21T19:25:58.532+0000] {manager.py:879} INFO - 
================================================================================
DAG File Processing Stats

File Path                                      PID  Runtime      # DAGs    # Errors  Last Runtime    Last Run
-------------------------------------------  -----  ---------  --------  ----------  --------------  -------------------
/opt/airflow/dags/example_dag.py                                      1           0  0.10s           2025-12-21T19:25:28
/opt/airflow/dags/purchase_analytics_dag.py    109  0.01s             1           0  0.21s           2025-12-21T19:25:28
/opt/airflow/dags/warehouse_delivery_dag.py    108  0.04s             1           0  0.24s           2025-12-21T19:25:28
================================================================================
[2025-12-21T19:26:23.184+0000] {manager.py:451} INFO - Exiting gracefully upon receiving signal 15
[2025-12-21T19:29:19.083+0000] {manager.py:469} INFO - Processing files using up to 2 processes at a time 
[2025-12-21T19:29:19.084+0000] {manager.py:470} INFO - Process each file at most once every 30 seconds
[2025-12-21T19:29:19.084+0000] {manager.py:471} INFO - Checking for new files in /opt/airflow/dags every 300 seconds
[2025-12-21T19:29:19.085+0000] {manager.py:738} INFO - Searching for files in /opt/airflow/dags
[2025-12-21T19:29:19.093+0000] {manager.py:741} INFO - There are 3 files in /opt/airflow/dags
[2025-12-21T19:29:19.193+0000] {manager.py:879} INFO - 
================================================================================
DAG File Processing Stats

File Path                                      PID  Runtime      # DAGs    # Errors  Last Runtime    Last Run
-------------------------------------------  -----  ---------  --------  ----------  --------------  ----------
/opt/airflow/dags/example_dag.py                                      0           0
/opt/airflow/dags/purchase_analytics_dag.py     31  0.03s             0           0
/opt/airflow/dags/warehouse_delivery_dag.py     30  0.05s             0           0
================================================================================
[2025-12-21T19:29:49.409+0000] {manager.py:879} INFO - 
================================================================================
DAG File Processing Stats

File Path                                      PID  Runtime      # DAGs    # Errors  Last Runtime    Last Run
-------------------------------------------  -----  ---------  --------  ----------  --------------  -------------------
/opt/airflow/dags/example_dag.py                                      1           0  0.09s           2025-12-21T19:29:19
/opt/airflow/dags/purchase_analytics_dag.py     41  0.00s             1           0  0.12s           2025-12-21T19:29:19
/opt/airflow/dags/warehouse_delivery_dag.py     40  0.01s             1           0  0.12s           2025-12-21T19:29:19
================================================================================
[2025-12-21T19:30:20.013+0000] {manager.py:879} INFO - 
================================================================================
DAG File Processing Stats

File Path                                      PID  Runtime      # DAGs    # Errors  Last Runtime    Last Run
-------------------------------------------  -----  ---------  --------  ----------  --------------  -------------------
/opt/airflow/dags/example_dag.py                                      1           0  0.13s           2025-12-21T19:29:49
/opt/airflow/dags/purchase_analytics_dag.py     50  0.00s             1           0  0.25s           2025-12-21T19:29:49
/opt/airflow/dags/warehouse_delivery_dag.py     49  0.02s             1           0  0.26s           2025-12-21T19:29:49
================================================================================
[2025-12-21T19:30:50.554+0000] {manager.py:879} INFO - 
================================================================================
DAG File Processing Stats

File Path                                      PID  Runtime      # DAGs    # Errors  Last Runtime    Last Run
-------------------------------------------  -----  ---------  --------  ----------  --------------  -------------------
/opt/airflow/dags/example_dag.py                                      1           0  0.10s           2025-12-21T19:30:20
/opt/airflow/dags/purchase_analytics_dag.py     60  0.02s             1           0  0.19s           2025-12-21T19:30:20
/opt/airflow/dags/warehouse_delivery_dag.py     59  0.04s             1           0  0.21s           2025-12-21T19:30:20
================================================================================
[2025-12-21T19:31:21.263+0000] {manager.py:879} INFO - 
================================================================================
DAG File Processing Stats

File Path                                      PID  Runtime      # DAGs    # Errors  Last Runtime    Last Run
-------------------------------------------  -----  ---------  --------  ----------  --------------  -------------------
/opt/airflow/dags/example_dag.py                                      1           0  0.09s           2025-12-21T19:30:50
/opt/airflow/dags/purchase_analytics_dag.py     70  0.01s             1           0  0.16s           2025-12-21T19:30:50
/opt/airflow/dags/warehouse_delivery_dag.py     69  0.02s             1           0  0.19s           2025-12-21T19:30:50
================================================================================
[2025-12-21T19:31:51.995+0000] {manager.py:879} INFO - 
================================================================================
DAG File Processing Stats

File Path                                      PID  Runtime      # DAGs    # Errors  Last Runtime    Last Run
-------------------------------------------  -----  ---------  --------  ----------  --------------  -------------------
/opt/airflow/dags/example_dag.py                                      1           0  0.08s           2025-12-21T19:31:21
/opt/airflow/dags/purchase_analytics_dag.py     80  0.01s             1           0  0.13s           2025-12-21T19:31:21
/opt/airflow/dags/warehouse_delivery_dag.py     79  0.06s             1           0  0.15s           2025-12-21T19:31:21
================================================================================
[2025-12-21T19:32:22.469+0000] {manager.py:879} INFO - 
================================================================================
DAG File Processing Stats

File Path                                      PID  Runtime      # DAGs    # Errors  Last Runtime    Last Run
-------------------------------------------  -----  ---------  --------  ----------  --------------  -------------------
/opt/airflow/dags/example_dag.py                                      1           0  0.20s           2025-12-21T19:31:52
/opt/airflow/dags/purchase_analytics_dag.py     89  0.01s             1           0  0.26s           2025-12-21T19:31:52
/opt/airflow/dags/warehouse_delivery_dag.py     88  0.04s             1           0  0.31s           2025-12-21T19:31:52
================================================================================
[2025-12-21T19:32:52.929+0000] {manager.py:879} INFO - 
================================================================================
DAG File Processing Stats

File Path                                      PID  Runtime      # DAGs    # Errors  Last Runtime    Last Run
-------------------------------------------  -----  ---------  --------  ----------  --------------  -------------------
/opt/airflow/dags/example_dag.py                                      1           0  0.17s           2025-12-21T19:32:22
/opt/airflow/dags/purchase_analytics_dag.py     92  0.01s             1           0  0.18s           2025-12-21T19:32:22
/opt/airflow/dags/warehouse_delivery_dag.py     91  0.04s             1           0  0.20s           2025-12-21T19:32:22
================================================================================
[2025-12-21T19:33:23.445+0000] {manager.py:879} INFO - 
================================================================================
DAG File Processing Stats

File Path                                      PID  Runtime      # DAGs    # Errors  Last Runtime    Last Run
-------------------------------------------  -----  ---------  --------  ----------  --------------  -------------------
/opt/airflow/dags/example_dag.py                                      1           0  0.10s           2025-12-21T19:32:53
/opt/airflow/dags/purchase_analytics_dag.py    101  0.00s             1           0  0.23s           2025-12-21T19:32:53
/opt/airflow/dags/warehouse_delivery_dag.py    100  0.02s             1           0  0.27s           2025-12-21T19:32:53
================================================================================
[2025-12-21T19:33:53.502+0000] {manager.py:879} INFO - 
================================================================================
DAG File Processing Stats

File Path                                    PID    Runtime      # DAGs    # Errors  Last Runtime    Last Run
-------------------------------------------  -----  ---------  --------  ----------  --------------  -------------------
/opt/airflow/dags/example_dag.py                                      1           0  0.13s           2025-12-21T19:33:23
/opt/airflow/dags/purchase_analytics_dag.py                           1           0  0.19s           2025-12-21T19:33:23
/opt/airflow/dags/warehouse_delivery_dag.py                           1           0  0.20s           2025-12-21T19:33:23
================================================================================
[2025-12-21T19:34:14.848+0000] {manager.py:451} INFO - Exiting gracefully upon receiving signal 15
[2025-12-21T19:37:10.447+0000] {manager.py:469} INFO - Processing files using up to 2 processes at a time 
[2025-12-21T19:37:10.448+0000] {manager.py:470} INFO - Process each file at most once every 30 seconds
[2025-12-21T19:37:10.448+0000] {manager.py:471} INFO - Checking for new files in /opt/airflow/dags every 300 seconds
[2025-12-21T19:37:10.448+0000] {manager.py:738} INFO - Searching for files in /opt/airflow/dags
[2025-12-21T19:37:10.459+0000] {manager.py:741} INFO - There are 3 files in /opt/airflow/dags
[2025-12-21T19:37:10.594+0000] {manager.py:879} INFO - 
================================================================================
DAG File Processing Stats

File Path                                      PID  Runtime      # DAGs    # Errors  Last Runtime    Last Run
-------------------------------------------  -----  ---------  --------  ----------  --------------  ----------
/opt/airflow/dags/example_dag.py                                      0           0
/opt/airflow/dags/purchase_analytics_dag.py     31  0.05s             0           0
/opt/airflow/dags/warehouse_delivery_dag.py     30  0.07s             0           0
================================================================================
[2025-12-21T19:37:41.023+0000] {manager.py:879} INFO - 
================================================================================
DAG File Processing Stats

File Path                                      PID  Runtime      # DAGs    # Errors  Last Runtime    Last Run
-------------------------------------------  -----  ---------  --------  ----------  --------------  -------------------
/opt/airflow/dags/example_dag.py                                      1           0  0.09s           2025-12-21T19:37:10
/opt/airflow/dags/purchase_analytics_dag.py     41  0.01s             1           0  0.13s           2025-12-21T19:37:10
/opt/airflow/dags/warehouse_delivery_dag.py     40  0.03s             1           0  0.16s           2025-12-21T19:37:10
================================================================================
[2025-12-21T19:38:11.756+0000] {manager.py:879} INFO - 
================================================================================
DAG File Processing Stats

File Path                                      PID  Runtime      # DAGs    # Errors  Last Runtime    Last Run
-------------------------------------------  -----  ---------  --------  ----------  --------------  -------------------
/opt/airflow/dags/example_dag.py                                      1           0  0.15s           2025-12-21T19:37:41
/opt/airflow/dags/purchase_analytics_dag.py     51  0.00s             1           0  0.35s           2025-12-21T19:37:41
/opt/airflow/dags/warehouse_delivery_dag.py     50  0.02s             1           0  0.39s           2025-12-21T19:37:41
================================================================================
[2025-12-21T19:38:42.440+0000] {manager.py:879} INFO - 
================================================================================
DAG File Processing Stats

File Path                                      PID  Runtime      # DAGs    # Errors  Last Runtime    Last Run
-------------------------------------------  -----  ---------  --------  ----------  --------------  -------------------
/opt/airflow/dags/example_dag.py                                      1           0  0.07s           2025-12-21T19:38:11
/opt/airflow/dags/purchase_analytics_dag.py     61  0.01s             1           0  0.13s           2025-12-21T19:38:11
/opt/airflow/dags/warehouse_delivery_dag.py     60  0.03s             1           0  0.14s           2025-12-21T19:38:11
================================================================================
[2025-12-21T19:39:12.801+0000] {manager.py:879} INFO - 
================================================================================
DAG File Processing Stats

File Path                                      PID  Runtime      # DAGs    # Errors  Last Runtime    Last Run
-------------------------------------------  -----  ---------  --------  ----------  --------------  -------------------
/opt/airflow/dags/example_dag.py                                      1           0  0.08s           2025-12-21T19:38:42
/opt/airflow/dags/purchase_analytics_dag.py     71  0.01s             1           0  0.13s           2025-12-21T19:38:42
/opt/airflow/dags/warehouse_delivery_dag.py     70  0.02s             1           0  0.14s           2025-12-21T19:38:42
================================================================================
[2025-12-21T19:39:43.481+0000] {manager.py:879} INFO - 
================================================================================
DAG File Processing Stats

File Path                                      PID  Runtime      # DAGs    # Errors  Last Runtime    Last Run
-------------------------------------------  -----  ---------  --------  ----------  --------------  -------------------
/opt/airflow/dags/example_dag.py                                      1           0  0.15s           2025-12-21T19:39:13
/opt/airflow/dags/purchase_analytics_dag.py     74  0.01s             1           0  0.28s           2025-12-21T19:39:13
/opt/airflow/dags/warehouse_delivery_dag.py     73  0.03s             1           0  0.28s           2025-12-21T19:39:13
================================================================================
[2025-12-21T19:40:13.818+0000] {manager.py:879} INFO - 
================================================================================
DAG File Processing Stats

File Path                                      PID  Runtime      # DAGs    # Errors  Last Runtime    Last Run
-------------------------------------------  -----  ---------  --------  ----------  --------------  -------------------
/opt/airflow/dags/example_dag.py                                      1           0  0.08s           2025-12-21T19:39:43
/opt/airflow/dags/purchase_analytics_dag.py     84  0.01s             1           0  0.13s           2025-12-21T19:39:43
/opt/airflow/dags/warehouse_delivery_dag.py     83  0.02s             1           0  0.15s           2025-12-21T19:39:43
================================================================================
[2025-12-21T19:40:44.529+0000] {manager.py:879} INFO - 
================================================================================
DAG File Processing Stats

File Path                                      PID  Runtime      # DAGs    # Errors  Last Runtime    Last Run
-------------------------------------------  -----  ---------  --------  ----------  --------------  -------------------
/opt/airflow/dags/example_dag.py                                      1           0  0.08s           2025-12-21T19:40:14
/opt/airflow/dags/purchase_analytics_dag.py     94  0.01s             1           0  0.17s           2025-12-21T19:40:13
/opt/airflow/dags/warehouse_delivery_dag.py     93  0.04s             1           0  0.20s           2025-12-21T19:40:13
================================================================================
[2025-12-21T19:41:15.228+0000] {manager.py:879} INFO - 
================================================================================
DAG File Processing Stats

File Path                                      PID  Runtime      # DAGs    # Errors  Last Runtime    Last Run
-------------------------------------------  -----  ---------  --------  ----------  --------------  -------------------
/opt/airflow/dags/example_dag.py                                      1           0  0.10s           2025-12-21T19:40:44
/opt/airflow/dags/purchase_analytics_dag.py    104  0.00s             1           0  0.19s           2025-12-21T19:40:44
/opt/airflow/dags/warehouse_delivery_dag.py    103  0.02s             1           0  0.23s           2025-12-21T19:40:44
================================================================================
[2025-12-21T19:41:45.671+0000] {manager.py:879} INFO - 
================================================================================
DAG File Processing Stats

File Path                                      PID  Runtime      # DAGs    # Errors  Last Runtime    Last Run
-------------------------------------------  -----  ---------  --------  ----------  --------------  -------------------
/opt/airflow/dags/example_dag.py                                      1           0  0.13s           2025-12-21T19:41:15
/opt/airflow/dags/purchase_analytics_dag.py    114  0.01s             1           0  0.23s           2025-12-21T19:41:15
/opt/airflow/dags/warehouse_delivery_dag.py    113  0.03s             1           0  0.24s           2025-12-21T19:41:15
================================================================================
[2025-12-21T19:41:56.258+0000] {manager.py:451} INFO - Exiting gracefully upon receiving signal 15
[2025-12-21T19:45:03.217+0000] {manager.py:469} INFO - Processing files using up to 2 processes at a time 
[2025-12-21T19:45:03.217+0000] {manager.py:470} INFO - Process each file at most once every 30 seconds
[2025-12-21T19:45:03.218+0000] {manager.py:471} INFO - Checking for new files in /opt/airflow/dags every 300 seconds
[2025-12-21T19:45:03.218+0000] {manager.py:738} INFO - Searching for files in /opt/airflow/dags
[2025-12-21T19:45:03.224+0000] {manager.py:741} INFO - There are 3 files in /opt/airflow/dags
[2025-12-21T19:45:03.358+0000] {manager.py:879} INFO - 
================================================================================
DAG File Processing Stats

File Path                                      PID  Runtime      # DAGs    # Errors  Last Runtime    Last Run
-------------------------------------------  -----  ---------  --------  ----------  --------------  ----------
/opt/airflow/dags/example_dag.py                                      0           0
/opt/airflow/dags/purchase_analytics_dag.py     31  0.07s             0           0
/opt/airflow/dags/warehouse_delivery_dag.py     30  0.08s             0           0
================================================================================
[2025-12-21T19:45:33.822+0000] {manager.py:879} INFO - 
================================================================================
DAG File Processing Stats

File Path                                      PID  Runtime      # DAGs    # Errors  Last Runtime    Last Run
-------------------------------------------  -----  ---------  --------  ----------  --------------  -------------------
/opt/airflow/dags/example_dag.py                                      1           0  0.07s           2025-12-21T19:45:03
/opt/airflow/dags/purchase_analytics_dag.py     41  0.01s             1           0  0.18s           2025-12-21T19:45:03
/opt/airflow/dags/warehouse_delivery_dag.py     40  0.07s             1           0  0.19s           2025-12-21T19:45:03
================================================================================
[2025-12-21T19:46:04.420+0000] {manager.py:879} INFO - 
================================================================================
DAG File Processing Stats

File Path                                      PID  Runtime      # DAGs    # Errors  Last Runtime    Last Run
-------------------------------------------  -----  ---------  --------  ----------  --------------  -------------------
/opt/airflow/dags/example_dag.py                                      1           0  0.13s           2025-12-21T19:45:34
/opt/airflow/dags/purchase_analytics_dag.py     51  0.01s             1           0  0.45s           2025-12-21T19:45:34
/opt/airflow/dags/warehouse_delivery_dag.py     50  0.03s             1           0  0.50s           2025-12-21T19:45:34
================================================================================
[2025-12-21T19:46:34.895+0000] {manager.py:879} INFO - 
================================================================================
DAG File Processing Stats

File Path                                      PID  Runtime      # DAGs    # Errors  Last Runtime    Last Run
-------------------------------------------  -----  ---------  --------  ----------  --------------  -------------------
/opt/airflow/dags/example_dag.py                                      1           0  0.07s           2025-12-21T19:46:04
/opt/airflow/dags/purchase_analytics_dag.py     61  0.00s             1           0  0.15s           2025-12-21T19:46:04
/opt/airflow/dags/warehouse_delivery_dag.py     60  0.02s             1           0  0.16s           2025-12-21T19:46:04
================================================================================
[2025-12-21T19:47:05.251+0000] {manager.py:879} INFO - 
================================================================================
DAG File Processing Stats

File Path                                      PID  Runtime      # DAGs    # Errors  Last Runtime    Last Run
-------------------------------------------  -----  ---------  --------  ----------  --------------  -------------------
/opt/airflow/dags/example_dag.py                                      1           0  0.09s           2025-12-21T19:46:35
/opt/airflow/dags/purchase_analytics_dag.py     71  0.00s             1           0  0.13s           2025-12-21T19:46:35
/opt/airflow/dags/warehouse_delivery_dag.py     70  0.03s             1           0  0.14s           2025-12-21T19:46:35
================================================================================
[2025-12-21T19:47:35.934+0000] {manager.py:879} INFO - 
================================================================================
DAG File Processing Stats

File Path                                      PID  Runtime      # DAGs    # Errors  Last Runtime    Last Run
-------------------------------------------  -----  ---------  --------  ----------  --------------  -------------------
/opt/airflow/dags/example_dag.py                                      1           0  0.06s           2025-12-21T19:47:05
/opt/airflow/dags/purchase_analytics_dag.py     81  0.01s             1           0  0.11s           2025-12-21T19:47:05
/opt/airflow/dags/warehouse_delivery_dag.py     80  0.02s             1           0  0.14s           2025-12-21T19:47:05
================================================================================
[2025-12-21T19:48:06.771+0000] {manager.py:879} INFO - 
================================================================================
DAG File Processing Stats

File Path                                      PID  Runtime      # DAGs    # Errors  Last Runtime    Last Run
-------------------------------------------  -----  ---------  --------  ----------  --------------  -------------------
/opt/airflow/dags/example_dag.py                                      1           0  0.11s           2025-12-21T19:47:36
/opt/airflow/dags/purchase_analytics_dag.py     91  0.01s             1           0  0.12s           2025-12-21T19:47:36
/opt/airflow/dags/warehouse_delivery_dag.py     90  0.05s             1           0  0.13s           2025-12-21T19:47:36
================================================================================
[2025-12-21T19:48:37.388+0000] {manager.py:879} INFO - 
================================================================================
DAG File Processing Stats

File Path                                      PID  Runtime      # DAGs    # Errors  Last Runtime    Last Run
-------------------------------------------  -----  ---------  --------  ----------  --------------  -------------------
/opt/airflow/dags/example_dag.py                                      1           0  0.11s           2025-12-21T19:48:07
/opt/airflow/dags/purchase_analytics_dag.py     94  0.01s             1           0  0.23s           2025-12-21T19:48:06
/opt/airflow/dags/warehouse_delivery_dag.py     93  0.02s             1           0  0.28s           2025-12-21T19:48:06
================================================================================
[2025-12-21T19:49:07.809+0000] {manager.py:879} INFO - 
================================================================================
DAG File Processing Stats

File Path                                      PID  Runtime      # DAGs    # Errors  Last Runtime    Last Run
-------------------------------------------  -----  ---------  --------  ----------  --------------  -------------------
/opt/airflow/dags/example_dag.py                                      1           0  0.13s           2025-12-21T19:48:37
/opt/airflow/dags/purchase_analytics_dag.py    104  0.00s             1           0  0.22s           2025-12-21T19:48:37
/opt/airflow/dags/warehouse_delivery_dag.py    103  0.03s             1           0  0.24s           2025-12-21T19:48:37
================================================================================
[2025-12-21T19:49:38.436+0000] {manager.py:879} INFO - 
================================================================================
DAG File Processing Stats

File Path                                      PID  Runtime      # DAGs    # Errors  Last Runtime    Last Run
-------------------------------------------  -----  ---------  --------  ----------  --------------  -------------------
/opt/airflow/dags/example_dag.py                                      1           0  0.12s           2025-12-21T19:49:08
/opt/airflow/dags/purchase_analytics_dag.py    114  0.00s             1           0  0.21s           2025-12-21T19:49:08
/opt/airflow/dags/warehouse_delivery_dag.py    113  0.02s             1           0  0.22s           2025-12-21T19:49:07
================================================================================
[2025-12-21T19:50:03.815+0000] {manager.py:738} INFO - Searching for files in /opt/airflow/dags
[2025-12-21T19:50:03.828+0000] {manager.py:741} INFO - There are 3 files in /opt/airflow/dags
[2025-12-21T19:50:09.099+0000] {manager.py:879} INFO - 
================================================================================
DAG File Processing Stats

File Path                                      PID  Runtime      # DAGs    # Errors  Last Runtime    Last Run
-------------------------------------------  -----  ---------  --------  ----------  --------------  -------------------
/opt/airflow/dags/example_dag.py                                      1           0  0.11s           2025-12-21T19:49:38
/opt/airflow/dags/purchase_analytics_dag.py    124  0.00s             1           0  0.19s           2025-12-21T19:49:38
/opt/airflow/dags/warehouse_delivery_dag.py    123  0.02s             1           0  0.21s           2025-12-21T19:49:38
================================================================================
[2025-12-21T19:50:39.559+0000] {manager.py:879} INFO - 
================================================================================
DAG File Processing Stats

File Path                                      PID  Runtime      # DAGs    # Errors  Last Runtime    Last Run
-------------------------------------------  -----  ---------  --------  ----------  --------------  -------------------
/opt/airflow/dags/example_dag.py                                      1           0  0.08s           2025-12-21T19:50:09
/opt/airflow/dags/purchase_analytics_dag.py    134  0.01s             1           0  0.15s           2025-12-21T19:50:09
/opt/airflow/dags/warehouse_delivery_dag.py    133  0.03s             1           0  0.17s           2025-12-21T19:50:09
================================================================================
[2025-12-21T19:51:10.065+0000] {manager.py:879} INFO - 
================================================================================
DAG File Processing Stats

File Path                                      PID  Runtime      # DAGs    # Errors  Last Runtime    Last Run
-------------------------------------------  -----  ---------  --------  ----------  --------------  -------------------
/opt/airflow/dags/example_dag.py                                      1           0  0.09s           2025-12-21T19:50:39
/opt/airflow/dags/purchase_analytics_dag.py    144  0.00s             1           0  0.17s           2025-12-21T19:50:39
/opt/airflow/dags/warehouse_delivery_dag.py    143  0.04s             1           0  0.19s           2025-12-21T19:50:39
================================================================================
[2025-12-21T19:51:40.572+0000] {manager.py:879} INFO - 
================================================================================
DAG File Processing Stats

File Path                                      PID  Runtime      # DAGs    # Errors  Last Runtime    Last Run
-------------------------------------------  -----  ---------  --------  ----------  --------------  -------------------
/opt/airflow/dags/example_dag.py                                      1           0  0.08s           2025-12-21T19:51:10
/opt/airflow/dags/purchase_analytics_dag.py    154  0.01s             1           0  0.15s           2025-12-21T19:51:10
/opt/airflow/dags/warehouse_delivery_dag.py    153  0.05s             1           0  0.19s           2025-12-21T19:51:10
================================================================================
[2025-12-21T19:52:11.300+0000] {manager.py:879} INFO - 
================================================================================
DAG File Processing Stats

File Path                                      PID  Runtime      # DAGs    # Errors  Last Runtime    Last Run
-------------------------------------------  -----  ---------  --------  ----------  --------------  -------------------
/opt/airflow/dags/example_dag.py                                      1           0  0.06s           2025-12-21T19:51:40
/opt/airflow/dags/purchase_analytics_dag.py    164  0.01s             1           0  0.16s           2025-12-21T19:51:40
/opt/airflow/dags/warehouse_delivery_dag.py    163  0.08s             1           0  0.20s           2025-12-21T19:51:40
================================================================================
[2025-12-21T19:52:37.200+0000] {manager.py:451} INFO - Exiting gracefully upon receiving signal 15
[2025-12-21T19:55:42.298+0000] {manager.py:469} INFO - Processing files using up to 2 processes at a time 
[2025-12-21T19:55:42.299+0000] {manager.py:470} INFO - Process each file at most once every 30 seconds
[2025-12-21T19:55:42.299+0000] {manager.py:471} INFO - Checking for new files in /opt/airflow/dags every 300 seconds
[2025-12-21T19:55:42.299+0000] {manager.py:738} INFO - Searching for files in /opt/airflow/dags
[2025-12-21T19:55:42.306+0000] {manager.py:741} INFO - There are 3 files in /opt/airflow/dags
[2025-12-21T19:55:42.390+0000] {manager.py:879} INFO - 
================================================================================
DAG File Processing Stats

File Path                                      PID  Runtime      # DAGs    # Errors  Last Runtime    Last Run
-------------------------------------------  -----  ---------  --------  ----------  --------------  ----------
/opt/airflow/dags/example_dag.py                                      0           0
/opt/airflow/dags/purchase_analytics_dag.py     31  0.03s             0           0
/opt/airflow/dags/warehouse_delivery_dag.py     30  0.04s             0           0
================================================================================
[2025-12-21T19:56:12.839+0000] {manager.py:879} INFO - 
================================================================================
DAG File Processing Stats

File Path                                      PID  Runtime      # DAGs    # Errors  Last Runtime    Last Run
-------------------------------------------  -----  ---------  --------  ----------  --------------  -------------------
/opt/airflow/dags/example_dag.py                                      1           0  0.07s           2025-12-21T19:55:42
/opt/airflow/dags/purchase_analytics_dag.py     41  0.01s             1           0  0.12s           2025-12-21T19:55:42
/opt/airflow/dags/warehouse_delivery_dag.py     40  0.03s             1           0  0.13s           2025-12-21T19:55:42
================================================================================
[2025-12-21T19:56:43.627+0000] {manager.py:879} INFO - 
================================================================================
DAG File Processing Stats

File Path                                      PID  Runtime      # DAGs    # Errors  Last Runtime    Last Run
-------------------------------------------  -----  ---------  --------  ----------  --------------  -------------------
/opt/airflow/dags/example_dag.py                                      1           0  0.12s           2025-12-21T19:56:13
/opt/airflow/dags/purchase_analytics_dag.py     51  0.01s             1           0  0.31s           2025-12-21T19:56:13
/opt/airflow/dags/warehouse_delivery_dag.py     50  0.14s             1           0  0.33s           2025-12-21T19:56:13
================================================================================
[2025-12-21T19:57:13.643+0000] {manager.py:879} INFO - 
================================================================================
DAG File Processing Stats

File Path                                    PID    Runtime      # DAGs    # Errors  Last Runtime    Last Run
-------------------------------------------  -----  ---------  --------  ----------  --------------  -------------------
/opt/airflow/dags/example_dag.py                                      1           0  0.48s           2025-12-21T19:56:44
/opt/airflow/dags/purchase_analytics_dag.py                           1           0  0.26s           2025-12-21T19:56:43
/opt/airflow/dags/warehouse_delivery_dag.py                           1           0  0.38s           2025-12-21T19:56:43
================================================================================
[2025-12-21T19:57:43.677+0000] {manager.py:879} INFO - 
================================================================================
DAG File Processing Stats

File Path                                    PID    Runtime      # DAGs    # Errors  Last Runtime    Last Run
-------------------------------------------  -----  ---------  --------  ----------  --------------  -------------------
/opt/airflow/dags/example_dag.py                                      1           0  0.07s           2025-12-21T19:57:15
/opt/airflow/dags/purchase_analytics_dag.py                           1           0  0.13s           2025-12-21T19:57:14
/opt/airflow/dags/warehouse_delivery_dag.py                           1           0  0.15s           2025-12-21T19:57:14
================================================================================
[2025-12-21T19:58:12.480+0000] {manager.py:451} INFO - Exiting gracefully upon receiving signal 15
[2025-12-21T20:01:14.578+0000] {manager.py:469} INFO - Processing files using up to 2 processes at a time 
[2025-12-21T20:01:14.578+0000] {manager.py:470} INFO - Process each file at most once every 30 seconds
[2025-12-21T20:01:14.579+0000] {manager.py:471} INFO - Checking for new files in /opt/airflow/dags every 300 seconds
[2025-12-21T20:01:14.579+0000] {manager.py:738} INFO - Searching for files in /opt/airflow/dags
[2025-12-21T20:01:14.590+0000] {manager.py:741} INFO - There are 3 files in /opt/airflow/dags
[2025-12-21T20:01:14.705+0000] {manager.py:879} INFO - 
================================================================================
DAG File Processing Stats

File Path                                      PID  Runtime      # DAGs    # Errors  Last Runtime    Last Run
-------------------------------------------  -----  ---------  --------  ----------  --------------  ----------
/opt/airflow/dags/example_dag.py                                      0           0
/opt/airflow/dags/purchase_analytics_dag.py     31  0.03s             0           0
/opt/airflow/dags/warehouse_delivery_dag.py     30  0.04s             0           0
================================================================================
[2025-12-21T20:01:45.075+0000] {manager.py:879} INFO - 
================================================================================
DAG File Processing Stats

File Path                                      PID  Runtime      # DAGs    # Errors  Last Runtime    Last Run
-------------------------------------------  -----  ---------  --------  ----------  --------------  -------------------
/opt/airflow/dags/example_dag.py                                      1           0  0.09s           2025-12-21T20:01:14
/opt/airflow/dags/purchase_analytics_dag.py     41  0.00s             1           0  0.14s           2025-12-21T20:01:14
/opt/airflow/dags/warehouse_delivery_dag.py     40  0.02s             1           0  0.14s           2025-12-21T20:01:14
================================================================================
[2025-12-21T20:02:15.160+0000] {manager.py:879} INFO - 
================================================================================
DAG File Processing Stats

File Path                                    PID    Runtime      # DAGs    # Errors  Last Runtime    Last Run
-------------------------------------------  -----  ---------  --------  ----------  --------------  -------------------
/opt/airflow/dags/example_dag.py                                      1           0  0.12s           2025-12-21T20:01:45
/opt/airflow/dags/purchase_analytics_dag.py                           1           0  0.33s           2025-12-21T20:01:45
/opt/airflow/dags/warehouse_delivery_dag.py                           1           0  0.34s           2025-12-21T20:01:45
================================================================================
[2025-12-21T20:02:45.401+0000] {manager.py:879} INFO - 
================================================================================
DAG File Processing Stats

File Path                                    PID    Runtime      # DAGs    # Errors  Last Runtime    Last Run
-------------------------------------------  -----  ---------  --------  ----------  --------------  -------------------
/opt/airflow/dags/example_dag.py                                      1           0  0.08s           2025-12-21T20:02:16
/opt/airflow/dags/purchase_analytics_dag.py                           1           0  0.26s           2025-12-21T20:02:15
/opt/airflow/dags/warehouse_delivery_dag.py                           1           0  0.31s           2025-12-21T20:02:15
================================================================================
[2025-12-21T20:03:15.776+0000] {manager.py:879} INFO - 
================================================================================
DAG File Processing Stats

File Path                                    PID    Runtime      # DAGs    # Errors  Last Runtime    Last Run
-------------------------------------------  -----  ---------  --------  ----------  --------------  -------------------
/opt/airflow/dags/example_dag.py                                      1           0  0.07s           2025-12-21T20:02:46
/opt/airflow/dags/purchase_analytics_dag.py                           1           0  0.15s           2025-12-21T20:02:46
/opt/airflow/dags/warehouse_delivery_dag.py                           1           0  0.19s           2025-12-21T20:02:46
================================================================================
[2025-12-21T20:03:46.137+0000] {manager.py:879} INFO - 
================================================================================
DAG File Processing Stats

File Path                                    PID    Runtime      # DAGs    # Errors  Last Runtime    Last Run
-------------------------------------------  -----  ---------  --------  ----------  --------------  -------------------
/opt/airflow/dags/example_dag.py                                      1           0  0.07s           2025-12-21T20:03:17
/opt/airflow/dags/purchase_analytics_dag.py                           1           0  0.14s           2025-12-21T20:03:16
/opt/airflow/dags/warehouse_delivery_dag.py                           1           0  0.17s           2025-12-21T20:03:16
================================================================================
[2025-12-21T20:04:16.426+0000] {manager.py:879} INFO - 
================================================================================
DAG File Processing Stats

File Path                                    PID    Runtime      # DAGs    # Errors  Last Runtime    Last Run
-------------------------------------------  -----  ---------  --------  ----------  --------------  -------------------
/opt/airflow/dags/example_dag.py                                      1           0  0.07s           2025-12-21T20:03:47
/opt/airflow/dags/purchase_analytics_dag.py                           1           0  0.11s           2025-12-21T20:03:47
/opt/airflow/dags/warehouse_delivery_dag.py                           1           0  0.12s           2025-12-21T20:03:47
================================================================================
[2025-12-21T20:04:46.685+0000] {manager.py:879} INFO - 
================================================================================
DAG File Processing Stats

File Path                                    PID    Runtime      # DAGs    # Errors  Last Runtime    Last Run
-------------------------------------------  -----  ---------  --------  ----------  --------------  -------------------
/opt/airflow/dags/example_dag.py                                      1           0  0.09s           2025-12-21T20:04:17
/opt/airflow/dags/purchase_analytics_dag.py                           1           0  0.11s           2025-12-21T20:04:17
/opt/airflow/dags/warehouse_delivery_dag.py                           1           0  0.12s           2025-12-21T20:04:17
================================================================================
[2025-12-21T20:05:17.259+0000] {manager.py:879} INFO - 
================================================================================
DAG File Processing Stats

File Path                                    PID    Runtime      # DAGs    # Errors  Last Runtime    Last Run
-------------------------------------------  -----  ---------  --------  ----------  --------------  -------------------
/opt/airflow/dags/example_dag.py                                      1           0  0.10s           2025-12-21T20:04:48
/opt/airflow/dags/purchase_analytics_dag.py                           1           0  0.32s           2025-12-21T20:04:48
/opt/airflow/dags/warehouse_delivery_dag.py                           1           0  0.36s           2025-12-21T20:04:48
================================================================================
[2025-12-21T20:05:47.721+0000] {manager.py:879} INFO - 
================================================================================
DAG File Processing Stats

File Path                                    PID    Runtime      # DAGs    # Errors  Last Runtime    Last Run
-------------------------------------------  -----  ---------  --------  ----------  --------------  -------------------
/opt/airflow/dags/example_dag.py                                      1           0  0.14s           2025-12-21T20:05:18
/opt/airflow/dags/purchase_analytics_dag.py                           1           0  0.24s           2025-12-21T20:05:18
/opt/airflow/dags/warehouse_delivery_dag.py                           1           0  0.27s           2025-12-21T20:05:18
================================================================================
[2025-12-21T20:06:15.311+0000] {manager.py:738} INFO - Searching for files in /opt/airflow/dags
[2025-12-21T20:06:15.335+0000] {manager.py:741} INFO - There are 3 files in /opt/airflow/dags
[2025-12-21T20:06:18.377+0000] {manager.py:879} INFO - 
================================================================================
DAG File Processing Stats

File Path                                    PID    Runtime      # DAGs    # Errors  Last Runtime    Last Run
-------------------------------------------  -----  ---------  --------  ----------  --------------  -------------------
/opt/airflow/dags/example_dag.py                                      1           0  0.11s           2025-12-21T20:05:49
/opt/airflow/dags/purchase_analytics_dag.py                           1           0  0.16s           2025-12-21T20:05:48
/opt/airflow/dags/warehouse_delivery_dag.py                           1           0  0.18s           2025-12-21T20:05:48
================================================================================
[2025-12-21T20:06:48.551+0000] {manager.py:879} INFO - 
================================================================================
DAG File Processing Stats

File Path                                    PID    Runtime      # DAGs    # Errors  Last Runtime    Last Run
-------------------------------------------  -----  ---------  --------  ----------  --------------  -------------------
/opt/airflow/dags/example_dag.py                                      1           0  0.09s           2025-12-21T20:06:19
/opt/airflow/dags/purchase_analytics_dag.py                           1           0  0.36s           2025-12-21T20:06:19
/opt/airflow/dags/warehouse_delivery_dag.py                           1           0  0.43s           2025-12-21T20:06:19
================================================================================
[2025-12-21T20:07:19.222+0000] {manager.py:879} INFO - 
================================================================================
DAG File Processing Stats

File Path                                    PID    Runtime      # DAGs    # Errors  Last Runtime    Last Run
-------------------------------------------  -----  ---------  --------  ----------  --------------  -------------------
/opt/airflow/dags/example_dag.py                                      1           0  0.08s           2025-12-21T20:06:50
/opt/airflow/dags/purchase_analytics_dag.py                           1           0  0.16s           2025-12-21T20:06:50
/opt/airflow/dags/warehouse_delivery_dag.py                           1           0  0.19s           2025-12-21T20:06:50
================================================================================
[2025-12-21T20:07:49.876+0000] {manager.py:879} INFO - 
================================================================================
DAG File Processing Stats

File Path                                    PID    Runtime      # DAGs    # Errors  Last Runtime    Last Run
-------------------------------------------  -----  ---------  --------  ----------  --------------  -------------------
/opt/airflow/dags/example_dag.py                                      1           0  0.09s           2025-12-21T20:07:21
/opt/airflow/dags/purchase_analytics_dag.py                           1           0  0.16s           2025-12-21T20:07:21
/opt/airflow/dags/warehouse_delivery_dag.py                           1           0  0.18s           2025-12-21T20:07:21
================================================================================
[2025-12-21T20:08:16.875+0000] {manager.py:451} INFO - Exiting gracefully upon receiving signal 15
[2025-12-21T20:16:07.884+0000] {manager.py:469} INFO - Processing files using up to 2 processes at a time 
[2025-12-21T20:16:07.886+0000] {manager.py:470} INFO - Process each file at most once every 30 seconds
[2025-12-21T20:16:07.886+0000] {manager.py:471} INFO - Checking for new files in /opt/airflow/dags every 300 seconds
[2025-12-21T20:16:07.886+0000] {manager.py:738} INFO - Searching for files in /opt/airflow/dags
[2025-12-21T20:16:07.893+0000] {manager.py:741} INFO - There are 3 files in /opt/airflow/dags
[2025-12-21T20:16:08.000+0000] {manager.py:879} INFO - 
================================================================================
DAG File Processing Stats

File Path                                      PID  Runtime      # DAGs    # Errors  Last Runtime    Last Run
-------------------------------------------  -----  ---------  --------  ----------  --------------  ----------
/opt/airflow/dags/example_dag.py                                      0           0
/opt/airflow/dags/purchase_analytics_dag.py     31  0.04s             0           0
/opt/airflow/dags/warehouse_delivery_dag.py     30  0.05s             0           0
================================================================================
[2025-12-21T20:16:38.628+0000] {manager.py:879} INFO - 
================================================================================
DAG File Processing Stats

File Path                                      PID  Runtime      # DAGs    # Errors  Last Runtime    Last Run
-------------------------------------------  -----  ---------  --------  ----------  --------------  -------------------
/opt/airflow/dags/example_dag.py                                      1           0  0.06s           2025-12-21T20:16:08
/opt/airflow/dags/purchase_analytics_dag.py     41  0.01s             1           0  0.11s           2025-12-21T20:16:08
/opt/airflow/dags/warehouse_delivery_dag.py     40  0.02s             1           0  0.13s           2025-12-21T20:16:08
================================================================================
[2025-12-21T20:17:09.446+0000] {manager.py:879} INFO - 
================================================================================
DAG File Processing Stats

File Path                                      PID  Runtime      # DAGs    # Errors  Last Runtime    Last Run
-------------------------------------------  -----  ---------  --------  ----------  --------------  -------------------
/opt/airflow/dags/example_dag.py                                      1           0  0.23s           2025-12-21T20:16:39
/opt/airflow/dags/purchase_analytics_dag.py     51  0.02s             1           0  0.49s           2025-12-21T20:16:39
/opt/airflow/dags/warehouse_delivery_dag.py     50  0.03s             1           0  0.51s           2025-12-21T20:16:39
================================================================================
[2025-12-21T20:17:40.338+0000] {manager.py:879} INFO - 
================================================================================
DAG File Processing Stats

File Path                                      PID  Runtime      # DAGs    # Errors  Last Runtime    Last Run
-------------------------------------------  -----  ---------  --------  ----------  --------------  -------------------
/opt/airflow/dags/example_dag.py                                      1           0  0.12s           2025-12-21T20:17:09
/opt/airflow/dags/purchase_analytics_dag.py    109  0.01s             1           0  0.19s           2025-12-21T20:17:09
/opt/airflow/dags/warehouse_delivery_dag.py    108  0.10s             1           0  0.21s           2025-12-21T20:17:09
================================================================================
[2025-12-21T20:18:10.986+0000] {manager.py:879} INFO - 
================================================================================
DAG File Processing Stats

File Path                                      PID  Runtime      # DAGs    # Errors  Last Runtime    Last Run
-------------------------------------------  -----  ---------  --------  ----------  --------------  -------------------
/opt/airflow/dags/example_dag.py                                      1           0  0.09s           2025-12-21T20:17:40
/opt/airflow/dags/purchase_analytics_dag.py    119  0.01s             1           0  0.39s           2025-12-21T20:17:40
/opt/airflow/dags/warehouse_delivery_dag.py    118  0.05s             1           0  0.47s           2025-12-21T20:17:40
================================================================================
[2025-12-21T20:18:41.466+0000] {manager.py:879} INFO - 
================================================================================
DAG File Processing Stats

File Path                                      PID  Runtime      # DAGs    # Errors  Last Runtime    Last Run
-------------------------------------------  -----  ---------  --------  ----------  --------------  -------------------
/opt/airflow/dags/example_dag.py                                      1           0  0.11s           2025-12-21T20:18:11
/opt/airflow/dags/purchase_analytics_dag.py    129  0.00s             1           0  0.20s           2025-12-21T20:18:11
/opt/airflow/dags/warehouse_delivery_dag.py    128  0.01s             1           0  0.24s           2025-12-21T20:18:11
================================================================================
[2025-12-21T20:19:12.417+0000] {manager.py:879} INFO - 
================================================================================
DAG File Processing Stats

File Path                                      PID  Runtime      # DAGs    # Errors  Last Runtime    Last Run
-------------------------------------------  -----  ---------  --------  ----------  --------------  -------------------
/opt/airflow/dags/example_dag.py                                      1           0  0.07s           2025-12-21T20:18:41
/opt/airflow/dags/purchase_analytics_dag.py    139  0.00s             1           0  0.11s           2025-12-21T20:18:41
/opt/airflow/dags/warehouse_delivery_dag.py    138  0.03s             1           0  0.11s           2025-12-21T20:18:41
================================================================================
[2025-12-21T20:19:42.886+0000] {manager.py:879} INFO - 
================================================================================
DAG File Processing Stats

File Path                                      PID  Runtime      # DAGs    # Errors  Last Runtime    Last Run
-------------------------------------------  -----  ---------  --------  ----------  --------------  -------------------
/opt/airflow/dags/example_dag.py                                      1           0  0.08s           2025-12-21T20:19:12
/opt/airflow/dags/purchase_analytics_dag.py    149  0.01s             1           0  0.13s           2025-12-21T20:19:12
/opt/airflow/dags/warehouse_delivery_dag.py    148  0.02s             1           0  0.16s           2025-12-21T20:19:12
================================================================================
[2025-12-21T20:20:13.503+0000] {manager.py:879} INFO - 
================================================================================
DAG File Processing Stats

File Path                                      PID  Runtime      # DAGs    # Errors  Last Runtime    Last Run
-------------------------------------------  -----  ---------  --------  ----------  --------------  -------------------
/opt/airflow/dags/example_dag.py                                      1           0  0.08s           2025-12-21T20:19:43
/opt/airflow/dags/purchase_analytics_dag.py    158  0.03s             1           0  0.15s           2025-12-21T20:19:43
/opt/airflow/dags/warehouse_delivery_dag.py    157  0.17s             1           0  0.17s           2025-12-21T20:19:43
================================================================================
[2025-12-21T20:20:44.017+0000] {manager.py:879} INFO - 
================================================================================
DAG File Processing Stats

File Path                                      PID  Runtime      # DAGs    # Errors  Last Runtime    Last Run
-------------------------------------------  -----  ---------  --------  ----------  --------------  -------------------
/opt/airflow/dags/example_dag.py                                      1           0  0.12s           2025-12-21T20:20:13
/opt/airflow/dags/purchase_analytics_dag.py    162  0.00s             1           0  0.32s           2025-12-21T20:20:13
/opt/airflow/dags/warehouse_delivery_dag.py    161  0.02s             1           0  0.46s           2025-12-21T20:20:13
================================================================================
[2025-12-21T20:21:08.532+0000] {manager.py:738} INFO - Searching for files in /opt/airflow/dags
[2025-12-21T20:21:08.591+0000] {manager.py:741} INFO - There are 3 files in /opt/airflow/dags
[2025-12-21T20:21:14.699+0000] {manager.py:879} INFO - 
================================================================================
DAG File Processing Stats

File Path                                      PID  Runtime      # DAGs    # Errors  Last Runtime    Last Run
-------------------------------------------  -----  ---------  --------  ----------  --------------  -------------------
/opt/airflow/dags/example_dag.py                                      1           0  0.10s           2025-12-21T20:20:44
/opt/airflow/dags/purchase_analytics_dag.py    172  0.01s             1           0  0.18s           2025-12-21T20:20:44
/opt/airflow/dags/warehouse_delivery_dag.py    171  0.03s             1           0  0.21s           2025-12-21T20:20:44
================================================================================
[2025-12-21T20:21:44.734+0000] {manager.py:879} INFO - 
================================================================================
DAG File Processing Stats

File Path                                    PID    Runtime      # DAGs    # Errors  Last Runtime    Last Run
-------------------------------------------  -----  ---------  --------  ----------  --------------  -------------------
/opt/airflow/dags/example_dag.py                                      1           0  0.08s           2025-12-21T20:21:14
/opt/airflow/dags/purchase_analytics_dag.py                           1           0  0.17s           2025-12-21T20:21:14
/opt/airflow/dags/warehouse_delivery_dag.py                           1           0  0.20s           2025-12-21T20:21:14
================================================================================
[2025-12-21T20:22:15.441+0000] {manager.py:879} INFO - 
================================================================================
DAG File Processing Stats

File Path                                    PID    Runtime      # DAGs    # Errors  Last Runtime    Last Run
-------------------------------------------  -----  ---------  --------  ----------  --------------  -------------------
/opt/airflow/dags/example_dag.py                                      1           0  0.09s           2025-12-21T20:21:46
/opt/airflow/dags/purchase_analytics_dag.py                           1           0  0.26s           2025-12-21T20:21:46
/opt/airflow/dags/warehouse_delivery_dag.py                           1           0  0.35s           2025-12-21T20:21:46
================================================================================
[2025-12-21T20:22:46.073+0000] {manager.py:879} INFO - 
================================================================================
DAG File Processing Stats

File Path                                    PID    Runtime      # DAGs    # Errors  Last Runtime    Last Run
-------------------------------------------  -----  ---------  --------  ----------  --------------  -------------------
/opt/airflow/dags/example_dag.py                                      1           0  0.08s           2025-12-21T20:22:16
/opt/airflow/dags/purchase_analytics_dag.py                           1           0  0.19s           2025-12-21T20:22:16
/opt/airflow/dags/warehouse_delivery_dag.py                           1           0  0.22s           2025-12-21T20:22:16
================================================================================
[2025-12-21T20:23:16.654+0000] {manager.py:879} INFO - 
================================================================================
DAG File Processing Stats

File Path                                    PID    Runtime      # DAGs    # Errors  Last Runtime    Last Run
-------------------------------------------  -----  ---------  --------  ----------  --------------  -------------------
/opt/airflow/dags/example_dag.py                                      1           0  0.08s           2025-12-21T20:22:47
/opt/airflow/dags/purchase_analytics_dag.py                           1           0  0.22s           2025-12-21T20:22:47
/opt/airflow/dags/warehouse_delivery_dag.py                           1           0  0.26s           2025-12-21T20:22:47
================================================================================
[2025-12-21T20:23:47.325+0000] {manager.py:879} INFO - 
================================================================================
DAG File Processing Stats

File Path                                    PID    Runtime      # DAGs    # Errors  Last Runtime    Last Run
-------------------------------------------  -----  ---------  --------  ----------  --------------  -------------------
/opt/airflow/dags/example_dag.py                                      1           0  0.09s           2025-12-21T20:23:17
/opt/airflow/dags/purchase_analytics_dag.py                           1           0  0.16s           2025-12-21T20:23:17
/opt/airflow/dags/warehouse_delivery_dag.py                           1           0  0.19s           2025-12-21T20:23:17
================================================================================
[2025-12-21T20:24:17.925+0000] {manager.py:879} INFO - 
================================================================================
DAG File Processing Stats

File Path                                    PID    Runtime      # DAGs    # Errors  Last Runtime    Last Run
-------------------------------------------  -----  ---------  --------  ----------  --------------  -------------------
/opt/airflow/dags/example_dag.py                                      1           0  0.08s           2025-12-21T20:23:48
/opt/airflow/dags/purchase_analytics_dag.py                           1           0  0.22s           2025-12-21T20:23:48
/opt/airflow/dags/warehouse_delivery_dag.py                           1           0  0.25s           2025-12-21T20:23:48
================================================================================
[2025-12-21T20:24:48.564+0000] {manager.py:879} INFO - 
================================================================================
DAG File Processing Stats

File Path                                    PID    Runtime      # DAGs    # Errors  Last Runtime    Last Run
-------------------------------------------  -----  ---------  --------  ----------  --------------  -------------------
/opt/airflow/dags/example_dag.py                                      1           0  0.07s           2025-12-21T20:24:19
/opt/airflow/dags/purchase_analytics_dag.py                           1           0  0.16s           2025-12-21T20:24:19
/opt/airflow/dags/warehouse_delivery_dag.py                           1           0  0.21s           2025-12-21T20:24:19
================================================================================
[2025-12-21T20:25:19.569+0000] {manager.py:879} INFO - 
================================================================================
DAG File Processing Stats

File Path                                    PID    Runtime      # DAGs    # Errors  Last Runtime    Last Run
-------------------------------------------  -----  ---------  --------  ----------  --------------  -------------------
/opt/airflow/dags/example_dag.py                                      1           0  0.07s           2025-12-21T20:24:49
/opt/airflow/dags/purchase_analytics_dag.py                           1           0  0.18s           2025-12-21T20:24:49
/opt/airflow/dags/warehouse_delivery_dag.py                           1           0  0.22s           2025-12-21T20:24:49
================================================================================
[2025-12-21T20:25:50.317+0000] {manager.py:879} INFO - 
================================================================================
DAG File Processing Stats

File Path                                    PID    Runtime      # DAGs    # Errors  Last Runtime    Last Run
-------------------------------------------  -----  ---------  --------  ----------  --------------  -------------------
/opt/airflow/dags/example_dag.py                                      1           0  0.08s           2025-12-21T20:25:20
/opt/airflow/dags/purchase_analytics_dag.py                           1           0  0.16s           2025-12-21T20:25:20
/opt/airflow/dags/warehouse_delivery_dag.py                           1           0  0.18s           2025-12-21T20:25:20
================================================================================
[2025-12-21T20:26:08.808+0000] {manager.py:738} INFO - Searching for files in /opt/airflow/dags
[2025-12-21T20:26:08.817+0000] {manager.py:741} INFO - There are 3 files in /opt/airflow/dags
[2025-12-21T20:26:21.057+0000] {manager.py:879} INFO - 
================================================================================
DAG File Processing Stats

File Path                                    PID    Runtime      # DAGs    # Errors  Last Runtime    Last Run
-------------------------------------------  -----  ---------  --------  ----------  --------------  -------------------
/opt/airflow/dags/example_dag.py                                      1           0  0.11s           2025-12-21T20:25:51
/opt/airflow/dags/purchase_analytics_dag.py                           1           0  0.17s           2025-12-21T20:25:51
/opt/airflow/dags/warehouse_delivery_dag.py                           1           0  0.20s           2025-12-21T20:25:51
================================================================================
[2025-12-21T20:26:42.412+0000] {manager.py:451} INFO - Exiting gracefully upon receiving signal 15
[2025-12-21T20:36:24.709+0000] {manager.py:469} INFO - Processing files using up to 2 processes at a time 
[2025-12-21T20:36:24.710+0000] {manager.py:470} INFO - Process each file at most once every 30 seconds
[2025-12-21T20:36:24.710+0000] {manager.py:471} INFO - Checking for new files in /opt/airflow/dags every 300 seconds
[2025-12-21T20:36:24.710+0000] {manager.py:738} INFO - Searching for files in /opt/airflow/dags
[2025-12-21T20:36:24.715+0000] {manager.py:741} INFO - There are 3 files in /opt/airflow/dags
[2025-12-21T20:36:24.869+0000] {manager.py:879} INFO - 
================================================================================
DAG File Processing Stats

File Path                                      PID  Runtime      # DAGs    # Errors  Last Runtime    Last Run
-------------------------------------------  -----  ---------  --------  ----------  --------------  ----------
/opt/airflow/dags/example_dag.py                                      0           0
/opt/airflow/dags/purchase_analytics_dag.py     31  0.07s             0           0
/opt/airflow/dags/warehouse_delivery_dag.py     30  0.08s             0           0
================================================================================
[2025-12-21T20:36:55.204+0000] {manager.py:879} INFO - 
================================================================================
DAG File Processing Stats

File Path                                      PID  Runtime      # DAGs    # Errors  Last Runtime    Last Run
-------------------------------------------  -----  ---------  --------  ----------  --------------  -------------------
/opt/airflow/dags/example_dag.py                                      1           0  0.06s           2025-12-21T20:36:25
/opt/airflow/dags/purchase_analytics_dag.py     41  0.00s             1           0  0.14s           2025-12-21T20:36:24
/opt/airflow/dags/warehouse_delivery_dag.py     40  0.02s             1           0  0.17s           2025-12-21T20:36:24
================================================================================
[2025-12-21T20:37:25.903+0000] {manager.py:879} INFO - 
================================================================================
DAG File Processing Stats

File Path                                      PID  Runtime      # DAGs    # Errors  Last Runtime    Last Run
-------------------------------------------  -----  ---------  --------  ----------  --------------  -------------------
/opt/airflow/dags/example_dag.py                                      1           0  0.14s           2025-12-21T20:36:55
/opt/airflow/dags/purchase_analytics_dag.py     51  0.00s             1           0  0.29s           2025-12-21T20:36:55
/opt/airflow/dags/warehouse_delivery_dag.py     50  0.05s             1           0  0.30s           2025-12-21T20:36:55
================================================================================
[2025-12-21T20:37:56.433+0000] {manager.py:879} INFO - 
================================================================================
DAG File Processing Stats

File Path                                      PID  Runtime      # DAGs    # Errors  Last Runtime    Last Run
-------------------------------------------  -----  ---------  --------  ----------  --------------  -------------------
/opt/airflow/dags/example_dag.py                                      1           0  0.14s           2025-12-21T20:37:26
/opt/airflow/dags/purchase_analytics_dag.py     61  0.01s             1           0  0.19s           2025-12-21T20:37:26
/opt/airflow/dags/warehouse_delivery_dag.py     60  0.03s             1           0  0.23s           2025-12-21T20:37:26
================================================================================
[2025-12-21T20:38:26.836+0000] {manager.py:879} INFO - 
================================================================================
DAG File Processing Stats

File Path                                      PID  Runtime      # DAGs    # Errors  Last Runtime    Last Run
-------------------------------------------  -----  ---------  --------  ----------  --------------  -------------------
/opt/airflow/dags/example_dag.py                                      1           0  0.07s           2025-12-21T20:37:56
/opt/airflow/dags/purchase_analytics_dag.py     71  0.01s             1           0  0.14s           2025-12-21T20:37:56
/opt/airflow/dags/warehouse_delivery_dag.py     70  0.02s             1           0  0.15s           2025-12-21T20:37:56
================================================================================
[2025-12-21T20:38:57.477+0000] {manager.py:879} INFO - 
================================================================================
DAG File Processing Stats

File Path                                      PID  Runtime      # DAGs    # Errors  Last Runtime    Last Run
-------------------------------------------  -----  ---------  --------  ----------  --------------  -------------------
/opt/airflow/dags/example_dag.py                                      1           0  0.06s           2025-12-21T20:38:27
/opt/airflow/dags/purchase_analytics_dag.py     93  0.00s             1           0  0.11s           2025-12-21T20:38:26
/opt/airflow/dags/warehouse_delivery_dag.py     92  0.02s             1           0  0.14s           2025-12-21T20:38:26
================================================================================
[2025-12-21T20:39:28.188+0000] {manager.py:879} INFO - 
================================================================================
DAG File Processing Stats

File Path                                      PID  Runtime      # DAGs    # Errors  Last Runtime    Last Run
-------------------------------------------  -----  ---------  --------  ----------  --------------  -------------------
/opt/airflow/dags/example_dag.py                                      1           0  0.10s           2025-12-21T20:38:57
/opt/airflow/dags/purchase_analytics_dag.py    151  0.00s             1           0  0.20s           2025-12-21T20:38:57
/opt/airflow/dags/warehouse_delivery_dag.py    150  0.01s             1           0  0.23s           2025-12-21T20:38:57
================================================================================
[2025-12-21T20:39:58.584+0000] {manager.py:879} INFO - 
================================================================================
DAG File Processing Stats

File Path                                      PID  Runtime      # DAGs    # Errors  Last Runtime    Last Run
-------------------------------------------  -----  ---------  --------  ----------  --------------  -------------------
/opt/airflow/dags/example_dag.py                                      1           0  0.09s           2025-12-21T20:39:28
/opt/airflow/dags/purchase_analytics_dag.py    161  0.01s             1           0  0.13s           2025-12-21T20:39:28
/opt/airflow/dags/warehouse_delivery_dag.py    160  0.02s             1           0  0.15s           2025-12-21T20:39:28
================================================================================
[2025-12-21T20:40:29.144+0000] {manager.py:879} INFO - 
================================================================================
DAG File Processing Stats

File Path                                      PID  Runtime      # DAGs    # Errors  Last Runtime    Last Run
-------------------------------------------  -----  ---------  --------  ----------  --------------  -------------------
/opt/airflow/dags/example_dag.py                                      1           0  0.08s           2025-12-21T20:39:58
/opt/airflow/dags/purchase_analytics_dag.py    170  0.01s             1           0  0.15s           2025-12-21T20:39:58
/opt/airflow/dags/warehouse_delivery_dag.py    169  0.03s             1           0  0.16s           2025-12-21T20:39:58
================================================================================
[2025-12-21T20:40:59.890+0000] {manager.py:879} INFO - 
================================================================================
DAG File Processing Stats

File Path                                      PID  Runtime      # DAGs    # Errors  Last Runtime    Last Run
-------------------------------------------  -----  ---------  --------  ----------  --------------  -------------------
/opt/airflow/dags/example_dag.py                                      1           0  0.06s           2025-12-21T20:40:29
/opt/airflow/dags/purchase_analytics_dag.py    174  0.01s             1           0  0.14s           2025-12-21T20:40:29
/opt/airflow/dags/warehouse_delivery_dag.py    173  0.09s             1           0  0.17s           2025-12-21T20:40:29
================================================================================
[2025-12-21T20:41:24.721+0000] {manager.py:738} INFO - Searching for files in /opt/airflow/dags
[2025-12-21T20:41:24.737+0000] {manager.py:741} INFO - There are 3 files in /opt/airflow/dags
[2025-12-21T20:41:30.990+0000] {manager.py:879} INFO - 
================================================================================
DAG File Processing Stats

File Path                                      PID  Runtime      # DAGs    # Errors  Last Runtime    Last Run
-------------------------------------------  -----  ---------  --------  ----------  --------------  -------------------
/opt/airflow/dags/example_dag.py                                      1           0  0.13s           2025-12-21T20:41:00
/opt/airflow/dags/purchase_analytics_dag.py    184  0.01s             1           0  0.28s           2025-12-21T20:41:00
/opt/airflow/dags/warehouse_delivery_dag.py    183  0.13s             1           0  0.36s           2025-12-21T20:41:00
================================================================================
[2025-12-21T20:42:01.614+0000] {manager.py:879} INFO - 
================================================================================
DAG File Processing Stats

File Path                                      PID  Runtime      # DAGs    # Errors  Last Runtime    Last Run
-------------------------------------------  -----  ---------  --------  ----------  --------------  -------------------
/opt/airflow/dags/example_dag.py                                      1           0  0.09s           2025-12-21T20:41:31
/opt/airflow/dags/purchase_analytics_dag.py    194  0.01s             1           0  0.28s           2025-12-21T20:41:31
/opt/airflow/dags/warehouse_delivery_dag.py    193  0.03s             1           0  0.40s           2025-12-21T20:41:31
================================================================================
[2025-12-21T20:42:32.109+0000] {manager.py:879} INFO - 
================================================================================
DAG File Processing Stats

File Path                                      PID  Runtime      # DAGs    # Errors  Last Runtime    Last Run
-------------------------------------------  -----  ---------  --------  ----------  --------------  -------------------
/opt/airflow/dags/example_dag.py                                      1           0  0.09s           2025-12-21T20:42:01
/opt/airflow/dags/purchase_analytics_dag.py    204  0.01s             1           0  0.19s           2025-12-21T20:42:01
/opt/airflow/dags/warehouse_delivery_dag.py    203  0.04s             1           0  0.22s           2025-12-21T20:42:01
================================================================================
[2025-12-21T20:43:02.904+0000] {manager.py:879} INFO - 
================================================================================
DAG File Processing Stats

File Path                                      PID  Runtime      # DAGs    # Errors  Last Runtime    Last Run
-------------------------------------------  -----  ---------  --------  ----------  --------------  -------------------
/opt/airflow/dags/example_dag.py                                      1           0  0.07s           2025-12-21T20:42:32
/opt/airflow/dags/purchase_analytics_dag.py    214  0.01s             1           0  0.17s           2025-12-21T20:42:32
/opt/airflow/dags/warehouse_delivery_dag.py    213  0.06s             1           0  0.20s           2025-12-21T20:42:32
================================================================================
[2025-12-21T20:43:33.881+0000] {manager.py:879} INFO - 
================================================================================
DAG File Processing Stats

File Path                                      PID  Runtime      # DAGs    # Errors  Last Runtime    Last Run
-------------------------------------------  -----  ---------  --------  ----------  --------------  -------------------
/opt/airflow/dags/example_dag.py                                      1           0  0.08s           2025-12-21T20:43:03
/opt/airflow/dags/purchase_analytics_dag.py    224  0.01s             1           0  0.17s           2025-12-21T20:43:03
/opt/airflow/dags/warehouse_delivery_dag.py    223  0.06s             1           0  0.22s           2025-12-21T20:43:03
================================================================================
[2025-12-21T20:44:04.385+0000] {manager.py:879} INFO - 
================================================================================
DAG File Processing Stats

File Path                                      PID  Runtime      # DAGs    # Errors  Last Runtime    Last Run
-------------------------------------------  -----  ---------  --------  ----------  --------------  -------------------
/opt/airflow/dags/example_dag.py                                      1           0  0.07s           2025-12-21T20:43:34
/opt/airflow/dags/purchase_analytics_dag.py    234  0.01s             1           0  0.19s           2025-12-21T20:43:34
/opt/airflow/dags/warehouse_delivery_dag.py    233  0.06s             1           0  0.24s           2025-12-21T20:43:34
================================================================================
[2025-12-21T20:44:35.178+0000] {manager.py:879} INFO - 
================================================================================
DAG File Processing Stats

File Path                                      PID  Runtime      # DAGs    # Errors  Last Runtime    Last Run
-------------------------------------------  -----  ---------  --------  ----------  --------------  -------------------
/opt/airflow/dags/example_dag.py                                      1           0  0.15s           2025-12-21T20:44:04
/opt/airflow/dags/purchase_analytics_dag.py    243  0.02s             1           0  0.23s           2025-12-21T20:44:04
/opt/airflow/dags/warehouse_delivery_dag.py    242  0.04s             1           0  0.30s           2025-12-21T20:44:04
================================================================================
[2025-12-21T20:45:05.742+0000] {manager.py:879} INFO - 
================================================================================
DAG File Processing Stats

File Path                                      PID  Runtime      # DAGs    # Errors  Last Runtime    Last Run
-------------------------------------------  -----  ---------  --------  ----------  --------------  -------------------
/opt/airflow/dags/example_dag.py                                      1           0  0.08s           2025-12-21T20:44:35
/opt/airflow/dags/purchase_analytics_dag.py    254  0.01s             1           0  0.21s           2025-12-21T20:44:35
/opt/airflow/dags/warehouse_delivery_dag.py    253  0.05s             1           0  0.24s           2025-12-21T20:44:35
================================================================================
[2025-12-21T20:45:35.350+0000] {manager.py:451} INFO - Exiting gracefully upon receiving signal 15
[2025-12-21T20:49:04.257+0000] {manager.py:469} INFO - Processing files using up to 2 processes at a time 
[2025-12-21T20:49:04.259+0000] {manager.py:470} INFO - Process each file at most once every 30 seconds
[2025-12-21T20:49:04.259+0000] {manager.py:471} INFO - Checking for new files in /opt/airflow/dags every 300 seconds
[2025-12-21T20:49:04.259+0000] {manager.py:738} INFO - Searching for files in /opt/airflow/dags
[2025-12-21T20:49:04.268+0000] {manager.py:741} INFO - There are 3 files in /opt/airflow/dags
[2025-12-21T20:49:04.416+0000] {manager.py:879} INFO - 
================================================================================
DAG File Processing Stats

File Path                                      PID  Runtime      # DAGs    # Errors  Last Runtime    Last Run
-------------------------------------------  -----  ---------  --------  ----------  --------------  ----------
/opt/airflow/dags/example_dag.py                                      0           0
/opt/airflow/dags/purchase_analytics_dag.py     31  0.08s             0           0
/opt/airflow/dags/warehouse_delivery_dag.py     30  0.09s             0           0
================================================================================
[2025-12-21T20:49:34.796+0000] {manager.py:879} INFO - 
================================================================================
DAG File Processing Stats

File Path                                      PID  Runtime      # DAGs    # Errors  Last Runtime    Last Run
-------------------------------------------  -----  ---------  --------  ----------  --------------  -------------------
/opt/airflow/dags/example_dag.py                                      1           0  0.07s           2025-12-21T20:49:04
/opt/airflow/dags/purchase_analytics_dag.py     41  0.02s             1           0  0.18s           2025-12-21T20:49:04
/opt/airflow/dags/warehouse_delivery_dag.py     40  0.04s             1           0  0.17s           2025-12-21T20:49:04
================================================================================
[2025-12-21T20:50:05.302+0000] {manager.py:879} INFO - 
================================================================================
DAG File Processing Stats

File Path                                      PID  Runtime      # DAGs    # Errors  Last Runtime    Last Run
-------------------------------------------  -----  ---------  --------  ----------  --------------  -------------------
/opt/airflow/dags/example_dag.py                                      1           0  0.13s           2025-12-21T20:49:35
/opt/airflow/dags/purchase_analytics_dag.py     51  0.01s             1           0  0.32s           2025-12-21T20:49:35
/opt/airflow/dags/warehouse_delivery_dag.py     50  0.03s             1           0  0.33s           2025-12-21T20:49:35
================================================================================
[2025-12-21T20:50:35.767+0000] {manager.py:879} INFO - 
================================================================================
DAG File Processing Stats

File Path                                      PID  Runtime      # DAGs    # Errors  Last Runtime    Last Run
-------------------------------------------  -----  ---------  --------  ----------  --------------  -------------------
/opt/airflow/dags/example_dag.py                                      1           0  0.07s           2025-12-21T20:50:05
/opt/airflow/dags/purchase_analytics_dag.py     61  0.01s             1           0  0.13s           2025-12-21T20:50:05
/opt/airflow/dags/warehouse_delivery_dag.py     60  0.05s             1           0  0.16s           2025-12-21T20:50:05
================================================================================
[2025-12-21T20:51:06.570+0000] {manager.py:879} INFO - 
================================================================================
DAG File Processing Stats

File Path                                      PID  Runtime      # DAGs    # Errors  Last Runtime    Last Run
-------------------------------------------  -----  ---------  --------  ----------  --------------  -------------------
/opt/airflow/dags/example_dag.py                                      1           0  0.07s           2025-12-21T20:50:36
/opt/airflow/dags/purchase_analytics_dag.py     71  0.00s             1           0  0.17s           2025-12-21T20:50:35
/opt/airflow/dags/warehouse_delivery_dag.py     70  0.01s             1           0  0.21s           2025-12-21T20:50:35
================================================================================
[2025-12-21T20:51:36.583+0000] {manager.py:879} INFO - 
================================================================================
DAG File Processing Stats

File Path                                    PID    Runtime      # DAGs    # Errors  Last Runtime    Last Run
-------------------------------------------  -----  ---------  --------  ----------  --------------  -------------------
/opt/airflow/dags/example_dag.py                                      1           0  0.08s           2025-12-21T20:51:06
/opt/airflow/dags/purchase_analytics_dag.py                           1           0  0.14s           2025-12-21T20:51:06
/opt/airflow/dags/warehouse_delivery_dag.py                           1           0  0.15s           2025-12-21T20:51:06
================================================================================
[2025-12-21T20:52:06.606+0000] {manager.py:879} INFO - 
================================================================================
DAG File Processing Stats

File Path                                    PID    Runtime      # DAGs    # Errors  Last Runtime    Last Run
-------------------------------------------  -----  ---------  --------  ----------  --------------  -------------------
/opt/airflow/dags/example_dag.py                                      1           0  0.84s           2025-12-21T20:51:39
/opt/airflow/dags/purchase_analytics_dag.py                           1           0  0.81s           2025-12-21T20:51:38
/opt/airflow/dags/warehouse_delivery_dag.py                           1           0  0.82s           2025-12-21T20:51:38
================================================================================
[2025-12-21T20:52:36.769+0000] {manager.py:879} INFO - 
================================================================================
DAG File Processing Stats

File Path                                    PID    Runtime      # DAGs    # Errors  Last Runtime    Last Run
-------------------------------------------  -----  ---------  --------  ----------  --------------  -------------------
/opt/airflow/dags/example_dag.py                                      1           0  0.08s           2025-12-21T20:52:09
/opt/airflow/dags/purchase_analytics_dag.py                           1           0  0.11s           2025-12-21T20:52:08
/opt/airflow/dags/warehouse_delivery_dag.py                           1           0  0.12s           2025-12-21T20:52:08
================================================================================
[2025-12-21T20:53:07.853+0000] {manager.py:879} INFO - 
================================================================================
DAG File Processing Stats

File Path                                    PID    Runtime      # DAGs    # Errors  Last Runtime    Last Run
-------------------------------------------  -----  ---------  --------  ----------  --------------  -------------------
/opt/airflow/dags/example_dag.py                                      1           0  0.14s           2025-12-21T20:52:40
/opt/airflow/dags/purchase_analytics_dag.py                           1           0  0.26s           2025-12-21T20:52:39
/opt/airflow/dags/warehouse_delivery_dag.py                           1           0  0.40s           2025-12-21T20:52:39
================================================================================
[2025-12-21T20:53:38.318+0000] {manager.py:879} INFO - 
================================================================================
DAG File Processing Stats

File Path                                    PID    Runtime      # DAGs    # Errors  Last Runtime    Last Run
-------------------------------------------  -----  ---------  --------  ----------  --------------  -------------------
/opt/airflow/dags/example_dag.py                                      1           0  0.09s           2025-12-21T20:53:11
/opt/airflow/dags/purchase_analytics_dag.py                           1           0  0.21s           2025-12-21T20:53:10
/opt/airflow/dags/warehouse_delivery_dag.py                           1           0  0.27s           2025-12-21T20:53:10
================================================================================
[2025-12-21T20:54:04.657+0000] {manager.py:738} INFO - Searching for files in /opt/airflow/dags
[2025-12-21T20:54:04.670+0000] {manager.py:741} INFO - There are 3 files in /opt/airflow/dags
[2025-12-21T20:54:08.721+0000] {manager.py:879} INFO - 
================================================================================
DAG File Processing Stats

File Path                                    PID    Runtime      # DAGs    # Errors  Last Runtime    Last Run
-------------------------------------------  -----  ---------  --------  ----------  --------------  -------------------
/opt/airflow/dags/example_dag.py                                      1           0  0.09s           2025-12-21T20:53:41
/opt/airflow/dags/purchase_analytics_dag.py                           1           0  0.24s           2025-12-21T20:53:40
/opt/airflow/dags/warehouse_delivery_dag.py                           1           0  0.26s           2025-12-21T20:53:40
================================================================================
[2025-12-21T20:54:39.119+0000] {manager.py:879} INFO - 
================================================================================
DAG File Processing Stats

File Path                                    PID    Runtime      # DAGs    # Errors  Last Runtime    Last Run
-------------------------------------------  -----  ---------  --------  ----------  --------------  -------------------
/opt/airflow/dags/example_dag.py                                      1           0  0.09s           2025-12-21T20:54:11
/opt/airflow/dags/purchase_analytics_dag.py                           1           0  0.24s           2025-12-21T20:54:11
/opt/airflow/dags/warehouse_delivery_dag.py                           1           0  0.28s           2025-12-21T20:54:11
================================================================================
[2025-12-21T20:55:09.290+0000] {manager.py:879} INFO - 
================================================================================
DAG File Processing Stats

File Path                                    PID    Runtime      # DAGs    # Errors  Last Runtime    Last Run
-------------------------------------------  -----  ---------  --------  ----------  --------------  -------------------
/opt/airflow/dags/example_dag.py                                      1           0  0.13s           2025-12-21T20:54:42
/opt/airflow/dags/purchase_analytics_dag.py                           1           0  0.19s           2025-12-21T20:54:41
/opt/airflow/dags/warehouse_delivery_dag.py                           1           0  0.24s           2025-12-21T20:54:41
================================================================================
[2025-12-21T20:55:39.356+0000] {manager.py:879} INFO - 
================================================================================
DAG File Processing Stats

File Path                                    PID    Runtime      # DAGs    # Errors  Last Runtime    Last Run
-------------------------------------------  -----  ---------  --------  ----------  --------------  -------------------
/opt/airflow/dags/example_dag.py                                      1           0  0.09s           2025-12-21T20:55:12
/opt/airflow/dags/purchase_analytics_dag.py                           1           0  0.20s           2025-12-21T20:55:12
/opt/airflow/dags/warehouse_delivery_dag.py                           1           0  0.25s           2025-12-21T20:55:12
================================================================================
[2025-12-21T20:56:09.384+0000] {manager.py:879} INFO - 
================================================================================
DAG File Processing Stats

File Path                                    PID    Runtime      # DAGs    # Errors  Last Runtime    Last Run
-------------------------------------------  -----  ---------  --------  ----------  --------------  -------------------
/opt/airflow/dags/example_dag.py                                      1           0  0.10s           2025-12-21T20:55:43
/opt/airflow/dags/purchase_analytics_dag.py                           1           0  0.31s           2025-12-21T20:55:43
/opt/airflow/dags/warehouse_delivery_dag.py                           1           0  0.37s           2025-12-21T20:55:43
================================================================================
[2025-12-21T20:56:39.820+0000] {manager.py:879} INFO - 
================================================================================
DAG File Processing Stats

File Path                                    PID    Runtime      # DAGs    # Errors  Last Runtime    Last Run
-------------------------------------------  -----  ---------  --------  ----------  --------------  -------------------
/opt/airflow/dags/example_dag.py                                      1           0  0.16s           2025-12-21T20:56:15
/opt/airflow/dags/purchase_analytics_dag.py                           1           0  0.31s           2025-12-21T20:56:15
/opt/airflow/dags/warehouse_delivery_dag.py                           1           0  0.52s           2025-12-21T20:56:15
================================================================================
[2025-12-21T20:57:10.396+0000] {manager.py:879} INFO - 
================================================================================
DAG File Processing Stats

File Path                                    PID    Runtime      # DAGs    # Errors  Last Runtime    Last Run
-------------------------------------------  -----  ---------  --------  ----------  --------------  -------------------
/opt/airflow/dags/example_dag.py                                      1           0  0.08s           2025-12-21T20:56:46
/opt/airflow/dags/purchase_analytics_dag.py                           1           0  0.20s           2025-12-21T20:56:46
/opt/airflow/dags/warehouse_delivery_dag.py                           1           0  0.25s           2025-12-21T20:56:46
================================================================================
[2025-12-21T20:57:41.109+0000] {manager.py:879} INFO - 
================================================================================
DAG File Processing Stats

File Path                                    PID    Runtime      # DAGs    # Errors  Last Runtime    Last Run
-------------------------------------------  -----  ---------  --------  ----------  --------------  -------------------
/opt/airflow/dags/example_dag.py                                      1           0  0.16s           2025-12-21T20:57:16
/opt/airflow/dags/purchase_analytics_dag.py                           1           0  0.22s           2025-12-21T20:57:16
/opt/airflow/dags/warehouse_delivery_dag.py                           1           0  0.27s           2025-12-21T20:57:16
================================================================================
[2025-12-21T20:58:11.644+0000] {manager.py:879} INFO - 
================================================================================
DAG File Processing Stats

File Path                                    PID    Runtime      # DAGs    # Errors  Last Runtime    Last Run
-------------------------------------------  -----  ---------  --------  ----------  --------------  -------------------
/opt/airflow/dags/example_dag.py                                      1           0  0.10s           2025-12-21T20:57:47
/opt/airflow/dags/purchase_analytics_dag.py                           1           0  0.16s           2025-12-21T20:57:47
/opt/airflow/dags/warehouse_delivery_dag.py                           1           0  0.19s           2025-12-21T20:57:47
================================================================================
[2025-12-21T20:58:42.572+0000] {manager.py:879} INFO - 
================================================================================
DAG File Processing Stats

File Path                                    PID    Runtime      # DAGs    # Errors  Last Runtime    Last Run
-------------------------------------------  -----  ---------  --------  ----------  --------------  -------------------
/opt/airflow/dags/example_dag.py                                      1           0  0.10s           2025-12-21T20:58:18
/opt/airflow/dags/purchase_analytics_dag.py                           1           0  0.26s           2025-12-21T20:58:18
/opt/airflow/dags/warehouse_delivery_dag.py                           1           0  0.30s           2025-12-21T20:58:18
================================================================================
[2025-12-21T20:59:05.290+0000] {manager.py:738} INFO - Searching for files in /opt/airflow/dags
[2025-12-21T20:59:05.302+0000] {manager.py:741} INFO - There are 3 files in /opt/airflow/dags
[2025-12-21T20:59:13.399+0000] {manager.py:879} INFO - 
================================================================================
DAG File Processing Stats

File Path                                    PID    Runtime      # DAGs    # Errors  Last Runtime    Last Run
-------------------------------------------  -----  ---------  --------  ----------  --------------  -------------------
/opt/airflow/dags/example_dag.py                                      1           0  0.12s           2025-12-21T20:58:48
/opt/airflow/dags/purchase_analytics_dag.py                           1           0  0.22s           2025-12-21T20:58:48
/opt/airflow/dags/warehouse_delivery_dag.py                           1           0  0.24s           2025-12-21T20:58:48
================================================================================
[2025-12-21T20:59:44.023+0000] {manager.py:879} INFO - 
================================================================================
DAG File Processing Stats

File Path                                    PID    Runtime      # DAGs    # Errors  Last Runtime    Last Run
-------------------------------------------  -----  ---------  --------  ----------  --------------  -------------------
/opt/airflow/dags/example_dag.py                                      1           0  0.08s           2025-12-21T20:59:19
/opt/airflow/dags/purchase_analytics_dag.py                           1           0  0.22s           2025-12-21T20:59:19
/opt/airflow/dags/warehouse_delivery_dag.py                           1           0  0.25s           2025-12-21T20:59:19
================================================================================
[2025-12-21T21:00:14.864+0000] {manager.py:879} INFO - 
================================================================================
DAG File Processing Stats

File Path                                    PID    Runtime      # DAGs    # Errors  Last Runtime    Last Run
-------------------------------------------  -----  ---------  --------  ----------  --------------  -------------------
/opt/airflow/dags/example_dag.py                                      1           0  0.08s           2025-12-21T20:59:50
/opt/airflow/dags/purchase_analytics_dag.py                           1           0  0.25s           2025-12-21T20:59:50
/opt/airflow/dags/warehouse_delivery_dag.py                           1           0  0.27s           2025-12-21T20:59:50
================================================================================
[2025-12-21T21:00:45.563+0000] {manager.py:879} INFO - 
================================================================================
DAG File Processing Stats

File Path                                    PID    Runtime      # DAGs    # Errors  Last Runtime    Last Run
-------------------------------------------  -----  ---------  --------  ----------  --------------  -------------------
/opt/airflow/dags/example_dag.py                                      1           0  0.08s           2025-12-21T21:00:21
/opt/airflow/dags/purchase_analytics_dag.py                           1           0  0.27s           2025-12-21T21:00:21
/opt/airflow/dags/warehouse_delivery_dag.py                           1           0  0.29s           2025-12-21T21:00:21
================================================================================
[2025-12-21T21:01:16.189+0000] {manager.py:879} INFO - 
================================================================================
DAG File Processing Stats

File Path                                    PID    Runtime      # DAGs    # Errors  Last Runtime    Last Run
-------------------------------------------  -----  ---------  --------  ----------  --------------  -------------------
/opt/airflow/dags/example_dag.py                                      1           0  0.07s           2025-12-21T21:00:51
/opt/airflow/dags/purchase_analytics_dag.py                           1           0  0.22s           2025-12-21T21:00:51
/opt/airflow/dags/warehouse_delivery_dag.py                           1           0  0.25s           2025-12-21T21:00:51
================================================================================
[2025-12-21T21:01:46.722+0000] {manager.py:879} INFO - 
================================================================================
DAG File Processing Stats

File Path                                    PID    Runtime      # DAGs    # Errors  Last Runtime    Last Run
-------------------------------------------  -----  ---------  --------  ----------  --------------  -------------------
/opt/airflow/dags/example_dag.py                                      1           0  0.08s           2025-12-21T21:01:22
/opt/airflow/dags/purchase_analytics_dag.py                           1           0  0.11s           2025-12-21T21:01:22
/opt/airflow/dags/warehouse_delivery_dag.py                           1           0  0.12s           2025-12-21T21:01:22
================================================================================
[2025-12-21T21:02:17.232+0000] {manager.py:879} INFO - 
================================================================================
DAG File Processing Stats

File Path                                    PID    Runtime      # DAGs    # Errors  Last Runtime    Last Run
-------------------------------------------  -----  ---------  --------  ----------  --------------  -------------------
/opt/airflow/dags/example_dag.py                                      1           0  0.11s           2025-12-21T21:01:53
/opt/airflow/dags/purchase_analytics_dag.py                           1           0  0.17s           2025-12-21T21:01:52
/opt/airflow/dags/warehouse_delivery_dag.py                           1           0  0.20s           2025-12-21T21:01:52
================================================================================
[2025-12-21T21:02:48.041+0000] {manager.py:879} INFO - 
================================================================================
DAG File Processing Stats

File Path                                    PID    Runtime      # DAGs    # Errors  Last Runtime    Last Run
-------------------------------------------  -----  ---------  --------  ----------  --------------  -------------------
/opt/airflow/dags/example_dag.py                                      1           0  0.11s           2025-12-21T21:02:23
/opt/airflow/dags/purchase_analytics_dag.py                           1           0  0.21s           2025-12-21T21:02:23
/opt/airflow/dags/warehouse_delivery_dag.py                           1           0  0.25s           2025-12-21T21:02:23
================================================================================
[2025-12-21T21:03:18.397+0000] {manager.py:879} INFO - 
================================================================================
DAG File Processing Stats

File Path                                    PID    Runtime      # DAGs    # Errors  Last Runtime    Last Run
-------------------------------------------  -----  ---------  --------  ----------  --------------  -------------------
/opt/airflow/dags/example_dag.py                                      1           0  0.06s           2025-12-21T21:02:54
/opt/airflow/dags/purchase_analytics_dag.py                           1           0  0.11s           2025-12-21T21:02:54
/opt/airflow/dags/warehouse_delivery_dag.py                           1           0  0.13s           2025-12-21T21:02:54
================================================================================
[2025-12-21T21:03:48.854+0000] {manager.py:879} INFO - 
================================================================================
DAG File Processing Stats

File Path                                    PID    Runtime      # DAGs    # Errors  Last Runtime    Last Run
-------------------------------------------  -----  ---------  --------  ----------  --------------  -------------------
/opt/airflow/dags/example_dag.py                                      1           0  0.06s           2025-12-21T21:03:24
/opt/airflow/dags/purchase_analytics_dag.py                           1           0  0.12s           2025-12-21T21:03:24
/opt/airflow/dags/warehouse_delivery_dag.py                           1           0  0.14s           2025-12-21T21:03:24
================================================================================
[2025-12-21T21:04:05.412+0000] {manager.py:738} INFO - Searching for files in /opt/airflow/dags
[2025-12-21T21:04:05.423+0000] {manager.py:741} INFO - There are 3 files in /opt/airflow/dags
[2025-12-21T21:04:19.573+0000] {manager.py:879} INFO - 
================================================================================
DAG File Processing Stats

File Path                                    PID    Runtime      # DAGs    # Errors  Last Runtime    Last Run
-------------------------------------------  -----  ---------  --------  ----------  --------------  -------------------
/opt/airflow/dags/example_dag.py                                      1           0  0.06s           2025-12-21T21:03:55
/opt/airflow/dags/purchase_analytics_dag.py                           1           0  0.14s           2025-12-21T21:03:55
/opt/airflow/dags/warehouse_delivery_dag.py                           1           0  0.14s           2025-12-21T21:03:55
================================================================================
[2025-12-21T21:04:50.058+0000] {manager.py:879} INFO - 
================================================================================
DAG File Processing Stats

File Path                                    PID    Runtime      # DAGs    # Errors  Last Runtime    Last Run
-------------------------------------------  -----  ---------  --------  ----------  --------------  -------------------
/opt/airflow/dags/example_dag.py                                      1           0  0.06s           2025-12-21T21:04:25
/opt/airflow/dags/purchase_analytics_dag.py                           1           0  0.12s           2025-12-21T21:04:25
/opt/airflow/dags/warehouse_delivery_dag.py                           1           0  0.14s           2025-12-21T21:04:25
================================================================================
[2025-12-21T21:05:20.538+0000] {manager.py:879} INFO - 
================================================================================
DAG File Processing Stats

File Path                                    PID    Runtime      # DAGs    # Errors  Last Runtime    Last Run
-------------------------------------------  -----  ---------  --------  ----------  --------------  -------------------
/opt/airflow/dags/example_dag.py                                      1           0  0.08s           2025-12-21T21:04:56
/opt/airflow/dags/purchase_analytics_dag.py                           1           0  0.11s           2025-12-21T21:04:56
/opt/airflow/dags/warehouse_delivery_dag.py                           1           0  0.14s           2025-12-21T21:04:56
================================================================================
[2025-12-21T21:05:51.087+0000] {manager.py:879} INFO - 
================================================================================
DAG File Processing Stats

File Path                                    PID    Runtime      # DAGs    # Errors  Last Runtime    Last Run
-------------------------------------------  -----  ---------  --------  ----------  --------------  -------------------
/opt/airflow/dags/example_dag.py                                      1           0  0.07s           2025-12-21T21:05:26
/opt/airflow/dags/purchase_analytics_dag.py                           1           0  0.14s           2025-12-21T21:05:26
/opt/airflow/dags/warehouse_delivery_dag.py                           1           0  0.17s           2025-12-21T21:05:26
================================================================================
[2025-12-21T21:06:21.694+0000] {manager.py:879} INFO - 
================================================================================
DAG File Processing Stats

File Path                                    PID    Runtime      # DAGs    # Errors  Last Runtime    Last Run
-------------------------------------------  -----  ---------  --------  ----------  --------------  -------------------
/opt/airflow/dags/example_dag.py                                      1           0  0.18s           2025-12-21T21:05:57
/opt/airflow/dags/purchase_analytics_dag.py                           1           0  0.20s           2025-12-21T21:05:57
/opt/airflow/dags/warehouse_delivery_dag.py                           1           0  0.23s           2025-12-21T21:05:57
================================================================================
[2025-12-21T21:06:52.224+0000] {manager.py:879} INFO - 
================================================================================
DAG File Processing Stats

File Path                                    PID    Runtime      # DAGs    # Errors  Last Runtime    Last Run
-------------------------------------------  -----  ---------  --------  ----------  --------------  -------------------
/opt/airflow/dags/example_dag.py                                      1           0  0.08s           2025-12-21T21:06:27
/opt/airflow/dags/purchase_analytics_dag.py                           1           0  0.13s           2025-12-21T21:06:27
/opt/airflow/dags/warehouse_delivery_dag.py                           1           0  0.14s           2025-12-21T21:06:27
================================================================================
[2025-12-21T21:07:22.769+0000] {manager.py:879} INFO - 
================================================================================
DAG File Processing Stats

File Path                                    PID    Runtime      # DAGs    # Errors  Last Runtime    Last Run
-------------------------------------------  -----  ---------  --------  ----------  --------------  -------------------
/opt/airflow/dags/example_dag.py                                      1           0  0.10s           2025-12-21T21:06:58
/opt/airflow/dags/purchase_analytics_dag.py                           1           0  0.20s           2025-12-21T21:06:58
/opt/airflow/dags/warehouse_delivery_dag.py                           1           0  0.23s           2025-12-21T21:06:58
================================================================================
[2025-12-21T21:07:53.236+0000] {manager.py:879} INFO - 
================================================================================
DAG File Processing Stats

File Path                                    PID    Runtime      # DAGs    # Errors  Last Runtime    Last Run
-------------------------------------------  -----  ---------  --------  ----------  --------------  -------------------
/opt/airflow/dags/example_dag.py                                      1           0  0.07s           2025-12-21T21:07:29
/opt/airflow/dags/purchase_analytics_dag.py                           1           0  0.16s           2025-12-21T21:07:29
/opt/airflow/dags/warehouse_delivery_dag.py                           1           0  0.19s           2025-12-21T21:07:29
================================================================================
[2025-12-21T21:08:00.361+0000] {manager.py:1017} ERROR - Processor for /opt/airflow/dags/warehouse_delivery_dag.py exited with return code 1.
[2025-12-21T21:08:00.595+0000] {manager.py:1017} ERROR - Processor for /opt/airflow/dags/purchase_analytics_dag.py exited with return code 1.
[2025-12-21T21:08:01.516+0000] {manager.py:1017} ERROR - Processor for /opt/airflow/dags/example_dag.py exited with return code 1.
[2025-12-21T21:08:23.558+0000] {manager.py:879} INFO - 
================================================================================
DAG File Processing Stats

File Path                                    PID    Runtime      # DAGs    # Errors  Last Runtime    Last Run
-------------------------------------------  -----  ---------  --------  ----------  --------------  -------------------
/opt/airflow/dags/example_dag.py                                      0          -1  1.15s           2025-12-21T21:08:01
/opt/airflow/dags/purchase_analytics_dag.py                           0          -1  1.26s           2025-12-21T21:08:00
/opt/airflow/dags/warehouse_delivery_dag.py                           0          -1  1.06s           2025-12-21T21:08:00
================================================================================
[2025-12-21T21:08:31.534+0000] {manager.py:1017} ERROR - Processor for /opt/airflow/dags/warehouse_delivery_dag.py exited with return code 1.
[2025-12-21T21:08:31.752+0000] {manager.py:1017} ERROR - Processor for /opt/airflow/dags/purchase_analytics_dag.py exited with return code 1.
[2025-12-21T21:08:32.318+0000] {manager.py:1017} ERROR - Processor for /opt/airflow/dags/example_dag.py exited with return code 1.
[2025-12-21T21:08:53.905+0000] {manager.py:879} INFO - 
================================================================================
DAG File Processing Stats

File Path                                    PID    Runtime      # DAGs    # Errors  Last Runtime    Last Run
-------------------------------------------  -----  ---------  --------  ----------  --------------  -------------------
/opt/airflow/dags/example_dag.py                                      0          -1  0.78s           2025-12-21T21:08:32
/opt/airflow/dags/purchase_analytics_dag.py                           0          -1  0.79s           2025-12-21T21:08:31
/opt/airflow/dags/warehouse_delivery_dag.py                           0          -1  0.61s           2025-12-21T21:08:31
================================================================================
[2025-12-21T21:09:02.502+0000] {manager.py:1017} ERROR - Processor for /opt/airflow/dags/warehouse_delivery_dag.py exited with return code 1.
[2025-12-21T21:09:02.666+0000] {manager.py:1017} ERROR - Processor for /opt/airflow/dags/purchase_analytics_dag.py exited with return code 1.
[2025-12-21T21:09:02.748+0000] {manager.py:1017} ERROR - Processor for /opt/airflow/dags/example_dag.py exited with return code 1.
[2025-12-21T21:09:05.693+0000] {manager.py:738} INFO - Searching for files in /opt/airflow/dags
[2025-12-21T21:09:05.699+0000] {manager.py:741} INFO - There are 3 files in /opt/airflow/dags
