[2025-12-21T15:22:53.218+0000] {processor.py:161} INFO - Started process (PID=33) to work on /opt/airflow/dags/example_dag.py
[2025-12-21T15:22:53.219+0000] {processor.py:830} INFO - Processing file /opt/airflow/dags/example_dag.py for tasks to queue
[2025-12-21T15:22:53.219+0000] {logging_mixin.py:188} INFO - [2025-12-21T15:22:53.219+0000] {dagbag.py:538} INFO - Filling up the DagBag from /opt/airflow/dags/example_dag.py
[2025-12-21T15:22:53.244+0000] {processor.py:840} INFO - DAG(s) 'example_dag' retrieved from /opt/airflow/dags/example_dag.py
[2025-12-21T15:22:53.267+0000] {logging_mixin.py:188} INFO - [2025-12-21T15:22:53.267+0000] {dag.py:3033} INFO - Sync 1 DAGs
[2025-12-21T15:22:53.289+0000] {logging_mixin.py:188} INFO - [2025-12-21T15:22:53.289+0000] {dag.py:3820} INFO - Setting next_dagrun for example_dag to 2025-12-21T00:00:00+00:00, run_after=2025-12-22T00:00:00+00:00
[2025-12-21T15:22:53.307+0000] {processor.py:183} INFO - Processing /opt/airflow/dags/example_dag.py took 0.091 seconds
[2025-12-21T15:23:24.111+0000] {processor.py:161} INFO - Started process (PID=116) to work on /opt/airflow/dags/example_dag.py
[2025-12-21T15:23:24.112+0000] {processor.py:830} INFO - Processing file /opt/airflow/dags/example_dag.py for tasks to queue
[2025-12-21T15:23:24.113+0000] {logging_mixin.py:188} INFO - [2025-12-21T15:23:24.112+0000] {dagbag.py:538} INFO - Filling up the DagBag from /opt/airflow/dags/example_dag.py
[2025-12-21T15:23:24.144+0000] {processor.py:840} INFO - DAG(s) 'example_dag' retrieved from /opt/airflow/dags/example_dag.py
[2025-12-21T15:23:24.252+0000] {logging_mixin.py:188} INFO - [2025-12-21T15:23:24.252+0000] {dag.py:3033} INFO - Sync 1 DAGs
[2025-12-21T15:23:24.265+0000] {logging_mixin.py:188} INFO - [2025-12-21T15:23:24.265+0000] {dag.py:3820} INFO - Setting next_dagrun for example_dag to 2025-12-21T00:00:00+00:00, run_after=2025-12-22T00:00:00+00:00
[2025-12-21T15:23:24.280+0000] {processor.py:183} INFO - Processing /opt/airflow/dags/example_dag.py took 0.173 seconds
[2025-12-21T15:23:54.829+0000] {processor.py:161} INFO - Started process (PID=138) to work on /opt/airflow/dags/example_dag.py
[2025-12-21T15:23:54.829+0000] {processor.py:830} INFO - Processing file /opt/airflow/dags/example_dag.py for tasks to queue
[2025-12-21T15:23:54.830+0000] {logging_mixin.py:188} INFO - [2025-12-21T15:23:54.830+0000] {dagbag.py:538} INFO - Filling up the DagBag from /opt/airflow/dags/example_dag.py
[2025-12-21T15:23:54.840+0000] {processor.py:840} INFO - DAG(s) 'example_dag' retrieved from /opt/airflow/dags/example_dag.py
[2025-12-21T15:23:54.866+0000] {logging_mixin.py:188} INFO - [2025-12-21T15:23:54.865+0000] {dag.py:3033} INFO - Sync 1 DAGs
[2025-12-21T15:23:54.881+0000] {logging_mixin.py:188} INFO - [2025-12-21T15:23:54.880+0000] {dag.py:3820} INFO - Setting next_dagrun for example_dag to 2025-12-21T00:00:00+00:00, run_after=2025-12-22T00:00:00+00:00
[2025-12-21T15:23:54.893+0000] {processor.py:183} INFO - Processing /opt/airflow/dags/example_dag.py took 0.066 seconds
[2025-12-21T15:24:25.584+0000] {processor.py:161} INFO - Started process (PID=148) to work on /opt/airflow/dags/example_dag.py
[2025-12-21T15:24:25.585+0000] {processor.py:830} INFO - Processing file /opt/airflow/dags/example_dag.py for tasks to queue
[2025-12-21T15:24:25.586+0000] {logging_mixin.py:188} INFO - [2025-12-21T15:24:25.585+0000] {dagbag.py:538} INFO - Filling up the DagBag from /opt/airflow/dags/example_dag.py
[2025-12-21T15:24:25.594+0000] {processor.py:840} INFO - DAG(s) 'example_dag' retrieved from /opt/airflow/dags/example_dag.py
[2025-12-21T15:24:25.613+0000] {logging_mixin.py:188} INFO - [2025-12-21T15:24:25.613+0000] {dag.py:3033} INFO - Sync 1 DAGs
[2025-12-21T15:24:25.626+0000] {logging_mixin.py:188} INFO - [2025-12-21T15:24:25.626+0000] {dag.py:3820} INFO - Setting next_dagrun for example_dag to 2025-12-21T00:00:00+00:00, run_after=2025-12-22T00:00:00+00:00
[2025-12-21T15:24:25.637+0000] {processor.py:183} INFO - Processing /opt/airflow/dags/example_dag.py took 0.055 seconds
[2025-12-21T15:24:55.969+0000] {processor.py:161} INFO - Started process (PID=158) to work on /opt/airflow/dags/example_dag.py
[2025-12-21T15:24:55.970+0000] {processor.py:830} INFO - Processing file /opt/airflow/dags/example_dag.py for tasks to queue
[2025-12-21T15:24:55.971+0000] {logging_mixin.py:188} INFO - [2025-12-21T15:24:55.971+0000] {dagbag.py:538} INFO - Filling up the DagBag from /opt/airflow/dags/example_dag.py
[2025-12-21T15:24:55.988+0000] {processor.py:840} INFO - DAG(s) 'example_dag' retrieved from /opt/airflow/dags/example_dag.py
[2025-12-21T15:24:56.023+0000] {logging_mixin.py:188} INFO - [2025-12-21T15:24:56.023+0000] {dag.py:3033} INFO - Sync 1 DAGs
[2025-12-21T15:24:56.043+0000] {logging_mixin.py:188} INFO - [2025-12-21T15:24:56.043+0000] {dag.py:3820} INFO - Setting next_dagrun for example_dag to 2025-12-21T00:00:00+00:00, run_after=2025-12-22T00:00:00+00:00
[2025-12-21T15:24:56.059+0000] {processor.py:183} INFO - Processing /opt/airflow/dags/example_dag.py took 0.093 seconds
[2025-12-21T15:25:26.433+0000] {processor.py:161} INFO - Started process (PID=169) to work on /opt/airflow/dags/example_dag.py
[2025-12-21T15:25:26.435+0000] {processor.py:830} INFO - Processing file /opt/airflow/dags/example_dag.py for tasks to queue
[2025-12-21T15:25:26.436+0000] {logging_mixin.py:188} INFO - [2025-12-21T15:25:26.436+0000] {dagbag.py:538} INFO - Filling up the DagBag from /opt/airflow/dags/example_dag.py
[2025-12-21T15:25:26.449+0000] {processor.py:840} INFO - DAG(s) 'example_dag' retrieved from /opt/airflow/dags/example_dag.py
[2025-12-21T15:25:26.492+0000] {logging_mixin.py:188} INFO - [2025-12-21T15:25:26.492+0000] {dag.py:3033} INFO - Sync 1 DAGs
[2025-12-21T15:25:26.520+0000] {logging_mixin.py:188} INFO - [2025-12-21T15:25:26.520+0000] {dag.py:3820} INFO - Setting next_dagrun for example_dag to 2025-12-21T00:00:00+00:00, run_after=2025-12-22T00:00:00+00:00
[2025-12-21T15:25:26.537+0000] {processor.py:183} INFO - Processing /opt/airflow/dags/example_dag.py took 0.112 seconds
[2025-12-21T15:31:58.133+0000] {processor.py:161} INFO - Started process (PID=32) to work on /opt/airflow/dags/example_dag.py
[2025-12-21T15:31:58.135+0000] {processor.py:830} INFO - Processing file /opt/airflow/dags/example_dag.py for tasks to queue
[2025-12-21T15:31:58.137+0000] {logging_mixin.py:188} INFO - [2025-12-21T15:31:58.136+0000] {dagbag.py:538} INFO - Filling up the DagBag from /opt/airflow/dags/example_dag.py
[2025-12-21T15:31:58.151+0000] {processor.py:840} INFO - DAG(s) 'example_dag' retrieved from /opt/airflow/dags/example_dag.py
[2025-12-21T15:31:58.178+0000] {logging_mixin.py:188} INFO - [2025-12-21T15:31:58.178+0000] {dag.py:3033} INFO - Sync 1 DAGs
[2025-12-21T15:31:58.210+0000] {logging_mixin.py:188} INFO - [2025-12-21T15:31:58.210+0000] {dag.py:3820} INFO - Setting next_dagrun for example_dag to 2025-12-21T00:00:00+00:00, run_after=2025-12-22T00:00:00+00:00
[2025-12-21T15:31:58.228+0000] {processor.py:183} INFO - Processing /opt/airflow/dags/example_dag.py took 0.102 seconds
[2025-12-21T15:32:29.097+0000] {processor.py:161} INFO - Started process (PID=53) to work on /opt/airflow/dags/example_dag.py
[2025-12-21T15:32:29.098+0000] {processor.py:830} INFO - Processing file /opt/airflow/dags/example_dag.py for tasks to queue
[2025-12-21T15:32:29.100+0000] {logging_mixin.py:188} INFO - [2025-12-21T15:32:29.100+0000] {dagbag.py:538} INFO - Filling up the DagBag from /opt/airflow/dags/example_dag.py
[2025-12-21T15:32:29.115+0000] {processor.py:840} INFO - DAG(s) 'example_dag' retrieved from /opt/airflow/dags/example_dag.py
[2025-12-21T15:32:29.211+0000] {logging_mixin.py:188} INFO - [2025-12-21T15:32:29.211+0000] {dag.py:3033} INFO - Sync 1 DAGs
[2025-12-21T15:32:29.232+0000] {logging_mixin.py:188} INFO - [2025-12-21T15:32:29.232+0000] {dag.py:3820} INFO - Setting next_dagrun for example_dag to 2025-12-21T00:00:00+00:00, run_after=2025-12-22T00:00:00+00:00
[2025-12-21T15:32:29.246+0000] {processor.py:183} INFO - Processing /opt/airflow/dags/example_dag.py took 0.152 seconds
[2025-12-21T15:32:59.467+0000] {processor.py:161} INFO - Started process (PID=64) to work on /opt/airflow/dags/example_dag.py
[2025-12-21T15:32:59.468+0000] {processor.py:830} INFO - Processing file /opt/airflow/dags/example_dag.py for tasks to queue
[2025-12-21T15:32:59.469+0000] {logging_mixin.py:188} INFO - [2025-12-21T15:32:59.468+0000] {dagbag.py:538} INFO - Filling up the DagBag from /opt/airflow/dags/example_dag.py
[2025-12-21T15:32:59.478+0000] {processor.py:840} INFO - DAG(s) 'example_dag' retrieved from /opt/airflow/dags/example_dag.py
[2025-12-21T15:32:59.500+0000] {logging_mixin.py:188} INFO - [2025-12-21T15:32:59.500+0000] {dag.py:3033} INFO - Sync 1 DAGs
[2025-12-21T15:32:59.515+0000] {logging_mixin.py:188} INFO - [2025-12-21T15:32:59.514+0000] {dag.py:3820} INFO - Setting next_dagrun for example_dag to 2025-12-21T00:00:00+00:00, run_after=2025-12-22T00:00:00+00:00
[2025-12-21T15:32:59.527+0000] {processor.py:183} INFO - Processing /opt/airflow/dags/example_dag.py took 0.063 seconds
[2025-12-21T15:33:29.952+0000] {processor.py:161} INFO - Started process (PID=86) to work on /opt/airflow/dags/example_dag.py
[2025-12-21T15:33:29.952+0000] {processor.py:830} INFO - Processing file /opt/airflow/dags/example_dag.py for tasks to queue
[2025-12-21T15:33:29.953+0000] {logging_mixin.py:188} INFO - [2025-12-21T15:33:29.953+0000] {dagbag.py:538} INFO - Filling up the DagBag from /opt/airflow/dags/example_dag.py
[2025-12-21T15:33:29.961+0000] {processor.py:840} INFO - DAG(s) 'example_dag' retrieved from /opt/airflow/dags/example_dag.py
[2025-12-21T15:33:29.982+0000] {logging_mixin.py:188} INFO - [2025-12-21T15:33:29.982+0000] {dag.py:3033} INFO - Sync 1 DAGs
[2025-12-21T15:33:29.996+0000] {logging_mixin.py:188} INFO - [2025-12-21T15:33:29.996+0000] {dag.py:3820} INFO - Setting next_dagrun for example_dag to 2025-12-21T00:00:00+00:00, run_after=2025-12-22T00:00:00+00:00
[2025-12-21T15:33:30.009+0000] {processor.py:183} INFO - Processing /opt/airflow/dags/example_dag.py took 0.060 seconds
[2025-12-21T15:34:00.354+0000] {processor.py:161} INFO - Started process (PID=96) to work on /opt/airflow/dags/example_dag.py
[2025-12-21T15:34:00.354+0000] {processor.py:830} INFO - Processing file /opt/airflow/dags/example_dag.py for tasks to queue
[2025-12-21T15:34:00.355+0000] {logging_mixin.py:188} INFO - [2025-12-21T15:34:00.355+0000] {dagbag.py:538} INFO - Filling up the DagBag from /opt/airflow/dags/example_dag.py
[2025-12-21T15:34:00.362+0000] {processor.py:840} INFO - DAG(s) 'example_dag' retrieved from /opt/airflow/dags/example_dag.py
[2025-12-21T15:34:00.386+0000] {logging_mixin.py:188} INFO - [2025-12-21T15:34:00.386+0000] {dag.py:3033} INFO - Sync 1 DAGs
[2025-12-21T15:34:00.408+0000] {logging_mixin.py:188} INFO - [2025-12-21T15:34:00.408+0000] {dag.py:3820} INFO - Setting next_dagrun for example_dag to 2025-12-21T00:00:00+00:00, run_after=2025-12-22T00:00:00+00:00
[2025-12-21T15:34:00.423+0000] {processor.py:183} INFO - Processing /opt/airflow/dags/example_dag.py took 0.071 seconds
[2025-12-21T15:34:30.638+0000] {processor.py:161} INFO - Started process (PID=106) to work on /opt/airflow/dags/example_dag.py
[2025-12-21T15:34:30.639+0000] {processor.py:830} INFO - Processing file /opt/airflow/dags/example_dag.py for tasks to queue
[2025-12-21T15:34:30.640+0000] {logging_mixin.py:188} INFO - [2025-12-21T15:34:30.640+0000] {dagbag.py:538} INFO - Filling up the DagBag from /opt/airflow/dags/example_dag.py
[2025-12-21T15:34:30.648+0000] {processor.py:840} INFO - DAG(s) 'example_dag' retrieved from /opt/airflow/dags/example_dag.py
[2025-12-21T15:34:30.674+0000] {logging_mixin.py:188} INFO - [2025-12-21T15:34:30.674+0000] {dag.py:3033} INFO - Sync 1 DAGs
[2025-12-21T15:34:30.688+0000] {logging_mixin.py:188} INFO - [2025-12-21T15:34:30.688+0000] {dag.py:3820} INFO - Setting next_dagrun for example_dag to 2025-12-21T00:00:00+00:00, run_after=2025-12-22T00:00:00+00:00
[2025-12-21T15:34:30.700+0000] {processor.py:183} INFO - Processing /opt/airflow/dags/example_dag.py took 0.064 seconds
[2025-12-21T15:35:01.123+0000] {processor.py:161} INFO - Started process (PID=116) to work on /opt/airflow/dags/example_dag.py
[2025-12-21T15:35:01.123+0000] {processor.py:830} INFO - Processing file /opt/airflow/dags/example_dag.py for tasks to queue
[2025-12-21T15:35:01.124+0000] {logging_mixin.py:188} INFO - [2025-12-21T15:35:01.124+0000] {dagbag.py:538} INFO - Filling up the DagBag from /opt/airflow/dags/example_dag.py
[2025-12-21T15:35:01.132+0000] {processor.py:840} INFO - DAG(s) 'example_dag' retrieved from /opt/airflow/dags/example_dag.py
[2025-12-21T15:35:01.153+0000] {logging_mixin.py:188} INFO - [2025-12-21T15:35:01.153+0000] {dag.py:3033} INFO - Sync 1 DAGs
[2025-12-21T15:35:01.169+0000] {logging_mixin.py:188} INFO - [2025-12-21T15:35:01.169+0000] {dag.py:3820} INFO - Setting next_dagrun for example_dag to 2025-12-21T00:00:00+00:00, run_after=2025-12-22T00:00:00+00:00
[2025-12-21T15:35:01.181+0000] {processor.py:183} INFO - Processing /opt/airflow/dags/example_dag.py took 0.060 seconds
[2025-12-21T15:35:31.397+0000] {processor.py:161} INFO - Started process (PID=126) to work on /opt/airflow/dags/example_dag.py
[2025-12-21T15:35:31.398+0000] {processor.py:830} INFO - Processing file /opt/airflow/dags/example_dag.py for tasks to queue
[2025-12-21T15:35:31.398+0000] {logging_mixin.py:188} INFO - [2025-12-21T15:35:31.398+0000] {dagbag.py:538} INFO - Filling up the DagBag from /opt/airflow/dags/example_dag.py
[2025-12-21T15:35:31.406+0000] {processor.py:840} INFO - DAG(s) 'example_dag' retrieved from /opt/airflow/dags/example_dag.py
[2025-12-21T15:35:31.431+0000] {logging_mixin.py:188} INFO - [2025-12-21T15:35:31.431+0000] {dag.py:3033} INFO - Sync 1 DAGs
[2025-12-21T15:35:31.462+0000] {logging_mixin.py:188} INFO - [2025-12-21T15:35:31.461+0000] {dag.py:3820} INFO - Setting next_dagrun for example_dag to 2025-12-21T00:00:00+00:00, run_after=2025-12-22T00:00:00+00:00
[2025-12-21T15:35:31.482+0000] {processor.py:183} INFO - Processing /opt/airflow/dags/example_dag.py took 0.088 seconds
[2025-12-21T15:36:01.706+0000] {processor.py:161} INFO - Started process (PID=136) to work on /opt/airflow/dags/example_dag.py
[2025-12-21T15:36:01.707+0000] {processor.py:830} INFO - Processing file /opt/airflow/dags/example_dag.py for tasks to queue
[2025-12-21T15:36:01.708+0000] {logging_mixin.py:188} INFO - [2025-12-21T15:36:01.708+0000] {dagbag.py:538} INFO - Filling up the DagBag from /opt/airflow/dags/example_dag.py
[2025-12-21T15:36:01.718+0000] {processor.py:840} INFO - DAG(s) 'example_dag' retrieved from /opt/airflow/dags/example_dag.py
[2025-12-21T15:36:01.741+0000] {logging_mixin.py:188} INFO - [2025-12-21T15:36:01.741+0000] {dag.py:3033} INFO - Sync 1 DAGs
[2025-12-21T15:36:01.759+0000] {logging_mixin.py:188} INFO - [2025-12-21T15:36:01.759+0000] {dag.py:3820} INFO - Setting next_dagrun for example_dag to 2025-12-21T00:00:00+00:00, run_after=2025-12-22T00:00:00+00:00
[2025-12-21T15:36:01.772+0000] {processor.py:183} INFO - Processing /opt/airflow/dags/example_dag.py took 0.068 seconds
[2025-12-21T15:36:32.156+0000] {processor.py:161} INFO - Started process (PID=139) to work on /opt/airflow/dags/example_dag.py
[2025-12-21T15:36:32.157+0000] {processor.py:830} INFO - Processing file /opt/airflow/dags/example_dag.py for tasks to queue
[2025-12-21T15:36:32.158+0000] {logging_mixin.py:188} INFO - [2025-12-21T15:36:32.157+0000] {dagbag.py:538} INFO - Filling up the DagBag from /opt/airflow/dags/example_dag.py
[2025-12-21T15:36:32.165+0000] {processor.py:840} INFO - DAG(s) 'example_dag' retrieved from /opt/airflow/dags/example_dag.py
[2025-12-21T15:36:32.185+0000] {logging_mixin.py:188} INFO - [2025-12-21T15:36:32.185+0000] {dag.py:3033} INFO - Sync 1 DAGs
[2025-12-21T15:36:32.200+0000] {logging_mixin.py:188} INFO - [2025-12-21T15:36:32.200+0000] {dag.py:3820} INFO - Setting next_dagrun for example_dag to 2025-12-21T00:00:00+00:00, run_after=2025-12-22T00:00:00+00:00
[2025-12-21T15:36:32.213+0000] {processor.py:183} INFO - Processing /opt/airflow/dags/example_dag.py took 0.059 seconds
[2025-12-21T15:37:02.477+0000] {processor.py:161} INFO - Started process (PID=149) to work on /opt/airflow/dags/example_dag.py
[2025-12-21T15:37:02.478+0000] {processor.py:830} INFO - Processing file /opt/airflow/dags/example_dag.py for tasks to queue
[2025-12-21T15:37:02.479+0000] {logging_mixin.py:188} INFO - [2025-12-21T15:37:02.479+0000] {dagbag.py:538} INFO - Filling up the DagBag from /opt/airflow/dags/example_dag.py
[2025-12-21T15:37:02.489+0000] {processor.py:840} INFO - DAG(s) 'example_dag' retrieved from /opt/airflow/dags/example_dag.py
[2025-12-21T15:37:02.511+0000] {logging_mixin.py:188} INFO - [2025-12-21T15:37:02.511+0000] {dag.py:3033} INFO - Sync 1 DAGs
[2025-12-21T15:37:02.525+0000] {logging_mixin.py:188} INFO - [2025-12-21T15:37:02.525+0000] {dag.py:3820} INFO - Setting next_dagrun for example_dag to 2025-12-21T00:00:00+00:00, run_after=2025-12-22T00:00:00+00:00
[2025-12-21T15:37:02.537+0000] {processor.py:183} INFO - Processing /opt/airflow/dags/example_dag.py took 0.062 seconds
[2025-12-21T15:37:32.990+0000] {processor.py:161} INFO - Started process (PID=159) to work on /opt/airflow/dags/example_dag.py
[2025-12-21T15:37:32.990+0000] {processor.py:830} INFO - Processing file /opt/airflow/dags/example_dag.py for tasks to queue
[2025-12-21T15:37:32.991+0000] {logging_mixin.py:188} INFO - [2025-12-21T15:37:32.991+0000] {dagbag.py:538} INFO - Filling up the DagBag from /opt/airflow/dags/example_dag.py
[2025-12-21T15:37:33.001+0000] {processor.py:840} INFO - DAG(s) 'example_dag' retrieved from /opt/airflow/dags/example_dag.py
[2025-12-21T15:37:33.023+0000] {logging_mixin.py:188} INFO - [2025-12-21T15:37:33.023+0000] {dag.py:3033} INFO - Sync 1 DAGs
[2025-12-21T15:37:33.056+0000] {logging_mixin.py:188} INFO - [2025-12-21T15:37:33.056+0000] {dag.py:3820} INFO - Setting next_dagrun for example_dag to 2025-12-21T00:00:00+00:00, run_after=2025-12-22T00:00:00+00:00
[2025-12-21T15:37:33.071+0000] {processor.py:183} INFO - Processing /opt/airflow/dags/example_dag.py took 0.084 seconds
[2025-12-21T15:38:03.663+0000] {processor.py:161} INFO - Started process (PID=169) to work on /opt/airflow/dags/example_dag.py
[2025-12-21T15:38:03.664+0000] {processor.py:830} INFO - Processing file /opt/airflow/dags/example_dag.py for tasks to queue
[2025-12-21T15:38:03.665+0000] {logging_mixin.py:188} INFO - [2025-12-21T15:38:03.665+0000] {dagbag.py:538} INFO - Filling up the DagBag from /opt/airflow/dags/example_dag.py
[2025-12-21T15:38:03.676+0000] {processor.py:840} INFO - DAG(s) 'example_dag' retrieved from /opt/airflow/dags/example_dag.py
[2025-12-21T15:38:03.708+0000] {logging_mixin.py:188} INFO - [2025-12-21T15:38:03.708+0000] {dag.py:3033} INFO - Sync 1 DAGs
[2025-12-21T15:38:03.725+0000] {logging_mixin.py:188} INFO - [2025-12-21T15:38:03.725+0000] {dag.py:3820} INFO - Setting next_dagrun for example_dag to 2025-12-21T00:00:00+00:00, run_after=2025-12-22T00:00:00+00:00
[2025-12-21T15:38:03.744+0000] {processor.py:183} INFO - Processing /opt/airflow/dags/example_dag.py took 0.084 seconds
[2025-12-21T15:38:34.111+0000] {processor.py:161} INFO - Started process (PID=179) to work on /opt/airflow/dags/example_dag.py
[2025-12-21T15:38:34.111+0000] {processor.py:830} INFO - Processing file /opt/airflow/dags/example_dag.py for tasks to queue
[2025-12-21T15:38:34.112+0000] {logging_mixin.py:188} INFO - [2025-12-21T15:38:34.112+0000] {dagbag.py:538} INFO - Filling up the DagBag from /opt/airflow/dags/example_dag.py
[2025-12-21T15:38:34.119+0000] {processor.py:840} INFO - DAG(s) 'example_dag' retrieved from /opt/airflow/dags/example_dag.py
[2025-12-21T15:38:34.144+0000] {logging_mixin.py:188} INFO - [2025-12-21T15:38:34.144+0000] {dag.py:3033} INFO - Sync 1 DAGs
[2025-12-21T15:38:34.159+0000] {logging_mixin.py:188} INFO - [2025-12-21T15:38:34.159+0000] {dag.py:3820} INFO - Setting next_dagrun for example_dag to 2025-12-21T00:00:00+00:00, run_after=2025-12-22T00:00:00+00:00
[2025-12-21T15:38:34.168+0000] {processor.py:183} INFO - Processing /opt/airflow/dags/example_dag.py took 0.060 seconds
[2025-12-21T15:39:04.598+0000] {processor.py:161} INFO - Started process (PID=189) to work on /opt/airflow/dags/example_dag.py
[2025-12-21T15:39:04.600+0000] {processor.py:830} INFO - Processing file /opt/airflow/dags/example_dag.py for tasks to queue
[2025-12-21T15:39:04.601+0000] {logging_mixin.py:188} INFO - [2025-12-21T15:39:04.601+0000] {dagbag.py:538} INFO - Filling up the DagBag from /opt/airflow/dags/example_dag.py
[2025-12-21T15:39:04.616+0000] {processor.py:840} INFO - DAG(s) 'example_dag' retrieved from /opt/airflow/dags/example_dag.py
[2025-12-21T15:39:04.645+0000] {logging_mixin.py:188} INFO - [2025-12-21T15:39:04.645+0000] {dag.py:3033} INFO - Sync 1 DAGs
[2025-12-21T15:39:04.667+0000] {logging_mixin.py:188} INFO - [2025-12-21T15:39:04.667+0000] {dag.py:3820} INFO - Setting next_dagrun for example_dag to 2025-12-21T00:00:00+00:00, run_after=2025-12-22T00:00:00+00:00
[2025-12-21T15:39:04.681+0000] {processor.py:183} INFO - Processing /opt/airflow/dags/example_dag.py took 0.101 seconds
[2025-12-21T15:45:26.626+0000] {processor.py:161} INFO - Started process (PID=32) to work on /opt/airflow/dags/example_dag.py
[2025-12-21T15:45:26.627+0000] {processor.py:830} INFO - Processing file /opt/airflow/dags/example_dag.py for tasks to queue
[2025-12-21T15:45:26.627+0000] {logging_mixin.py:188} INFO - [2025-12-21T15:45:26.627+0000] {dagbag.py:538} INFO - Filling up the DagBag from /opt/airflow/dags/example_dag.py
[2025-12-21T15:45:26.635+0000] {processor.py:840} INFO - DAG(s) 'example_dag' retrieved from /opt/airflow/dags/example_dag.py
[2025-12-21T15:45:26.650+0000] {logging_mixin.py:188} INFO - [2025-12-21T15:45:26.650+0000] {dag.py:3033} INFO - Sync 1 DAGs
[2025-12-21T15:45:26.664+0000] {logging_mixin.py:188} INFO - [2025-12-21T15:45:26.663+0000] {dag.py:3820} INFO - Setting next_dagrun for example_dag to 2025-12-20T00:00:00+00:00, run_after=2025-12-21T00:00:00+00:00
[2025-12-21T15:45:26.677+0000] {processor.py:183} INFO - Processing /opt/airflow/dags/example_dag.py took 0.054 seconds
[2025-12-21T15:45:57.082+0000] {processor.py:161} INFO - Started process (PID=42) to work on /opt/airflow/dags/example_dag.py
[2025-12-21T15:45:57.083+0000] {processor.py:830} INFO - Processing file /opt/airflow/dags/example_dag.py for tasks to queue
[2025-12-21T15:45:57.084+0000] {logging_mixin.py:188} INFO - [2025-12-21T15:45:57.084+0000] {dagbag.py:538} INFO - Filling up the DagBag from /opt/airflow/dags/example_dag.py
[2025-12-21T15:45:57.091+0000] {processor.py:840} INFO - DAG(s) 'example_dag' retrieved from /opt/airflow/dags/example_dag.py
[2025-12-21T15:45:57.154+0000] {logging_mixin.py:188} INFO - [2025-12-21T15:45:57.154+0000] {dag.py:3033} INFO - Sync 1 DAGs
[2025-12-21T15:45:57.166+0000] {logging_mixin.py:188} INFO - [2025-12-21T15:45:57.166+0000] {dag.py:3820} INFO - Setting next_dagrun for example_dag to 2025-12-20T00:00:00+00:00, run_after=2025-12-21T00:00:00+00:00
[2025-12-21T15:45:57.190+0000] {processor.py:183} INFO - Processing /opt/airflow/dags/example_dag.py took 0.109 seconds
[2025-12-21T15:46:27.463+0000] {processor.py:161} INFO - Started process (PID=52) to work on /opt/airflow/dags/example_dag.py
[2025-12-21T15:46:27.465+0000] {processor.py:830} INFO - Processing file /opt/airflow/dags/example_dag.py for tasks to queue
[2025-12-21T15:46:27.466+0000] {logging_mixin.py:188} INFO - [2025-12-21T15:46:27.465+0000] {dagbag.py:538} INFO - Filling up the DagBag from /opt/airflow/dags/example_dag.py
[2025-12-21T15:46:27.477+0000] {processor.py:840} INFO - DAG(s) 'example_dag' retrieved from /opt/airflow/dags/example_dag.py
[2025-12-21T15:46:27.508+0000] {logging_mixin.py:188} INFO - [2025-12-21T15:46:27.507+0000] {dag.py:3033} INFO - Sync 1 DAGs
[2025-12-21T15:46:27.528+0000] {logging_mixin.py:188} INFO - [2025-12-21T15:46:27.528+0000] {dag.py:3820} INFO - Setting next_dagrun for example_dag to 2025-12-20T00:00:00+00:00, run_after=2025-12-21T00:00:00+00:00
[2025-12-21T15:46:27.542+0000] {processor.py:183} INFO - Processing /opt/airflow/dags/example_dag.py took 0.085 seconds
[2025-12-21T15:46:57.934+0000] {processor.py:161} INFO - Started process (PID=62) to work on /opt/airflow/dags/example_dag.py
[2025-12-21T15:46:57.935+0000] {processor.py:830} INFO - Processing file /opt/airflow/dags/example_dag.py for tasks to queue
[2025-12-21T15:46:57.936+0000] {logging_mixin.py:188} INFO - [2025-12-21T15:46:57.936+0000] {dagbag.py:538} INFO - Filling up the DagBag from /opt/airflow/dags/example_dag.py
[2025-12-21T15:46:57.945+0000] {processor.py:840} INFO - DAG(s) 'example_dag' retrieved from /opt/airflow/dags/example_dag.py
[2025-12-21T15:46:57.971+0000] {logging_mixin.py:188} INFO - [2025-12-21T15:46:57.970+0000] {dag.py:3033} INFO - Sync 1 DAGs
[2025-12-21T15:46:57.986+0000] {logging_mixin.py:188} INFO - [2025-12-21T15:46:57.986+0000] {dag.py:3820} INFO - Setting next_dagrun for example_dag to 2025-12-20T00:00:00+00:00, run_after=2025-12-21T00:00:00+00:00
[2025-12-21T15:46:57.999+0000] {processor.py:183} INFO - Processing /opt/airflow/dags/example_dag.py took 0.075 seconds
[2025-12-21T15:47:28.331+0000] {processor.py:161} INFO - Started process (PID=84) to work on /opt/airflow/dags/example_dag.py
[2025-12-21T15:47:28.332+0000] {processor.py:830} INFO - Processing file /opt/airflow/dags/example_dag.py for tasks to queue
[2025-12-21T15:47:28.333+0000] {logging_mixin.py:188} INFO - [2025-12-21T15:47:28.333+0000] {dagbag.py:538} INFO - Filling up the DagBag from /opt/airflow/dags/example_dag.py
[2025-12-21T15:47:28.343+0000] {processor.py:840} INFO - DAG(s) 'example_dag' retrieved from /opt/airflow/dags/example_dag.py
[2025-12-21T15:47:28.370+0000] {logging_mixin.py:188} INFO - [2025-12-21T15:47:28.370+0000] {dag.py:3033} INFO - Sync 1 DAGs
[2025-12-21T15:47:28.396+0000] {logging_mixin.py:188} INFO - [2025-12-21T15:47:28.396+0000] {dag.py:3820} INFO - Setting next_dagrun for example_dag to 2025-12-20T00:00:00+00:00, run_after=2025-12-21T00:00:00+00:00
[2025-12-21T15:47:28.411+0000] {processor.py:183} INFO - Processing /opt/airflow/dags/example_dag.py took 0.083 seconds
[2025-12-21T15:47:58.743+0000] {processor.py:161} INFO - Started process (PID=130) to work on /opt/airflow/dags/example_dag.py
[2025-12-21T15:47:58.744+0000] {processor.py:830} INFO - Processing file /opt/airflow/dags/example_dag.py for tasks to queue
[2025-12-21T15:47:58.745+0000] {logging_mixin.py:188} INFO - [2025-12-21T15:47:58.745+0000] {dagbag.py:538} INFO - Filling up the DagBag from /opt/airflow/dags/example_dag.py
[2025-12-21T15:47:58.763+0000] {processor.py:840} INFO - DAG(s) 'example_dag' retrieved from /opt/airflow/dags/example_dag.py
[2025-12-21T15:47:58.794+0000] {logging_mixin.py:188} INFO - [2025-12-21T15:47:58.794+0000] {dag.py:3033} INFO - Sync 1 DAGs
[2025-12-21T15:47:58.809+0000] {logging_mixin.py:188} INFO - [2025-12-21T15:47:58.809+0000] {dag.py:3820} INFO - Setting next_dagrun for example_dag to 2025-12-20T00:00:00+00:00, run_after=2025-12-21T00:00:00+00:00
[2025-12-21T15:47:58.822+0000] {processor.py:183} INFO - Processing /opt/airflow/dags/example_dag.py took 0.081 seconds
[2025-12-21T15:48:29.100+0000] {processor.py:161} INFO - Started process (PID=139) to work on /opt/airflow/dags/example_dag.py
[2025-12-21T15:48:29.100+0000] {processor.py:830} INFO - Processing file /opt/airflow/dags/example_dag.py for tasks to queue
[2025-12-21T15:48:29.101+0000] {logging_mixin.py:188} INFO - [2025-12-21T15:48:29.101+0000] {dagbag.py:538} INFO - Filling up the DagBag from /opt/airflow/dags/example_dag.py
[2025-12-21T15:48:29.110+0000] {processor.py:840} INFO - DAG(s) 'example_dag' retrieved from /opt/airflow/dags/example_dag.py
[2025-12-21T15:48:29.140+0000] {logging_mixin.py:188} INFO - [2025-12-21T15:48:29.140+0000] {dag.py:3033} INFO - Sync 1 DAGs
[2025-12-21T15:48:29.158+0000] {logging_mixin.py:188} INFO - [2025-12-21T15:48:29.158+0000] {dag.py:3820} INFO - Setting next_dagrun for example_dag to 2025-12-20T00:00:00+00:00, run_after=2025-12-21T00:00:00+00:00
[2025-12-21T15:48:29.174+0000] {processor.py:183} INFO - Processing /opt/airflow/dags/example_dag.py took 0.077 seconds
[2025-12-21T15:48:59.587+0000] {processor.py:161} INFO - Started process (PID=143) to work on /opt/airflow/dags/example_dag.py
[2025-12-21T15:48:59.589+0000] {processor.py:830} INFO - Processing file /opt/airflow/dags/example_dag.py for tasks to queue
[2025-12-21T15:48:59.591+0000] {logging_mixin.py:188} INFO - [2025-12-21T15:48:59.590+0000] {dagbag.py:538} INFO - Filling up the DagBag from /opt/airflow/dags/example_dag.py
[2025-12-21T15:48:59.608+0000] {processor.py:840} INFO - DAG(s) 'example_dag' retrieved from /opt/airflow/dags/example_dag.py
[2025-12-21T15:48:59.644+0000] {logging_mixin.py:188} INFO - [2025-12-21T15:48:59.644+0000] {dag.py:3033} INFO - Sync 1 DAGs
[2025-12-21T15:48:59.665+0000] {logging_mixin.py:188} INFO - [2025-12-21T15:48:59.664+0000] {dag.py:3820} INFO - Setting next_dagrun for example_dag to 2025-12-20T00:00:00+00:00, run_after=2025-12-21T00:00:00+00:00
[2025-12-21T15:48:59.678+0000] {processor.py:183} INFO - Processing /opt/airflow/dags/example_dag.py took 0.101 seconds
[2025-12-21T15:49:29.924+0000] {processor.py:161} INFO - Started process (PID=154) to work on /opt/airflow/dags/example_dag.py
[2025-12-21T15:49:29.925+0000] {processor.py:830} INFO - Processing file /opt/airflow/dags/example_dag.py for tasks to queue
[2025-12-21T15:49:29.926+0000] {logging_mixin.py:188} INFO - [2025-12-21T15:49:29.926+0000] {dagbag.py:538} INFO - Filling up the DagBag from /opt/airflow/dags/example_dag.py
[2025-12-21T15:49:29.934+0000] {processor.py:840} INFO - DAG(s) 'example_dag' retrieved from /opt/airflow/dags/example_dag.py
[2025-12-21T15:49:29.966+0000] {logging_mixin.py:188} INFO - [2025-12-21T15:49:29.965+0000] {dag.py:3033} INFO - Sync 1 DAGs
[2025-12-21T15:49:29.986+0000] {logging_mixin.py:188} INFO - [2025-12-21T15:49:29.986+0000] {dag.py:3820} INFO - Setting next_dagrun for example_dag to 2025-12-20T00:00:00+00:00, run_after=2025-12-21T00:00:00+00:00
[2025-12-21T15:49:30.000+0000] {processor.py:183} INFO - Processing /opt/airflow/dags/example_dag.py took 0.079 seconds
[2025-12-21T15:50:00.575+0000] {processor.py:161} INFO - Started process (PID=164) to work on /opt/airflow/dags/example_dag.py
[2025-12-21T15:50:00.577+0000] {processor.py:830} INFO - Processing file /opt/airflow/dags/example_dag.py for tasks to queue
[2025-12-21T15:50:00.578+0000] {logging_mixin.py:188} INFO - [2025-12-21T15:50:00.578+0000] {dagbag.py:538} INFO - Filling up the DagBag from /opt/airflow/dags/example_dag.py
[2025-12-21T15:50:00.588+0000] {processor.py:840} INFO - DAG(s) 'example_dag' retrieved from /opt/airflow/dags/example_dag.py
[2025-12-21T15:50:00.613+0000] {logging_mixin.py:188} INFO - [2025-12-21T15:50:00.613+0000] {dag.py:3033} INFO - Sync 1 DAGs
[2025-12-21T15:50:00.631+0000] {logging_mixin.py:188} INFO - [2025-12-21T15:50:00.631+0000] {dag.py:3820} INFO - Setting next_dagrun for example_dag to 2025-12-20T00:00:00+00:00, run_after=2025-12-21T00:00:00+00:00
[2025-12-21T15:50:00.646+0000] {processor.py:183} INFO - Processing /opt/airflow/dags/example_dag.py took 0.079 seconds
[2025-12-21T15:50:31.363+0000] {processor.py:161} INFO - Started process (PID=174) to work on /opt/airflow/dags/example_dag.py
[2025-12-21T15:50:31.364+0000] {processor.py:830} INFO - Processing file /opt/airflow/dags/example_dag.py for tasks to queue
[2025-12-21T15:50:31.365+0000] {logging_mixin.py:188} INFO - [2025-12-21T15:50:31.365+0000] {dagbag.py:538} INFO - Filling up the DagBag from /opt/airflow/dags/example_dag.py
[2025-12-21T15:50:31.373+0000] {processor.py:840} INFO - DAG(s) 'example_dag' retrieved from /opt/airflow/dags/example_dag.py
[2025-12-21T15:50:31.394+0000] {logging_mixin.py:188} INFO - [2025-12-21T15:50:31.394+0000] {dag.py:3033} INFO - Sync 1 DAGs
[2025-12-21T15:50:31.409+0000] {logging_mixin.py:188} INFO - [2025-12-21T15:50:31.409+0000] {dag.py:3820} INFO - Setting next_dagrun for example_dag to 2025-12-20T00:00:00+00:00, run_after=2025-12-21T00:00:00+00:00
[2025-12-21T15:50:31.424+0000] {processor.py:183} INFO - Processing /opt/airflow/dags/example_dag.py took 0.063 seconds
[2025-12-21T15:56:36.697+0000] {processor.py:161} INFO - Started process (PID=32) to work on /opt/airflow/dags/example_dag.py
[2025-12-21T15:56:36.698+0000] {processor.py:830} INFO - Processing file /opt/airflow/dags/example_dag.py for tasks to queue
[2025-12-21T15:56:36.699+0000] {logging_mixin.py:188} INFO - [2025-12-21T15:56:36.699+0000] {dagbag.py:538} INFO - Filling up the DagBag from /opt/airflow/dags/example_dag.py
[2025-12-21T15:56:36.710+0000] {processor.py:840} INFO - DAG(s) 'example_dag' retrieved from /opt/airflow/dags/example_dag.py
[2025-12-21T15:56:36.726+0000] {logging_mixin.py:188} INFO - [2025-12-21T15:56:36.726+0000] {dag.py:3033} INFO - Sync 1 DAGs
[2025-12-21T15:56:36.740+0000] {logging_mixin.py:188} INFO - [2025-12-21T15:56:36.740+0000] {dag.py:3820} INFO - Setting next_dagrun for example_dag to 2025-12-20T00:00:00+00:00, run_after=2025-12-21T00:00:00+00:00
[2025-12-21T15:56:36.753+0000] {processor.py:183} INFO - Processing /opt/airflow/dags/example_dag.py took 0.058 seconds
[2025-12-21T15:57:07.459+0000] {processor.py:161} INFO - Started process (PID=42) to work on /opt/airflow/dags/example_dag.py
[2025-12-21T15:57:07.462+0000] {processor.py:830} INFO - Processing file /opt/airflow/dags/example_dag.py for tasks to queue
[2025-12-21T15:57:07.464+0000] {logging_mixin.py:188} INFO - [2025-12-21T15:57:07.464+0000] {dagbag.py:538} INFO - Filling up the DagBag from /opt/airflow/dags/example_dag.py
[2025-12-21T15:57:07.490+0000] {processor.py:840} INFO - DAG(s) 'example_dag' retrieved from /opt/airflow/dags/example_dag.py
[2025-12-21T15:57:07.623+0000] {logging_mixin.py:188} INFO - [2025-12-21T15:57:07.623+0000] {dag.py:3033} INFO - Sync 1 DAGs
[2025-12-21T15:57:07.642+0000] {logging_mixin.py:188} INFO - [2025-12-21T15:57:07.642+0000] {dag.py:3820} INFO - Setting next_dagrun for example_dag to 2025-12-20T00:00:00+00:00, run_after=2025-12-21T00:00:00+00:00
[2025-12-21T15:57:07.658+0000] {processor.py:183} INFO - Processing /opt/airflow/dags/example_dag.py took 0.209 seconds
[2025-12-21T15:57:37.764+0000] {processor.py:161} INFO - Started process (PID=78) to work on /opt/airflow/dags/example_dag.py
[2025-12-21T15:57:37.765+0000] {processor.py:830} INFO - Processing file /opt/airflow/dags/example_dag.py for tasks to queue
[2025-12-21T15:57:37.766+0000] {logging_mixin.py:188} INFO - [2025-12-21T15:57:37.765+0000] {dagbag.py:538} INFO - Filling up the DagBag from /opt/airflow/dags/example_dag.py
[2025-12-21T15:57:37.783+0000] {processor.py:840} INFO - DAG(s) 'example_dag' retrieved from /opt/airflow/dags/example_dag.py
[2025-12-21T15:57:37.813+0000] {logging_mixin.py:188} INFO - [2025-12-21T15:57:37.812+0000] {dag.py:3033} INFO - Sync 1 DAGs
[2025-12-21T15:57:37.833+0000] {logging_mixin.py:188} INFO - [2025-12-21T15:57:37.833+0000] {dag.py:3820} INFO - Setting next_dagrun for example_dag to 2025-12-20T00:00:00+00:00, run_after=2025-12-21T00:00:00+00:00
[2025-12-21T15:57:37.848+0000] {processor.py:183} INFO - Processing /opt/airflow/dags/example_dag.py took 0.086 seconds
[2025-12-21T15:58:08.065+0000] {processor.py:161} INFO - Started process (PID=110) to work on /opt/airflow/dags/example_dag.py
[2025-12-21T15:58:08.067+0000] {processor.py:830} INFO - Processing file /opt/airflow/dags/example_dag.py for tasks to queue
[2025-12-21T15:58:08.069+0000] {logging_mixin.py:188} INFO - [2025-12-21T15:58:08.069+0000] {dagbag.py:538} INFO - Filling up the DagBag from /opt/airflow/dags/example_dag.py
[2025-12-21T15:58:08.085+0000] {processor.py:840} INFO - DAG(s) 'example_dag' retrieved from /opt/airflow/dags/example_dag.py
[2025-12-21T15:58:08.148+0000] {logging_mixin.py:188} INFO - [2025-12-21T15:58:08.148+0000] {dag.py:3033} INFO - Sync 1 DAGs
[2025-12-21T15:58:08.167+0000] {logging_mixin.py:188} INFO - [2025-12-21T15:58:08.167+0000] {dag.py:3820} INFO - Setting next_dagrun for example_dag to 2025-12-20T00:00:00+00:00, run_after=2025-12-21T00:00:00+00:00
[2025-12-21T15:58:08.185+0000] {processor.py:183} INFO - Processing /opt/airflow/dags/example_dag.py took 0.124 seconds
[2025-12-21T15:58:38.723+0000] {processor.py:161} INFO - Started process (PID=121) to work on /opt/airflow/dags/example_dag.py
[2025-12-21T15:58:38.724+0000] {processor.py:830} INFO - Processing file /opt/airflow/dags/example_dag.py for tasks to queue
[2025-12-21T15:58:38.724+0000] {logging_mixin.py:188} INFO - [2025-12-21T15:58:38.724+0000] {dagbag.py:538} INFO - Filling up the DagBag from /opt/airflow/dags/example_dag.py
[2025-12-21T15:58:38.733+0000] {processor.py:840} INFO - DAG(s) 'example_dag' retrieved from /opt/airflow/dags/example_dag.py
[2025-12-21T15:58:38.768+0000] {logging_mixin.py:188} INFO - [2025-12-21T15:58:38.768+0000] {dag.py:3033} INFO - Sync 1 DAGs
[2025-12-21T15:58:38.802+0000] {logging_mixin.py:188} INFO - [2025-12-21T15:58:38.802+0000] {dag.py:3820} INFO - Setting next_dagrun for example_dag to 2025-12-20T00:00:00+00:00, run_after=2025-12-21T00:00:00+00:00
[2025-12-21T15:58:38.816+0000] {processor.py:183} INFO - Processing /opt/airflow/dags/example_dag.py took 0.095 seconds
[2025-12-21T16:05:06.262+0000] {processor.py:161} INFO - Started process (PID=32) to work on /opt/airflow/dags/example_dag.py
[2025-12-21T16:05:06.263+0000] {processor.py:830} INFO - Processing file /opt/airflow/dags/example_dag.py for tasks to queue
[2025-12-21T16:05:06.264+0000] {logging_mixin.py:188} INFO - [2025-12-21T16:05:06.264+0000] {dagbag.py:538} INFO - Filling up the DagBag from /opt/airflow/dags/example_dag.py
[2025-12-21T16:05:06.275+0000] {processor.py:840} INFO - DAG(s) 'example_dag' retrieved from /opt/airflow/dags/example_dag.py
[2025-12-21T16:05:06.289+0000] {logging_mixin.py:188} INFO - [2025-12-21T16:05:06.288+0000] {dag.py:3033} INFO - Sync 1 DAGs
[2025-12-21T16:05:06.306+0000] {logging_mixin.py:188} INFO - [2025-12-21T16:05:06.306+0000] {dag.py:3820} INFO - Setting next_dagrun for example_dag to 2025-12-20T00:00:00+00:00, run_after=2025-12-21T00:00:00+00:00
[2025-12-21T16:05:06.326+0000] {processor.py:183} INFO - Processing /opt/airflow/dags/example_dag.py took 0.066 seconds
[2025-12-21T16:05:36.788+0000] {processor.py:161} INFO - Started process (PID=42) to work on /opt/airflow/dags/example_dag.py
[2025-12-21T16:05:36.791+0000] {processor.py:830} INFO - Processing file /opt/airflow/dags/example_dag.py for tasks to queue
[2025-12-21T16:05:36.792+0000] {logging_mixin.py:188} INFO - [2025-12-21T16:05:36.792+0000] {dagbag.py:538} INFO - Filling up the DagBag from /opt/airflow/dags/example_dag.py
[2025-12-21T16:05:36.806+0000] {processor.py:840} INFO - DAG(s) 'example_dag' retrieved from /opt/airflow/dags/example_dag.py
[2025-12-21T16:05:36.887+0000] {logging_mixin.py:188} INFO - [2025-12-21T16:05:36.887+0000] {dag.py:3033} INFO - Sync 1 DAGs
[2025-12-21T16:05:36.899+0000] {logging_mixin.py:188} INFO - [2025-12-21T16:05:36.899+0000] {dag.py:3820} INFO - Setting next_dagrun for example_dag to 2025-12-20T00:00:00+00:00, run_after=2025-12-21T00:00:00+00:00
[2025-12-21T16:05:36.913+0000] {processor.py:183} INFO - Processing /opt/airflow/dags/example_dag.py took 0.130 seconds
[2025-12-21T16:06:07.050+0000] {processor.py:161} INFO - Started process (PID=76) to work on /opt/airflow/dags/example_dag.py
[2025-12-21T16:06:07.050+0000] {processor.py:830} INFO - Processing file /opt/airflow/dags/example_dag.py for tasks to queue
[2025-12-21T16:06:07.051+0000] {logging_mixin.py:188} INFO - [2025-12-21T16:06:07.051+0000] {dagbag.py:538} INFO - Filling up the DagBag from /opt/airflow/dags/example_dag.py
[2025-12-21T16:06:07.059+0000] {processor.py:840} INFO - DAG(s) 'example_dag' retrieved from /opt/airflow/dags/example_dag.py
[2025-12-21T16:06:07.083+0000] {logging_mixin.py:188} INFO - [2025-12-21T16:06:07.083+0000] {dag.py:3033} INFO - Sync 1 DAGs
[2025-12-21T16:06:07.098+0000] {logging_mixin.py:188} INFO - [2025-12-21T16:06:07.097+0000] {dag.py:3820} INFO - Setting next_dagrun for example_dag to 2025-12-20T00:00:00+00:00, run_after=2025-12-21T00:00:00+00:00
[2025-12-21T16:06:07.110+0000] {processor.py:183} INFO - Processing /opt/airflow/dags/example_dag.py took 0.063 seconds
[2025-12-21T16:06:37.430+0000] {processor.py:161} INFO - Started process (PID=86) to work on /opt/airflow/dags/example_dag.py
[2025-12-21T16:06:37.431+0000] {processor.py:830} INFO - Processing file /opt/airflow/dags/example_dag.py for tasks to queue
[2025-12-21T16:06:37.432+0000] {logging_mixin.py:188} INFO - [2025-12-21T16:06:37.431+0000] {dagbag.py:538} INFO - Filling up the DagBag from /opt/airflow/dags/example_dag.py
[2025-12-21T16:06:37.442+0000] {processor.py:840} INFO - DAG(s) 'example_dag' retrieved from /opt/airflow/dags/example_dag.py
[2025-12-21T16:06:37.465+0000] {logging_mixin.py:188} INFO - [2025-12-21T16:06:37.465+0000] {dag.py:3033} INFO - Sync 1 DAGs
[2025-12-21T16:06:37.480+0000] {logging_mixin.py:188} INFO - [2025-12-21T16:06:37.480+0000] {dag.py:3820} INFO - Setting next_dagrun for example_dag to 2025-12-20T00:00:00+00:00, run_after=2025-12-21T00:00:00+00:00
[2025-12-21T16:06:37.496+0000] {processor.py:183} INFO - Processing /opt/airflow/dags/example_dag.py took 0.068 seconds
[2025-12-21T16:07:07.699+0000] {processor.py:161} INFO - Started process (PID=96) to work on /opt/airflow/dags/example_dag.py
[2025-12-21T16:07:07.700+0000] {processor.py:830} INFO - Processing file /opt/airflow/dags/example_dag.py for tasks to queue
[2025-12-21T16:07:07.701+0000] {logging_mixin.py:188} INFO - [2025-12-21T16:07:07.701+0000] {dagbag.py:538} INFO - Filling up the DagBag from /opt/airflow/dags/example_dag.py
[2025-12-21T16:07:07.710+0000] {processor.py:840} INFO - DAG(s) 'example_dag' retrieved from /opt/airflow/dags/example_dag.py
[2025-12-21T16:07:07.731+0000] {logging_mixin.py:188} INFO - [2025-12-21T16:07:07.731+0000] {dag.py:3033} INFO - Sync 1 DAGs
[2025-12-21T16:07:07.745+0000] {logging_mixin.py:188} INFO - [2025-12-21T16:07:07.745+0000] {dag.py:3820} INFO - Setting next_dagrun for example_dag to 2025-12-20T00:00:00+00:00, run_after=2025-12-21T00:00:00+00:00
[2025-12-21T16:07:07.759+0000] {processor.py:183} INFO - Processing /opt/airflow/dags/example_dag.py took 0.062 seconds
[2025-12-21T16:07:37.986+0000] {processor.py:161} INFO - Started process (PID=106) to work on /opt/airflow/dags/example_dag.py
[2025-12-21T16:07:37.986+0000] {processor.py:830} INFO - Processing file /opt/airflow/dags/example_dag.py for tasks to queue
[2025-12-21T16:07:37.987+0000] {logging_mixin.py:188} INFO - [2025-12-21T16:07:37.987+0000] {dagbag.py:538} INFO - Filling up the DagBag from /opt/airflow/dags/example_dag.py
[2025-12-21T16:07:37.995+0000] {processor.py:840} INFO - DAG(s) 'example_dag' retrieved from /opt/airflow/dags/example_dag.py
[2025-12-21T16:07:38.013+0000] {logging_mixin.py:188} INFO - [2025-12-21T16:07:38.013+0000] {dag.py:3033} INFO - Sync 1 DAGs
[2025-12-21T16:07:38.030+0000] {logging_mixin.py:188} INFO - [2025-12-21T16:07:38.030+0000] {dag.py:3820} INFO - Setting next_dagrun for example_dag to 2025-12-20T00:00:00+00:00, run_after=2025-12-21T00:00:00+00:00
[2025-12-21T16:07:38.042+0000] {processor.py:183} INFO - Processing /opt/airflow/dags/example_dag.py took 0.059 seconds
[2025-12-21T16:08:08.270+0000] {processor.py:161} INFO - Started process (PID=116) to work on /opt/airflow/dags/example_dag.py
[2025-12-21T16:08:08.271+0000] {processor.py:830} INFO - Processing file /opt/airflow/dags/example_dag.py for tasks to queue
[2025-12-21T16:08:08.272+0000] {logging_mixin.py:188} INFO - [2025-12-21T16:08:08.272+0000] {dagbag.py:538} INFO - Filling up the DagBag from /opt/airflow/dags/example_dag.py
[2025-12-21T16:08:08.279+0000] {processor.py:840} INFO - DAG(s) 'example_dag' retrieved from /opt/airflow/dags/example_dag.py
[2025-12-21T16:08:08.302+0000] {logging_mixin.py:188} INFO - [2025-12-21T16:08:08.302+0000] {dag.py:3033} INFO - Sync 1 DAGs
[2025-12-21T16:08:08.318+0000] {logging_mixin.py:188} INFO - [2025-12-21T16:08:08.317+0000] {dag.py:3820} INFO - Setting next_dagrun for example_dag to 2025-12-20T00:00:00+00:00, run_after=2025-12-21T00:00:00+00:00
[2025-12-21T16:08:08.331+0000] {processor.py:183} INFO - Processing /opt/airflow/dags/example_dag.py took 0.063 seconds
[2025-12-21T16:08:38.696+0000] {processor.py:161} INFO - Started process (PID=125) to work on /opt/airflow/dags/example_dag.py
[2025-12-21T16:08:38.697+0000] {processor.py:830} INFO - Processing file /opt/airflow/dags/example_dag.py for tasks to queue
[2025-12-21T16:08:38.697+0000] {logging_mixin.py:188} INFO - [2025-12-21T16:08:38.697+0000] {dagbag.py:538} INFO - Filling up the DagBag from /opt/airflow/dags/example_dag.py
[2025-12-21T16:08:38.705+0000] {processor.py:840} INFO - DAG(s) 'example_dag' retrieved from /opt/airflow/dags/example_dag.py
[2025-12-21T16:08:38.729+0000] {logging_mixin.py:188} INFO - [2025-12-21T16:08:38.729+0000] {dag.py:3033} INFO - Sync 1 DAGs
[2025-12-21T16:08:38.746+0000] {logging_mixin.py:188} INFO - [2025-12-21T16:08:38.745+0000] {dag.py:3820} INFO - Setting next_dagrun for example_dag to 2025-12-20T00:00:00+00:00, run_after=2025-12-21T00:00:00+00:00
[2025-12-21T16:08:38.758+0000] {processor.py:183} INFO - Processing /opt/airflow/dags/example_dag.py took 0.065 seconds
[2025-12-21T16:09:08.985+0000] {processor.py:161} INFO - Started process (PID=129) to work on /opt/airflow/dags/example_dag.py
[2025-12-21T16:09:08.986+0000] {processor.py:830} INFO - Processing file /opt/airflow/dags/example_dag.py for tasks to queue
[2025-12-21T16:09:08.986+0000] {logging_mixin.py:188} INFO - [2025-12-21T16:09:08.986+0000] {dagbag.py:538} INFO - Filling up the DagBag from /opt/airflow/dags/example_dag.py
[2025-12-21T16:09:08.994+0000] {processor.py:840} INFO - DAG(s) 'example_dag' retrieved from /opt/airflow/dags/example_dag.py
[2025-12-21T16:09:09.016+0000] {logging_mixin.py:188} INFO - [2025-12-21T16:09:09.016+0000] {dag.py:3033} INFO - Sync 1 DAGs
[2025-12-21T16:09:09.030+0000] {logging_mixin.py:188} INFO - [2025-12-21T16:09:09.030+0000] {dag.py:3820} INFO - Setting next_dagrun for example_dag to 2025-12-20T00:00:00+00:00, run_after=2025-12-21T00:00:00+00:00
[2025-12-21T16:09:09.042+0000] {processor.py:183} INFO - Processing /opt/airflow/dags/example_dag.py took 0.059 seconds
[2025-12-21T16:09:39.279+0000] {processor.py:161} INFO - Started process (PID=139) to work on /opt/airflow/dags/example_dag.py
[2025-12-21T16:09:39.280+0000] {processor.py:830} INFO - Processing file /opt/airflow/dags/example_dag.py for tasks to queue
[2025-12-21T16:09:39.281+0000] {logging_mixin.py:188} INFO - [2025-12-21T16:09:39.281+0000] {dagbag.py:538} INFO - Filling up the DagBag from /opt/airflow/dags/example_dag.py
[2025-12-21T16:09:39.293+0000] {processor.py:840} INFO - DAG(s) 'example_dag' retrieved from /opt/airflow/dags/example_dag.py
[2025-12-21T16:09:39.326+0000] {logging_mixin.py:188} INFO - [2025-12-21T16:09:39.325+0000] {dag.py:3033} INFO - Sync 1 DAGs
[2025-12-21T16:09:39.346+0000] {logging_mixin.py:188} INFO - [2025-12-21T16:09:39.346+0000] {dag.py:3820} INFO - Setting next_dagrun for example_dag to 2025-12-20T00:00:00+00:00, run_after=2025-12-21T00:00:00+00:00
[2025-12-21T16:09:39.363+0000] {processor.py:183} INFO - Processing /opt/airflow/dags/example_dag.py took 0.087 seconds
[2025-12-21T16:10:09.758+0000] {processor.py:161} INFO - Started process (PID=149) to work on /opt/airflow/dags/example_dag.py
[2025-12-21T16:10:09.759+0000] {processor.py:830} INFO - Processing file /opt/airflow/dags/example_dag.py for tasks to queue
[2025-12-21T16:10:09.760+0000] {logging_mixin.py:188} INFO - [2025-12-21T16:10:09.760+0000] {dagbag.py:538} INFO - Filling up the DagBag from /opt/airflow/dags/example_dag.py
[2025-12-21T16:10:09.768+0000] {processor.py:840} INFO - DAG(s) 'example_dag' retrieved from /opt/airflow/dags/example_dag.py
[2025-12-21T16:10:09.790+0000] {logging_mixin.py:188} INFO - [2025-12-21T16:10:09.790+0000] {dag.py:3033} INFO - Sync 1 DAGs
[2025-12-21T16:10:09.804+0000] {logging_mixin.py:188} INFO - [2025-12-21T16:10:09.804+0000] {dag.py:3820} INFO - Setting next_dagrun for example_dag to 2025-12-20T00:00:00+00:00, run_after=2025-12-21T00:00:00+00:00
[2025-12-21T16:10:09.817+0000] {processor.py:183} INFO - Processing /opt/airflow/dags/example_dag.py took 0.061 seconds
[2025-12-21T16:10:40.303+0000] {processor.py:161} INFO - Started process (PID=159) to work on /opt/airflow/dags/example_dag.py
[2025-12-21T16:10:40.304+0000] {processor.py:830} INFO - Processing file /opt/airflow/dags/example_dag.py for tasks to queue
[2025-12-21T16:10:40.304+0000] {logging_mixin.py:188} INFO - [2025-12-21T16:10:40.304+0000] {dagbag.py:538} INFO - Filling up the DagBag from /opt/airflow/dags/example_dag.py
[2025-12-21T16:10:40.313+0000] {processor.py:840} INFO - DAG(s) 'example_dag' retrieved from /opt/airflow/dags/example_dag.py
[2025-12-21T16:10:40.336+0000] {logging_mixin.py:188} INFO - [2025-12-21T16:10:40.336+0000] {dag.py:3033} INFO - Sync 1 DAGs
[2025-12-21T16:10:40.351+0000] {logging_mixin.py:188} INFO - [2025-12-21T16:10:40.351+0000] {dag.py:3820} INFO - Setting next_dagrun for example_dag to 2025-12-20T00:00:00+00:00, run_after=2025-12-21T00:00:00+00:00
[2025-12-21T16:10:40.363+0000] {processor.py:183} INFO - Processing /opt/airflow/dags/example_dag.py took 0.062 seconds
[2025-12-21T16:11:10.720+0000] {processor.py:161} INFO - Started process (PID=181) to work on /opt/airflow/dags/example_dag.py
[2025-12-21T16:11:10.723+0000] {processor.py:830} INFO - Processing file /opt/airflow/dags/example_dag.py for tasks to queue
[2025-12-21T16:11:10.724+0000] {logging_mixin.py:188} INFO - [2025-12-21T16:11:10.724+0000] {dagbag.py:538} INFO - Filling up the DagBag from /opt/airflow/dags/example_dag.py
[2025-12-21T16:11:10.731+0000] {processor.py:840} INFO - DAG(s) 'example_dag' retrieved from /opt/airflow/dags/example_dag.py
[2025-12-21T16:11:10.756+0000] {logging_mixin.py:188} INFO - [2025-12-21T16:11:10.755+0000] {dag.py:3033} INFO - Sync 1 DAGs
[2025-12-21T16:11:10.772+0000] {logging_mixin.py:188} INFO - [2025-12-21T16:11:10.772+0000] {dag.py:3820} INFO - Setting next_dagrun for example_dag to 2025-12-20T00:00:00+00:00, run_after=2025-12-21T00:00:00+00:00
[2025-12-21T16:11:10.784+0000] {processor.py:183} INFO - Processing /opt/airflow/dags/example_dag.py took 0.066 seconds
[2025-12-21T16:11:41.209+0000] {processor.py:161} INFO - Started process (PID=191) to work on /opt/airflow/dags/example_dag.py
[2025-12-21T16:11:41.210+0000] {processor.py:830} INFO - Processing file /opt/airflow/dags/example_dag.py for tasks to queue
[2025-12-21T16:11:41.211+0000] {logging_mixin.py:188} INFO - [2025-12-21T16:11:41.211+0000] {dagbag.py:538} INFO - Filling up the DagBag from /opt/airflow/dags/example_dag.py
[2025-12-21T16:11:41.221+0000] {processor.py:840} INFO - DAG(s) 'example_dag' retrieved from /opt/airflow/dags/example_dag.py
[2025-12-21T16:11:41.247+0000] {logging_mixin.py:188} INFO - [2025-12-21T16:11:41.247+0000] {dag.py:3033} INFO - Sync 1 DAGs
[2025-12-21T16:11:41.260+0000] {logging_mixin.py:188} INFO - [2025-12-21T16:11:41.260+0000] {dag.py:3820} INFO - Setting next_dagrun for example_dag to 2025-12-20T00:00:00+00:00, run_after=2025-12-21T00:00:00+00:00
[2025-12-21T16:11:41.272+0000] {processor.py:183} INFO - Processing /opt/airflow/dags/example_dag.py took 0.065 seconds
[2025-12-21T16:12:11.736+0000] {processor.py:161} INFO - Started process (PID=201) to work on /opt/airflow/dags/example_dag.py
[2025-12-21T16:12:11.737+0000] {processor.py:830} INFO - Processing file /opt/airflow/dags/example_dag.py for tasks to queue
[2025-12-21T16:12:11.738+0000] {logging_mixin.py:188} INFO - [2025-12-21T16:12:11.738+0000] {dagbag.py:538} INFO - Filling up the DagBag from /opt/airflow/dags/example_dag.py
[2025-12-21T16:12:11.752+0000] {processor.py:840} INFO - DAG(s) 'example_dag' retrieved from /opt/airflow/dags/example_dag.py
[2025-12-21T16:12:11.797+0000] {logging_mixin.py:188} INFO - [2025-12-21T16:12:11.796+0000] {dag.py:3033} INFO - Sync 1 DAGs
[2025-12-21T16:12:11.828+0000] {logging_mixin.py:188} INFO - [2025-12-21T16:12:11.828+0000] {dag.py:3820} INFO - Setting next_dagrun for example_dag to 2025-12-20T00:00:00+00:00, run_after=2025-12-21T00:00:00+00:00
[2025-12-21T16:12:11.849+0000] {processor.py:183} INFO - Processing /opt/airflow/dags/example_dag.py took 0.119 seconds
[2025-12-21T16:12:42.245+0000] {processor.py:161} INFO - Started process (PID=211) to work on /opt/airflow/dags/example_dag.py
[2025-12-21T16:12:42.246+0000] {processor.py:830} INFO - Processing file /opt/airflow/dags/example_dag.py for tasks to queue
[2025-12-21T16:12:42.246+0000] {logging_mixin.py:188} INFO - [2025-12-21T16:12:42.246+0000] {dagbag.py:538} INFO - Filling up the DagBag from /opt/airflow/dags/example_dag.py
[2025-12-21T16:12:42.253+0000] {processor.py:840} INFO - DAG(s) 'example_dag' retrieved from /opt/airflow/dags/example_dag.py
[2025-12-21T16:12:42.279+0000] {logging_mixin.py:188} INFO - [2025-12-21T16:12:42.279+0000] {dag.py:3033} INFO - Sync 1 DAGs
[2025-12-21T16:12:42.296+0000] {logging_mixin.py:188} INFO - [2025-12-21T16:12:42.296+0000] {dag.py:3820} INFO - Setting next_dagrun for example_dag to 2025-12-20T00:00:00+00:00, run_after=2025-12-21T00:00:00+00:00
[2025-12-21T16:12:42.309+0000] {processor.py:183} INFO - Processing /opt/airflow/dags/example_dag.py took 0.066 seconds
[2025-12-21T16:18:54.329+0000] {processor.py:161} INFO - Started process (PID=32) to work on /opt/airflow/dags/example_dag.py
[2025-12-21T16:18:54.330+0000] {processor.py:830} INFO - Processing file /opt/airflow/dags/example_dag.py for tasks to queue
[2025-12-21T16:18:54.331+0000] {logging_mixin.py:188} INFO - [2025-12-21T16:18:54.331+0000] {dagbag.py:538} INFO - Filling up the DagBag from /opt/airflow/dags/example_dag.py
[2025-12-21T16:18:54.343+0000] {processor.py:840} INFO - DAG(s) 'example_dag' retrieved from /opt/airflow/dags/example_dag.py
[2025-12-21T16:18:54.356+0000] {logging_mixin.py:188} INFO - [2025-12-21T16:18:54.356+0000] {dag.py:3033} INFO - Sync 1 DAGs
[2025-12-21T16:18:54.371+0000] {logging_mixin.py:188} INFO - [2025-12-21T16:18:54.371+0000] {dag.py:3820} INFO - Setting next_dagrun for example_dag to 2025-12-20T00:00:00+00:00, run_after=2025-12-21T00:00:00+00:00
[2025-12-21T16:18:54.384+0000] {processor.py:183} INFO - Processing /opt/airflow/dags/example_dag.py took 0.057 seconds
[2025-12-21T16:19:24.810+0000] {processor.py:161} INFO - Started process (PID=42) to work on /opt/airflow/dags/example_dag.py
[2025-12-21T16:19:24.811+0000] {processor.py:830} INFO - Processing file /opt/airflow/dags/example_dag.py for tasks to queue
[2025-12-21T16:19:24.811+0000] {logging_mixin.py:188} INFO - [2025-12-21T16:19:24.811+0000] {dagbag.py:538} INFO - Filling up the DagBag from /opt/airflow/dags/example_dag.py
[2025-12-21T16:19:24.818+0000] {processor.py:840} INFO - DAG(s) 'example_dag' retrieved from /opt/airflow/dags/example_dag.py
[2025-12-21T16:19:24.877+0000] {logging_mixin.py:188} INFO - [2025-12-21T16:19:24.877+0000] {dag.py:3033} INFO - Sync 1 DAGs
[2025-12-21T16:19:24.888+0000] {logging_mixin.py:188} INFO - [2025-12-21T16:19:24.888+0000] {dag.py:3820} INFO - Setting next_dagrun for example_dag to 2025-12-20T00:00:00+00:00, run_after=2025-12-21T00:00:00+00:00
[2025-12-21T16:19:24.900+0000] {processor.py:183} INFO - Processing /opt/airflow/dags/example_dag.py took 0.091 seconds
[2025-12-21T16:19:55.035+0000] {processor.py:161} INFO - Started process (PID=52) to work on /opt/airflow/dags/example_dag.py
[2025-12-21T16:19:55.035+0000] {processor.py:830} INFO - Processing file /opt/airflow/dags/example_dag.py for tasks to queue
[2025-12-21T16:19:55.036+0000] {logging_mixin.py:188} INFO - [2025-12-21T16:19:55.036+0000] {dagbag.py:538} INFO - Filling up the DagBag from /opt/airflow/dags/example_dag.py
[2025-12-21T16:19:55.044+0000] {processor.py:840} INFO - DAG(s) 'example_dag' retrieved from /opt/airflow/dags/example_dag.py
[2025-12-21T16:19:55.064+0000] {logging_mixin.py:188} INFO - [2025-12-21T16:19:55.064+0000] {dag.py:3033} INFO - Sync 1 DAGs
[2025-12-21T16:19:55.077+0000] {logging_mixin.py:188} INFO - [2025-12-21T16:19:55.077+0000] {dag.py:3820} INFO - Setting next_dagrun for example_dag to 2025-12-20T00:00:00+00:00, run_after=2025-12-21T00:00:00+00:00
[2025-12-21T16:19:55.088+0000] {processor.py:183} INFO - Processing /opt/airflow/dags/example_dag.py took 0.055 seconds
[2025-12-21T16:20:25.251+0000] {processor.py:161} INFO - Started process (PID=62) to work on /opt/airflow/dags/example_dag.py
[2025-12-21T16:20:25.251+0000] {processor.py:830} INFO - Processing file /opt/airflow/dags/example_dag.py for tasks to queue
[2025-12-21T16:20:25.252+0000] {logging_mixin.py:188} INFO - [2025-12-21T16:20:25.252+0000] {dagbag.py:538} INFO - Filling up the DagBag from /opt/airflow/dags/example_dag.py
[2025-12-21T16:20:25.259+0000] {processor.py:840} INFO - DAG(s) 'example_dag' retrieved from /opt/airflow/dags/example_dag.py
[2025-12-21T16:20:25.277+0000] {logging_mixin.py:188} INFO - [2025-12-21T16:20:25.277+0000] {dag.py:3033} INFO - Sync 1 DAGs
[2025-12-21T16:20:25.291+0000] {logging_mixin.py:188} INFO - [2025-12-21T16:20:25.291+0000] {dag.py:3820} INFO - Setting next_dagrun for example_dag to 2025-12-20T00:00:00+00:00, run_after=2025-12-21T00:00:00+00:00
[2025-12-21T16:20:25.302+0000] {processor.py:183} INFO - Processing /opt/airflow/dags/example_dag.py took 0.053 seconds
[2025-12-21T16:20:55.601+0000] {processor.py:161} INFO - Started process (PID=96) to work on /opt/airflow/dags/example_dag.py
[2025-12-21T16:20:55.602+0000] {processor.py:830} INFO - Processing file /opt/airflow/dags/example_dag.py for tasks to queue
[2025-12-21T16:20:55.603+0000] {logging_mixin.py:188} INFO - [2025-12-21T16:20:55.603+0000] {dagbag.py:538} INFO - Filling up the DagBag from /opt/airflow/dags/example_dag.py
[2025-12-21T16:20:55.611+0000] {processor.py:840} INFO - DAG(s) 'example_dag' retrieved from /opt/airflow/dags/example_dag.py
[2025-12-21T16:20:55.632+0000] {logging_mixin.py:188} INFO - [2025-12-21T16:20:55.632+0000] {dag.py:3033} INFO - Sync 1 DAGs
[2025-12-21T16:20:55.646+0000] {logging_mixin.py:188} INFO - [2025-12-21T16:20:55.646+0000] {dag.py:3820} INFO - Setting next_dagrun for example_dag to 2025-12-20T00:00:00+00:00, run_after=2025-12-21T00:00:00+00:00
[2025-12-21T16:20:55.658+0000] {processor.py:183} INFO - Processing /opt/airflow/dags/example_dag.py took 0.060 seconds
[2025-12-21T16:21:25.959+0000] {processor.py:161} INFO - Started process (PID=106) to work on /opt/airflow/dags/example_dag.py
[2025-12-21T16:21:25.965+0000] {processor.py:830} INFO - Processing file /opt/airflow/dags/example_dag.py for tasks to queue
[2025-12-21T16:21:25.968+0000] {logging_mixin.py:188} INFO - [2025-12-21T16:21:25.967+0000] {dagbag.py:538} INFO - Filling up the DagBag from /opt/airflow/dags/example_dag.py
[2025-12-21T16:21:25.985+0000] {processor.py:840} INFO - DAG(s) 'example_dag' retrieved from /opt/airflow/dags/example_dag.py
[2025-12-21T16:21:26.011+0000] {logging_mixin.py:188} INFO - [2025-12-21T16:21:26.011+0000] {dag.py:3033} INFO - Sync 1 DAGs
[2025-12-21T16:21:26.026+0000] {logging_mixin.py:188} INFO - [2025-12-21T16:21:26.026+0000] {dag.py:3820} INFO - Setting next_dagrun for example_dag to 2025-12-20T00:00:00+00:00, run_after=2025-12-21T00:00:00+00:00
[2025-12-21T16:21:26.040+0000] {processor.py:183} INFO - Processing /opt/airflow/dags/example_dag.py took 0.088 seconds
[2025-12-21T16:21:56.919+0000] {processor.py:161} INFO - Started process (PID=116) to work on /opt/airflow/dags/example_dag.py
[2025-12-21T16:21:56.921+0000] {processor.py:830} INFO - Processing file /opt/airflow/dags/example_dag.py for tasks to queue
[2025-12-21T16:21:56.922+0000] {logging_mixin.py:188} INFO - [2025-12-21T16:21:56.922+0000] {dagbag.py:538} INFO - Filling up the DagBag from /opt/airflow/dags/example_dag.py
[2025-12-21T16:21:56.932+0000] {processor.py:840} INFO - DAG(s) 'example_dag' retrieved from /opt/airflow/dags/example_dag.py
[2025-12-21T16:21:56.959+0000] {logging_mixin.py:188} INFO - [2025-12-21T16:21:56.959+0000] {dag.py:3033} INFO - Sync 1 DAGs
[2025-12-21T16:21:56.976+0000] {logging_mixin.py:188} INFO - [2025-12-21T16:21:56.976+0000] {dag.py:3820} INFO - Setting next_dagrun for example_dag to 2025-12-20T00:00:00+00:00, run_after=2025-12-21T00:00:00+00:00
[2025-12-21T16:21:56.990+0000] {processor.py:183} INFO - Processing /opt/airflow/dags/example_dag.py took 0.075 seconds
[2025-12-21T16:22:27.252+0000] {processor.py:161} INFO - Started process (PID=119) to work on /opt/airflow/dags/example_dag.py
[2025-12-21T16:22:27.253+0000] {processor.py:830} INFO - Processing file /opt/airflow/dags/example_dag.py for tasks to queue
[2025-12-21T16:22:27.254+0000] {logging_mixin.py:188} INFO - [2025-12-21T16:22:27.254+0000] {dagbag.py:538} INFO - Filling up the DagBag from /opt/airflow/dags/example_dag.py
[2025-12-21T16:22:27.264+0000] {processor.py:840} INFO - DAG(s) 'example_dag' retrieved from /opt/airflow/dags/example_dag.py
[2025-12-21T16:22:27.289+0000] {logging_mixin.py:188} INFO - [2025-12-21T16:22:27.289+0000] {dag.py:3033} INFO - Sync 1 DAGs
[2025-12-21T16:22:27.319+0000] {logging_mixin.py:188} INFO - [2025-12-21T16:22:27.319+0000] {dag.py:3820} INFO - Setting next_dagrun for example_dag to 2025-12-20T00:00:00+00:00, run_after=2025-12-21T00:00:00+00:00
[2025-12-21T16:22:27.336+0000] {processor.py:183} INFO - Processing /opt/airflow/dags/example_dag.py took 0.086 seconds
[2025-12-21T16:22:57.565+0000] {processor.py:161} INFO - Started process (PID=129) to work on /opt/airflow/dags/example_dag.py
[2025-12-21T16:22:57.566+0000] {processor.py:830} INFO - Processing file /opt/airflow/dags/example_dag.py for tasks to queue
[2025-12-21T16:22:57.566+0000] {logging_mixin.py:188} INFO - [2025-12-21T16:22:57.566+0000] {dagbag.py:538} INFO - Filling up the DagBag from /opt/airflow/dags/example_dag.py
[2025-12-21T16:22:57.574+0000] {processor.py:840} INFO - DAG(s) 'example_dag' retrieved from /opt/airflow/dags/example_dag.py
[2025-12-21T16:22:57.593+0000] {logging_mixin.py:188} INFO - [2025-12-21T16:22:57.593+0000] {dag.py:3033} INFO - Sync 1 DAGs
[2025-12-21T16:22:57.607+0000] {logging_mixin.py:188} INFO - [2025-12-21T16:22:57.607+0000] {dag.py:3820} INFO - Setting next_dagrun for example_dag to 2025-12-20T00:00:00+00:00, run_after=2025-12-21T00:00:00+00:00
[2025-12-21T16:22:57.619+0000] {processor.py:183} INFO - Processing /opt/airflow/dags/example_dag.py took 0.056 seconds
[2025-12-21T16:23:27.983+0000] {processor.py:161} INFO - Started process (PID=139) to work on /opt/airflow/dags/example_dag.py
[2025-12-21T16:23:27.984+0000] {processor.py:830} INFO - Processing file /opt/airflow/dags/example_dag.py for tasks to queue
[2025-12-21T16:23:27.985+0000] {logging_mixin.py:188} INFO - [2025-12-21T16:23:27.985+0000] {dagbag.py:538} INFO - Filling up the DagBag from /opt/airflow/dags/example_dag.py
[2025-12-21T16:23:27.995+0000] {processor.py:840} INFO - DAG(s) 'example_dag' retrieved from /opt/airflow/dags/example_dag.py
[2025-12-21T16:23:28.026+0000] {logging_mixin.py:188} INFO - [2025-12-21T16:23:28.026+0000] {dag.py:3033} INFO - Sync 1 DAGs
[2025-12-21T16:23:28.041+0000] {logging_mixin.py:188} INFO - [2025-12-21T16:23:28.041+0000] {dag.py:3820} INFO - Setting next_dagrun for example_dag to 2025-12-20T00:00:00+00:00, run_after=2025-12-21T00:00:00+00:00
[2025-12-21T16:23:28.055+0000] {processor.py:183} INFO - Processing /opt/airflow/dags/example_dag.py took 0.075 seconds
[2025-12-21T16:23:58.505+0000] {processor.py:161} INFO - Started process (PID=149) to work on /opt/airflow/dags/example_dag.py
[2025-12-21T16:23:58.506+0000] {processor.py:830} INFO - Processing file /opt/airflow/dags/example_dag.py for tasks to queue
[2025-12-21T16:23:58.507+0000] {logging_mixin.py:188} INFO - [2025-12-21T16:23:58.507+0000] {dagbag.py:538} INFO - Filling up the DagBag from /opt/airflow/dags/example_dag.py
[2025-12-21T16:23:58.514+0000] {processor.py:840} INFO - DAG(s) 'example_dag' retrieved from /opt/airflow/dags/example_dag.py
[2025-12-21T16:23:58.533+0000] {logging_mixin.py:188} INFO - [2025-12-21T16:23:58.533+0000] {dag.py:3033} INFO - Sync 1 DAGs
[2025-12-21T16:23:58.546+0000] {logging_mixin.py:188} INFO - [2025-12-21T16:23:58.546+0000] {dag.py:3820} INFO - Setting next_dagrun for example_dag to 2025-12-20T00:00:00+00:00, run_after=2025-12-21T00:00:00+00:00
[2025-12-21T16:23:58.561+0000] {processor.py:183} INFO - Processing /opt/airflow/dags/example_dag.py took 0.058 seconds
[2025-12-21T16:24:29.093+0000] {processor.py:161} INFO - Started process (PID=159) to work on /opt/airflow/dags/example_dag.py
[2025-12-21T16:24:29.094+0000] {processor.py:830} INFO - Processing file /opt/airflow/dags/example_dag.py for tasks to queue
[2025-12-21T16:24:29.095+0000] {logging_mixin.py:188} INFO - [2025-12-21T16:24:29.095+0000] {dagbag.py:538} INFO - Filling up the DagBag from /opt/airflow/dags/example_dag.py
[2025-12-21T16:24:29.103+0000] {processor.py:840} INFO - DAG(s) 'example_dag' retrieved from /opt/airflow/dags/example_dag.py
[2025-12-21T16:24:29.125+0000] {logging_mixin.py:188} INFO - [2025-12-21T16:24:29.125+0000] {dag.py:3033} INFO - Sync 1 DAGs
[2025-12-21T16:24:29.147+0000] {logging_mixin.py:188} INFO - [2025-12-21T16:24:29.147+0000] {dag.py:3820} INFO - Setting next_dagrun for example_dag to 2025-12-20T00:00:00+00:00, run_after=2025-12-21T00:00:00+00:00
[2025-12-21T16:24:29.160+0000] {processor.py:183} INFO - Processing /opt/airflow/dags/example_dag.py took 0.068 seconds
[2025-12-21T16:24:59.624+0000] {processor.py:161} INFO - Started process (PID=169) to work on /opt/airflow/dags/example_dag.py
[2025-12-21T16:24:59.625+0000] {processor.py:830} INFO - Processing file /opt/airflow/dags/example_dag.py for tasks to queue
[2025-12-21T16:24:59.625+0000] {logging_mixin.py:188} INFO - [2025-12-21T16:24:59.625+0000] {dagbag.py:538} INFO - Filling up the DagBag from /opt/airflow/dags/example_dag.py
[2025-12-21T16:24:59.632+0000] {processor.py:840} INFO - DAG(s) 'example_dag' retrieved from /opt/airflow/dags/example_dag.py
[2025-12-21T16:24:59.651+0000] {logging_mixin.py:188} INFO - [2025-12-21T16:24:59.651+0000] {dag.py:3033} INFO - Sync 1 DAGs
[2025-12-21T16:24:59.665+0000] {logging_mixin.py:188} INFO - [2025-12-21T16:24:59.665+0000] {dag.py:3820} INFO - Setting next_dagrun for example_dag to 2025-12-20T00:00:00+00:00, run_after=2025-12-21T00:00:00+00:00
[2025-12-21T16:24:59.679+0000] {processor.py:183} INFO - Processing /opt/airflow/dags/example_dag.py took 0.059 seconds
[2025-12-21T16:31:08.837+0000] {processor.py:161} INFO - Started process (PID=32) to work on /opt/airflow/dags/example_dag.py
[2025-12-21T16:31:08.838+0000] {processor.py:830} INFO - Processing file /opt/airflow/dags/example_dag.py for tasks to queue
[2025-12-21T16:31:08.839+0000] {logging_mixin.py:188} INFO - [2025-12-21T16:31:08.839+0000] {dagbag.py:538} INFO - Filling up the DagBag from /opt/airflow/dags/example_dag.py
[2025-12-21T16:31:08.847+0000] {processor.py:840} INFO - DAG(s) 'example_dag' retrieved from /opt/airflow/dags/example_dag.py
[2025-12-21T16:31:08.871+0000] {logging_mixin.py:188} INFO - [2025-12-21T16:31:08.870+0000] {dag.py:3033} INFO - Sync 1 DAGs
[2025-12-21T16:31:08.887+0000] {logging_mixin.py:188} INFO - [2025-12-21T16:31:08.887+0000] {dag.py:3820} INFO - Setting next_dagrun for example_dag to 2025-12-20T00:00:00+00:00, run_after=2025-12-21T00:00:00+00:00
[2025-12-21T16:31:08.901+0000] {processor.py:183} INFO - Processing /opt/airflow/dags/example_dag.py took 0.066 seconds
[2025-12-21T16:31:39.298+0000] {processor.py:161} INFO - Started process (PID=42) to work on /opt/airflow/dags/example_dag.py
[2025-12-21T16:31:39.299+0000] {processor.py:830} INFO - Processing file /opt/airflow/dags/example_dag.py for tasks to queue
[2025-12-21T16:31:39.299+0000] {logging_mixin.py:188} INFO - [2025-12-21T16:31:39.299+0000] {dagbag.py:538} INFO - Filling up the DagBag from /opt/airflow/dags/example_dag.py
[2025-12-21T16:31:39.313+0000] {processor.py:840} INFO - DAG(s) 'example_dag' retrieved from /opt/airflow/dags/example_dag.py
[2025-12-21T16:31:39.397+0000] {logging_mixin.py:188} INFO - [2025-12-21T16:31:39.397+0000] {dag.py:3033} INFO - Sync 1 DAGs
[2025-12-21T16:31:39.410+0000] {logging_mixin.py:188} INFO - [2025-12-21T16:31:39.410+0000] {dag.py:3820} INFO - Setting next_dagrun for example_dag to 2025-12-20T00:00:00+00:00, run_after=2025-12-21T00:00:00+00:00
[2025-12-21T16:31:39.422+0000] {processor.py:183} INFO - Processing /opt/airflow/dags/example_dag.py took 0.126 seconds
[2025-12-21T16:32:09.557+0000] {processor.py:161} INFO - Started process (PID=52) to work on /opt/airflow/dags/example_dag.py
[2025-12-21T16:32:09.557+0000] {processor.py:830} INFO - Processing file /opt/airflow/dags/example_dag.py for tasks to queue
[2025-12-21T16:32:09.558+0000] {logging_mixin.py:188} INFO - [2025-12-21T16:32:09.558+0000] {dagbag.py:538} INFO - Filling up the DagBag from /opt/airflow/dags/example_dag.py
[2025-12-21T16:32:09.565+0000] {processor.py:840} INFO - DAG(s) 'example_dag' retrieved from /opt/airflow/dags/example_dag.py
[2025-12-21T16:32:09.591+0000] {logging_mixin.py:188} INFO - [2025-12-21T16:32:09.591+0000] {dag.py:3033} INFO - Sync 1 DAGs
[2025-12-21T16:32:09.621+0000] {logging_mixin.py:188} INFO - [2025-12-21T16:32:09.621+0000] {dag.py:3820} INFO - Setting next_dagrun for example_dag to 2025-12-20T00:00:00+00:00, run_after=2025-12-21T00:00:00+00:00
[2025-12-21T16:32:09.634+0000] {processor.py:183} INFO - Processing /opt/airflow/dags/example_dag.py took 0.080 seconds
[2025-12-21T16:32:40.125+0000] {processor.py:161} INFO - Started process (PID=62) to work on /opt/airflow/dags/example_dag.py
[2025-12-21T16:32:40.126+0000] {processor.py:830} INFO - Processing file /opt/airflow/dags/example_dag.py for tasks to queue
[2025-12-21T16:32:40.127+0000] {logging_mixin.py:188} INFO - [2025-12-21T16:32:40.127+0000] {dagbag.py:538} INFO - Filling up the DagBag from /opt/airflow/dags/example_dag.py
[2025-12-21T16:32:40.135+0000] {processor.py:840} INFO - DAG(s) 'example_dag' retrieved from /opt/airflow/dags/example_dag.py
[2025-12-21T16:32:40.157+0000] {logging_mixin.py:188} INFO - [2025-12-21T16:32:40.157+0000] {dag.py:3033} INFO - Sync 1 DAGs
[2025-12-21T16:32:40.179+0000] {logging_mixin.py:188} INFO - [2025-12-21T16:32:40.179+0000] {dag.py:3820} INFO - Setting next_dagrun for example_dag to 2025-12-20T00:00:00+00:00, run_after=2025-12-21T00:00:00+00:00
[2025-12-21T16:32:40.193+0000] {processor.py:183} INFO - Processing /opt/airflow/dags/example_dag.py took 0.071 seconds
[2025-12-21T16:33:10.397+0000] {processor.py:161} INFO - Started process (PID=72) to work on /opt/airflow/dags/example_dag.py
[2025-12-21T16:33:10.398+0000] {processor.py:830} INFO - Processing file /opt/airflow/dags/example_dag.py for tasks to queue
[2025-12-21T16:33:10.398+0000] {logging_mixin.py:188} INFO - [2025-12-21T16:33:10.398+0000] {dagbag.py:538} INFO - Filling up the DagBag from /opt/airflow/dags/example_dag.py
[2025-12-21T16:33:10.408+0000] {processor.py:840} INFO - DAG(s) 'example_dag' retrieved from /opt/airflow/dags/example_dag.py
[2025-12-21T16:33:10.430+0000] {logging_mixin.py:188} INFO - [2025-12-21T16:33:10.430+0000] {dag.py:3033} INFO - Sync 1 DAGs
[2025-12-21T16:33:10.447+0000] {logging_mixin.py:188} INFO - [2025-12-21T16:33:10.447+0000] {dag.py:3820} INFO - Setting next_dagrun for example_dag to 2025-12-20T00:00:00+00:00, run_after=2025-12-21T00:00:00+00:00
[2025-12-21T16:33:10.461+0000] {processor.py:183} INFO - Processing /opt/airflow/dags/example_dag.py took 0.067 seconds
[2025-12-21T16:33:40.840+0000] {processor.py:161} INFO - Started process (PID=81) to work on /opt/airflow/dags/example_dag.py
[2025-12-21T16:33:40.841+0000] {processor.py:830} INFO - Processing file /opt/airflow/dags/example_dag.py for tasks to queue
[2025-12-21T16:33:40.842+0000] {logging_mixin.py:188} INFO - [2025-12-21T16:33:40.842+0000] {dagbag.py:538} INFO - Filling up the DagBag from /opt/airflow/dags/example_dag.py
[2025-12-21T16:33:40.849+0000] {processor.py:840} INFO - DAG(s) 'example_dag' retrieved from /opt/airflow/dags/example_dag.py
[2025-12-21T16:33:40.867+0000] {logging_mixin.py:188} INFO - [2025-12-21T16:33:40.867+0000] {dag.py:3033} INFO - Sync 1 DAGs
[2025-12-21T16:33:40.881+0000] {logging_mixin.py:188} INFO - [2025-12-21T16:33:40.881+0000] {dag.py:3820} INFO - Setting next_dagrun for example_dag to 2025-12-20T00:00:00+00:00, run_after=2025-12-21T00:00:00+00:00
[2025-12-21T16:33:40.892+0000] {processor.py:183} INFO - Processing /opt/airflow/dags/example_dag.py took 0.054 seconds
[2025-12-21T16:34:11.084+0000] {processor.py:161} INFO - Started process (PID=90) to work on /opt/airflow/dags/example_dag.py
[2025-12-21T16:34:11.084+0000] {processor.py:830} INFO - Processing file /opt/airflow/dags/example_dag.py for tasks to queue
[2025-12-21T16:34:11.085+0000] {logging_mixin.py:188} INFO - [2025-12-21T16:34:11.085+0000] {dagbag.py:538} INFO - Filling up the DagBag from /opt/airflow/dags/example_dag.py
[2025-12-21T16:34:11.093+0000] {processor.py:840} INFO - DAG(s) 'example_dag' retrieved from /opt/airflow/dags/example_dag.py
[2025-12-21T16:34:11.116+0000] {logging_mixin.py:188} INFO - [2025-12-21T16:34:11.115+0000] {dag.py:3033} INFO - Sync 1 DAGs
[2025-12-21T16:34:11.131+0000] {logging_mixin.py:188} INFO - [2025-12-21T16:34:11.131+0000] {dag.py:3820} INFO - Setting next_dagrun for example_dag to 2025-12-20T00:00:00+00:00, run_after=2025-12-21T00:00:00+00:00
[2025-12-21T16:34:11.145+0000] {processor.py:183} INFO - Processing /opt/airflow/dags/example_dag.py took 0.063 seconds
[2025-12-21T16:34:41.382+0000] {processor.py:161} INFO - Started process (PID=100) to work on /opt/airflow/dags/example_dag.py
[2025-12-21T16:34:41.383+0000] {processor.py:830} INFO - Processing file /opt/airflow/dags/example_dag.py for tasks to queue
[2025-12-21T16:34:41.384+0000] {logging_mixin.py:188} INFO - [2025-12-21T16:34:41.383+0000] {dagbag.py:538} INFO - Filling up the DagBag from /opt/airflow/dags/example_dag.py
[2025-12-21T16:34:41.393+0000] {processor.py:840} INFO - DAG(s) 'example_dag' retrieved from /opt/airflow/dags/example_dag.py
[2025-12-21T16:34:41.415+0000] {logging_mixin.py:188} INFO - [2025-12-21T16:34:41.414+0000] {dag.py:3033} INFO - Sync 1 DAGs
[2025-12-21T16:34:41.432+0000] {logging_mixin.py:188} INFO - [2025-12-21T16:34:41.432+0000] {dag.py:3820} INFO - Setting next_dagrun for example_dag to 2025-12-20T00:00:00+00:00, run_after=2025-12-21T00:00:00+00:00
[2025-12-21T16:34:41.444+0000] {processor.py:183} INFO - Processing /opt/airflow/dags/example_dag.py took 0.065 seconds
[2025-12-21T16:35:11.632+0000] {processor.py:161} INFO - Started process (PID=109) to work on /opt/airflow/dags/example_dag.py
[2025-12-21T16:35:11.633+0000] {processor.py:830} INFO - Processing file /opt/airflow/dags/example_dag.py for tasks to queue
[2025-12-21T16:35:11.634+0000] {logging_mixin.py:188} INFO - [2025-12-21T16:35:11.633+0000] {dagbag.py:538} INFO - Filling up the DagBag from /opt/airflow/dags/example_dag.py
[2025-12-21T16:35:11.656+0000] {processor.py:840} INFO - DAG(s) 'example_dag' retrieved from /opt/airflow/dags/example_dag.py
[2025-12-21T16:35:11.688+0000] {logging_mixin.py:188} INFO - [2025-12-21T16:35:11.688+0000] {dag.py:3033} INFO - Sync 1 DAGs
[2025-12-21T16:35:11.706+0000] {logging_mixin.py:188} INFO - [2025-12-21T16:35:11.706+0000] {dag.py:3820} INFO - Setting next_dagrun for example_dag to 2025-12-20T00:00:00+00:00, run_after=2025-12-21T00:00:00+00:00
[2025-12-21T16:35:11.728+0000] {processor.py:183} INFO - Processing /opt/airflow/dags/example_dag.py took 0.098 seconds
[2025-12-21T16:35:41.926+0000] {processor.py:161} INFO - Started process (PID=113) to work on /opt/airflow/dags/example_dag.py
[2025-12-21T16:35:41.927+0000] {processor.py:830} INFO - Processing file /opt/airflow/dags/example_dag.py for tasks to queue
[2025-12-21T16:35:41.928+0000] {logging_mixin.py:188} INFO - [2025-12-21T16:35:41.928+0000] {dagbag.py:538} INFO - Filling up the DagBag from /opt/airflow/dags/example_dag.py
[2025-12-21T16:35:41.934+0000] {processor.py:840} INFO - DAG(s) 'example_dag' retrieved from /opt/airflow/dags/example_dag.py
[2025-12-21T16:35:41.954+0000] {logging_mixin.py:188} INFO - [2025-12-21T16:35:41.954+0000] {dag.py:3033} INFO - Sync 1 DAGs
[2025-12-21T16:35:41.966+0000] {logging_mixin.py:188} INFO - [2025-12-21T16:35:41.966+0000] {dag.py:3820} INFO - Setting next_dagrun for example_dag to 2025-12-20T00:00:00+00:00, run_after=2025-12-21T00:00:00+00:00
[2025-12-21T16:35:41.975+0000] {processor.py:183} INFO - Processing /opt/airflow/dags/example_dag.py took 0.051 seconds
[2025-12-21T16:36:12.372+0000] {processor.py:161} INFO - Started process (PID=123) to work on /opt/airflow/dags/example_dag.py
[2025-12-21T16:36:12.373+0000] {processor.py:830} INFO - Processing file /opt/airflow/dags/example_dag.py for tasks to queue
[2025-12-21T16:36:12.374+0000] {logging_mixin.py:188} INFO - [2025-12-21T16:36:12.374+0000] {dagbag.py:538} INFO - Filling up the DagBag from /opt/airflow/dags/example_dag.py
[2025-12-21T16:36:12.383+0000] {processor.py:840} INFO - DAG(s) 'example_dag' retrieved from /opt/airflow/dags/example_dag.py
[2025-12-21T16:36:12.415+0000] {logging_mixin.py:188} INFO - [2025-12-21T16:36:12.415+0000] {dag.py:3033} INFO - Sync 1 DAGs
[2025-12-21T16:36:12.433+0000] {logging_mixin.py:188} INFO - [2025-12-21T16:36:12.432+0000] {dag.py:3820} INFO - Setting next_dagrun for example_dag to 2025-12-20T00:00:00+00:00, run_after=2025-12-21T00:00:00+00:00
[2025-12-21T16:36:12.447+0000] {processor.py:183} INFO - Processing /opt/airflow/dags/example_dag.py took 0.077 seconds
[2025-12-21T16:36:43.179+0000] {processor.py:161} INFO - Started process (PID=133) to work on /opt/airflow/dags/example_dag.py
[2025-12-21T16:36:43.180+0000] {processor.py:830} INFO - Processing file /opt/airflow/dags/example_dag.py for tasks to queue
[2025-12-21T16:36:43.180+0000] {logging_mixin.py:188} INFO - [2025-12-21T16:36:43.180+0000] {dagbag.py:538} INFO - Filling up the DagBag from /opt/airflow/dags/example_dag.py
[2025-12-21T16:36:43.188+0000] {processor.py:840} INFO - DAG(s) 'example_dag' retrieved from /opt/airflow/dags/example_dag.py
[2025-12-21T16:36:43.210+0000] {logging_mixin.py:188} INFO - [2025-12-21T16:36:43.210+0000] {dag.py:3033} INFO - Sync 1 DAGs
[2025-12-21T16:36:43.225+0000] {logging_mixin.py:188} INFO - [2025-12-21T16:36:43.225+0000] {dag.py:3820} INFO - Setting next_dagrun for example_dag to 2025-12-20T00:00:00+00:00, run_after=2025-12-21T00:00:00+00:00
[2025-12-21T16:36:43.241+0000] {processor.py:183} INFO - Processing /opt/airflow/dags/example_dag.py took 0.064 seconds
[2025-12-21T16:37:13.808+0000] {processor.py:161} INFO - Started process (PID=143) to work on /opt/airflow/dags/example_dag.py
[2025-12-21T16:37:13.809+0000] {processor.py:830} INFO - Processing file /opt/airflow/dags/example_dag.py for tasks to queue
[2025-12-21T16:37:13.811+0000] {logging_mixin.py:188} INFO - [2025-12-21T16:37:13.810+0000] {dagbag.py:538} INFO - Filling up the DagBag from /opt/airflow/dags/example_dag.py
[2025-12-21T16:37:13.829+0000] {processor.py:840} INFO - DAG(s) 'example_dag' retrieved from /opt/airflow/dags/example_dag.py
[2025-12-21T16:37:13.861+0000] {logging_mixin.py:188} INFO - [2025-12-21T16:37:13.861+0000] {dag.py:3033} INFO - Sync 1 DAGs
[2025-12-21T16:37:13.881+0000] {logging_mixin.py:188} INFO - [2025-12-21T16:37:13.881+0000] {dag.py:3820} INFO - Setting next_dagrun for example_dag to 2025-12-20T00:00:00+00:00, run_after=2025-12-21T00:00:00+00:00
[2025-12-21T16:37:13.898+0000] {processor.py:183} INFO - Processing /opt/airflow/dags/example_dag.py took 0.093 seconds
[2025-12-21T16:37:44.356+0000] {processor.py:161} INFO - Started process (PID=153) to work on /opt/airflow/dags/example_dag.py
[2025-12-21T16:37:44.357+0000] {processor.py:830} INFO - Processing file /opt/airflow/dags/example_dag.py for tasks to queue
[2025-12-21T16:37:44.358+0000] {logging_mixin.py:188} INFO - [2025-12-21T16:37:44.358+0000] {dagbag.py:538} INFO - Filling up the DagBag from /opt/airflow/dags/example_dag.py
[2025-12-21T16:37:44.367+0000] {processor.py:840} INFO - DAG(s) 'example_dag' retrieved from /opt/airflow/dags/example_dag.py
[2025-12-21T16:37:44.397+0000] {logging_mixin.py:188} INFO - [2025-12-21T16:37:44.397+0000] {dag.py:3033} INFO - Sync 1 DAGs
[2025-12-21T16:37:44.418+0000] {logging_mixin.py:188} INFO - [2025-12-21T16:37:44.418+0000] {dag.py:3820} INFO - Setting next_dagrun for example_dag to 2025-12-20T00:00:00+00:00, run_after=2025-12-21T00:00:00+00:00
[2025-12-21T16:37:44.435+0000] {processor.py:183} INFO - Processing /opt/airflow/dags/example_dag.py took 0.081 seconds
[2025-12-21T16:38:14.929+0000] {processor.py:161} INFO - Started process (PID=163) to work on /opt/airflow/dags/example_dag.py
[2025-12-21T16:38:14.934+0000] {processor.py:830} INFO - Processing file /opt/airflow/dags/example_dag.py for tasks to queue
[2025-12-21T16:38:14.936+0000] {logging_mixin.py:188} INFO - [2025-12-21T16:38:14.936+0000] {dagbag.py:538} INFO - Filling up the DagBag from /opt/airflow/dags/example_dag.py
[2025-12-21T16:38:14.948+0000] {processor.py:840} INFO - DAG(s) 'example_dag' retrieved from /opt/airflow/dags/example_dag.py
[2025-12-21T16:38:14.974+0000] {logging_mixin.py:188} INFO - [2025-12-21T16:38:14.974+0000] {dag.py:3033} INFO - Sync 1 DAGs
[2025-12-21T16:38:14.990+0000] {logging_mixin.py:188} INFO - [2025-12-21T16:38:14.990+0000] {dag.py:3820} INFO - Setting next_dagrun for example_dag to 2025-12-20T00:00:00+00:00, run_after=2025-12-21T00:00:00+00:00
[2025-12-21T16:38:15.005+0000] {processor.py:183} INFO - Processing /opt/airflow/dags/example_dag.py took 0.082 seconds
[2025-12-21T16:38:45.481+0000] {processor.py:161} INFO - Started process (PID=173) to work on /opt/airflow/dags/example_dag.py
[2025-12-21T16:38:45.483+0000] {processor.py:830} INFO - Processing file /opt/airflow/dags/example_dag.py for tasks to queue
[2025-12-21T16:38:45.483+0000] {logging_mixin.py:188} INFO - [2025-12-21T16:38:45.483+0000] {dagbag.py:538} INFO - Filling up the DagBag from /opt/airflow/dags/example_dag.py
[2025-12-21T16:38:45.492+0000] {processor.py:840} INFO - DAG(s) 'example_dag' retrieved from /opt/airflow/dags/example_dag.py
[2025-12-21T16:38:45.516+0000] {logging_mixin.py:188} INFO - [2025-12-21T16:38:45.516+0000] {dag.py:3033} INFO - Sync 1 DAGs
[2025-12-21T16:38:45.532+0000] {logging_mixin.py:188} INFO - [2025-12-21T16:38:45.532+0000] {dag.py:3820} INFO - Setting next_dagrun for example_dag to 2025-12-20T00:00:00+00:00, run_after=2025-12-21T00:00:00+00:00
[2025-12-21T16:38:45.551+0000] {processor.py:183} INFO - Processing /opt/airflow/dags/example_dag.py took 0.071 seconds
[2025-12-21T16:39:16.482+0000] {processor.py:161} INFO - Started process (PID=183) to work on /opt/airflow/dags/example_dag.py
[2025-12-21T16:39:16.483+0000] {processor.py:830} INFO - Processing file /opt/airflow/dags/example_dag.py for tasks to queue
[2025-12-21T16:39:16.484+0000] {logging_mixin.py:188} INFO - [2025-12-21T16:39:16.484+0000] {dagbag.py:538} INFO - Filling up the DagBag from /opt/airflow/dags/example_dag.py
[2025-12-21T16:39:16.494+0000] {processor.py:840} INFO - DAG(s) 'example_dag' retrieved from /opt/airflow/dags/example_dag.py
[2025-12-21T16:39:16.521+0000] {logging_mixin.py:188} INFO - [2025-12-21T16:39:16.521+0000] {dag.py:3033} INFO - Sync 1 DAGs
[2025-12-21T16:39:16.539+0000] {logging_mixin.py:188} INFO - [2025-12-21T16:39:16.539+0000] {dag.py:3820} INFO - Setting next_dagrun for example_dag to 2025-12-20T00:00:00+00:00, run_after=2025-12-21T00:00:00+00:00
[2025-12-21T16:39:16.555+0000] {processor.py:183} INFO - Processing /opt/airflow/dags/example_dag.py took 0.076 seconds
[2025-12-21T16:39:47.032+0000] {processor.py:161} INFO - Started process (PID=193) to work on /opt/airflow/dags/example_dag.py
[2025-12-21T16:39:47.033+0000] {processor.py:830} INFO - Processing file /opt/airflow/dags/example_dag.py for tasks to queue
[2025-12-21T16:39:47.034+0000] {logging_mixin.py:188} INFO - [2025-12-21T16:39:47.034+0000] {dagbag.py:538} INFO - Filling up the DagBag from /opt/airflow/dags/example_dag.py
[2025-12-21T16:39:47.047+0000] {processor.py:840} INFO - DAG(s) 'example_dag' retrieved from /opt/airflow/dags/example_dag.py
[2025-12-21T16:39:47.090+0000] {logging_mixin.py:188} INFO - [2025-12-21T16:39:47.090+0000] {dag.py:3033} INFO - Sync 1 DAGs
[2025-12-21T16:39:47.108+0000] {logging_mixin.py:188} INFO - [2025-12-21T16:39:47.107+0000] {dag.py:3820} INFO - Setting next_dagrun for example_dag to 2025-12-20T00:00:00+00:00, run_after=2025-12-21T00:00:00+00:00
[2025-12-21T16:39:47.123+0000] {processor.py:183} INFO - Processing /opt/airflow/dags/example_dag.py took 0.093 seconds
[2025-12-21T16:40:18.168+0000] {processor.py:161} INFO - Started process (PID=203) to work on /opt/airflow/dags/example_dag.py
[2025-12-21T16:40:18.170+0000] {processor.py:830} INFO - Processing file /opt/airflow/dags/example_dag.py for tasks to queue
[2025-12-21T16:40:18.171+0000] {logging_mixin.py:188} INFO - [2025-12-21T16:40:18.171+0000] {dagbag.py:538} INFO - Filling up the DagBag from /opt/airflow/dags/example_dag.py
[2025-12-21T16:40:18.187+0000] {processor.py:840} INFO - DAG(s) 'example_dag' retrieved from /opt/airflow/dags/example_dag.py
[2025-12-21T16:40:18.219+0000] {logging_mixin.py:188} INFO - [2025-12-21T16:40:18.219+0000] {dag.py:3033} INFO - Sync 1 DAGs
[2025-12-21T16:40:18.239+0000] {logging_mixin.py:188} INFO - [2025-12-21T16:40:18.239+0000] {dag.py:3820} INFO - Setting next_dagrun for example_dag to 2025-12-20T00:00:00+00:00, run_after=2025-12-21T00:00:00+00:00
[2025-12-21T16:40:18.255+0000] {processor.py:183} INFO - Processing /opt/airflow/dags/example_dag.py took 0.092 seconds
[2025-12-21T16:46:58.650+0000] {processor.py:161} INFO - Started process (PID=31) to work on /opt/airflow/dags/example_dag.py
[2025-12-21T16:46:58.651+0000] {processor.py:830} INFO - Processing file /opt/airflow/dags/example_dag.py for tasks to queue
[2025-12-21T16:46:58.651+0000] {logging_mixin.py:188} INFO - [2025-12-21T16:46:58.651+0000] {dagbag.py:538} INFO - Filling up the DagBag from /opt/airflow/dags/example_dag.py
[2025-12-21T16:46:58.661+0000] {processor.py:840} INFO - DAG(s) 'example_dag' retrieved from /opt/airflow/dags/example_dag.py
[2025-12-21T16:46:58.679+0000] {logging_mixin.py:188} INFO - [2025-12-21T16:46:58.679+0000] {dag.py:3033} INFO - Sync 1 DAGs
[2025-12-21T16:46:58.695+0000] {logging_mixin.py:188} INFO - [2025-12-21T16:46:58.695+0000] {dag.py:3820} INFO - Setting next_dagrun for example_dag to 2025-12-20T00:00:00+00:00, run_after=2025-12-21T00:00:00+00:00
[2025-12-21T16:46:58.714+0000] {processor.py:183} INFO - Processing /opt/airflow/dags/example_dag.py took 0.068 seconds
[2025-12-21T16:47:29.211+0000] {processor.py:161} INFO - Started process (PID=41) to work on /opt/airflow/dags/example_dag.py
[2025-12-21T16:47:29.212+0000] {processor.py:830} INFO - Processing file /opt/airflow/dags/example_dag.py for tasks to queue
[2025-12-21T16:47:29.213+0000] {logging_mixin.py:188} INFO - [2025-12-21T16:47:29.213+0000] {dagbag.py:538} INFO - Filling up the DagBag from /opt/airflow/dags/example_dag.py
[2025-12-21T16:47:29.221+0000] {processor.py:840} INFO - DAG(s) 'example_dag' retrieved from /opt/airflow/dags/example_dag.py
[2025-12-21T16:47:29.296+0000] {logging_mixin.py:188} INFO - [2025-12-21T16:47:29.296+0000] {dag.py:3033} INFO - Sync 1 DAGs
[2025-12-21T16:47:29.311+0000] {logging_mixin.py:188} INFO - [2025-12-21T16:47:29.311+0000] {dag.py:3820} INFO - Setting next_dagrun for example_dag to 2025-12-20T00:00:00+00:00, run_after=2025-12-21T00:00:00+00:00
[2025-12-21T16:47:29.329+0000] {processor.py:183} INFO - Processing /opt/airflow/dags/example_dag.py took 0.120 seconds
[2025-12-21T16:47:59.654+0000] {processor.py:161} INFO - Started process (PID=51) to work on /opt/airflow/dags/example_dag.py
[2025-12-21T16:47:59.655+0000] {processor.py:830} INFO - Processing file /opt/airflow/dags/example_dag.py for tasks to queue
[2025-12-21T16:47:59.655+0000] {logging_mixin.py:188} INFO - [2025-12-21T16:47:59.655+0000] {dagbag.py:538} INFO - Filling up the DagBag from /opt/airflow/dags/example_dag.py
[2025-12-21T16:47:59.667+0000] {processor.py:840} INFO - DAG(s) 'example_dag' retrieved from /opt/airflow/dags/example_dag.py
[2025-12-21T16:47:59.696+0000] {logging_mixin.py:188} INFO - [2025-12-21T16:47:59.696+0000] {dag.py:3033} INFO - Sync 1 DAGs
[2025-12-21T16:47:59.712+0000] {logging_mixin.py:188} INFO - [2025-12-21T16:47:59.712+0000] {dag.py:3820} INFO - Setting next_dagrun for example_dag to 2025-12-20T00:00:00+00:00, run_after=2025-12-21T00:00:00+00:00
[2025-12-21T16:47:59.727+0000] {processor.py:183} INFO - Processing /opt/airflow/dags/example_dag.py took 0.076 seconds
[2025-12-21T16:48:30.172+0000] {processor.py:161} INFO - Started process (PID=61) to work on /opt/airflow/dags/example_dag.py
[2025-12-21T16:48:30.173+0000] {processor.py:830} INFO - Processing file /opt/airflow/dags/example_dag.py for tasks to queue
[2025-12-21T16:48:30.173+0000] {logging_mixin.py:188} INFO - [2025-12-21T16:48:30.173+0000] {dagbag.py:538} INFO - Filling up the DagBag from /opt/airflow/dags/example_dag.py
[2025-12-21T16:48:30.183+0000] {processor.py:840} INFO - DAG(s) 'example_dag' retrieved from /opt/airflow/dags/example_dag.py
[2025-12-21T16:48:30.205+0000] {logging_mixin.py:188} INFO - [2025-12-21T16:48:30.205+0000] {dag.py:3033} INFO - Sync 1 DAGs
[2025-12-21T16:48:30.221+0000] {logging_mixin.py:188} INFO - [2025-12-21T16:48:30.221+0000] {dag.py:3820} INFO - Setting next_dagrun for example_dag to 2025-12-20T00:00:00+00:00, run_after=2025-12-21T00:00:00+00:00
[2025-12-21T16:48:30.233+0000] {processor.py:183} INFO - Processing /opt/airflow/dags/example_dag.py took 0.064 seconds
[2025-12-21T16:49:00.492+0000] {processor.py:161} INFO - Started process (PID=71) to work on /opt/airflow/dags/example_dag.py
[2025-12-21T16:49:00.493+0000] {processor.py:830} INFO - Processing file /opt/airflow/dags/example_dag.py for tasks to queue
[2025-12-21T16:49:00.493+0000] {logging_mixin.py:188} INFO - [2025-12-21T16:49:00.493+0000] {dagbag.py:538} INFO - Filling up the DagBag from /opt/airflow/dags/example_dag.py
[2025-12-21T16:49:00.501+0000] {processor.py:840} INFO - DAG(s) 'example_dag' retrieved from /opt/airflow/dags/example_dag.py
[2025-12-21T16:49:00.522+0000] {logging_mixin.py:188} INFO - [2025-12-21T16:49:00.521+0000] {dag.py:3033} INFO - Sync 1 DAGs
[2025-12-21T16:49:00.536+0000] {logging_mixin.py:188} INFO - [2025-12-21T16:49:00.536+0000] {dag.py:3820} INFO - Setting next_dagrun for example_dag to 2025-12-20T00:00:00+00:00, run_after=2025-12-21T00:00:00+00:00
[2025-12-21T16:49:00.550+0000] {processor.py:183} INFO - Processing /opt/airflow/dags/example_dag.py took 0.061 seconds
[2025-12-21T16:49:31.013+0000] {processor.py:161} INFO - Started process (PID=81) to work on /opt/airflow/dags/example_dag.py
[2025-12-21T16:49:31.014+0000] {processor.py:830} INFO - Processing file /opt/airflow/dags/example_dag.py for tasks to queue
[2025-12-21T16:49:31.015+0000] {logging_mixin.py:188} INFO - [2025-12-21T16:49:31.015+0000] {dagbag.py:538} INFO - Filling up the DagBag from /opt/airflow/dags/example_dag.py
[2025-12-21T16:49:31.023+0000] {processor.py:840} INFO - DAG(s) 'example_dag' retrieved from /opt/airflow/dags/example_dag.py
[2025-12-21T16:49:31.045+0000] {logging_mixin.py:188} INFO - [2025-12-21T16:49:31.045+0000] {dag.py:3033} INFO - Sync 1 DAGs
[2025-12-21T16:49:31.066+0000] {logging_mixin.py:188} INFO - [2025-12-21T16:49:31.065+0000] {dag.py:3820} INFO - Setting next_dagrun for example_dag to 2025-12-20T00:00:00+00:00, run_after=2025-12-21T00:00:00+00:00
[2025-12-21T16:49:31.086+0000] {processor.py:183} INFO - Processing /opt/airflow/dags/example_dag.py took 0.075 seconds
[2025-12-21T16:50:01.347+0000] {processor.py:161} INFO - Started process (PID=91) to work on /opt/airflow/dags/example_dag.py
[2025-12-21T16:50:01.348+0000] {processor.py:830} INFO - Processing file /opt/airflow/dags/example_dag.py for tasks to queue
[2025-12-21T16:50:01.349+0000] {logging_mixin.py:188} INFO - [2025-12-21T16:50:01.349+0000] {dagbag.py:538} INFO - Filling up the DagBag from /opt/airflow/dags/example_dag.py
[2025-12-21T16:50:01.358+0000] {processor.py:840} INFO - DAG(s) 'example_dag' retrieved from /opt/airflow/dags/example_dag.py
[2025-12-21T16:50:01.385+0000] {logging_mixin.py:188} INFO - [2025-12-21T16:50:01.385+0000] {dag.py:3033} INFO - Sync 1 DAGs
[2025-12-21T16:50:01.401+0000] {logging_mixin.py:188} INFO - [2025-12-21T16:50:01.401+0000] {dag.py:3820} INFO - Setting next_dagrun for example_dag to 2025-12-20T00:00:00+00:00, run_after=2025-12-21T00:00:00+00:00
[2025-12-21T16:50:01.415+0000] {processor.py:183} INFO - Processing /opt/airflow/dags/example_dag.py took 0.073 seconds
[2025-12-21T16:50:32.209+0000] {processor.py:161} INFO - Started process (PID=101) to work on /opt/airflow/dags/example_dag.py
[2025-12-21T16:50:32.210+0000] {processor.py:830} INFO - Processing file /opt/airflow/dags/example_dag.py for tasks to queue
[2025-12-21T16:50:32.211+0000] {logging_mixin.py:188} INFO - [2025-12-21T16:50:32.211+0000] {dagbag.py:538} INFO - Filling up the DagBag from /opt/airflow/dags/example_dag.py
[2025-12-21T16:50:32.220+0000] {processor.py:840} INFO - DAG(s) 'example_dag' retrieved from /opt/airflow/dags/example_dag.py
[2025-12-21T16:50:32.256+0000] {logging_mixin.py:188} INFO - [2025-12-21T16:50:32.256+0000] {dag.py:3033} INFO - Sync 1 DAGs
[2025-12-21T16:50:32.282+0000] {logging_mixin.py:188} INFO - [2025-12-21T16:50:32.282+0000] {dag.py:3820} INFO - Setting next_dagrun for example_dag to 2025-12-20T00:00:00+00:00, run_after=2025-12-21T00:00:00+00:00
[2025-12-21T16:50:32.307+0000] {processor.py:183} INFO - Processing /opt/airflow/dags/example_dag.py took 0.102 seconds
[2025-12-21T16:51:02.817+0000] {processor.py:161} INFO - Started process (PID=104) to work on /opt/airflow/dags/example_dag.py
[2025-12-21T16:51:02.818+0000] {processor.py:830} INFO - Processing file /opt/airflow/dags/example_dag.py for tasks to queue
[2025-12-21T16:51:02.819+0000] {logging_mixin.py:188} INFO - [2025-12-21T16:51:02.819+0000] {dagbag.py:538} INFO - Filling up the DagBag from /opt/airflow/dags/example_dag.py
[2025-12-21T16:51:02.829+0000] {processor.py:840} INFO - DAG(s) 'example_dag' retrieved from /opt/airflow/dags/example_dag.py
[2025-12-21T16:51:02.858+0000] {logging_mixin.py:188} INFO - [2025-12-21T16:51:02.858+0000] {dag.py:3033} INFO - Sync 1 DAGs
[2025-12-21T16:51:02.901+0000] {logging_mixin.py:188} INFO - [2025-12-21T16:51:02.901+0000] {dag.py:3820} INFO - Setting next_dagrun for example_dag to 2025-12-20T00:00:00+00:00, run_after=2025-12-21T00:00:00+00:00
[2025-12-21T16:51:02.924+0000] {processor.py:183} INFO - Processing /opt/airflow/dags/example_dag.py took 0.110 seconds
[2025-12-21T16:51:33.349+0000] {processor.py:161} INFO - Started process (PID=114) to work on /opt/airflow/dags/example_dag.py
[2025-12-21T16:51:33.352+0000] {processor.py:830} INFO - Processing file /opt/airflow/dags/example_dag.py for tasks to queue
[2025-12-21T16:51:33.355+0000] {logging_mixin.py:188} INFO - [2025-12-21T16:51:33.353+0000] {dagbag.py:538} INFO - Filling up the DagBag from /opt/airflow/dags/example_dag.py
[2025-12-21T16:51:33.386+0000] {processor.py:840} INFO - DAG(s) 'example_dag' retrieved from /opt/airflow/dags/example_dag.py
[2025-12-21T16:51:33.435+0000] {logging_mixin.py:188} INFO - [2025-12-21T16:51:33.435+0000] {dag.py:3033} INFO - Sync 1 DAGs
[2025-12-21T16:51:33.471+0000] {logging_mixin.py:188} INFO - [2025-12-21T16:51:33.471+0000] {dag.py:3820} INFO - Setting next_dagrun for example_dag to 2025-12-20T00:00:00+00:00, run_after=2025-12-21T00:00:00+00:00
[2025-12-21T16:51:33.489+0000] {processor.py:183} INFO - Processing /opt/airflow/dags/example_dag.py took 0.153 seconds
[2025-12-21T16:52:03.826+0000] {processor.py:161} INFO - Started process (PID=124) to work on /opt/airflow/dags/example_dag.py
[2025-12-21T16:52:03.827+0000] {processor.py:830} INFO - Processing file /opt/airflow/dags/example_dag.py for tasks to queue
[2025-12-21T16:52:03.828+0000] {logging_mixin.py:188} INFO - [2025-12-21T16:52:03.828+0000] {dagbag.py:538} INFO - Filling up the DagBag from /opt/airflow/dags/example_dag.py
[2025-12-21T16:52:03.849+0000] {processor.py:840} INFO - DAG(s) 'example_dag' retrieved from /opt/airflow/dags/example_dag.py
[2025-12-21T16:52:03.878+0000] {logging_mixin.py:188} INFO - [2025-12-21T16:52:03.878+0000] {dag.py:3033} INFO - Sync 1 DAGs
[2025-12-21T16:52:03.916+0000] {logging_mixin.py:188} INFO - [2025-12-21T16:52:03.916+0000] {dag.py:3820} INFO - Setting next_dagrun for example_dag to 2025-12-20T00:00:00+00:00, run_after=2025-12-21T00:00:00+00:00
[2025-12-21T16:52:03.992+0000] {processor.py:183} INFO - Processing /opt/airflow/dags/example_dag.py took 0.169 seconds
[2025-12-21T16:52:34.154+0000] {processor.py:161} INFO - Started process (PID=134) to work on /opt/airflow/dags/example_dag.py
[2025-12-21T16:52:34.155+0000] {processor.py:830} INFO - Processing file /opt/airflow/dags/example_dag.py for tasks to queue
[2025-12-21T16:52:34.156+0000] {logging_mixin.py:188} INFO - [2025-12-21T16:52:34.155+0000] {dagbag.py:538} INFO - Filling up the DagBag from /opt/airflow/dags/example_dag.py
[2025-12-21T16:52:34.164+0000] {processor.py:840} INFO - DAG(s) 'example_dag' retrieved from /opt/airflow/dags/example_dag.py
[2025-12-21T16:52:34.189+0000] {logging_mixin.py:188} INFO - [2025-12-21T16:52:34.189+0000] {dag.py:3033} INFO - Sync 1 DAGs
[2025-12-21T16:52:34.215+0000] {logging_mixin.py:188} INFO - [2025-12-21T16:52:34.215+0000] {dag.py:3820} INFO - Setting next_dagrun for example_dag to 2025-12-20T00:00:00+00:00, run_after=2025-12-21T00:00:00+00:00
[2025-12-21T16:52:34.229+0000] {processor.py:183} INFO - Processing /opt/airflow/dags/example_dag.py took 0.077 seconds
[2025-12-21T16:53:04.561+0000] {processor.py:161} INFO - Started process (PID=144) to work on /opt/airflow/dags/example_dag.py
[2025-12-21T16:53:04.562+0000] {processor.py:830} INFO - Processing file /opt/airflow/dags/example_dag.py for tasks to queue
[2025-12-21T16:53:04.562+0000] {logging_mixin.py:188} INFO - [2025-12-21T16:53:04.562+0000] {dagbag.py:538} INFO - Filling up the DagBag from /opt/airflow/dags/example_dag.py
[2025-12-21T16:53:04.569+0000] {processor.py:840} INFO - DAG(s) 'example_dag' retrieved from /opt/airflow/dags/example_dag.py
[2025-12-21T16:53:04.589+0000] {logging_mixin.py:188} INFO - [2025-12-21T16:53:04.589+0000] {dag.py:3033} INFO - Sync 1 DAGs
[2025-12-21T16:53:04.604+0000] {logging_mixin.py:188} INFO - [2025-12-21T16:53:04.604+0000] {dag.py:3820} INFO - Setting next_dagrun for example_dag to 2025-12-20T00:00:00+00:00, run_after=2025-12-21T00:00:00+00:00
[2025-12-21T16:53:04.615+0000] {processor.py:183} INFO - Processing /opt/airflow/dags/example_dag.py took 0.057 seconds
[2025-12-21T16:53:35.055+0000] {processor.py:161} INFO - Started process (PID=154) to work on /opt/airflow/dags/example_dag.py
[2025-12-21T16:53:35.056+0000] {processor.py:830} INFO - Processing file /opt/airflow/dags/example_dag.py for tasks to queue
[2025-12-21T16:53:35.056+0000] {logging_mixin.py:188} INFO - [2025-12-21T16:53:35.056+0000] {dagbag.py:538} INFO - Filling up the DagBag from /opt/airflow/dags/example_dag.py
[2025-12-21T16:53:35.065+0000] {processor.py:840} INFO - DAG(s) 'example_dag' retrieved from /opt/airflow/dags/example_dag.py
[2025-12-21T16:53:35.092+0000] {logging_mixin.py:188} INFO - [2025-12-21T16:53:35.092+0000] {dag.py:3033} INFO - Sync 1 DAGs
[2025-12-21T16:53:35.113+0000] {logging_mixin.py:188} INFO - [2025-12-21T16:53:35.113+0000] {dag.py:3820} INFO - Setting next_dagrun for example_dag to 2025-12-20T00:00:00+00:00, run_after=2025-12-21T00:00:00+00:00
[2025-12-21T16:53:35.131+0000] {processor.py:183} INFO - Processing /opt/airflow/dags/example_dag.py took 0.078 seconds
[2025-12-21T16:54:05.690+0000] {processor.py:161} INFO - Started process (PID=164) to work on /opt/airflow/dags/example_dag.py
[2025-12-21T16:54:05.691+0000] {processor.py:830} INFO - Processing file /opt/airflow/dags/example_dag.py for tasks to queue
[2025-12-21T16:54:05.692+0000] {logging_mixin.py:188} INFO - [2025-12-21T16:54:05.692+0000] {dagbag.py:538} INFO - Filling up the DagBag from /opt/airflow/dags/example_dag.py
[2025-12-21T16:54:05.699+0000] {processor.py:840} INFO - DAG(s) 'example_dag' retrieved from /opt/airflow/dags/example_dag.py
[2025-12-21T16:54:05.721+0000] {logging_mixin.py:188} INFO - [2025-12-21T16:54:05.721+0000] {dag.py:3033} INFO - Sync 1 DAGs
[2025-12-21T16:54:05.736+0000] {logging_mixin.py:188} INFO - [2025-12-21T16:54:05.736+0000] {dag.py:3820} INFO - Setting next_dagrun for example_dag to 2025-12-20T00:00:00+00:00, run_after=2025-12-21T00:00:00+00:00
[2025-12-21T16:54:05.748+0000] {processor.py:183} INFO - Processing /opt/airflow/dags/example_dag.py took 0.060 seconds
[2025-12-21T16:54:36.180+0000] {processor.py:161} INFO - Started process (PID=174) to work on /opt/airflow/dags/example_dag.py
[2025-12-21T16:54:36.180+0000] {processor.py:830} INFO - Processing file /opt/airflow/dags/example_dag.py for tasks to queue
[2025-12-21T16:54:36.181+0000] {logging_mixin.py:188} INFO - [2025-12-21T16:54:36.181+0000] {dagbag.py:538} INFO - Filling up the DagBag from /opt/airflow/dags/example_dag.py
[2025-12-21T16:54:36.189+0000] {processor.py:840} INFO - DAG(s) 'example_dag' retrieved from /opt/airflow/dags/example_dag.py
[2025-12-21T16:54:36.209+0000] {logging_mixin.py:188} INFO - [2025-12-21T16:54:36.208+0000] {dag.py:3033} INFO - Sync 1 DAGs
[2025-12-21T16:54:36.223+0000] {logging_mixin.py:188} INFO - [2025-12-21T16:54:36.222+0000] {dag.py:3820} INFO - Setting next_dagrun for example_dag to 2025-12-20T00:00:00+00:00, run_after=2025-12-21T00:00:00+00:00
[2025-12-21T16:54:36.235+0000] {processor.py:183} INFO - Processing /opt/airflow/dags/example_dag.py took 0.057 seconds
[2025-12-21T16:55:06.634+0000] {processor.py:161} INFO - Started process (PID=184) to work on /opt/airflow/dags/example_dag.py
[2025-12-21T16:55:06.635+0000] {processor.py:830} INFO - Processing file /opt/airflow/dags/example_dag.py for tasks to queue
[2025-12-21T16:55:06.635+0000] {logging_mixin.py:188} INFO - [2025-12-21T16:55:06.635+0000] {dagbag.py:538} INFO - Filling up the DagBag from /opt/airflow/dags/example_dag.py
[2025-12-21T16:55:06.642+0000] {processor.py:840} INFO - DAG(s) 'example_dag' retrieved from /opt/airflow/dags/example_dag.py
[2025-12-21T16:55:06.661+0000] {logging_mixin.py:188} INFO - [2025-12-21T16:55:06.661+0000] {dag.py:3033} INFO - Sync 1 DAGs
[2025-12-21T16:55:06.675+0000] {logging_mixin.py:188} INFO - [2025-12-21T16:55:06.675+0000] {dag.py:3820} INFO - Setting next_dagrun for example_dag to 2025-12-20T00:00:00+00:00, run_after=2025-12-21T00:00:00+00:00
[2025-12-21T16:55:06.687+0000] {processor.py:183} INFO - Processing /opt/airflow/dags/example_dag.py took 0.055 seconds
[2025-12-21T16:55:37.141+0000] {processor.py:161} INFO - Started process (PID=194) to work on /opt/airflow/dags/example_dag.py
[2025-12-21T16:55:37.142+0000] {processor.py:830} INFO - Processing file /opt/airflow/dags/example_dag.py for tasks to queue
[2025-12-21T16:55:37.142+0000] {logging_mixin.py:188} INFO - [2025-12-21T16:55:37.142+0000] {dagbag.py:538} INFO - Filling up the DagBag from /opt/airflow/dags/example_dag.py
[2025-12-21T16:55:37.153+0000] {processor.py:840} INFO - DAG(s) 'example_dag' retrieved from /opt/airflow/dags/example_dag.py
[2025-12-21T16:55:37.177+0000] {logging_mixin.py:188} INFO - [2025-12-21T16:55:37.177+0000] {dag.py:3033} INFO - Sync 1 DAGs
[2025-12-21T16:55:37.193+0000] {logging_mixin.py:188} INFO - [2025-12-21T16:55:37.193+0000] {dag.py:3820} INFO - Setting next_dagrun for example_dag to 2025-12-20T00:00:00+00:00, run_after=2025-12-21T00:00:00+00:00
[2025-12-21T16:55:37.208+0000] {processor.py:183} INFO - Processing /opt/airflow/dags/example_dag.py took 0.069 seconds
[2025-12-21T16:56:07.663+0000] {processor.py:161} INFO - Started process (PID=204) to work on /opt/airflow/dags/example_dag.py
[2025-12-21T16:56:07.665+0000] {processor.py:830} INFO - Processing file /opt/airflow/dags/example_dag.py for tasks to queue
[2025-12-21T16:56:07.666+0000] {logging_mixin.py:188} INFO - [2025-12-21T16:56:07.665+0000] {dagbag.py:538} INFO - Filling up the DagBag from /opt/airflow/dags/example_dag.py
[2025-12-21T16:56:07.686+0000] {processor.py:840} INFO - DAG(s) 'example_dag' retrieved from /opt/airflow/dags/example_dag.py
[2025-12-21T16:56:07.716+0000] {logging_mixin.py:188} INFO - [2025-12-21T16:56:07.716+0000] {dag.py:3033} INFO - Sync 1 DAGs
[2025-12-21T16:56:07.731+0000] {logging_mixin.py:188} INFO - [2025-12-21T16:56:07.731+0000] {dag.py:3820} INFO - Setting next_dagrun for example_dag to 2025-12-20T00:00:00+00:00, run_after=2025-12-21T00:00:00+00:00
[2025-12-21T16:56:07.743+0000] {processor.py:183} INFO - Processing /opt/airflow/dags/example_dag.py took 0.087 seconds
[2025-12-21T16:56:38.135+0000] {processor.py:161} INFO - Started process (PID=214) to work on /opt/airflow/dags/example_dag.py
[2025-12-21T16:56:38.136+0000] {processor.py:830} INFO - Processing file /opt/airflow/dags/example_dag.py for tasks to queue
[2025-12-21T16:56:38.137+0000] {logging_mixin.py:188} INFO - [2025-12-21T16:56:38.136+0000] {dagbag.py:538} INFO - Filling up the DagBag from /opt/airflow/dags/example_dag.py
[2025-12-21T16:56:38.146+0000] {processor.py:840} INFO - DAG(s) 'example_dag' retrieved from /opt/airflow/dags/example_dag.py
[2025-12-21T16:56:38.169+0000] {logging_mixin.py:188} INFO - [2025-12-21T16:56:38.169+0000] {dag.py:3033} INFO - Sync 1 DAGs
[2025-12-21T16:56:38.184+0000] {logging_mixin.py:188} INFO - [2025-12-21T16:56:38.184+0000] {dag.py:3820} INFO - Setting next_dagrun for example_dag to 2025-12-20T00:00:00+00:00, run_after=2025-12-21T00:00:00+00:00
[2025-12-21T16:56:38.197+0000] {processor.py:183} INFO - Processing /opt/airflow/dags/example_dag.py took 0.064 seconds
[2025-12-21T16:57:08.714+0000] {processor.py:161} INFO - Started process (PID=224) to work on /opt/airflow/dags/example_dag.py
[2025-12-21T16:57:08.715+0000] {processor.py:830} INFO - Processing file /opt/airflow/dags/example_dag.py for tasks to queue
[2025-12-21T16:57:08.716+0000] {logging_mixin.py:188} INFO - [2025-12-21T16:57:08.715+0000] {dagbag.py:538} INFO - Filling up the DagBag from /opt/airflow/dags/example_dag.py
[2025-12-21T16:57:08.722+0000] {processor.py:840} INFO - DAG(s) 'example_dag' retrieved from /opt/airflow/dags/example_dag.py
[2025-12-21T16:57:08.740+0000] {logging_mixin.py:188} INFO - [2025-12-21T16:57:08.740+0000] {dag.py:3033} INFO - Sync 1 DAGs
[2025-12-21T16:57:08.752+0000] {logging_mixin.py:188} INFO - [2025-12-21T16:57:08.752+0000] {dag.py:3820} INFO - Setting next_dagrun for example_dag to 2025-12-20T00:00:00+00:00, run_after=2025-12-21T00:00:00+00:00
[2025-12-21T16:57:08.761+0000] {processor.py:183} INFO - Processing /opt/airflow/dags/example_dag.py took 0.049 seconds
[2025-12-21T16:57:39.229+0000] {processor.py:161} INFO - Started process (PID=233) to work on /opt/airflow/dags/example_dag.py
[2025-12-21T16:57:39.230+0000] {processor.py:830} INFO - Processing file /opt/airflow/dags/example_dag.py for tasks to queue
[2025-12-21T16:57:39.230+0000] {logging_mixin.py:188} INFO - [2025-12-21T16:57:39.230+0000] {dagbag.py:538} INFO - Filling up the DagBag from /opt/airflow/dags/example_dag.py
[2025-12-21T16:57:39.237+0000] {processor.py:840} INFO - DAG(s) 'example_dag' retrieved from /opt/airflow/dags/example_dag.py
[2025-12-21T16:57:39.259+0000] {logging_mixin.py:188} INFO - [2025-12-21T16:57:39.259+0000] {dag.py:3033} INFO - Sync 1 DAGs
[2025-12-21T16:57:39.274+0000] {logging_mixin.py:188} INFO - [2025-12-21T16:57:39.274+0000] {dag.py:3820} INFO - Setting next_dagrun for example_dag to 2025-12-20T00:00:00+00:00, run_after=2025-12-21T00:00:00+00:00
[2025-12-21T16:57:39.287+0000] {processor.py:183} INFO - Processing /opt/airflow/dags/example_dag.py took 0.061 seconds
[2025-12-21T16:58:09.859+0000] {processor.py:161} INFO - Started process (PID=243) to work on /opt/airflow/dags/example_dag.py
[2025-12-21T16:58:09.860+0000] {processor.py:830} INFO - Processing file /opt/airflow/dags/example_dag.py for tasks to queue
[2025-12-21T16:58:09.861+0000] {logging_mixin.py:188} INFO - [2025-12-21T16:58:09.860+0000] {dagbag.py:538} INFO - Filling up the DagBag from /opt/airflow/dags/example_dag.py
[2025-12-21T16:58:09.867+0000] {processor.py:840} INFO - DAG(s) 'example_dag' retrieved from /opt/airflow/dags/example_dag.py
[2025-12-21T16:58:09.888+0000] {logging_mixin.py:188} INFO - [2025-12-21T16:58:09.888+0000] {dag.py:3033} INFO - Sync 1 DAGs
[2025-12-21T16:58:09.903+0000] {logging_mixin.py:188} INFO - [2025-12-21T16:58:09.902+0000] {dag.py:3820} INFO - Setting next_dagrun for example_dag to 2025-12-20T00:00:00+00:00, run_after=2025-12-21T00:00:00+00:00
[2025-12-21T16:58:09.913+0000] {processor.py:183} INFO - Processing /opt/airflow/dags/example_dag.py took 0.056 seconds
[2025-12-21T16:58:40.355+0000] {processor.py:161} INFO - Started process (PID=253) to work on /opt/airflow/dags/example_dag.py
[2025-12-21T16:58:40.355+0000] {processor.py:830} INFO - Processing file /opt/airflow/dags/example_dag.py for tasks to queue
[2025-12-21T16:58:40.356+0000] {logging_mixin.py:188} INFO - [2025-12-21T16:58:40.356+0000] {dagbag.py:538} INFO - Filling up the DagBag from /opt/airflow/dags/example_dag.py
[2025-12-21T16:58:40.363+0000] {processor.py:840} INFO - DAG(s) 'example_dag' retrieved from /opt/airflow/dags/example_dag.py
[2025-12-21T16:58:40.384+0000] {logging_mixin.py:188} INFO - [2025-12-21T16:58:40.384+0000] {dag.py:3033} INFO - Sync 1 DAGs
[2025-12-21T16:58:40.398+0000] {logging_mixin.py:188} INFO - [2025-12-21T16:58:40.398+0000] {dag.py:3820} INFO - Setting next_dagrun for example_dag to 2025-12-20T00:00:00+00:00, run_after=2025-12-21T00:00:00+00:00
[2025-12-21T16:58:40.407+0000] {processor.py:183} INFO - Processing /opt/airflow/dags/example_dag.py took 0.055 seconds
[2025-12-21T16:59:10.872+0000] {processor.py:161} INFO - Started process (PID=263) to work on /opt/airflow/dags/example_dag.py
[2025-12-21T16:59:10.873+0000] {processor.py:830} INFO - Processing file /opt/airflow/dags/example_dag.py for tasks to queue
[2025-12-21T16:59:10.873+0000] {logging_mixin.py:188} INFO - [2025-12-21T16:59:10.873+0000] {dagbag.py:538} INFO - Filling up the DagBag from /opt/airflow/dags/example_dag.py
[2025-12-21T16:59:10.880+0000] {processor.py:840} INFO - DAG(s) 'example_dag' retrieved from /opt/airflow/dags/example_dag.py
[2025-12-21T16:59:10.902+0000] {logging_mixin.py:188} INFO - [2025-12-21T16:59:10.902+0000] {dag.py:3033} INFO - Sync 1 DAGs
[2025-12-21T16:59:10.917+0000] {logging_mixin.py:188} INFO - [2025-12-21T16:59:10.917+0000] {dag.py:3820} INFO - Setting next_dagrun for example_dag to 2025-12-20T00:00:00+00:00, run_after=2025-12-21T00:00:00+00:00
[2025-12-21T16:59:10.929+0000] {processor.py:183} INFO - Processing /opt/airflow/dags/example_dag.py took 0.059 seconds
[2025-12-21T16:59:41.340+0000] {processor.py:161} INFO - Started process (PID=273) to work on /opt/airflow/dags/example_dag.py
[2025-12-21T16:59:41.341+0000] {processor.py:830} INFO - Processing file /opt/airflow/dags/example_dag.py for tasks to queue
[2025-12-21T16:59:41.342+0000] {logging_mixin.py:188} INFO - [2025-12-21T16:59:41.341+0000] {dagbag.py:538} INFO - Filling up the DagBag from /opt/airflow/dags/example_dag.py
[2025-12-21T16:59:41.348+0000] {processor.py:840} INFO - DAG(s) 'example_dag' retrieved from /opt/airflow/dags/example_dag.py
[2025-12-21T16:59:41.369+0000] {logging_mixin.py:188} INFO - [2025-12-21T16:59:41.369+0000] {dag.py:3033} INFO - Sync 1 DAGs
[2025-12-21T16:59:41.386+0000] {logging_mixin.py:188} INFO - [2025-12-21T16:59:41.386+0000] {dag.py:3820} INFO - Setting next_dagrun for example_dag to 2025-12-20T00:00:00+00:00, run_after=2025-12-21T00:00:00+00:00
[2025-12-21T16:59:41.400+0000] {processor.py:183} INFO - Processing /opt/airflow/dags/example_dag.py took 0.062 seconds
[2025-12-21T17:00:11.829+0000] {processor.py:161} INFO - Started process (PID=283) to work on /opt/airflow/dags/example_dag.py
[2025-12-21T17:00:11.830+0000] {processor.py:830} INFO - Processing file /opt/airflow/dags/example_dag.py for tasks to queue
[2025-12-21T17:00:11.830+0000] {logging_mixin.py:188} INFO - [2025-12-21T17:00:11.830+0000] {dagbag.py:538} INFO - Filling up the DagBag from /opt/airflow/dags/example_dag.py
[2025-12-21T17:00:11.837+0000] {processor.py:840} INFO - DAG(s) 'example_dag' retrieved from /opt/airflow/dags/example_dag.py
[2025-12-21T17:00:11.861+0000] {logging_mixin.py:188} INFO - [2025-12-21T17:00:11.861+0000] {dag.py:3033} INFO - Sync 1 DAGs
[2025-12-21T17:00:11.875+0000] {logging_mixin.py:188} INFO - [2025-12-21T17:00:11.875+0000] {dag.py:3820} INFO - Setting next_dagrun for example_dag to 2025-12-20T00:00:00+00:00, run_after=2025-12-21T00:00:00+00:00
[2025-12-21T17:00:11.889+0000] {processor.py:183} INFO - Processing /opt/airflow/dags/example_dag.py took 0.062 seconds
[2025-12-21T17:00:42.564+0000] {processor.py:161} INFO - Started process (PID=293) to work on /opt/airflow/dags/example_dag.py
[2025-12-21T17:00:42.565+0000] {processor.py:830} INFO - Processing file /opt/airflow/dags/example_dag.py for tasks to queue
[2025-12-21T17:00:42.565+0000] {logging_mixin.py:188} INFO - [2025-12-21T17:00:42.565+0000] {dagbag.py:538} INFO - Filling up the DagBag from /opt/airflow/dags/example_dag.py
[2025-12-21T17:00:42.575+0000] {processor.py:840} INFO - DAG(s) 'example_dag' retrieved from /opt/airflow/dags/example_dag.py
[2025-12-21T17:00:42.604+0000] {logging_mixin.py:188} INFO - [2025-12-21T17:00:42.604+0000] {dag.py:3033} INFO - Sync 1 DAGs
[2025-12-21T17:00:42.623+0000] {logging_mixin.py:188} INFO - [2025-12-21T17:00:42.623+0000] {dag.py:3820} INFO - Setting next_dagrun for example_dag to 2025-12-20T00:00:00+00:00, run_after=2025-12-21T00:00:00+00:00
[2025-12-21T17:00:42.637+0000] {processor.py:183} INFO - Processing /opt/airflow/dags/example_dag.py took 0.076 seconds
[2025-12-21T17:01:12.958+0000] {processor.py:161} INFO - Started process (PID=303) to work on /opt/airflow/dags/example_dag.py
[2025-12-21T17:01:12.958+0000] {processor.py:830} INFO - Processing file /opt/airflow/dags/example_dag.py for tasks to queue
[2025-12-21T17:01:12.959+0000] {logging_mixin.py:188} INFO - [2025-12-21T17:01:12.959+0000] {dagbag.py:538} INFO - Filling up the DagBag from /opt/airflow/dags/example_dag.py
[2025-12-21T17:01:12.966+0000] {processor.py:840} INFO - DAG(s) 'example_dag' retrieved from /opt/airflow/dags/example_dag.py
[2025-12-21T17:01:12.987+0000] {logging_mixin.py:188} INFO - [2025-12-21T17:01:12.987+0000] {dag.py:3033} INFO - Sync 1 DAGs
[2025-12-21T17:01:13.002+0000] {logging_mixin.py:188} INFO - [2025-12-21T17:01:13.002+0000] {dag.py:3820} INFO - Setting next_dagrun for example_dag to 2025-12-20T00:00:00+00:00, run_after=2025-12-21T00:00:00+00:00
[2025-12-21T17:01:13.013+0000] {processor.py:183} INFO - Processing /opt/airflow/dags/example_dag.py took 0.057 seconds
[2025-12-21T17:01:43.434+0000] {processor.py:161} INFO - Started process (PID=313) to work on /opt/airflow/dags/example_dag.py
[2025-12-21T17:01:43.435+0000] {processor.py:830} INFO - Processing file /opt/airflow/dags/example_dag.py for tasks to queue
[2025-12-21T17:01:43.436+0000] {logging_mixin.py:188} INFO - [2025-12-21T17:01:43.436+0000] {dagbag.py:538} INFO - Filling up the DagBag from /opt/airflow/dags/example_dag.py
[2025-12-21T17:01:43.444+0000] {processor.py:840} INFO - DAG(s) 'example_dag' retrieved from /opt/airflow/dags/example_dag.py
[2025-12-21T17:01:43.467+0000] {logging_mixin.py:188} INFO - [2025-12-21T17:01:43.467+0000] {dag.py:3033} INFO - Sync 1 DAGs
[2025-12-21T17:01:43.481+0000] {logging_mixin.py:188} INFO - [2025-12-21T17:01:43.481+0000] {dag.py:3820} INFO - Setting next_dagrun for example_dag to 2025-12-20T00:00:00+00:00, run_after=2025-12-21T00:00:00+00:00
[2025-12-21T17:01:43.492+0000] {processor.py:183} INFO - Processing /opt/airflow/dags/example_dag.py took 0.060 seconds
[2025-12-21T17:02:14.045+0000] {processor.py:161} INFO - Started process (PID=322) to work on /opt/airflow/dags/example_dag.py
[2025-12-21T17:02:14.046+0000] {processor.py:830} INFO - Processing file /opt/airflow/dags/example_dag.py for tasks to queue
[2025-12-21T17:02:14.047+0000] {logging_mixin.py:188} INFO - [2025-12-21T17:02:14.046+0000] {dagbag.py:538} INFO - Filling up the DagBag from /opt/airflow/dags/example_dag.py
[2025-12-21T17:02:14.055+0000] {processor.py:840} INFO - DAG(s) 'example_dag' retrieved from /opt/airflow/dags/example_dag.py
[2025-12-21T17:02:14.079+0000] {logging_mixin.py:188} INFO - [2025-12-21T17:02:14.079+0000] {dag.py:3033} INFO - Sync 1 DAGs
[2025-12-21T17:02:14.095+0000] {logging_mixin.py:188} INFO - [2025-12-21T17:02:14.095+0000] {dag.py:3820} INFO - Setting next_dagrun for example_dag to 2025-12-20T00:00:00+00:00, run_after=2025-12-21T00:00:00+00:00
[2025-12-21T17:02:14.108+0000] {processor.py:183} INFO - Processing /opt/airflow/dags/example_dag.py took 0.065 seconds
[2025-12-21T17:02:44.502+0000] {processor.py:161} INFO - Started process (PID=332) to work on /opt/airflow/dags/example_dag.py
[2025-12-21T17:02:44.503+0000] {processor.py:830} INFO - Processing file /opt/airflow/dags/example_dag.py for tasks to queue
[2025-12-21T17:02:44.504+0000] {logging_mixin.py:188} INFO - [2025-12-21T17:02:44.504+0000] {dagbag.py:538} INFO - Filling up the DagBag from /opt/airflow/dags/example_dag.py
[2025-12-21T17:02:44.512+0000] {processor.py:840} INFO - DAG(s) 'example_dag' retrieved from /opt/airflow/dags/example_dag.py
[2025-12-21T17:02:44.533+0000] {logging_mixin.py:188} INFO - [2025-12-21T17:02:44.533+0000] {dag.py:3033} INFO - Sync 1 DAGs
[2025-12-21T17:02:44.546+0000] {logging_mixin.py:188} INFO - [2025-12-21T17:02:44.546+0000] {dag.py:3820} INFO - Setting next_dagrun for example_dag to 2025-12-20T00:00:00+00:00, run_after=2025-12-21T00:00:00+00:00
[2025-12-21T17:02:44.559+0000] {processor.py:183} INFO - Processing /opt/airflow/dags/example_dag.py took 0.060 seconds
[2025-12-21T17:03:15.177+0000] {processor.py:161} INFO - Started process (PID=342) to work on /opt/airflow/dags/example_dag.py
[2025-12-21T17:03:15.178+0000] {processor.py:830} INFO - Processing file /opt/airflow/dags/example_dag.py for tasks to queue
[2025-12-21T17:03:15.179+0000] {logging_mixin.py:188} INFO - [2025-12-21T17:03:15.179+0000] {dagbag.py:538} INFO - Filling up the DagBag from /opt/airflow/dags/example_dag.py
[2025-12-21T17:03:15.187+0000] {processor.py:840} INFO - DAG(s) 'example_dag' retrieved from /opt/airflow/dags/example_dag.py
[2025-12-21T17:03:15.209+0000] {logging_mixin.py:188} INFO - [2025-12-21T17:03:15.209+0000] {dag.py:3033} INFO - Sync 1 DAGs
[2025-12-21T17:03:15.225+0000] {logging_mixin.py:188} INFO - [2025-12-21T17:03:15.225+0000] {dag.py:3820} INFO - Setting next_dagrun for example_dag to 2025-12-20T00:00:00+00:00, run_after=2025-12-21T00:00:00+00:00
[2025-12-21T17:03:15.242+0000] {processor.py:183} INFO - Processing /opt/airflow/dags/example_dag.py took 0.067 seconds
[2025-12-21T17:03:46.313+0000] {processor.py:161} INFO - Started process (PID=352) to work on /opt/airflow/dags/example_dag.py
[2025-12-21T17:03:46.314+0000] {processor.py:830} INFO - Processing file /opt/airflow/dags/example_dag.py for tasks to queue
[2025-12-21T17:03:46.315+0000] {logging_mixin.py:188} INFO - [2025-12-21T17:03:46.315+0000] {dagbag.py:538} INFO - Filling up the DagBag from /opt/airflow/dags/example_dag.py
[2025-12-21T17:03:46.323+0000] {processor.py:840} INFO - DAG(s) 'example_dag' retrieved from /opt/airflow/dags/example_dag.py
[2025-12-21T17:03:46.353+0000] {logging_mixin.py:188} INFO - [2025-12-21T17:03:46.352+0000] {dag.py:3033} INFO - Sync 1 DAGs
[2025-12-21T17:03:46.385+0000] {logging_mixin.py:188} INFO - [2025-12-21T17:03:46.385+0000] {dag.py:3820} INFO - Setting next_dagrun for example_dag to 2025-12-20T00:00:00+00:00, run_after=2025-12-21T00:00:00+00:00
[2025-12-21T17:03:46.405+0000] {processor.py:183} INFO - Processing /opt/airflow/dags/example_dag.py took 0.096 seconds
[2025-12-21T17:10:20.180+0000] {processor.py:161} INFO - Started process (PID=32) to work on /opt/airflow/dags/example_dag.py
[2025-12-21T17:10:20.181+0000] {processor.py:830} INFO - Processing file /opt/airflow/dags/example_dag.py for tasks to queue
[2025-12-21T17:10:20.182+0000] {logging_mixin.py:188} INFO - [2025-12-21T17:10:20.182+0000] {dagbag.py:538} INFO - Filling up the DagBag from /opt/airflow/dags/example_dag.py
[2025-12-21T17:10:20.189+0000] {processor.py:840} INFO - DAG(s) 'example_dag' retrieved from /opt/airflow/dags/example_dag.py
[2025-12-21T17:10:20.202+0000] {logging_mixin.py:188} INFO - [2025-12-21T17:10:20.202+0000] {dag.py:3033} INFO - Sync 1 DAGs
[2025-12-21T17:10:20.222+0000] {logging_mixin.py:188} INFO - [2025-12-21T17:10:20.222+0000] {dag.py:3820} INFO - Setting next_dagrun for example_dag to 2025-12-20T00:00:00+00:00, run_after=2025-12-21T00:00:00+00:00
[2025-12-21T17:10:20.243+0000] {processor.py:183} INFO - Processing /opt/airflow/dags/example_dag.py took 0.066 seconds
[2025-12-21T17:10:50.800+0000] {processor.py:161} INFO - Started process (PID=42) to work on /opt/airflow/dags/example_dag.py
[2025-12-21T17:10:50.801+0000] {processor.py:830} INFO - Processing file /opt/airflow/dags/example_dag.py for tasks to queue
[2025-12-21T17:10:50.801+0000] {logging_mixin.py:188} INFO - [2025-12-21T17:10:50.801+0000] {dagbag.py:538} INFO - Filling up the DagBag from /opt/airflow/dags/example_dag.py
[2025-12-21T17:10:50.809+0000] {processor.py:840} INFO - DAG(s) 'example_dag' retrieved from /opt/airflow/dags/example_dag.py
[2025-12-21T17:10:50.889+0000] {logging_mixin.py:188} INFO - [2025-12-21T17:10:50.888+0000] {dag.py:3033} INFO - Sync 1 DAGs
[2025-12-21T17:10:50.916+0000] {logging_mixin.py:188} INFO - [2025-12-21T17:10:50.916+0000] {dag.py:3820} INFO - Setting next_dagrun for example_dag to 2025-12-20T00:00:00+00:00, run_after=2025-12-21T00:00:00+00:00
[2025-12-21T17:10:50.938+0000] {processor.py:183} INFO - Processing /opt/airflow/dags/example_dag.py took 0.140 seconds
[2025-12-21T17:11:21.173+0000] {processor.py:161} INFO - Started process (PID=52) to work on /opt/airflow/dags/example_dag.py
[2025-12-21T17:11:21.174+0000] {processor.py:830} INFO - Processing file /opt/airflow/dags/example_dag.py for tasks to queue
[2025-12-21T17:11:21.175+0000] {logging_mixin.py:188} INFO - [2025-12-21T17:11:21.174+0000] {dagbag.py:538} INFO - Filling up the DagBag from /opt/airflow/dags/example_dag.py
[2025-12-21T17:11:21.182+0000] {processor.py:840} INFO - DAG(s) 'example_dag' retrieved from /opt/airflow/dags/example_dag.py
[2025-12-21T17:11:21.203+0000] {logging_mixin.py:188} INFO - [2025-12-21T17:11:21.202+0000] {dag.py:3033} INFO - Sync 1 DAGs
[2025-12-21T17:11:21.218+0000] {logging_mixin.py:188} INFO - [2025-12-21T17:11:21.218+0000] {dag.py:3820} INFO - Setting next_dagrun for example_dag to 2025-12-20T00:00:00+00:00, run_after=2025-12-21T00:00:00+00:00
[2025-12-21T17:11:21.231+0000] {processor.py:183} INFO - Processing /opt/airflow/dags/example_dag.py took 0.061 seconds
[2025-12-21T17:11:51.582+0000] {processor.py:161} INFO - Started process (PID=62) to work on /opt/airflow/dags/example_dag.py
[2025-12-21T17:11:51.583+0000] {processor.py:830} INFO - Processing file /opt/airflow/dags/example_dag.py for tasks to queue
[2025-12-21T17:11:51.584+0000] {logging_mixin.py:188} INFO - [2025-12-21T17:11:51.583+0000] {dagbag.py:538} INFO - Filling up the DagBag from /opt/airflow/dags/example_dag.py
[2025-12-21T17:11:51.592+0000] {processor.py:840} INFO - DAG(s) 'example_dag' retrieved from /opt/airflow/dags/example_dag.py
[2025-12-21T17:11:51.616+0000] {logging_mixin.py:188} INFO - [2025-12-21T17:11:51.616+0000] {dag.py:3033} INFO - Sync 1 DAGs
[2025-12-21T17:11:51.634+0000] {logging_mixin.py:188} INFO - [2025-12-21T17:11:51.634+0000] {dag.py:3820} INFO - Setting next_dagrun for example_dag to 2025-12-20T00:00:00+00:00, run_after=2025-12-21T00:00:00+00:00
[2025-12-21T17:11:51.650+0000] {processor.py:183} INFO - Processing /opt/airflow/dags/example_dag.py took 0.072 seconds
[2025-12-21T17:12:21.955+0000] {processor.py:161} INFO - Started process (PID=72) to work on /opt/airflow/dags/example_dag.py
[2025-12-21T17:12:21.965+0000] {processor.py:830} INFO - Processing file /opt/airflow/dags/example_dag.py for tasks to queue
[2025-12-21T17:12:21.967+0000] {logging_mixin.py:188} INFO - [2025-12-21T17:12:21.966+0000] {dagbag.py:538} INFO - Filling up the DagBag from /opt/airflow/dags/example_dag.py
[2025-12-21T17:12:21.976+0000] {processor.py:840} INFO - DAG(s) 'example_dag' retrieved from /opt/airflow/dags/example_dag.py
[2025-12-21T17:12:21.998+0000] {logging_mixin.py:188} INFO - [2025-12-21T17:12:21.998+0000] {dag.py:3033} INFO - Sync 1 DAGs
[2025-12-21T17:12:22.013+0000] {logging_mixin.py:188} INFO - [2025-12-21T17:12:22.013+0000] {dag.py:3820} INFO - Setting next_dagrun for example_dag to 2025-12-20T00:00:00+00:00, run_after=2025-12-21T00:00:00+00:00
[2025-12-21T17:12:22.025+0000] {processor.py:183} INFO - Processing /opt/airflow/dags/example_dag.py took 0.073 seconds
[2025-12-21T17:12:52.745+0000] {processor.py:161} INFO - Started process (PID=82) to work on /opt/airflow/dags/example_dag.py
[2025-12-21T17:12:52.746+0000] {processor.py:830} INFO - Processing file /opt/airflow/dags/example_dag.py for tasks to queue
[2025-12-21T17:12:52.747+0000] {logging_mixin.py:188} INFO - [2025-12-21T17:12:52.747+0000] {dagbag.py:538} INFO - Filling up the DagBag from /opt/airflow/dags/example_dag.py
[2025-12-21T17:12:52.771+0000] {processor.py:840} INFO - DAG(s) 'example_dag' retrieved from /opt/airflow/dags/example_dag.py
[2025-12-21T17:12:52.821+0000] {logging_mixin.py:188} INFO - [2025-12-21T17:12:52.821+0000] {dag.py:3033} INFO - Sync 1 DAGs
[2025-12-21T17:12:52.854+0000] {logging_mixin.py:188} INFO - [2025-12-21T17:12:52.854+0000] {dag.py:3820} INFO - Setting next_dagrun for example_dag to 2025-12-20T00:00:00+00:00, run_after=2025-12-21T00:00:00+00:00
[2025-12-21T17:12:52.885+0000] {processor.py:183} INFO - Processing /opt/airflow/dags/example_dag.py took 0.146 seconds
[2025-12-21T17:13:23.659+0000] {processor.py:161} INFO - Started process (PID=85) to work on /opt/airflow/dags/example_dag.py
[2025-12-21T17:13:23.661+0000] {processor.py:830} INFO - Processing file /opt/airflow/dags/example_dag.py for tasks to queue
[2025-12-21T17:13:23.662+0000] {logging_mixin.py:188} INFO - [2025-12-21T17:13:23.662+0000] {dagbag.py:538} INFO - Filling up the DagBag from /opt/airflow/dags/example_dag.py
[2025-12-21T17:13:23.682+0000] {processor.py:840} INFO - DAG(s) 'example_dag' retrieved from /opt/airflow/dags/example_dag.py
[2025-12-21T17:13:23.755+0000] {logging_mixin.py:188} INFO - [2025-12-21T17:13:23.755+0000] {dag.py:3033} INFO - Sync 1 DAGs
[2025-12-21T17:13:23.784+0000] {logging_mixin.py:188} INFO - [2025-12-21T17:13:23.784+0000] {dag.py:3820} INFO - Setting next_dagrun for example_dag to 2025-12-20T00:00:00+00:00, run_after=2025-12-21T00:00:00+00:00
[2025-12-21T17:13:23.805+0000] {processor.py:183} INFO - Processing /opt/airflow/dags/example_dag.py took 0.149 seconds
[2025-12-21T17:19:41.896+0000] {processor.py:161} INFO - Started process (PID=32) to work on /opt/airflow/dags/example_dag.py
[2025-12-21T17:19:41.899+0000] {processor.py:830} INFO - Processing file /opt/airflow/dags/example_dag.py for tasks to queue
[2025-12-21T17:19:41.900+0000] {logging_mixin.py:188} INFO - [2025-12-21T17:19:41.900+0000] {dagbag.py:538} INFO - Filling up the DagBag from /opt/airflow/dags/example_dag.py
[2025-12-21T17:19:41.921+0000] {processor.py:840} INFO - DAG(s) 'example_dag' retrieved from /opt/airflow/dags/example_dag.py
[2025-12-21T17:19:41.939+0000] {logging_mixin.py:188} INFO - [2025-12-21T17:19:41.939+0000] {dag.py:3033} INFO - Sync 1 DAGs
[2025-12-21T17:19:41.959+0000] {logging_mixin.py:188} INFO - [2025-12-21T17:19:41.959+0000] {dag.py:3820} INFO - Setting next_dagrun for example_dag to 2025-12-20T00:00:00+00:00, run_after=2025-12-21T00:00:00+00:00
[2025-12-21T17:19:41.974+0000] {processor.py:183} INFO - Processing /opt/airflow/dags/example_dag.py took 0.081 seconds
[2025-12-21T17:20:12.456+0000] {processor.py:161} INFO - Started process (PID=42) to work on /opt/airflow/dags/example_dag.py
[2025-12-21T17:20:12.458+0000] {processor.py:830} INFO - Processing file /opt/airflow/dags/example_dag.py for tasks to queue
[2025-12-21T17:20:12.458+0000] {logging_mixin.py:188} INFO - [2025-12-21T17:20:12.458+0000] {dagbag.py:538} INFO - Filling up the DagBag from /opt/airflow/dags/example_dag.py
[2025-12-21T17:20:12.468+0000] {processor.py:840} INFO - DAG(s) 'example_dag' retrieved from /opt/airflow/dags/example_dag.py
[2025-12-21T17:20:12.562+0000] {logging_mixin.py:188} INFO - [2025-12-21T17:20:12.562+0000] {dag.py:3033} INFO - Sync 1 DAGs
[2025-12-21T17:20:12.578+0000] {logging_mixin.py:188} INFO - [2025-12-21T17:20:12.578+0000] {dag.py:3820} INFO - Setting next_dagrun for example_dag to 2025-12-20T00:00:00+00:00, run_after=2025-12-21T00:00:00+00:00
[2025-12-21T17:20:12.590+0000] {processor.py:183} INFO - Processing /opt/airflow/dags/example_dag.py took 0.136 seconds
[2025-12-21T17:20:42.708+0000] {processor.py:161} INFO - Started process (PID=52) to work on /opt/airflow/dags/example_dag.py
[2025-12-21T17:20:42.709+0000] {processor.py:830} INFO - Processing file /opt/airflow/dags/example_dag.py for tasks to queue
[2025-12-21T17:20:42.709+0000] {logging_mixin.py:188} INFO - [2025-12-21T17:20:42.709+0000] {dagbag.py:538} INFO - Filling up the DagBag from /opt/airflow/dags/example_dag.py
[2025-12-21T17:20:42.717+0000] {processor.py:840} INFO - DAG(s) 'example_dag' retrieved from /opt/airflow/dags/example_dag.py
[2025-12-21T17:20:42.736+0000] {logging_mixin.py:188} INFO - [2025-12-21T17:20:42.736+0000] {dag.py:3033} INFO - Sync 1 DAGs
[2025-12-21T17:20:42.750+0000] {logging_mixin.py:188} INFO - [2025-12-21T17:20:42.750+0000] {dag.py:3820} INFO - Setting next_dagrun for example_dag to 2025-12-20T00:00:00+00:00, run_after=2025-12-21T00:00:00+00:00
[2025-12-21T17:20:42.762+0000] {processor.py:183} INFO - Processing /opt/airflow/dags/example_dag.py took 0.056 seconds
[2025-12-21T17:21:13.071+0000] {processor.py:161} INFO - Started process (PID=62) to work on /opt/airflow/dags/example_dag.py
[2025-12-21T17:21:13.072+0000] {processor.py:830} INFO - Processing file /opt/airflow/dags/example_dag.py for tasks to queue
[2025-12-21T17:21:13.073+0000] {logging_mixin.py:188} INFO - [2025-12-21T17:21:13.072+0000] {dagbag.py:538} INFO - Filling up the DagBag from /opt/airflow/dags/example_dag.py
[2025-12-21T17:21:13.080+0000] {processor.py:840} INFO - DAG(s) 'example_dag' retrieved from /opt/airflow/dags/example_dag.py
[2025-12-21T17:21:13.117+0000] {logging_mixin.py:188} INFO - [2025-12-21T17:21:13.117+0000] {dag.py:3033} INFO - Sync 1 DAGs
[2025-12-21T17:21:13.133+0000] {logging_mixin.py:188} INFO - [2025-12-21T17:21:13.133+0000] {dag.py:3820} INFO - Setting next_dagrun for example_dag to 2025-12-20T00:00:00+00:00, run_after=2025-12-21T00:00:00+00:00
[2025-12-21T17:21:13.148+0000] {processor.py:183} INFO - Processing /opt/airflow/dags/example_dag.py took 0.080 seconds
[2025-12-21T17:21:43.482+0000] {processor.py:161} INFO - Started process (PID=72) to work on /opt/airflow/dags/example_dag.py
[2025-12-21T17:21:43.483+0000] {processor.py:830} INFO - Processing file /opt/airflow/dags/example_dag.py for tasks to queue
[2025-12-21T17:21:43.483+0000] {logging_mixin.py:188} INFO - [2025-12-21T17:21:43.483+0000] {dagbag.py:538} INFO - Filling up the DagBag from /opt/airflow/dags/example_dag.py
[2025-12-21T17:21:43.499+0000] {processor.py:840} INFO - DAG(s) 'example_dag' retrieved from /opt/airflow/dags/example_dag.py
[2025-12-21T17:21:43.520+0000] {logging_mixin.py:188} INFO - [2025-12-21T17:21:43.520+0000] {dag.py:3033} INFO - Sync 1 DAGs
[2025-12-21T17:21:43.533+0000] {logging_mixin.py:188} INFO - [2025-12-21T17:21:43.533+0000] {dag.py:3820} INFO - Setting next_dagrun for example_dag to 2025-12-20T00:00:00+00:00, run_after=2025-12-21T00:00:00+00:00
[2025-12-21T17:21:43.545+0000] {processor.py:183} INFO - Processing /opt/airflow/dags/example_dag.py took 0.065 seconds
[2025-12-21T17:22:14.067+0000] {processor.py:161} INFO - Started process (PID=82) to work on /opt/airflow/dags/example_dag.py
[2025-12-21T17:22:14.069+0000] {processor.py:830} INFO - Processing file /opt/airflow/dags/example_dag.py for tasks to queue
[2025-12-21T17:22:14.072+0000] {logging_mixin.py:188} INFO - [2025-12-21T17:22:14.070+0000] {dagbag.py:538} INFO - Filling up the DagBag from /opt/airflow/dags/example_dag.py
[2025-12-21T17:22:14.086+0000] {processor.py:840} INFO - DAG(s) 'example_dag' retrieved from /opt/airflow/dags/example_dag.py
[2025-12-21T17:22:14.195+0000] {logging_mixin.py:188} INFO - [2025-12-21T17:22:14.195+0000] {dag.py:3033} INFO - Sync 1 DAGs
[2025-12-21T17:22:14.225+0000] {logging_mixin.py:188} INFO - [2025-12-21T17:22:14.225+0000] {dag.py:3820} INFO - Setting next_dagrun for example_dag to 2025-12-20T00:00:00+00:00, run_after=2025-12-21T00:00:00+00:00
[2025-12-21T17:22:14.252+0000] {processor.py:183} INFO - Processing /opt/airflow/dags/example_dag.py took 0.192 seconds
[2025-12-21T17:22:44.481+0000] {processor.py:161} INFO - Started process (PID=85) to work on /opt/airflow/dags/example_dag.py
[2025-12-21T17:22:44.482+0000] {processor.py:830} INFO - Processing file /opt/airflow/dags/example_dag.py for tasks to queue
[2025-12-21T17:22:44.483+0000] {logging_mixin.py:188} INFO - [2025-12-21T17:22:44.483+0000] {dagbag.py:538} INFO - Filling up the DagBag from /opt/airflow/dags/example_dag.py
[2025-12-21T17:22:44.493+0000] {processor.py:840} INFO - DAG(s) 'example_dag' retrieved from /opt/airflow/dags/example_dag.py
[2025-12-21T17:22:44.517+0000] {logging_mixin.py:188} INFO - [2025-12-21T17:22:44.517+0000] {dag.py:3033} INFO - Sync 1 DAGs
[2025-12-21T17:22:44.531+0000] {logging_mixin.py:188} INFO - [2025-12-21T17:22:44.531+0000] {dag.py:3820} INFO - Setting next_dagrun for example_dag to 2025-12-20T00:00:00+00:00, run_after=2025-12-21T00:00:00+00:00
[2025-12-21T17:22:44.542+0000] {processor.py:183} INFO - Processing /opt/airflow/dags/example_dag.py took 0.063 seconds
[2025-12-21T17:26:16.060+0000] {processor.py:161} INFO - Started process (PID=32) to work on /opt/airflow/dags/example_dag.py
[2025-12-21T17:26:16.061+0000] {processor.py:830} INFO - Processing file /opt/airflow/dags/example_dag.py for tasks to queue
[2025-12-21T17:26:16.062+0000] {logging_mixin.py:188} INFO - [2025-12-21T17:26:16.062+0000] {dagbag.py:538} INFO - Filling up the DagBag from /opt/airflow/dags/example_dag.py
[2025-12-21T17:26:16.070+0000] {processor.py:840} INFO - DAG(s) 'example_dag' retrieved from /opt/airflow/dags/example_dag.py
[2025-12-21T17:26:16.082+0000] {logging_mixin.py:188} INFO - [2025-12-21T17:26:16.082+0000] {dag.py:3033} INFO - Sync 1 DAGs
[2025-12-21T17:26:16.097+0000] {logging_mixin.py:188} INFO - [2025-12-21T17:26:16.097+0000] {dag.py:3820} INFO - Setting next_dagrun for example_dag to 2025-12-20T00:00:00+00:00, run_after=2025-12-21T00:00:00+00:00
[2025-12-21T17:26:16.110+0000] {processor.py:183} INFO - Processing /opt/airflow/dags/example_dag.py took 0.052 seconds
[2025-12-21T17:26:46.927+0000] {processor.py:161} INFO - Started process (PID=42) to work on /opt/airflow/dags/example_dag.py
[2025-12-21T17:26:46.929+0000] {processor.py:830} INFO - Processing file /opt/airflow/dags/example_dag.py for tasks to queue
[2025-12-21T17:26:46.929+0000] {logging_mixin.py:188} INFO - [2025-12-21T17:26:46.929+0000] {dagbag.py:538} INFO - Filling up the DagBag from /opt/airflow/dags/example_dag.py
[2025-12-21T17:26:46.937+0000] {processor.py:840} INFO - DAG(s) 'example_dag' retrieved from /opt/airflow/dags/example_dag.py
[2025-12-21T17:26:47.019+0000] {logging_mixin.py:188} INFO - [2025-12-21T17:26:47.019+0000] {dag.py:3033} INFO - Sync 1 DAGs
[2025-12-21T17:26:47.033+0000] {logging_mixin.py:188} INFO - [2025-12-21T17:26:47.033+0000] {dag.py:3820} INFO - Setting next_dagrun for example_dag to 2025-12-20T00:00:00+00:00, run_after=2025-12-21T00:00:00+00:00
[2025-12-21T17:26:47.046+0000] {processor.py:183} INFO - Processing /opt/airflow/dags/example_dag.py took 0.121 seconds
[2025-12-21T17:27:17.344+0000] {processor.py:161} INFO - Started process (PID=52) to work on /opt/airflow/dags/example_dag.py
[2025-12-21T17:27:17.345+0000] {processor.py:830} INFO - Processing file /opt/airflow/dags/example_dag.py for tasks to queue
[2025-12-21T17:27:17.345+0000] {logging_mixin.py:188} INFO - [2025-12-21T17:27:17.345+0000] {dagbag.py:538} INFO - Filling up the DagBag from /opt/airflow/dags/example_dag.py
[2025-12-21T17:27:17.352+0000] {processor.py:840} INFO - DAG(s) 'example_dag' retrieved from /opt/airflow/dags/example_dag.py
[2025-12-21T17:27:17.370+0000] {logging_mixin.py:188} INFO - [2025-12-21T17:27:17.370+0000] {dag.py:3033} INFO - Sync 1 DAGs
[2025-12-21T17:27:17.383+0000] {logging_mixin.py:188} INFO - [2025-12-21T17:27:17.383+0000] {dag.py:3820} INFO - Setting next_dagrun for example_dag to 2025-12-20T00:00:00+00:00, run_after=2025-12-21T00:00:00+00:00
[2025-12-21T17:27:17.393+0000] {processor.py:183} INFO - Processing /opt/airflow/dags/example_dag.py took 0.052 seconds
[2025-12-21T17:27:47.885+0000] {processor.py:161} INFO - Started process (PID=62) to work on /opt/airflow/dags/example_dag.py
[2025-12-21T17:27:47.886+0000] {processor.py:830} INFO - Processing file /opt/airflow/dags/example_dag.py for tasks to queue
[2025-12-21T17:27:47.887+0000] {logging_mixin.py:188} INFO - [2025-12-21T17:27:47.887+0000] {dagbag.py:538} INFO - Filling up the DagBag from /opt/airflow/dags/example_dag.py
[2025-12-21T17:27:47.904+0000] {processor.py:840} INFO - DAG(s) 'example_dag' retrieved from /opt/airflow/dags/example_dag.py
[2025-12-21T17:27:47.927+0000] {logging_mixin.py:188} INFO - [2025-12-21T17:27:47.927+0000] {dag.py:3033} INFO - Sync 1 DAGs
[2025-12-21T17:27:47.947+0000] {logging_mixin.py:188} INFO - [2025-12-21T17:27:47.947+0000] {dag.py:3820} INFO - Setting next_dagrun for example_dag to 2025-12-20T00:00:00+00:00, run_after=2025-12-21T00:00:00+00:00
[2025-12-21T17:27:47.961+0000] {processor.py:183} INFO - Processing /opt/airflow/dags/example_dag.py took 0.078 seconds
[2025-12-21T17:28:18.271+0000] {processor.py:161} INFO - Started process (PID=72) to work on /opt/airflow/dags/example_dag.py
[2025-12-21T17:28:18.272+0000] {processor.py:830} INFO - Processing file /opt/airflow/dags/example_dag.py for tasks to queue
[2025-12-21T17:28:18.274+0000] {logging_mixin.py:188} INFO - [2025-12-21T17:28:18.274+0000] {dagbag.py:538} INFO - Filling up the DagBag from /opt/airflow/dags/example_dag.py
[2025-12-21T17:28:18.282+0000] {processor.py:840} INFO - DAG(s) 'example_dag' retrieved from /opt/airflow/dags/example_dag.py
[2025-12-21T17:28:18.301+0000] {logging_mixin.py:188} INFO - [2025-12-21T17:28:18.301+0000] {dag.py:3033} INFO - Sync 1 DAGs
[2025-12-21T17:28:18.313+0000] {logging_mixin.py:188} INFO - [2025-12-21T17:28:18.313+0000] {dag.py:3820} INFO - Setting next_dagrun for example_dag to 2025-12-20T00:00:00+00:00, run_after=2025-12-21T00:00:00+00:00
[2025-12-21T17:28:18.323+0000] {processor.py:183} INFO - Processing /opt/airflow/dags/example_dag.py took 0.055 seconds
[2025-12-21T17:28:48.616+0000] {processor.py:161} INFO - Started process (PID=82) to work on /opt/airflow/dags/example_dag.py
[2025-12-21T17:28:48.616+0000] {processor.py:830} INFO - Processing file /opt/airflow/dags/example_dag.py for tasks to queue
[2025-12-21T17:28:48.617+0000] {logging_mixin.py:188} INFO - [2025-12-21T17:28:48.617+0000] {dagbag.py:538} INFO - Filling up the DagBag from /opt/airflow/dags/example_dag.py
[2025-12-21T17:28:48.624+0000] {processor.py:840} INFO - DAG(s) 'example_dag' retrieved from /opt/airflow/dags/example_dag.py
[2025-12-21T17:28:48.647+0000] {logging_mixin.py:188} INFO - [2025-12-21T17:28:48.647+0000] {dag.py:3033} INFO - Sync 1 DAGs
[2025-12-21T17:28:48.663+0000] {logging_mixin.py:188} INFO - [2025-12-21T17:28:48.663+0000] {dag.py:3820} INFO - Setting next_dagrun for example_dag to 2025-12-20T00:00:00+00:00, run_after=2025-12-21T00:00:00+00:00
[2025-12-21T17:28:48.674+0000] {processor.py:183} INFO - Processing /opt/airflow/dags/example_dag.py took 0.061 seconds
[2025-12-21T17:29:19.079+0000] {processor.py:161} INFO - Started process (PID=92) to work on /opt/airflow/dags/example_dag.py
[2025-12-21T17:29:19.080+0000] {processor.py:830} INFO - Processing file /opt/airflow/dags/example_dag.py for tasks to queue
[2025-12-21T17:29:19.080+0000] {logging_mixin.py:188} INFO - [2025-12-21T17:29:19.080+0000] {dagbag.py:538} INFO - Filling up the DagBag from /opt/airflow/dags/example_dag.py
[2025-12-21T17:29:19.089+0000] {processor.py:840} INFO - DAG(s) 'example_dag' retrieved from /opt/airflow/dags/example_dag.py
[2025-12-21T17:29:19.115+0000] {logging_mixin.py:188} INFO - [2025-12-21T17:29:19.115+0000] {dag.py:3033} INFO - Sync 1 DAGs
[2025-12-21T17:29:19.130+0000] {logging_mixin.py:188} INFO - [2025-12-21T17:29:19.130+0000] {dag.py:3820} INFO - Setting next_dagrun for example_dag to 2025-12-20T00:00:00+00:00, run_after=2025-12-21T00:00:00+00:00
[2025-12-21T17:29:19.144+0000] {processor.py:183} INFO - Processing /opt/airflow/dags/example_dag.py took 0.067 seconds
[2025-12-21T17:29:49.542+0000] {processor.py:161} INFO - Started process (PID=102) to work on /opt/airflow/dags/example_dag.py
[2025-12-21T17:29:49.542+0000] {processor.py:830} INFO - Processing file /opt/airflow/dags/example_dag.py for tasks to queue
[2025-12-21T17:29:49.543+0000] {logging_mixin.py:188} INFO - [2025-12-21T17:29:49.543+0000] {dagbag.py:538} INFO - Filling up the DagBag from /opt/airflow/dags/example_dag.py
[2025-12-21T17:29:49.550+0000] {processor.py:840} INFO - DAG(s) 'example_dag' retrieved from /opt/airflow/dags/example_dag.py
[2025-12-21T17:29:49.569+0000] {logging_mixin.py:188} INFO - [2025-12-21T17:29:49.568+0000] {dag.py:3033} INFO - Sync 1 DAGs
[2025-12-21T17:29:49.583+0000] {logging_mixin.py:188} INFO - [2025-12-21T17:29:49.583+0000] {dag.py:3820} INFO - Setting next_dagrun for example_dag to 2025-12-20T00:00:00+00:00, run_after=2025-12-21T00:00:00+00:00
[2025-12-21T17:29:49.597+0000] {processor.py:183} INFO - Processing /opt/airflow/dags/example_dag.py took 0.057 seconds
[2025-12-21T17:30:20.026+0000] {processor.py:161} INFO - Started process (PID=105) to work on /opt/airflow/dags/example_dag.py
[2025-12-21T17:30:20.027+0000] {processor.py:830} INFO - Processing file /opt/airflow/dags/example_dag.py for tasks to queue
[2025-12-21T17:30:20.028+0000] {logging_mixin.py:188} INFO - [2025-12-21T17:30:20.028+0000] {dagbag.py:538} INFO - Filling up the DagBag from /opt/airflow/dags/example_dag.py
[2025-12-21T17:30:20.035+0000] {processor.py:840} INFO - DAG(s) 'example_dag' retrieved from /opt/airflow/dags/example_dag.py
[2025-12-21T17:30:20.059+0000] {logging_mixin.py:188} INFO - [2025-12-21T17:30:20.058+0000] {dag.py:3033} INFO - Sync 1 DAGs
[2025-12-21T17:30:20.074+0000] {logging_mixin.py:188} INFO - [2025-12-21T17:30:20.074+0000] {dag.py:3820} INFO - Setting next_dagrun for example_dag to 2025-12-20T00:00:00+00:00, run_after=2025-12-21T00:00:00+00:00
[2025-12-21T17:30:20.090+0000] {processor.py:183} INFO - Processing /opt/airflow/dags/example_dag.py took 0.067 seconds
[2025-12-21T17:30:50.589+0000] {processor.py:161} INFO - Started process (PID=115) to work on /opt/airflow/dags/example_dag.py
[2025-12-21T17:30:50.590+0000] {processor.py:830} INFO - Processing file /opt/airflow/dags/example_dag.py for tasks to queue
[2025-12-21T17:30:50.590+0000] {logging_mixin.py:188} INFO - [2025-12-21T17:30:50.590+0000] {dagbag.py:538} INFO - Filling up the DagBag from /opt/airflow/dags/example_dag.py
[2025-12-21T17:30:50.599+0000] {processor.py:840} INFO - DAG(s) 'example_dag' retrieved from /opt/airflow/dags/example_dag.py
[2025-12-21T17:30:50.622+0000] {logging_mixin.py:188} INFO - [2025-12-21T17:30:50.622+0000] {dag.py:3033} INFO - Sync 1 DAGs
[2025-12-21T17:30:50.638+0000] {logging_mixin.py:188} INFO - [2025-12-21T17:30:50.638+0000] {dag.py:3820} INFO - Setting next_dagrun for example_dag to 2025-12-20T00:00:00+00:00, run_after=2025-12-21T00:00:00+00:00
[2025-12-21T17:30:50.651+0000] {processor.py:183} INFO - Processing /opt/airflow/dags/example_dag.py took 0.064 seconds
[2025-12-21T17:31:21.146+0000] {processor.py:161} INFO - Started process (PID=125) to work on /opt/airflow/dags/example_dag.py
[2025-12-21T17:31:21.147+0000] {processor.py:830} INFO - Processing file /opt/airflow/dags/example_dag.py for tasks to queue
[2025-12-21T17:31:21.148+0000] {logging_mixin.py:188} INFO - [2025-12-21T17:31:21.148+0000] {dagbag.py:538} INFO - Filling up the DagBag from /opt/airflow/dags/example_dag.py
[2025-12-21T17:31:21.156+0000] {processor.py:840} INFO - DAG(s) 'example_dag' retrieved from /opt/airflow/dags/example_dag.py
[2025-12-21T17:31:21.179+0000] {logging_mixin.py:188} INFO - [2025-12-21T17:31:21.178+0000] {dag.py:3033} INFO - Sync 1 DAGs
[2025-12-21T17:31:21.193+0000] {logging_mixin.py:188} INFO - [2025-12-21T17:31:21.193+0000] {dag.py:3820} INFO - Setting next_dagrun for example_dag to 2025-12-20T00:00:00+00:00, run_after=2025-12-21T00:00:00+00:00
[2025-12-21T17:31:21.205+0000] {processor.py:183} INFO - Processing /opt/airflow/dags/example_dag.py took 0.061 seconds
[2025-12-21T17:31:51.571+0000] {processor.py:161} INFO - Started process (PID=135) to work on /opt/airflow/dags/example_dag.py
[2025-12-21T17:31:51.572+0000] {processor.py:830} INFO - Processing file /opt/airflow/dags/example_dag.py for tasks to queue
[2025-12-21T17:31:51.573+0000] {logging_mixin.py:188} INFO - [2025-12-21T17:31:51.573+0000] {dagbag.py:538} INFO - Filling up the DagBag from /opt/airflow/dags/example_dag.py
[2025-12-21T17:31:51.580+0000] {processor.py:840} INFO - DAG(s) 'example_dag' retrieved from /opt/airflow/dags/example_dag.py
[2025-12-21T17:31:51.601+0000] {logging_mixin.py:188} INFO - [2025-12-21T17:31:51.601+0000] {dag.py:3033} INFO - Sync 1 DAGs
[2025-12-21T17:31:51.616+0000] {logging_mixin.py:188} INFO - [2025-12-21T17:31:51.616+0000] {dag.py:3820} INFO - Setting next_dagrun for example_dag to 2025-12-20T00:00:00+00:00, run_after=2025-12-21T00:00:00+00:00
[2025-12-21T17:31:51.627+0000] {processor.py:183} INFO - Processing /opt/airflow/dags/example_dag.py took 0.059 seconds
[2025-12-21T17:32:22.094+0000] {processor.py:161} INFO - Started process (PID=145) to work on /opt/airflow/dags/example_dag.py
[2025-12-21T17:32:22.095+0000] {processor.py:830} INFO - Processing file /opt/airflow/dags/example_dag.py for tasks to queue
[2025-12-21T17:32:22.095+0000] {logging_mixin.py:188} INFO - [2025-12-21T17:32:22.095+0000] {dagbag.py:538} INFO - Filling up the DagBag from /opt/airflow/dags/example_dag.py
[2025-12-21T17:32:22.102+0000] {processor.py:840} INFO - DAG(s) 'example_dag' retrieved from /opt/airflow/dags/example_dag.py
[2025-12-21T17:32:22.122+0000] {logging_mixin.py:188} INFO - [2025-12-21T17:32:22.122+0000] {dag.py:3033} INFO - Sync 1 DAGs
[2025-12-21T17:32:22.135+0000] {logging_mixin.py:188} INFO - [2025-12-21T17:32:22.135+0000] {dag.py:3820} INFO - Setting next_dagrun for example_dag to 2025-12-20T00:00:00+00:00, run_after=2025-12-21T00:00:00+00:00
[2025-12-21T17:32:22.145+0000] {processor.py:183} INFO - Processing /opt/airflow/dags/example_dag.py took 0.053 seconds
[2025-12-21T17:32:52.525+0000] {processor.py:161} INFO - Started process (PID=155) to work on /opt/airflow/dags/example_dag.py
[2025-12-21T17:32:52.526+0000] {processor.py:830} INFO - Processing file /opt/airflow/dags/example_dag.py for tasks to queue
[2025-12-21T17:32:52.527+0000] {logging_mixin.py:188} INFO - [2025-12-21T17:32:52.527+0000] {dagbag.py:538} INFO - Filling up the DagBag from /opt/airflow/dags/example_dag.py
[2025-12-21T17:32:52.537+0000] {processor.py:840} INFO - DAG(s) 'example_dag' retrieved from /opt/airflow/dags/example_dag.py
[2025-12-21T17:32:52.563+0000] {logging_mixin.py:188} INFO - [2025-12-21T17:32:52.563+0000] {dag.py:3033} INFO - Sync 1 DAGs
[2025-12-21T17:32:52.579+0000] {logging_mixin.py:188} INFO - [2025-12-21T17:32:52.579+0000] {dag.py:3820} INFO - Setting next_dagrun for example_dag to 2025-12-20T00:00:00+00:00, run_after=2025-12-21T00:00:00+00:00
[2025-12-21T17:32:52.592+0000] {processor.py:183} INFO - Processing /opt/airflow/dags/example_dag.py took 0.069 seconds
[2025-12-21T17:33:23.128+0000] {processor.py:161} INFO - Started process (PID=165) to work on /opt/airflow/dags/example_dag.py
[2025-12-21T17:33:23.129+0000] {processor.py:830} INFO - Processing file /opt/airflow/dags/example_dag.py for tasks to queue
[2025-12-21T17:33:23.130+0000] {logging_mixin.py:188} INFO - [2025-12-21T17:33:23.130+0000] {dagbag.py:538} INFO - Filling up the DagBag from /opt/airflow/dags/example_dag.py
[2025-12-21T17:33:23.137+0000] {processor.py:840} INFO - DAG(s) 'example_dag' retrieved from /opt/airflow/dags/example_dag.py
[2025-12-21T17:33:23.158+0000] {logging_mixin.py:188} INFO - [2025-12-21T17:33:23.158+0000] {dag.py:3033} INFO - Sync 1 DAGs
[2025-12-21T17:33:23.170+0000] {logging_mixin.py:188} INFO - [2025-12-21T17:33:23.169+0000] {dag.py:3820} INFO - Setting next_dagrun for example_dag to 2025-12-20T00:00:00+00:00, run_after=2025-12-21T00:00:00+00:00
[2025-12-21T17:33:23.179+0000] {processor.py:183} INFO - Processing /opt/airflow/dags/example_dag.py took 0.052 seconds
[2025-12-21T17:33:53.638+0000] {processor.py:161} INFO - Started process (PID=175) to work on /opt/airflow/dags/example_dag.py
[2025-12-21T17:33:53.640+0000] {processor.py:830} INFO - Processing file /opt/airflow/dags/example_dag.py for tasks to queue
[2025-12-21T17:33:53.640+0000] {logging_mixin.py:188} INFO - [2025-12-21T17:33:53.640+0000] {dagbag.py:538} INFO - Filling up the DagBag from /opt/airflow/dags/example_dag.py
[2025-12-21T17:33:53.649+0000] {processor.py:840} INFO - DAG(s) 'example_dag' retrieved from /opt/airflow/dags/example_dag.py
[2025-12-21T17:33:53.678+0000] {logging_mixin.py:188} INFO - [2025-12-21T17:33:53.677+0000] {dag.py:3033} INFO - Sync 1 DAGs
[2025-12-21T17:33:53.694+0000] {logging_mixin.py:188} INFO - [2025-12-21T17:33:53.694+0000] {dag.py:3820} INFO - Setting next_dagrun for example_dag to 2025-12-20T00:00:00+00:00, run_after=2025-12-21T00:00:00+00:00
[2025-12-21T17:33:53.709+0000] {processor.py:183} INFO - Processing /opt/airflow/dags/example_dag.py took 0.073 seconds
[2025-12-21T17:34:24.159+0000] {processor.py:161} INFO - Started process (PID=188) to work on /opt/airflow/dags/example_dag.py
[2025-12-21T17:34:24.161+0000] {processor.py:830} INFO - Processing file /opt/airflow/dags/example_dag.py for tasks to queue
[2025-12-21T17:34:24.162+0000] {logging_mixin.py:188} INFO - [2025-12-21T17:34:24.162+0000] {dagbag.py:538} INFO - Filling up the DagBag from /opt/airflow/dags/example_dag.py
[2025-12-21T17:34:24.179+0000] {processor.py:840} INFO - DAG(s) 'example_dag' retrieved from /opt/airflow/dags/example_dag.py
[2025-12-21T17:34:24.212+0000] {logging_mixin.py:188} INFO - [2025-12-21T17:34:24.211+0000] {dag.py:3033} INFO - Sync 1 DAGs
[2025-12-21T17:34:24.232+0000] {logging_mixin.py:188} INFO - [2025-12-21T17:34:24.232+0000] {dag.py:3820} INFO - Setting next_dagrun for example_dag to 2025-12-20T00:00:00+00:00, run_after=2025-12-21T00:00:00+00:00
[2025-12-21T17:34:24.246+0000] {processor.py:183} INFO - Processing /opt/airflow/dags/example_dag.py took 0.094 seconds
[2025-12-21T17:34:54.565+0000] {processor.py:161} INFO - Started process (PID=198) to work on /opt/airflow/dags/example_dag.py
[2025-12-21T17:34:54.566+0000] {processor.py:830} INFO - Processing file /opt/airflow/dags/example_dag.py for tasks to queue
[2025-12-21T17:34:54.567+0000] {logging_mixin.py:188} INFO - [2025-12-21T17:34:54.567+0000] {dagbag.py:538} INFO - Filling up the DagBag from /opt/airflow/dags/example_dag.py
[2025-12-21T17:34:54.576+0000] {processor.py:840} INFO - DAG(s) 'example_dag' retrieved from /opt/airflow/dags/example_dag.py
[2025-12-21T17:34:54.600+0000] {logging_mixin.py:188} INFO - [2025-12-21T17:34:54.600+0000] {dag.py:3033} INFO - Sync 1 DAGs
[2025-12-21T17:34:54.617+0000] {logging_mixin.py:188} INFO - [2025-12-21T17:34:54.617+0000] {dag.py:3820} INFO - Setting next_dagrun for example_dag to 2025-12-20T00:00:00+00:00, run_after=2025-12-21T00:00:00+00:00
[2025-12-21T17:34:54.629+0000] {processor.py:183} INFO - Processing /opt/airflow/dags/example_dag.py took 0.069 seconds
[2025-12-21T17:35:24.975+0000] {processor.py:161} INFO - Started process (PID=209) to work on /opt/airflow/dags/example_dag.py
[2025-12-21T17:35:24.976+0000] {processor.py:830} INFO - Processing file /opt/airflow/dags/example_dag.py for tasks to queue
[2025-12-21T17:35:24.977+0000] {logging_mixin.py:188} INFO - [2025-12-21T17:35:24.977+0000] {dagbag.py:538} INFO - Filling up the DagBag from /opt/airflow/dags/example_dag.py
[2025-12-21T17:35:24.990+0000] {processor.py:840} INFO - DAG(s) 'example_dag' retrieved from /opt/airflow/dags/example_dag.py
[2025-12-21T17:35:25.022+0000] {logging_mixin.py:188} INFO - [2025-12-21T17:35:25.021+0000] {dag.py:3033} INFO - Sync 1 DAGs
[2025-12-21T17:35:25.038+0000] {logging_mixin.py:188} INFO - [2025-12-21T17:35:25.038+0000] {dag.py:3820} INFO - Setting next_dagrun for example_dag to 2025-12-20T00:00:00+00:00, run_after=2025-12-21T00:00:00+00:00
[2025-12-21T17:35:25.052+0000] {processor.py:183} INFO - Processing /opt/airflow/dags/example_dag.py took 0.082 seconds
[2025-12-21T17:38:52.142+0000] {processor.py:161} INFO - Started process (PID=32) to work on /opt/airflow/dags/example_dag.py
[2025-12-21T17:38:52.143+0000] {processor.py:830} INFO - Processing file /opt/airflow/dags/example_dag.py for tasks to queue
[2025-12-21T17:38:52.144+0000] {logging_mixin.py:188} INFO - [2025-12-21T17:38:52.144+0000] {dagbag.py:538} INFO - Filling up the DagBag from /opt/airflow/dags/example_dag.py
[2025-12-21T17:38:52.152+0000] {processor.py:840} INFO - DAG(s) 'example_dag' retrieved from /opt/airflow/dags/example_dag.py
[2025-12-21T17:38:52.163+0000] {logging_mixin.py:188} INFO - [2025-12-21T17:38:52.163+0000] {dag.py:3033} INFO - Sync 1 DAGs
[2025-12-21T17:38:52.178+0000] {logging_mixin.py:188} INFO - [2025-12-21T17:38:52.178+0000] {dag.py:3820} INFO - Setting next_dagrun for example_dag to 2025-12-20T00:00:00+00:00, run_after=2025-12-21T00:00:00+00:00
[2025-12-21T17:38:52.190+0000] {processor.py:183} INFO - Processing /opt/airflow/dags/example_dag.py took 0.051 seconds
[2025-12-21T17:39:22.572+0000] {processor.py:161} INFO - Started process (PID=42) to work on /opt/airflow/dags/example_dag.py
[2025-12-21T17:39:22.573+0000] {processor.py:830} INFO - Processing file /opt/airflow/dags/example_dag.py for tasks to queue
[2025-12-21T17:39:22.574+0000] {logging_mixin.py:188} INFO - [2025-12-21T17:39:22.574+0000] {dagbag.py:538} INFO - Filling up the DagBag from /opt/airflow/dags/example_dag.py
[2025-12-21T17:39:22.581+0000] {processor.py:840} INFO - DAG(s) 'example_dag' retrieved from /opt/airflow/dags/example_dag.py
[2025-12-21T17:39:22.643+0000] {logging_mixin.py:188} INFO - [2025-12-21T17:39:22.643+0000] {dag.py:3033} INFO - Sync 1 DAGs
[2025-12-21T17:39:22.662+0000] {logging_mixin.py:188} INFO - [2025-12-21T17:39:22.662+0000] {dag.py:3820} INFO - Setting next_dagrun for example_dag to 2025-12-20T00:00:00+00:00, run_after=2025-12-21T00:00:00+00:00
[2025-12-21T17:39:22.691+0000] {processor.py:183} INFO - Processing /opt/airflow/dags/example_dag.py took 0.121 seconds
[2025-12-21T17:39:53.115+0000] {processor.py:161} INFO - Started process (PID=52) to work on /opt/airflow/dags/example_dag.py
[2025-12-21T17:39:53.116+0000] {processor.py:830} INFO - Processing file /opt/airflow/dags/example_dag.py for tasks to queue
[2025-12-21T17:39:53.116+0000] {logging_mixin.py:188} INFO - [2025-12-21T17:39:53.116+0000] {dagbag.py:538} INFO - Filling up the DagBag from /opt/airflow/dags/example_dag.py
[2025-12-21T17:39:53.123+0000] {processor.py:840} INFO - DAG(s) 'example_dag' retrieved from /opt/airflow/dags/example_dag.py
[2025-12-21T17:39:53.147+0000] {logging_mixin.py:188} INFO - [2025-12-21T17:39:53.147+0000] {dag.py:3033} INFO - Sync 1 DAGs
[2025-12-21T17:39:53.164+0000] {logging_mixin.py:188} INFO - [2025-12-21T17:39:53.164+0000] {dag.py:3820} INFO - Setting next_dagrun for example_dag to 2025-12-20T00:00:00+00:00, run_after=2025-12-21T00:00:00+00:00
[2025-12-21T17:39:53.178+0000] {processor.py:183} INFO - Processing /opt/airflow/dags/example_dag.py took 0.065 seconds
[2025-12-21T17:40:23.490+0000] {processor.py:161} INFO - Started process (PID=62) to work on /opt/airflow/dags/example_dag.py
[2025-12-21T17:40:23.491+0000] {processor.py:830} INFO - Processing file /opt/airflow/dags/example_dag.py for tasks to queue
[2025-12-21T17:40:23.492+0000] {logging_mixin.py:188} INFO - [2025-12-21T17:40:23.492+0000] {dagbag.py:538} INFO - Filling up the DagBag from /opt/airflow/dags/example_dag.py
[2025-12-21T17:40:23.499+0000] {processor.py:840} INFO - DAG(s) 'example_dag' retrieved from /opt/airflow/dags/example_dag.py
[2025-12-21T17:40:23.521+0000] {logging_mixin.py:188} INFO - [2025-12-21T17:40:23.520+0000] {dag.py:3033} INFO - Sync 1 DAGs
[2025-12-21T17:40:23.538+0000] {logging_mixin.py:188} INFO - [2025-12-21T17:40:23.538+0000] {dag.py:3820} INFO - Setting next_dagrun for example_dag to 2025-12-20T00:00:00+00:00, run_after=2025-12-21T00:00:00+00:00
[2025-12-21T17:40:23.549+0000] {processor.py:183} INFO - Processing /opt/airflow/dags/example_dag.py took 0.061 seconds
[2025-12-21T17:40:53.874+0000] {processor.py:161} INFO - Started process (PID=72) to work on /opt/airflow/dags/example_dag.py
[2025-12-21T17:40:53.875+0000] {processor.py:830} INFO - Processing file /opt/airflow/dags/example_dag.py for tasks to queue
[2025-12-21T17:40:53.876+0000] {logging_mixin.py:188} INFO - [2025-12-21T17:40:53.876+0000] {dagbag.py:538} INFO - Filling up the DagBag from /opt/airflow/dags/example_dag.py
[2025-12-21T17:40:53.887+0000] {processor.py:840} INFO - DAG(s) 'example_dag' retrieved from /opt/airflow/dags/example_dag.py
[2025-12-21T17:40:53.911+0000] {logging_mixin.py:188} INFO - [2025-12-21T17:40:53.911+0000] {dag.py:3033} INFO - Sync 1 DAGs
[2025-12-21T17:40:53.928+0000] {logging_mixin.py:188} INFO - [2025-12-21T17:40:53.928+0000] {dag.py:3820} INFO - Setting next_dagrun for example_dag to 2025-12-20T00:00:00+00:00, run_after=2025-12-21T00:00:00+00:00
[2025-12-21T17:40:53.941+0000] {processor.py:183} INFO - Processing /opt/airflow/dags/example_dag.py took 0.070 seconds
[2025-12-21T17:41:24.209+0000] {processor.py:161} INFO - Started process (PID=82) to work on /opt/airflow/dags/example_dag.py
[2025-12-21T17:41:24.210+0000] {processor.py:830} INFO - Processing file /opt/airflow/dags/example_dag.py for tasks to queue
[2025-12-21T17:41:24.210+0000] {logging_mixin.py:188} INFO - [2025-12-21T17:41:24.210+0000] {dagbag.py:538} INFO - Filling up the DagBag from /opt/airflow/dags/example_dag.py
[2025-12-21T17:41:24.217+0000] {processor.py:840} INFO - DAG(s) 'example_dag' retrieved from /opt/airflow/dags/example_dag.py
[2025-12-21T17:41:24.238+0000] {logging_mixin.py:188} INFO - [2025-12-21T17:41:24.238+0000] {dag.py:3033} INFO - Sync 1 DAGs
[2025-12-21T17:41:24.254+0000] {logging_mixin.py:188} INFO - [2025-12-21T17:41:24.253+0000] {dag.py:3820} INFO - Setting next_dagrun for example_dag to 2025-12-20T00:00:00+00:00, run_after=2025-12-21T00:00:00+00:00
[2025-12-21T17:41:24.266+0000] {processor.py:183} INFO - Processing /opt/airflow/dags/example_dag.py took 0.059 seconds
[2025-12-21T17:41:54.665+0000] {processor.py:161} INFO - Started process (PID=92) to work on /opt/airflow/dags/example_dag.py
[2025-12-21T17:41:54.666+0000] {processor.py:830} INFO - Processing file /opt/airflow/dags/example_dag.py for tasks to queue
[2025-12-21T17:41:54.667+0000] {logging_mixin.py:188} INFO - [2025-12-21T17:41:54.666+0000] {dagbag.py:538} INFO - Filling up the DagBag from /opt/airflow/dags/example_dag.py
[2025-12-21T17:41:54.674+0000] {processor.py:840} INFO - DAG(s) 'example_dag' retrieved from /opt/airflow/dags/example_dag.py
[2025-12-21T17:41:54.699+0000] {logging_mixin.py:188} INFO - [2025-12-21T17:41:54.699+0000] {dag.py:3033} INFO - Sync 1 DAGs
[2025-12-21T17:41:54.716+0000] {logging_mixin.py:188} INFO - [2025-12-21T17:41:54.716+0000] {dag.py:3820} INFO - Setting next_dagrun for example_dag to 2025-12-20T00:00:00+00:00, run_after=2025-12-21T00:00:00+00:00
[2025-12-21T17:41:54.728+0000] {processor.py:183} INFO - Processing /opt/airflow/dags/example_dag.py took 0.065 seconds
[2025-12-21T17:42:25.105+0000] {processor.py:161} INFO - Started process (PID=102) to work on /opt/airflow/dags/example_dag.py
[2025-12-21T17:42:25.106+0000] {processor.py:830} INFO - Processing file /opt/airflow/dags/example_dag.py for tasks to queue
[2025-12-21T17:42:25.106+0000] {logging_mixin.py:188} INFO - [2025-12-21T17:42:25.106+0000] {dagbag.py:538} INFO - Filling up the DagBag from /opt/airflow/dags/example_dag.py
[2025-12-21T17:42:25.113+0000] {processor.py:840} INFO - DAG(s) 'example_dag' retrieved from /opt/airflow/dags/example_dag.py
[2025-12-21T17:42:25.136+0000] {logging_mixin.py:188} INFO - [2025-12-21T17:42:25.136+0000] {dag.py:3033} INFO - Sync 1 DAGs
[2025-12-21T17:42:25.205+0000] {logging_mixin.py:188} INFO - [2025-12-21T17:42:25.201+0000] {dag.py:3820} INFO - Setting next_dagrun for example_dag to 2025-12-20T00:00:00+00:00, run_after=2025-12-21T00:00:00+00:00
[2025-12-21T17:42:25.224+0000] {processor.py:183} INFO - Processing /opt/airflow/dags/example_dag.py took 0.121 seconds
[2025-12-21T17:42:55.632+0000] {processor.py:161} INFO - Started process (PID=111) to work on /opt/airflow/dags/example_dag.py
[2025-12-21T17:42:55.633+0000] {processor.py:830} INFO - Processing file /opt/airflow/dags/example_dag.py for tasks to queue
[2025-12-21T17:42:55.634+0000] {logging_mixin.py:188} INFO - [2025-12-21T17:42:55.633+0000] {dagbag.py:538} INFO - Filling up the DagBag from /opt/airflow/dags/example_dag.py
[2025-12-21T17:42:55.659+0000] {processor.py:840} INFO - DAG(s) 'example_dag' retrieved from /opt/airflow/dags/example_dag.py
[2025-12-21T17:42:55.708+0000] {logging_mixin.py:188} INFO - [2025-12-21T17:42:55.708+0000] {dag.py:3033} INFO - Sync 1 DAGs
[2025-12-21T17:42:55.738+0000] {logging_mixin.py:188} INFO - [2025-12-21T17:42:55.738+0000] {dag.py:3820} INFO - Setting next_dagrun for example_dag to 2025-12-20T00:00:00+00:00, run_after=2025-12-21T00:00:00+00:00
[2025-12-21T17:42:55.753+0000] {processor.py:183} INFO - Processing /opt/airflow/dags/example_dag.py took 0.125 seconds
[2025-12-21T17:43:26.219+0000] {processor.py:161} INFO - Started process (PID=115) to work on /opt/airflow/dags/example_dag.py
[2025-12-21T17:43:26.220+0000] {processor.py:830} INFO - Processing file /opt/airflow/dags/example_dag.py for tasks to queue
[2025-12-21T17:43:26.221+0000] {logging_mixin.py:188} INFO - [2025-12-21T17:43:26.221+0000] {dagbag.py:538} INFO - Filling up the DagBag from /opt/airflow/dags/example_dag.py
[2025-12-21T17:43:26.228+0000] {processor.py:840} INFO - DAG(s) 'example_dag' retrieved from /opt/airflow/dags/example_dag.py
[2025-12-21T17:43:26.248+0000] {logging_mixin.py:188} INFO - [2025-12-21T17:43:26.248+0000] {dag.py:3033} INFO - Sync 1 DAGs
[2025-12-21T17:43:26.262+0000] {logging_mixin.py:188} INFO - [2025-12-21T17:43:26.262+0000] {dag.py:3820} INFO - Setting next_dagrun for example_dag to 2025-12-20T00:00:00+00:00, run_after=2025-12-21T00:00:00+00:00
[2025-12-21T17:43:26.273+0000] {processor.py:183} INFO - Processing /opt/airflow/dags/example_dag.py took 0.056 seconds
[2025-12-21T17:43:56.996+0000] {processor.py:161} INFO - Started process (PID=125) to work on /opt/airflow/dags/example_dag.py
[2025-12-21T17:43:56.997+0000] {processor.py:830} INFO - Processing file /opt/airflow/dags/example_dag.py for tasks to queue
[2025-12-21T17:43:56.997+0000] {logging_mixin.py:188} INFO - [2025-12-21T17:43:56.997+0000] {dagbag.py:538} INFO - Filling up the DagBag from /opt/airflow/dags/example_dag.py
[2025-12-21T17:43:57.004+0000] {processor.py:840} INFO - DAG(s) 'example_dag' retrieved from /opt/airflow/dags/example_dag.py
[2025-12-21T17:43:57.025+0000] {logging_mixin.py:188} INFO - [2025-12-21T17:43:57.025+0000] {dag.py:3033} INFO - Sync 1 DAGs
[2025-12-21T17:43:57.039+0000] {logging_mixin.py:188} INFO - [2025-12-21T17:43:57.039+0000] {dag.py:3820} INFO - Setting next_dagrun for example_dag to 2025-12-20T00:00:00+00:00, run_after=2025-12-21T00:00:00+00:00
[2025-12-21T17:43:57.058+0000] {processor.py:183} INFO - Processing /opt/airflow/dags/example_dag.py took 0.064 seconds
[2025-12-21T17:44:27.518+0000] {processor.py:161} INFO - Started process (PID=135) to work on /opt/airflow/dags/example_dag.py
[2025-12-21T17:44:27.519+0000] {processor.py:830} INFO - Processing file /opt/airflow/dags/example_dag.py for tasks to queue
[2025-12-21T17:44:27.519+0000] {logging_mixin.py:188} INFO - [2025-12-21T17:44:27.519+0000] {dagbag.py:538} INFO - Filling up the DagBag from /opt/airflow/dags/example_dag.py
[2025-12-21T17:44:27.526+0000] {processor.py:840} INFO - DAG(s) 'example_dag' retrieved from /opt/airflow/dags/example_dag.py
[2025-12-21T17:44:27.547+0000] {logging_mixin.py:188} INFO - [2025-12-21T17:44:27.547+0000] {dag.py:3033} INFO - Sync 1 DAGs
[2025-12-21T17:44:27.560+0000] {logging_mixin.py:188} INFO - [2025-12-21T17:44:27.559+0000] {dag.py:3820} INFO - Setting next_dagrun for example_dag to 2025-12-20T00:00:00+00:00, run_after=2025-12-21T00:00:00+00:00
[2025-12-21T17:44:27.569+0000] {processor.py:183} INFO - Processing /opt/airflow/dags/example_dag.py took 0.053 seconds
[2025-12-21T17:44:58.095+0000] {processor.py:161} INFO - Started process (PID=145) to work on /opt/airflow/dags/example_dag.py
[2025-12-21T17:44:58.097+0000] {processor.py:830} INFO - Processing file /opt/airflow/dags/example_dag.py for tasks to queue
[2025-12-21T17:44:58.098+0000] {logging_mixin.py:188} INFO - [2025-12-21T17:44:58.097+0000] {dagbag.py:538} INFO - Filling up the DagBag from /opt/airflow/dags/example_dag.py
[2025-12-21T17:44:58.110+0000] {processor.py:840} INFO - DAG(s) 'example_dag' retrieved from /opt/airflow/dags/example_dag.py
[2025-12-21T17:44:58.135+0000] {logging_mixin.py:188} INFO - [2025-12-21T17:44:58.135+0000] {dag.py:3033} INFO - Sync 1 DAGs
[2025-12-21T17:44:58.153+0000] {logging_mixin.py:188} INFO - [2025-12-21T17:44:58.153+0000] {dag.py:3820} INFO - Setting next_dagrun for example_dag to 2025-12-20T00:00:00+00:00, run_after=2025-12-21T00:00:00+00:00
[2025-12-21T17:44:58.167+0000] {processor.py:183} INFO - Processing /opt/airflow/dags/example_dag.py took 0.076 seconds
[2025-12-21T17:45:28.687+0000] {processor.py:161} INFO - Started process (PID=155) to work on /opt/airflow/dags/example_dag.py
[2025-12-21T17:45:28.688+0000] {processor.py:830} INFO - Processing file /opt/airflow/dags/example_dag.py for tasks to queue
[2025-12-21T17:45:28.689+0000] {logging_mixin.py:188} INFO - [2025-12-21T17:45:28.688+0000] {dagbag.py:538} INFO - Filling up the DagBag from /opt/airflow/dags/example_dag.py
[2025-12-21T17:45:28.697+0000] {processor.py:840} INFO - DAG(s) 'example_dag' retrieved from /opt/airflow/dags/example_dag.py
[2025-12-21T17:45:28.724+0000] {logging_mixin.py:188} INFO - [2025-12-21T17:45:28.724+0000] {dag.py:3033} INFO - Sync 1 DAGs
[2025-12-21T17:45:28.741+0000] {logging_mixin.py:188} INFO - [2025-12-21T17:45:28.741+0000] {dag.py:3820} INFO - Setting next_dagrun for example_dag to 2025-12-20T00:00:00+00:00, run_after=2025-12-21T00:00:00+00:00
[2025-12-21T17:45:28.762+0000] {processor.py:183} INFO - Processing /opt/airflow/dags/example_dag.py took 0.078 seconds
[2025-12-21T17:45:59.207+0000] {processor.py:161} INFO - Started process (PID=165) to work on /opt/airflow/dags/example_dag.py
[2025-12-21T17:45:59.208+0000] {processor.py:830} INFO - Processing file /opt/airflow/dags/example_dag.py for tasks to queue
[2025-12-21T17:45:59.208+0000] {logging_mixin.py:188} INFO - [2025-12-21T17:45:59.208+0000] {dagbag.py:538} INFO - Filling up the DagBag from /opt/airflow/dags/example_dag.py
[2025-12-21T17:45:59.215+0000] {processor.py:840} INFO - DAG(s) 'example_dag' retrieved from /opt/airflow/dags/example_dag.py
[2025-12-21T17:45:59.234+0000] {logging_mixin.py:188} INFO - [2025-12-21T17:45:59.234+0000] {dag.py:3033} INFO - Sync 1 DAGs
[2025-12-21T17:45:59.247+0000] {logging_mixin.py:188} INFO - [2025-12-21T17:45:59.247+0000] {dag.py:3820} INFO - Setting next_dagrun for example_dag to 2025-12-20T00:00:00+00:00, run_after=2025-12-21T00:00:00+00:00
[2025-12-21T17:45:59.257+0000] {processor.py:183} INFO - Processing /opt/airflow/dags/example_dag.py took 0.052 seconds
[2025-12-21T17:46:29.826+0000] {processor.py:161} INFO - Started process (PID=175) to work on /opt/airflow/dags/example_dag.py
[2025-12-21T17:46:29.827+0000] {processor.py:830} INFO - Processing file /opt/airflow/dags/example_dag.py for tasks to queue
[2025-12-21T17:46:29.828+0000] {logging_mixin.py:188} INFO - [2025-12-21T17:46:29.828+0000] {dagbag.py:538} INFO - Filling up the DagBag from /opt/airflow/dags/example_dag.py
[2025-12-21T17:46:29.835+0000] {processor.py:840} INFO - DAG(s) 'example_dag' retrieved from /opt/airflow/dags/example_dag.py
[2025-12-21T17:46:29.859+0000] {logging_mixin.py:188} INFO - [2025-12-21T17:46:29.859+0000] {dag.py:3033} INFO - Sync 1 DAGs
[2025-12-21T17:46:29.876+0000] {logging_mixin.py:188} INFO - [2025-12-21T17:46:29.876+0000] {dag.py:3820} INFO - Setting next_dagrun for example_dag to 2025-12-20T00:00:00+00:00, run_after=2025-12-21T00:00:00+00:00
[2025-12-21T17:46:29.890+0000] {processor.py:183} INFO - Processing /opt/airflow/dags/example_dag.py took 0.069 seconds
[2025-12-21T17:47:00.426+0000] {processor.py:161} INFO - Started process (PID=185) to work on /opt/airflow/dags/example_dag.py
[2025-12-21T17:47:00.428+0000] {processor.py:830} INFO - Processing file /opt/airflow/dags/example_dag.py for tasks to queue
[2025-12-21T17:47:00.429+0000] {logging_mixin.py:188} INFO - [2025-12-21T17:47:00.428+0000] {dagbag.py:538} INFO - Filling up the DagBag from /opt/airflow/dags/example_dag.py
[2025-12-21T17:47:00.437+0000] {processor.py:840} INFO - DAG(s) 'example_dag' retrieved from /opt/airflow/dags/example_dag.py
[2025-12-21T17:47:00.464+0000] {logging_mixin.py:188} INFO - [2025-12-21T17:47:00.464+0000] {dag.py:3033} INFO - Sync 1 DAGs
[2025-12-21T17:47:00.479+0000] {logging_mixin.py:188} INFO - [2025-12-21T17:47:00.479+0000] {dag.py:3820} INFO - Setting next_dagrun for example_dag to 2025-12-20T00:00:00+00:00, run_after=2025-12-21T00:00:00+00:00
[2025-12-21T17:47:00.492+0000] {processor.py:183} INFO - Processing /opt/airflow/dags/example_dag.py took 0.072 seconds
[2025-12-21T17:50:29.124+0000] {processor.py:161} INFO - Started process (PID=32) to work on /opt/airflow/dags/example_dag.py
[2025-12-21T17:50:29.127+0000] {processor.py:830} INFO - Processing file /opt/airflow/dags/example_dag.py for tasks to queue
[2025-12-21T17:50:29.128+0000] {logging_mixin.py:188} INFO - [2025-12-21T17:50:29.128+0000] {dagbag.py:538} INFO - Filling up the DagBag from /opt/airflow/dags/example_dag.py
[2025-12-21T17:50:29.142+0000] {processor.py:840} INFO - DAG(s) 'example_dag' retrieved from /opt/airflow/dags/example_dag.py
[2025-12-21T17:50:29.157+0000] {logging_mixin.py:188} INFO - [2025-12-21T17:50:29.157+0000] {dag.py:3033} INFO - Sync 1 DAGs
[2025-12-21T17:50:29.174+0000] {logging_mixin.py:188} INFO - [2025-12-21T17:50:29.174+0000] {dag.py:3820} INFO - Setting next_dagrun for example_dag to 2025-12-20T00:00:00+00:00, run_after=2025-12-21T00:00:00+00:00
[2025-12-21T17:50:29.188+0000] {processor.py:183} INFO - Processing /opt/airflow/dags/example_dag.py took 0.073 seconds
[2025-12-21T17:50:59.604+0000] {processor.py:161} INFO - Started process (PID=42) to work on /opt/airflow/dags/example_dag.py
[2025-12-21T17:50:59.605+0000] {processor.py:830} INFO - Processing file /opt/airflow/dags/example_dag.py for tasks to queue
[2025-12-21T17:50:59.606+0000] {logging_mixin.py:188} INFO - [2025-12-21T17:50:59.606+0000] {dagbag.py:538} INFO - Filling up the DagBag from /opt/airflow/dags/example_dag.py
[2025-12-21T17:50:59.614+0000] {processor.py:840} INFO - DAG(s) 'example_dag' retrieved from /opt/airflow/dags/example_dag.py
[2025-12-21T17:50:59.669+0000] {logging_mixin.py:188} INFO - [2025-12-21T17:50:59.669+0000] {dag.py:3033} INFO - Sync 1 DAGs
[2025-12-21T17:50:59.679+0000] {logging_mixin.py:188} INFO - [2025-12-21T17:50:59.679+0000] {dag.py:3820} INFO - Setting next_dagrun for example_dag to 2025-12-20T00:00:00+00:00, run_after=2025-12-21T00:00:00+00:00
[2025-12-21T17:50:59.689+0000] {processor.py:183} INFO - Processing /opt/airflow/dags/example_dag.py took 0.087 seconds
[2025-12-21T17:51:30.149+0000] {processor.py:161} INFO - Started process (PID=52) to work on /opt/airflow/dags/example_dag.py
[2025-12-21T17:51:30.150+0000] {processor.py:830} INFO - Processing file /opt/airflow/dags/example_dag.py for tasks to queue
[2025-12-21T17:51:30.150+0000] {logging_mixin.py:188} INFO - [2025-12-21T17:51:30.150+0000] {dagbag.py:538} INFO - Filling up the DagBag from /opt/airflow/dags/example_dag.py
[2025-12-21T17:51:30.159+0000] {processor.py:840} INFO - DAG(s) 'example_dag' retrieved from /opt/airflow/dags/example_dag.py
[2025-12-21T17:51:30.182+0000] {logging_mixin.py:188} INFO - [2025-12-21T17:51:30.182+0000] {dag.py:3033} INFO - Sync 1 DAGs
[2025-12-21T17:51:30.199+0000] {logging_mixin.py:188} INFO - [2025-12-21T17:51:30.199+0000] {dag.py:3820} INFO - Setting next_dagrun for example_dag to 2025-12-20T00:00:00+00:00, run_after=2025-12-21T00:00:00+00:00
[2025-12-21T17:51:30.210+0000] {processor.py:183} INFO - Processing /opt/airflow/dags/example_dag.py took 0.064 seconds
[2025-12-21T17:52:00.556+0000] {processor.py:161} INFO - Started process (PID=62) to work on /opt/airflow/dags/example_dag.py
[2025-12-21T17:52:00.557+0000] {processor.py:830} INFO - Processing file /opt/airflow/dags/example_dag.py for tasks to queue
[2025-12-21T17:52:00.557+0000] {logging_mixin.py:188} INFO - [2025-12-21T17:52:00.557+0000] {dagbag.py:538} INFO - Filling up the DagBag from /opt/airflow/dags/example_dag.py
[2025-12-21T17:52:00.566+0000] {processor.py:840} INFO - DAG(s) 'example_dag' retrieved from /opt/airflow/dags/example_dag.py
[2025-12-21T17:52:00.596+0000] {logging_mixin.py:188} INFO - [2025-12-21T17:52:00.595+0000] {dag.py:3033} INFO - Sync 1 DAGs
[2025-12-21T17:52:00.611+0000] {logging_mixin.py:188} INFO - [2025-12-21T17:52:00.610+0000] {dag.py:3820} INFO - Setting next_dagrun for example_dag to 2025-12-20T00:00:00+00:00, run_after=2025-12-21T00:00:00+00:00
[2025-12-21T17:52:00.626+0000] {processor.py:183} INFO - Processing /opt/airflow/dags/example_dag.py took 0.072 seconds
[2025-12-21T17:52:31.119+0000] {processor.py:161} INFO - Started process (PID=72) to work on /opt/airflow/dags/example_dag.py
[2025-12-21T17:52:31.120+0000] {processor.py:830} INFO - Processing file /opt/airflow/dags/example_dag.py for tasks to queue
[2025-12-21T17:52:31.121+0000] {logging_mixin.py:188} INFO - [2025-12-21T17:52:31.121+0000] {dagbag.py:538} INFO - Filling up the DagBag from /opt/airflow/dags/example_dag.py
[2025-12-21T17:52:31.128+0000] {processor.py:840} INFO - DAG(s) 'example_dag' retrieved from /opt/airflow/dags/example_dag.py
[2025-12-21T17:52:31.148+0000] {logging_mixin.py:188} INFO - [2025-12-21T17:52:31.148+0000] {dag.py:3033} INFO - Sync 1 DAGs
[2025-12-21T17:52:31.164+0000] {logging_mixin.py:188} INFO - [2025-12-21T17:52:31.164+0000] {dag.py:3820} INFO - Setting next_dagrun for example_dag to 2025-12-20T00:00:00+00:00, run_after=2025-12-21T00:00:00+00:00
[2025-12-21T17:52:31.179+0000] {processor.py:183} INFO - Processing /opt/airflow/dags/example_dag.py took 0.062 seconds
[2025-12-21T17:53:01.474+0000] {processor.py:161} INFO - Started process (PID=82) to work on /opt/airflow/dags/example_dag.py
[2025-12-21T17:53:01.476+0000] {processor.py:830} INFO - Processing file /opt/airflow/dags/example_dag.py for tasks to queue
[2025-12-21T17:53:01.476+0000] {logging_mixin.py:188} INFO - [2025-12-21T17:53:01.476+0000] {dagbag.py:538} INFO - Filling up the DagBag from /opt/airflow/dags/example_dag.py
[2025-12-21T17:53:01.485+0000] {processor.py:840} INFO - DAG(s) 'example_dag' retrieved from /opt/airflow/dags/example_dag.py
[2025-12-21T17:53:01.512+0000] {logging_mixin.py:188} INFO - [2025-12-21T17:53:01.512+0000] {dag.py:3033} INFO - Sync 1 DAGs
[2025-12-21T17:53:01.527+0000] {logging_mixin.py:188} INFO - [2025-12-21T17:53:01.527+0000] {dag.py:3820} INFO - Setting next_dagrun for example_dag to 2025-12-20T00:00:00+00:00, run_after=2025-12-21T00:00:00+00:00
[2025-12-21T17:53:01.541+0000] {processor.py:183} INFO - Processing /opt/airflow/dags/example_dag.py took 0.071 seconds
[2025-12-21T17:53:31.905+0000] {processor.py:161} INFO - Started process (PID=92) to work on /opt/airflow/dags/example_dag.py
[2025-12-21T17:53:31.906+0000] {processor.py:830} INFO - Processing file /opt/airflow/dags/example_dag.py for tasks to queue
[2025-12-21T17:53:31.907+0000] {logging_mixin.py:188} INFO - [2025-12-21T17:53:31.907+0000] {dagbag.py:538} INFO - Filling up the DagBag from /opt/airflow/dags/example_dag.py
[2025-12-21T17:53:31.917+0000] {processor.py:840} INFO - DAG(s) 'example_dag' retrieved from /opt/airflow/dags/example_dag.py
[2025-12-21T17:53:31.938+0000] {logging_mixin.py:188} INFO - [2025-12-21T17:53:31.938+0000] {dag.py:3033} INFO - Sync 1 DAGs
[2025-12-21T17:53:31.953+0000] {logging_mixin.py:188} INFO - [2025-12-21T17:53:31.953+0000] {dag.py:3820} INFO - Setting next_dagrun for example_dag to 2025-12-20T00:00:00+00:00, run_after=2025-12-21T00:00:00+00:00
[2025-12-21T17:53:31.962+0000] {processor.py:183} INFO - Processing /opt/airflow/dags/example_dag.py took 0.059 seconds
[2025-12-21T17:54:02.298+0000] {processor.py:161} INFO - Started process (PID=102) to work on /opt/airflow/dags/example_dag.py
[2025-12-21T17:54:02.299+0000] {processor.py:830} INFO - Processing file /opt/airflow/dags/example_dag.py for tasks to queue
[2025-12-21T17:54:02.299+0000] {logging_mixin.py:188} INFO - [2025-12-21T17:54:02.299+0000] {dagbag.py:538} INFO - Filling up the DagBag from /opt/airflow/dags/example_dag.py
[2025-12-21T17:54:02.306+0000] {processor.py:840} INFO - DAG(s) 'example_dag' retrieved from /opt/airflow/dags/example_dag.py
[2025-12-21T17:54:02.327+0000] {logging_mixin.py:188} INFO - [2025-12-21T17:54:02.327+0000] {dag.py:3033} INFO - Sync 1 DAGs
[2025-12-21T17:54:02.345+0000] {logging_mixin.py:188} INFO - [2025-12-21T17:54:02.345+0000] {dag.py:3820} INFO - Setting next_dagrun for example_dag to 2025-12-20T00:00:00+00:00, run_after=2025-12-21T00:00:00+00:00
[2025-12-21T17:54:02.361+0000] {processor.py:183} INFO - Processing /opt/airflow/dags/example_dag.py took 0.065 seconds
[2025-12-21T17:54:32.824+0000] {processor.py:161} INFO - Started process (PID=111) to work on /opt/airflow/dags/example_dag.py
[2025-12-21T17:54:32.825+0000] {processor.py:830} INFO - Processing file /opt/airflow/dags/example_dag.py for tasks to queue
[2025-12-21T17:54:32.825+0000] {logging_mixin.py:188} INFO - [2025-12-21T17:54:32.825+0000] {dagbag.py:538} INFO - Filling up the DagBag from /opt/airflow/dags/example_dag.py
[2025-12-21T17:54:32.833+0000] {processor.py:840} INFO - DAG(s) 'example_dag' retrieved from /opt/airflow/dags/example_dag.py
[2025-12-21T17:54:32.859+0000] {logging_mixin.py:188} INFO - [2025-12-21T17:54:32.859+0000] {dag.py:3033} INFO - Sync 1 DAGs
[2025-12-21T17:54:32.876+0000] {logging_mixin.py:188} INFO - [2025-12-21T17:54:32.876+0000] {dag.py:3820} INFO - Setting next_dagrun for example_dag to 2025-12-20T00:00:00+00:00, run_after=2025-12-21T00:00:00+00:00
[2025-12-21T17:54:32.893+0000] {processor.py:183} INFO - Processing /opt/airflow/dags/example_dag.py took 0.072 seconds
[2025-12-21T17:55:03.256+0000] {processor.py:161} INFO - Started process (PID=115) to work on /opt/airflow/dags/example_dag.py
[2025-12-21T17:55:03.257+0000] {processor.py:830} INFO - Processing file /opt/airflow/dags/example_dag.py for tasks to queue
[2025-12-21T17:55:03.258+0000] {logging_mixin.py:188} INFO - [2025-12-21T17:55:03.258+0000] {dagbag.py:538} INFO - Filling up the DagBag from /opt/airflow/dags/example_dag.py
[2025-12-21T17:55:03.270+0000] {processor.py:840} INFO - DAG(s) 'example_dag' retrieved from /opt/airflow/dags/example_dag.py
[2025-12-21T17:55:03.297+0000] {logging_mixin.py:188} INFO - [2025-12-21T17:55:03.297+0000] {dag.py:3033} INFO - Sync 1 DAGs
[2025-12-21T17:55:03.316+0000] {logging_mixin.py:188} INFO - [2025-12-21T17:55:03.316+0000] {dag.py:3820} INFO - Setting next_dagrun for example_dag to 2025-12-20T00:00:00+00:00, run_after=2025-12-21T00:00:00+00:00
[2025-12-21T17:55:03.338+0000] {processor.py:183} INFO - Processing /opt/airflow/dags/example_dag.py took 0.087 seconds
[2025-12-21T17:55:33.772+0000] {processor.py:161} INFO - Started process (PID=125) to work on /opt/airflow/dags/example_dag.py
[2025-12-21T17:55:33.773+0000] {processor.py:830} INFO - Processing file /opt/airflow/dags/example_dag.py for tasks to queue
[2025-12-21T17:55:33.774+0000] {logging_mixin.py:188} INFO - [2025-12-21T17:55:33.773+0000] {dagbag.py:538} INFO - Filling up the DagBag from /opt/airflow/dags/example_dag.py
[2025-12-21T17:55:33.780+0000] {processor.py:840} INFO - DAG(s) 'example_dag' retrieved from /opt/airflow/dags/example_dag.py
[2025-12-21T17:55:33.799+0000] {logging_mixin.py:188} INFO - [2025-12-21T17:55:33.799+0000] {dag.py:3033} INFO - Sync 1 DAGs
[2025-12-21T17:55:33.814+0000] {logging_mixin.py:188} INFO - [2025-12-21T17:55:33.814+0000] {dag.py:3820} INFO - Setting next_dagrun for example_dag to 2025-12-20T00:00:00+00:00, run_after=2025-12-21T00:00:00+00:00
[2025-12-21T17:55:33.825+0000] {processor.py:183} INFO - Processing /opt/airflow/dags/example_dag.py took 0.055 seconds
[2025-12-21T17:56:04.265+0000] {processor.py:161} INFO - Started process (PID=135) to work on /opt/airflow/dags/example_dag.py
[2025-12-21T17:56:04.267+0000] {processor.py:830} INFO - Processing file /opt/airflow/dags/example_dag.py for tasks to queue
[2025-12-21T17:56:04.268+0000] {logging_mixin.py:188} INFO - [2025-12-21T17:56:04.267+0000] {dagbag.py:538} INFO - Filling up the DagBag from /opt/airflow/dags/example_dag.py
[2025-12-21T17:56:04.279+0000] {processor.py:840} INFO - DAG(s) 'example_dag' retrieved from /opt/airflow/dags/example_dag.py
[2025-12-21T17:56:04.302+0000] {logging_mixin.py:188} INFO - [2025-12-21T17:56:04.302+0000] {dag.py:3033} INFO - Sync 1 DAGs
[2025-12-21T17:56:04.320+0000] {logging_mixin.py:188} INFO - [2025-12-21T17:56:04.320+0000] {dag.py:3820} INFO - Setting next_dagrun for example_dag to 2025-12-20T00:00:00+00:00, run_after=2025-12-21T00:00:00+00:00
[2025-12-21T17:56:04.334+0000] {processor.py:183} INFO - Processing /opt/airflow/dags/example_dag.py took 0.072 seconds
[2025-12-21T17:56:34.802+0000] {processor.py:161} INFO - Started process (PID=145) to work on /opt/airflow/dags/example_dag.py
[2025-12-21T17:56:34.804+0000] {processor.py:830} INFO - Processing file /opt/airflow/dags/example_dag.py for tasks to queue
[2025-12-21T17:56:34.805+0000] {logging_mixin.py:188} INFO - [2025-12-21T17:56:34.804+0000] {dagbag.py:538} INFO - Filling up the DagBag from /opt/airflow/dags/example_dag.py
[2025-12-21T17:56:34.816+0000] {processor.py:840} INFO - DAG(s) 'example_dag' retrieved from /opt/airflow/dags/example_dag.py
[2025-12-21T17:56:34.845+0000] {logging_mixin.py:188} INFO - [2025-12-21T17:56:34.844+0000] {dag.py:3033} INFO - Sync 1 DAGs
[2025-12-21T17:56:34.876+0000] {logging_mixin.py:188} INFO - [2025-12-21T17:56:34.875+0000] {dag.py:3820} INFO - Setting next_dagrun for example_dag to 2025-12-20T00:00:00+00:00, run_after=2025-12-21T00:00:00+00:00
[2025-12-21T17:56:34.894+0000] {processor.py:183} INFO - Processing /opt/airflow/dags/example_dag.py took 0.096 seconds
[2025-12-21T17:57:05.313+0000] {processor.py:161} INFO - Started process (PID=154) to work on /opt/airflow/dags/example_dag.py
[2025-12-21T17:57:05.314+0000] {processor.py:830} INFO - Processing file /opt/airflow/dags/example_dag.py for tasks to queue
[2025-12-21T17:57:05.315+0000] {logging_mixin.py:188} INFO - [2025-12-21T17:57:05.315+0000] {dagbag.py:538} INFO - Filling up the DagBag from /opt/airflow/dags/example_dag.py
[2025-12-21T17:57:05.322+0000] {processor.py:840} INFO - DAG(s) 'example_dag' retrieved from /opt/airflow/dags/example_dag.py
[2025-12-21T17:57:05.350+0000] {logging_mixin.py:188} INFO - [2025-12-21T17:57:05.350+0000] {dag.py:3033} INFO - Sync 1 DAGs
[2025-12-21T17:57:05.368+0000] {logging_mixin.py:188} INFO - [2025-12-21T17:57:05.368+0000] {dag.py:3820} INFO - Setting next_dagrun for example_dag to 2025-12-20T00:00:00+00:00, run_after=2025-12-21T00:00:00+00:00
[2025-12-21T17:57:05.388+0000] {processor.py:183} INFO - Processing /opt/airflow/dags/example_dag.py took 0.077 seconds
[2025-12-21T17:57:35.852+0000] {processor.py:161} INFO - Started process (PID=164) to work on /opt/airflow/dags/example_dag.py
[2025-12-21T17:57:35.853+0000] {processor.py:830} INFO - Processing file /opt/airflow/dags/example_dag.py for tasks to queue
[2025-12-21T17:57:35.854+0000] {logging_mixin.py:188} INFO - [2025-12-21T17:57:35.854+0000] {dagbag.py:538} INFO - Filling up the DagBag from /opt/airflow/dags/example_dag.py
[2025-12-21T17:57:35.861+0000] {processor.py:840} INFO - DAG(s) 'example_dag' retrieved from /opt/airflow/dags/example_dag.py
[2025-12-21T17:57:35.880+0000] {logging_mixin.py:188} INFO - [2025-12-21T17:57:35.880+0000] {dag.py:3033} INFO - Sync 1 DAGs
[2025-12-21T17:57:35.893+0000] {logging_mixin.py:188} INFO - [2025-12-21T17:57:35.893+0000] {dag.py:3820} INFO - Setting next_dagrun for example_dag to 2025-12-20T00:00:00+00:00, run_after=2025-12-21T00:00:00+00:00
[2025-12-21T17:57:35.904+0000] {processor.py:183} INFO - Processing /opt/airflow/dags/example_dag.py took 0.054 seconds
[2025-12-21T17:58:06.352+0000] {processor.py:161} INFO - Started process (PID=174) to work on /opt/airflow/dags/example_dag.py
[2025-12-21T17:58:06.353+0000] {processor.py:830} INFO - Processing file /opt/airflow/dags/example_dag.py for tasks to queue
[2025-12-21T17:58:06.353+0000] {logging_mixin.py:188} INFO - [2025-12-21T17:58:06.353+0000] {dagbag.py:538} INFO - Filling up the DagBag from /opt/airflow/dags/example_dag.py
[2025-12-21T17:58:06.360+0000] {processor.py:840} INFO - DAG(s) 'example_dag' retrieved from /opt/airflow/dags/example_dag.py
[2025-12-21T17:58:06.382+0000] {logging_mixin.py:188} INFO - [2025-12-21T17:58:06.382+0000] {dag.py:3033} INFO - Sync 1 DAGs
[2025-12-21T17:58:06.399+0000] {logging_mixin.py:188} INFO - [2025-12-21T17:58:06.399+0000] {dag.py:3820} INFO - Setting next_dagrun for example_dag to 2025-12-20T00:00:00+00:00, run_after=2025-12-21T00:00:00+00:00
[2025-12-21T17:58:06.412+0000] {processor.py:183} INFO - Processing /opt/airflow/dags/example_dag.py took 0.063 seconds
[2025-12-21T17:58:36.815+0000] {processor.py:161} INFO - Started process (PID=184) to work on /opt/airflow/dags/example_dag.py
[2025-12-21T17:58:36.816+0000] {processor.py:830} INFO - Processing file /opt/airflow/dags/example_dag.py for tasks to queue
[2025-12-21T17:58:36.817+0000] {logging_mixin.py:188} INFO - [2025-12-21T17:58:36.817+0000] {dagbag.py:538} INFO - Filling up the DagBag from /opt/airflow/dags/example_dag.py
[2025-12-21T17:58:36.824+0000] {processor.py:840} INFO - DAG(s) 'example_dag' retrieved from /opt/airflow/dags/example_dag.py
[2025-12-21T17:58:36.845+0000] {logging_mixin.py:188} INFO - [2025-12-21T17:58:36.845+0000] {dag.py:3033} INFO - Sync 1 DAGs
[2025-12-21T17:58:36.862+0000] {logging_mixin.py:188} INFO - [2025-12-21T17:58:36.862+0000] {dag.py:3820} INFO - Setting next_dagrun for example_dag to 2025-12-20T00:00:00+00:00, run_after=2025-12-21T00:00:00+00:00
[2025-12-21T17:58:36.873+0000] {processor.py:183} INFO - Processing /opt/airflow/dags/example_dag.py took 0.060 seconds
[2025-12-21T18:01:57.560+0000] {processor.py:161} INFO - Started process (PID=33) to work on /opt/airflow/dags/example_dag.py
[2025-12-21T18:01:57.561+0000] {processor.py:830} INFO - Processing file /opt/airflow/dags/example_dag.py for tasks to queue
[2025-12-21T18:01:57.562+0000] {logging_mixin.py:188} INFO - [2025-12-21T18:01:57.562+0000] {dagbag.py:538} INFO - Filling up the DagBag from /opt/airflow/dags/example_dag.py
[2025-12-21T18:01:57.569+0000] {processor.py:840} INFO - DAG(s) 'example_dag' retrieved from /opt/airflow/dags/example_dag.py
[2025-12-21T18:01:57.593+0000] {logging_mixin.py:188} INFO - [2025-12-21T18:01:57.593+0000] {dag.py:3033} INFO - Sync 1 DAGs
[2025-12-21T18:01:57.611+0000] {logging_mixin.py:188} INFO - [2025-12-21T18:01:57.611+0000] {dag.py:3820} INFO - Setting next_dagrun for example_dag to 2025-12-20T00:00:00+00:00, run_after=2025-12-21T00:00:00+00:00
[2025-12-21T18:01:57.624+0000] {processor.py:183} INFO - Processing /opt/airflow/dags/example_dag.py took 0.066 seconds
[2025-12-21T18:02:28.232+0000] {processor.py:161} INFO - Started process (PID=43) to work on /opt/airflow/dags/example_dag.py
[2025-12-21T18:02:28.238+0000] {processor.py:830} INFO - Processing file /opt/airflow/dags/example_dag.py for tasks to queue
[2025-12-21T18:02:28.240+0000] {logging_mixin.py:188} INFO - [2025-12-21T18:02:28.240+0000] {dagbag.py:538} INFO - Filling up the DagBag from /opt/airflow/dags/example_dag.py
[2025-12-21T18:02:28.248+0000] {processor.py:840} INFO - DAG(s) 'example_dag' retrieved from /opt/airflow/dags/example_dag.py
[2025-12-21T18:02:28.322+0000] {logging_mixin.py:188} INFO - [2025-12-21T18:02:28.321+0000] {dag.py:3033} INFO - Sync 1 DAGs
[2025-12-21T18:02:28.341+0000] {logging_mixin.py:188} INFO - [2025-12-21T18:02:28.341+0000] {dag.py:3820} INFO - Setting next_dagrun for example_dag to 2025-12-20T00:00:00+00:00, run_after=2025-12-21T00:00:00+00:00
[2025-12-21T18:02:28.355+0000] {processor.py:183} INFO - Processing /opt/airflow/dags/example_dag.py took 0.130 seconds
[2025-12-21T18:02:58.618+0000] {processor.py:161} INFO - Started process (PID=53) to work on /opt/airflow/dags/example_dag.py
[2025-12-21T18:02:58.619+0000] {processor.py:830} INFO - Processing file /opt/airflow/dags/example_dag.py for tasks to queue
[2025-12-21T18:02:58.621+0000] {logging_mixin.py:188} INFO - [2025-12-21T18:02:58.620+0000] {dagbag.py:538} INFO - Filling up the DagBag from /opt/airflow/dags/example_dag.py
[2025-12-21T18:02:58.633+0000] {processor.py:840} INFO - DAG(s) 'example_dag' retrieved from /opt/airflow/dags/example_dag.py
[2025-12-21T18:02:58.657+0000] {logging_mixin.py:188} INFO - [2025-12-21T18:02:58.656+0000] {dag.py:3033} INFO - Sync 1 DAGs
[2025-12-21T18:02:58.671+0000] {logging_mixin.py:188} INFO - [2025-12-21T18:02:58.671+0000] {dag.py:3820} INFO - Setting next_dagrun for example_dag to 2025-12-20T00:00:00+00:00, run_after=2025-12-21T00:00:00+00:00
[2025-12-21T18:02:58.685+0000] {processor.py:183} INFO - Processing /opt/airflow/dags/example_dag.py took 0.070 seconds
[2025-12-21T18:03:29.077+0000] {processor.py:161} INFO - Started process (PID=63) to work on /opt/airflow/dags/example_dag.py
[2025-12-21T18:03:29.078+0000] {processor.py:830} INFO - Processing file /opt/airflow/dags/example_dag.py for tasks to queue
[2025-12-21T18:03:29.078+0000] {logging_mixin.py:188} INFO - [2025-12-21T18:03:29.078+0000] {dagbag.py:538} INFO - Filling up the DagBag from /opt/airflow/dags/example_dag.py
[2025-12-21T18:03:29.085+0000] {processor.py:840} INFO - DAG(s) 'example_dag' retrieved from /opt/airflow/dags/example_dag.py
[2025-12-21T18:03:29.111+0000] {logging_mixin.py:188} INFO - [2025-12-21T18:03:29.111+0000] {dag.py:3033} INFO - Sync 1 DAGs
[2025-12-21T18:03:29.125+0000] {logging_mixin.py:188} INFO - [2025-12-21T18:03:29.125+0000] {dag.py:3820} INFO - Setting next_dagrun for example_dag to 2025-12-20T00:00:00+00:00, run_after=2025-12-21T00:00:00+00:00
[2025-12-21T18:03:29.135+0000] {processor.py:183} INFO - Processing /opt/airflow/dags/example_dag.py took 0.061 seconds
[2025-12-21T18:03:59.373+0000] {processor.py:161} INFO - Started process (PID=73) to work on /opt/airflow/dags/example_dag.py
[2025-12-21T18:03:59.374+0000] {processor.py:830} INFO - Processing file /opt/airflow/dags/example_dag.py for tasks to queue
[2025-12-21T18:03:59.374+0000] {logging_mixin.py:188} INFO - [2025-12-21T18:03:59.374+0000] {dagbag.py:538} INFO - Filling up the DagBag from /opt/airflow/dags/example_dag.py
[2025-12-21T18:03:59.382+0000] {processor.py:840} INFO - DAG(s) 'example_dag' retrieved from /opt/airflow/dags/example_dag.py
[2025-12-21T18:03:59.413+0000] {logging_mixin.py:188} INFO - [2025-12-21T18:03:59.412+0000] {dag.py:3033} INFO - Sync 1 DAGs
[2025-12-21T18:03:59.441+0000] {logging_mixin.py:188} INFO - [2025-12-21T18:03:59.441+0000] {dag.py:3820} INFO - Setting next_dagrun for example_dag to 2025-12-20T00:00:00+00:00, run_after=2025-12-21T00:00:00+00:00
[2025-12-21T18:03:59.523+0000] {processor.py:183} INFO - Processing /opt/airflow/dags/example_dag.py took 0.150 seconds
[2025-12-21T18:04:29.788+0000] {processor.py:161} INFO - Started process (PID=83) to work on /opt/airflow/dags/example_dag.py
[2025-12-21T18:04:29.789+0000] {processor.py:830} INFO - Processing file /opt/airflow/dags/example_dag.py for tasks to queue
[2025-12-21T18:04:29.789+0000] {logging_mixin.py:188} INFO - [2025-12-21T18:04:29.789+0000] {dagbag.py:538} INFO - Filling up the DagBag from /opt/airflow/dags/example_dag.py
[2025-12-21T18:04:29.796+0000] {processor.py:840} INFO - DAG(s) 'example_dag' retrieved from /opt/airflow/dags/example_dag.py
[2025-12-21T18:04:29.818+0000] {logging_mixin.py:188} INFO - [2025-12-21T18:04:29.818+0000] {dag.py:3033} INFO - Sync 1 DAGs
[2025-12-21T18:04:29.842+0000] {logging_mixin.py:188} INFO - [2025-12-21T18:04:29.842+0000] {dag.py:3820} INFO - Setting next_dagrun for example_dag to 2025-12-20T00:00:00+00:00, run_after=2025-12-21T00:00:00+00:00
[2025-12-21T18:04:29.858+0000] {processor.py:183} INFO - Processing /opt/airflow/dags/example_dag.py took 0.072 seconds
[2025-12-21T18:05:00.361+0000] {processor.py:161} INFO - Started process (PID=93) to work on /opt/airflow/dags/example_dag.py
[2025-12-21T18:05:00.362+0000] {processor.py:830} INFO - Processing file /opt/airflow/dags/example_dag.py for tasks to queue
[2025-12-21T18:05:00.362+0000] {logging_mixin.py:188} INFO - [2025-12-21T18:05:00.362+0000] {dagbag.py:538} INFO - Filling up the DagBag from /opt/airflow/dags/example_dag.py
[2025-12-21T18:05:00.372+0000] {processor.py:840} INFO - DAG(s) 'example_dag' retrieved from /opt/airflow/dags/example_dag.py
[2025-12-21T18:05:00.399+0000] {logging_mixin.py:188} INFO - [2025-12-21T18:05:00.399+0000] {dag.py:3033} INFO - Sync 1 DAGs
[2025-12-21T18:05:00.417+0000] {logging_mixin.py:188} INFO - [2025-12-21T18:05:00.417+0000] {dag.py:3820} INFO - Setting next_dagrun for example_dag to 2025-12-20T00:00:00+00:00, run_after=2025-12-21T00:00:00+00:00
[2025-12-21T18:05:00.433+0000] {processor.py:183} INFO - Processing /opt/airflow/dags/example_dag.py took 0.077 seconds
[2025-12-21T18:05:30.917+0000] {processor.py:161} INFO - Started process (PID=103) to work on /opt/airflow/dags/example_dag.py
[2025-12-21T18:05:30.922+0000] {processor.py:830} INFO - Processing file /opt/airflow/dags/example_dag.py for tasks to queue
[2025-12-21T18:05:30.924+0000] {logging_mixin.py:188} INFO - [2025-12-21T18:05:30.923+0000] {dagbag.py:538} INFO - Filling up the DagBag from /opt/airflow/dags/example_dag.py
[2025-12-21T18:05:30.934+0000] {processor.py:840} INFO - DAG(s) 'example_dag' retrieved from /opt/airflow/dags/example_dag.py
[2025-12-21T18:05:30.966+0000] {logging_mixin.py:188} INFO - [2025-12-21T18:05:30.966+0000] {dag.py:3033} INFO - Sync 1 DAGs
[2025-12-21T18:05:30.995+0000] {logging_mixin.py:188} INFO - [2025-12-21T18:05:30.995+0000] {dag.py:3820} INFO - Setting next_dagrun for example_dag to 2025-12-20T00:00:00+00:00, run_after=2025-12-21T00:00:00+00:00
[2025-12-21T18:05:31.016+0000] {processor.py:183} INFO - Processing /opt/airflow/dags/example_dag.py took 0.105 seconds
[2025-12-21T18:06:01.443+0000] {processor.py:161} INFO - Started process (PID=106) to work on /opt/airflow/dags/example_dag.py
[2025-12-21T18:06:01.444+0000] {processor.py:830} INFO - Processing file /opt/airflow/dags/example_dag.py for tasks to queue
[2025-12-21T18:06:01.444+0000] {logging_mixin.py:188} INFO - [2025-12-21T18:06:01.444+0000] {dagbag.py:538} INFO - Filling up the DagBag from /opt/airflow/dags/example_dag.py
[2025-12-21T18:06:01.454+0000] {processor.py:840} INFO - DAG(s) 'example_dag' retrieved from /opt/airflow/dags/example_dag.py
[2025-12-21T18:06:01.482+0000] {logging_mixin.py:188} INFO - [2025-12-21T18:06:01.481+0000] {dag.py:3033} INFO - Sync 1 DAGs
[2025-12-21T18:06:01.500+0000] {logging_mixin.py:188} INFO - [2025-12-21T18:06:01.500+0000] {dag.py:3820} INFO - Setting next_dagrun for example_dag to 2025-12-20T00:00:00+00:00, run_after=2025-12-21T00:00:00+00:00
[2025-12-21T18:06:01.515+0000] {processor.py:183} INFO - Processing /opt/airflow/dags/example_dag.py took 0.075 seconds
[2025-12-21T18:06:32.039+0000] {processor.py:161} INFO - Started process (PID=116) to work on /opt/airflow/dags/example_dag.py
[2025-12-21T18:06:32.044+0000] {processor.py:830} INFO - Processing file /opt/airflow/dags/example_dag.py for tasks to queue
[2025-12-21T18:06:32.046+0000] {logging_mixin.py:188} INFO - [2025-12-21T18:06:32.045+0000] {dagbag.py:538} INFO - Filling up the DagBag from /opt/airflow/dags/example_dag.py
[2025-12-21T18:06:32.059+0000] {processor.py:840} INFO - DAG(s) 'example_dag' retrieved from /opt/airflow/dags/example_dag.py
[2025-12-21T18:06:32.088+0000] {logging_mixin.py:188} INFO - [2025-12-21T18:06:32.088+0000] {dag.py:3033} INFO - Sync 1 DAGs
[2025-12-21T18:06:32.105+0000] {logging_mixin.py:188} INFO - [2025-12-21T18:06:32.104+0000] {dag.py:3820} INFO - Setting next_dagrun for example_dag to 2025-12-20T00:00:00+00:00, run_after=2025-12-21T00:00:00+00:00
[2025-12-21T18:06:32.118+0000] {processor.py:183} INFO - Processing /opt/airflow/dags/example_dag.py took 0.088 seconds
[2025-12-21T18:09:59.761+0000] {processor.py:161} INFO - Started process (PID=32) to work on /opt/airflow/dags/example_dag.py
[2025-12-21T18:09:59.762+0000] {processor.py:830} INFO - Processing file /opt/airflow/dags/example_dag.py for tasks to queue
[2025-12-21T18:09:59.762+0000] {logging_mixin.py:188} INFO - [2025-12-21T18:09:59.762+0000] {dagbag.py:538} INFO - Filling up the DagBag from /opt/airflow/dags/example_dag.py
[2025-12-21T18:09:59.771+0000] {processor.py:840} INFO - DAG(s) 'example_dag' retrieved from /opt/airflow/dags/example_dag.py
[2025-12-21T18:09:59.786+0000] {logging_mixin.py:188} INFO - [2025-12-21T18:09:59.786+0000] {dag.py:3033} INFO - Sync 1 DAGs
[2025-12-21T18:09:59.802+0000] {logging_mixin.py:188} INFO - [2025-12-21T18:09:59.801+0000] {dag.py:3820} INFO - Setting next_dagrun for example_dag to 2025-12-20T00:00:00+00:00, run_after=2025-12-21T00:00:00+00:00
[2025-12-21T18:09:59.822+0000] {processor.py:183} INFO - Processing /opt/airflow/dags/example_dag.py took 0.064 seconds
[2025-12-21T18:10:30.353+0000] {processor.py:161} INFO - Started process (PID=42) to work on /opt/airflow/dags/example_dag.py
[2025-12-21T18:10:30.354+0000] {processor.py:830} INFO - Processing file /opt/airflow/dags/example_dag.py for tasks to queue
[2025-12-21T18:10:30.355+0000] {logging_mixin.py:188} INFO - [2025-12-21T18:10:30.354+0000] {dagbag.py:538} INFO - Filling up the DagBag from /opt/airflow/dags/example_dag.py
[2025-12-21T18:10:30.363+0000] {processor.py:840} INFO - DAG(s) 'example_dag' retrieved from /opt/airflow/dags/example_dag.py
[2025-12-21T18:10:30.433+0000] {logging_mixin.py:188} INFO - [2025-12-21T18:10:30.433+0000] {dag.py:3033} INFO - Sync 1 DAGs
[2025-12-21T18:10:30.450+0000] {logging_mixin.py:188} INFO - [2025-12-21T18:10:30.450+0000] {dag.py:3820} INFO - Setting next_dagrun for example_dag to 2025-12-20T00:00:00+00:00, run_after=2025-12-21T00:00:00+00:00
[2025-12-21T18:10:30.466+0000] {processor.py:183} INFO - Processing /opt/airflow/dags/example_dag.py took 0.115 seconds
[2025-12-21T18:11:00.754+0000] {processor.py:161} INFO - Started process (PID=52) to work on /opt/airflow/dags/example_dag.py
[2025-12-21T18:11:00.755+0000] {processor.py:830} INFO - Processing file /opt/airflow/dags/example_dag.py for tasks to queue
[2025-12-21T18:11:00.756+0000] {logging_mixin.py:188} INFO - [2025-12-21T18:11:00.755+0000] {dagbag.py:538} INFO - Filling up the DagBag from /opt/airflow/dags/example_dag.py
[2025-12-21T18:11:00.764+0000] {processor.py:840} INFO - DAG(s) 'example_dag' retrieved from /opt/airflow/dags/example_dag.py
[2025-12-21T18:11:00.788+0000] {logging_mixin.py:188} INFO - [2025-12-21T18:11:00.788+0000] {dag.py:3033} INFO - Sync 1 DAGs
[2025-12-21T18:11:00.801+0000] {logging_mixin.py:188} INFO - [2025-12-21T18:11:00.801+0000] {dag.py:3820} INFO - Setting next_dagrun for example_dag to 2025-12-20T00:00:00+00:00, run_after=2025-12-21T00:00:00+00:00
[2025-12-21T18:11:00.814+0000] {processor.py:183} INFO - Processing /opt/airflow/dags/example_dag.py took 0.061 seconds
[2025-12-21T18:11:31.191+0000] {processor.py:161} INFO - Started process (PID=62) to work on /opt/airflow/dags/example_dag.py
[2025-12-21T18:11:31.192+0000] {processor.py:830} INFO - Processing file /opt/airflow/dags/example_dag.py for tasks to queue
[2025-12-21T18:11:31.193+0000] {logging_mixin.py:188} INFO - [2025-12-21T18:11:31.193+0000] {dagbag.py:538} INFO - Filling up the DagBag from /opt/airflow/dags/example_dag.py
[2025-12-21T18:11:31.200+0000] {processor.py:840} INFO - DAG(s) 'example_dag' retrieved from /opt/airflow/dags/example_dag.py
[2025-12-21T18:11:31.221+0000] {logging_mixin.py:188} INFO - [2025-12-21T18:11:31.221+0000] {dag.py:3033} INFO - Sync 1 DAGs
[2025-12-21T18:11:31.236+0000] {logging_mixin.py:188} INFO - [2025-12-21T18:11:31.236+0000] {dag.py:3820} INFO - Setting next_dagrun for example_dag to 2025-12-20T00:00:00+00:00, run_after=2025-12-21T00:00:00+00:00
[2025-12-21T18:11:31.249+0000] {processor.py:183} INFO - Processing /opt/airflow/dags/example_dag.py took 0.060 seconds
[2025-12-21T18:12:01.645+0000] {processor.py:161} INFO - Started process (PID=72) to work on /opt/airflow/dags/example_dag.py
[2025-12-21T18:12:01.646+0000] {processor.py:830} INFO - Processing file /opt/airflow/dags/example_dag.py for tasks to queue
[2025-12-21T18:12:01.646+0000] {logging_mixin.py:188} INFO - [2025-12-21T18:12:01.646+0000] {dagbag.py:538} INFO - Filling up the DagBag from /opt/airflow/dags/example_dag.py
[2025-12-21T18:12:01.653+0000] {processor.py:840} INFO - DAG(s) 'example_dag' retrieved from /opt/airflow/dags/example_dag.py
[2025-12-21T18:12:01.683+0000] {logging_mixin.py:188} INFO - [2025-12-21T18:12:01.683+0000] {dag.py:3033} INFO - Sync 1 DAGs
[2025-12-21T18:12:01.700+0000] {logging_mixin.py:188} INFO - [2025-12-21T18:12:01.700+0000] {dag.py:3820} INFO - Setting next_dagrun for example_dag to 2025-12-20T00:00:00+00:00, run_after=2025-12-21T00:00:00+00:00
[2025-12-21T18:12:01.714+0000] {processor.py:183} INFO - Processing /opt/airflow/dags/example_dag.py took 0.071 seconds
[2025-12-21T18:12:32.033+0000] {processor.py:161} INFO - Started process (PID=82) to work on /opt/airflow/dags/example_dag.py
[2025-12-21T18:12:32.035+0000] {processor.py:830} INFO - Processing file /opt/airflow/dags/example_dag.py for tasks to queue
[2025-12-21T18:12:32.035+0000] {logging_mixin.py:188} INFO - [2025-12-21T18:12:32.035+0000] {dagbag.py:538} INFO - Filling up the DagBag from /opt/airflow/dags/example_dag.py
[2025-12-21T18:12:32.043+0000] {processor.py:840} INFO - DAG(s) 'example_dag' retrieved from /opt/airflow/dags/example_dag.py
[2025-12-21T18:12:32.065+0000] {logging_mixin.py:188} INFO - [2025-12-21T18:12:32.065+0000] {dag.py:3033} INFO - Sync 1 DAGs
[2025-12-21T18:12:32.081+0000] {logging_mixin.py:188} INFO - [2025-12-21T18:12:32.081+0000] {dag.py:3820} INFO - Setting next_dagrun for example_dag to 2025-12-20T00:00:00+00:00, run_after=2025-12-21T00:00:00+00:00
[2025-12-21T18:12:32.092+0000] {processor.py:183} INFO - Processing /opt/airflow/dags/example_dag.py took 0.063 seconds
[2025-12-21T18:13:02.550+0000] {processor.py:161} INFO - Started process (PID=92) to work on /opt/airflow/dags/example_dag.py
[2025-12-21T18:13:02.552+0000] {processor.py:830} INFO - Processing file /opt/airflow/dags/example_dag.py for tasks to queue
[2025-12-21T18:13:02.552+0000] {logging_mixin.py:188} INFO - [2025-12-21T18:13:02.552+0000] {dagbag.py:538} INFO - Filling up the DagBag from /opt/airflow/dags/example_dag.py
[2025-12-21T18:13:02.568+0000] {processor.py:840} INFO - DAG(s) 'example_dag' retrieved from /opt/airflow/dags/example_dag.py
[2025-12-21T18:13:02.595+0000] {logging_mixin.py:188} INFO - [2025-12-21T18:13:02.595+0000] {dag.py:3033} INFO - Sync 1 DAGs
[2025-12-21T18:13:02.613+0000] {logging_mixin.py:188} INFO - [2025-12-21T18:13:02.613+0000] {dag.py:3820} INFO - Setting next_dagrun for example_dag to 2025-12-20T00:00:00+00:00, run_after=2025-12-21T00:00:00+00:00
[2025-12-21T18:13:02.626+0000] {processor.py:183} INFO - Processing /opt/airflow/dags/example_dag.py took 0.080 seconds
[2025-12-21T18:13:33.041+0000] {processor.py:161} INFO - Started process (PID=95) to work on /opt/airflow/dags/example_dag.py
[2025-12-21T18:13:33.042+0000] {processor.py:830} INFO - Processing file /opt/airflow/dags/example_dag.py for tasks to queue
[2025-12-21T18:13:33.042+0000] {logging_mixin.py:188} INFO - [2025-12-21T18:13:33.042+0000] {dagbag.py:538} INFO - Filling up the DagBag from /opt/airflow/dags/example_dag.py
[2025-12-21T18:13:33.050+0000] {processor.py:840} INFO - DAG(s) 'example_dag' retrieved from /opt/airflow/dags/example_dag.py
[2025-12-21T18:13:33.070+0000] {logging_mixin.py:188} INFO - [2025-12-21T18:13:33.070+0000] {dag.py:3033} INFO - Sync 1 DAGs
[2025-12-21T18:13:33.082+0000] {logging_mixin.py:188} INFO - [2025-12-21T18:13:33.082+0000] {dag.py:3820} INFO - Setting next_dagrun for example_dag to 2025-12-20T00:00:00+00:00, run_after=2025-12-21T00:00:00+00:00
[2025-12-21T18:13:33.093+0000] {processor.py:183} INFO - Processing /opt/airflow/dags/example_dag.py took 0.055 seconds
[2025-12-21T18:14:03.815+0000] {processor.py:161} INFO - Started process (PID=105) to work on /opt/airflow/dags/example_dag.py
[2025-12-21T18:14:03.816+0000] {processor.py:830} INFO - Processing file /opt/airflow/dags/example_dag.py for tasks to queue
[2025-12-21T18:14:03.817+0000] {logging_mixin.py:188} INFO - [2025-12-21T18:14:03.817+0000] {dagbag.py:538} INFO - Filling up the DagBag from /opt/airflow/dags/example_dag.py
[2025-12-21T18:14:03.823+0000] {processor.py:840} INFO - DAG(s) 'example_dag' retrieved from /opt/airflow/dags/example_dag.py
[2025-12-21T18:14:03.842+0000] {logging_mixin.py:188} INFO - [2025-12-21T18:14:03.842+0000] {dag.py:3033} INFO - Sync 1 DAGs
[2025-12-21T18:14:03.856+0000] {logging_mixin.py:188} INFO - [2025-12-21T18:14:03.856+0000] {dag.py:3820} INFO - Setting next_dagrun for example_dag to 2025-12-20T00:00:00+00:00, run_after=2025-12-21T00:00:00+00:00
[2025-12-21T18:14:03.869+0000] {processor.py:183} INFO - Processing /opt/airflow/dags/example_dag.py took 0.055 seconds
[2025-12-21T18:14:34.252+0000] {processor.py:161} INFO - Started process (PID=115) to work on /opt/airflow/dags/example_dag.py
[2025-12-21T18:14:34.253+0000] {processor.py:830} INFO - Processing file /opt/airflow/dags/example_dag.py for tasks to queue
[2025-12-21T18:14:34.253+0000] {logging_mixin.py:188} INFO - [2025-12-21T18:14:34.253+0000] {dagbag.py:538} INFO - Filling up the DagBag from /opt/airflow/dags/example_dag.py
[2025-12-21T18:14:34.260+0000] {processor.py:840} INFO - DAG(s) 'example_dag' retrieved from /opt/airflow/dags/example_dag.py
[2025-12-21T18:14:34.279+0000] {logging_mixin.py:188} INFO - [2025-12-21T18:14:34.279+0000] {dag.py:3033} INFO - Sync 1 DAGs
[2025-12-21T18:14:34.299+0000] {logging_mixin.py:188} INFO - [2025-12-21T18:14:34.299+0000] {dag.py:3820} INFO - Setting next_dagrun for example_dag to 2025-12-20T00:00:00+00:00, run_after=2025-12-21T00:00:00+00:00
[2025-12-21T18:14:34.310+0000] {processor.py:183} INFO - Processing /opt/airflow/dags/example_dag.py took 0.060 seconds
[2025-12-21T18:15:04.697+0000] {processor.py:161} INFO - Started process (PID=125) to work on /opt/airflow/dags/example_dag.py
[2025-12-21T18:15:04.698+0000] {processor.py:830} INFO - Processing file /opt/airflow/dags/example_dag.py for tasks to queue
[2025-12-21T18:15:04.699+0000] {logging_mixin.py:188} INFO - [2025-12-21T18:15:04.698+0000] {dagbag.py:538} INFO - Filling up the DagBag from /opt/airflow/dags/example_dag.py
[2025-12-21T18:15:04.706+0000] {processor.py:840} INFO - DAG(s) 'example_dag' retrieved from /opt/airflow/dags/example_dag.py
[2025-12-21T18:15:04.726+0000] {logging_mixin.py:188} INFO - [2025-12-21T18:15:04.726+0000] {dag.py:3033} INFO - Sync 1 DAGs
[2025-12-21T18:15:04.739+0000] {logging_mixin.py:188} INFO - [2025-12-21T18:15:04.739+0000] {dag.py:3820} INFO - Setting next_dagrun for example_dag to 2025-12-20T00:00:00+00:00, run_after=2025-12-21T00:00:00+00:00
[2025-12-21T18:15:04.750+0000] {processor.py:183} INFO - Processing /opt/airflow/dags/example_dag.py took 0.054 seconds
[2025-12-21T18:15:35.295+0000] {processor.py:161} INFO - Started process (PID=135) to work on /opt/airflow/dags/example_dag.py
[2025-12-21T18:15:35.296+0000] {processor.py:830} INFO - Processing file /opt/airflow/dags/example_dag.py for tasks to queue
[2025-12-21T18:15:35.297+0000] {logging_mixin.py:188} INFO - [2025-12-21T18:15:35.297+0000] {dagbag.py:538} INFO - Filling up the DagBag from /opt/airflow/dags/example_dag.py
[2025-12-21T18:15:35.305+0000] {processor.py:840} INFO - DAG(s) 'example_dag' retrieved from /opt/airflow/dags/example_dag.py
[2025-12-21T18:15:35.338+0000] {logging_mixin.py:188} INFO - [2025-12-21T18:15:35.338+0000] {dag.py:3033} INFO - Sync 1 DAGs
[2025-12-21T18:15:35.357+0000] {logging_mixin.py:188} INFO - [2025-12-21T18:15:35.357+0000] {dag.py:3820} INFO - Setting next_dagrun for example_dag to 2025-12-20T00:00:00+00:00, run_after=2025-12-21T00:00:00+00:00
[2025-12-21T18:15:35.372+0000] {processor.py:183} INFO - Processing /opt/airflow/dags/example_dag.py took 0.080 seconds
[2025-12-21T18:16:05.832+0000] {processor.py:161} INFO - Started process (PID=145) to work on /opt/airflow/dags/example_dag.py
[2025-12-21T18:16:05.833+0000] {processor.py:830} INFO - Processing file /opt/airflow/dags/example_dag.py for tasks to queue
[2025-12-21T18:16:05.833+0000] {logging_mixin.py:188} INFO - [2025-12-21T18:16:05.833+0000] {dagbag.py:538} INFO - Filling up the DagBag from /opt/airflow/dags/example_dag.py
[2025-12-21T18:16:05.840+0000] {processor.py:840} INFO - DAG(s) 'example_dag' retrieved from /opt/airflow/dags/example_dag.py
[2025-12-21T18:16:05.862+0000] {logging_mixin.py:188} INFO - [2025-12-21T18:16:05.862+0000] {dag.py:3033} INFO - Sync 1 DAGs
[2025-12-21T18:16:05.879+0000] {logging_mixin.py:188} INFO - [2025-12-21T18:16:05.879+0000] {dag.py:3820} INFO - Setting next_dagrun for example_dag to 2025-12-20T00:00:00+00:00, run_after=2025-12-21T00:00:00+00:00
[2025-12-21T18:16:05.893+0000] {processor.py:183} INFO - Processing /opt/airflow/dags/example_dag.py took 0.065 seconds
[2025-12-21T18:16:36.337+0000] {processor.py:161} INFO - Started process (PID=155) to work on /opt/airflow/dags/example_dag.py
[2025-12-21T18:16:36.338+0000] {processor.py:830} INFO - Processing file /opt/airflow/dags/example_dag.py for tasks to queue
[2025-12-21T18:16:36.339+0000] {logging_mixin.py:188} INFO - [2025-12-21T18:16:36.339+0000] {dagbag.py:538} INFO - Filling up the DagBag from /opt/airflow/dags/example_dag.py
[2025-12-21T18:16:36.347+0000] {processor.py:840} INFO - DAG(s) 'example_dag' retrieved from /opt/airflow/dags/example_dag.py
[2025-12-21T18:16:36.370+0000] {logging_mixin.py:188} INFO - [2025-12-21T18:16:36.370+0000] {dag.py:3033} INFO - Sync 1 DAGs
[2025-12-21T18:16:36.387+0000] {logging_mixin.py:188} INFO - [2025-12-21T18:16:36.387+0000] {dag.py:3820} INFO - Setting next_dagrun for example_dag to 2025-12-20T00:00:00+00:00, run_after=2025-12-21T00:00:00+00:00
[2025-12-21T18:16:36.403+0000] {processor.py:183} INFO - Processing /opt/airflow/dags/example_dag.py took 0.067 seconds
[2025-12-21T18:17:06.831+0000] {processor.py:161} INFO - Started process (PID=164) to work on /opt/airflow/dags/example_dag.py
[2025-12-21T18:17:06.832+0000] {processor.py:830} INFO - Processing file /opt/airflow/dags/example_dag.py for tasks to queue
[2025-12-21T18:17:06.832+0000] {logging_mixin.py:188} INFO - [2025-12-21T18:17:06.832+0000] {dagbag.py:538} INFO - Filling up the DagBag from /opt/airflow/dags/example_dag.py
[2025-12-21T18:17:06.839+0000] {processor.py:840} INFO - DAG(s) 'example_dag' retrieved from /opt/airflow/dags/example_dag.py
[2025-12-21T18:17:06.862+0000] {logging_mixin.py:188} INFO - [2025-12-21T18:17:06.862+0000] {dag.py:3033} INFO - Sync 1 DAGs
[2025-12-21T18:17:06.875+0000] {logging_mixin.py:188} INFO - [2025-12-21T18:17:06.875+0000] {dag.py:3820} INFO - Setting next_dagrun for example_dag to 2025-12-20T00:00:00+00:00, run_after=2025-12-21T00:00:00+00:00
[2025-12-21T18:17:06.887+0000] {processor.py:183} INFO - Processing /opt/airflow/dags/example_dag.py took 0.058 seconds
[2025-12-21T18:17:37.228+0000] {processor.py:161} INFO - Started process (PID=200) to work on /opt/airflow/dags/example_dag.py
[2025-12-21T18:17:37.230+0000] {processor.py:830} INFO - Processing file /opt/airflow/dags/example_dag.py for tasks to queue
[2025-12-21T18:17:37.230+0000] {logging_mixin.py:188} INFO - [2025-12-21T18:17:37.230+0000] {dagbag.py:538} INFO - Filling up the DagBag from /opt/airflow/dags/example_dag.py
[2025-12-21T18:17:37.238+0000] {processor.py:840} INFO - DAG(s) 'example_dag' retrieved from /opt/airflow/dags/example_dag.py
[2025-12-21T18:17:37.265+0000] {logging_mixin.py:188} INFO - [2025-12-21T18:17:37.265+0000] {dag.py:3033} INFO - Sync 1 DAGs
[2025-12-21T18:17:37.281+0000] {logging_mixin.py:188} INFO - [2025-12-21T18:17:37.281+0000] {dag.py:3820} INFO - Setting next_dagrun for example_dag to 2025-12-20T00:00:00+00:00, run_after=2025-12-21T00:00:00+00:00
[2025-12-21T18:17:37.295+0000] {processor.py:183} INFO - Processing /opt/airflow/dags/example_dag.py took 0.068 seconds
[2025-12-21T18:18:07.768+0000] {processor.py:161} INFO - Started process (PID=232) to work on /opt/airflow/dags/example_dag.py
[2025-12-21T18:18:07.769+0000] {processor.py:830} INFO - Processing file /opt/airflow/dags/example_dag.py for tasks to queue
[2025-12-21T18:18:07.770+0000] {logging_mixin.py:188} INFO - [2025-12-21T18:18:07.769+0000] {dagbag.py:538} INFO - Filling up the DagBag from /opt/airflow/dags/example_dag.py
[2025-12-21T18:18:07.779+0000] {processor.py:840} INFO - DAG(s) 'example_dag' retrieved from /opt/airflow/dags/example_dag.py
[2025-12-21T18:18:07.808+0000] {logging_mixin.py:188} INFO - [2025-12-21T18:18:07.807+0000] {dag.py:3033} INFO - Sync 1 DAGs
[2025-12-21T18:18:07.828+0000] {logging_mixin.py:188} INFO - [2025-12-21T18:18:07.828+0000] {dag.py:3820} INFO - Setting next_dagrun for example_dag to 2025-12-20T00:00:00+00:00, run_after=2025-12-21T00:00:00+00:00
[2025-12-21T18:18:07.843+0000] {processor.py:183} INFO - Processing /opt/airflow/dags/example_dag.py took 0.078 seconds
[2025-12-21T18:18:38.408+0000] {processor.py:161} INFO - Started process (PID=242) to work on /opt/airflow/dags/example_dag.py
[2025-12-21T18:18:38.409+0000] {processor.py:830} INFO - Processing file /opt/airflow/dags/example_dag.py for tasks to queue
[2025-12-21T18:18:38.410+0000] {logging_mixin.py:188} INFO - [2025-12-21T18:18:38.410+0000] {dagbag.py:538} INFO - Filling up the DagBag from /opt/airflow/dags/example_dag.py
[2025-12-21T18:18:38.417+0000] {processor.py:840} INFO - DAG(s) 'example_dag' retrieved from /opt/airflow/dags/example_dag.py
[2025-12-21T18:18:38.439+0000] {logging_mixin.py:188} INFO - [2025-12-21T18:18:38.439+0000] {dag.py:3033} INFO - Sync 1 DAGs
[2025-12-21T18:18:38.457+0000] {logging_mixin.py:188} INFO - [2025-12-21T18:18:38.457+0000] {dag.py:3820} INFO - Setting next_dagrun for example_dag to 2025-12-20T00:00:00+00:00, run_after=2025-12-21T00:00:00+00:00
[2025-12-21T18:18:38.469+0000] {processor.py:183} INFO - Processing /opt/airflow/dags/example_dag.py took 0.064 seconds
[2025-12-21T18:19:08.931+0000] {processor.py:161} INFO - Started process (PID=252) to work on /opt/airflow/dags/example_dag.py
[2025-12-21T18:19:08.932+0000] {processor.py:830} INFO - Processing file /opt/airflow/dags/example_dag.py for tasks to queue
[2025-12-21T18:19:08.933+0000] {logging_mixin.py:188} INFO - [2025-12-21T18:19:08.932+0000] {dagbag.py:538} INFO - Filling up the DagBag from /opt/airflow/dags/example_dag.py
[2025-12-21T18:19:08.952+0000] {processor.py:840} INFO - DAG(s) 'example_dag' retrieved from /opt/airflow/dags/example_dag.py
[2025-12-21T18:19:08.975+0000] {logging_mixin.py:188} INFO - [2025-12-21T18:19:08.974+0000] {dag.py:3033} INFO - Sync 1 DAGs
[2025-12-21T18:19:08.989+0000] {logging_mixin.py:188} INFO - [2025-12-21T18:19:08.989+0000] {dag.py:3820} INFO - Setting next_dagrun for example_dag to 2025-12-20T00:00:00+00:00, run_after=2025-12-21T00:00:00+00:00
[2025-12-21T18:19:09.000+0000] {processor.py:183} INFO - Processing /opt/airflow/dags/example_dag.py took 0.071 seconds
[2025-12-21T18:19:39.469+0000] {processor.py:161} INFO - Started process (PID=262) to work on /opt/airflow/dags/example_dag.py
[2025-12-21T18:19:39.470+0000] {processor.py:830} INFO - Processing file /opt/airflow/dags/example_dag.py for tasks to queue
[2025-12-21T18:19:39.471+0000] {logging_mixin.py:188} INFO - [2025-12-21T18:19:39.471+0000] {dagbag.py:538} INFO - Filling up the DagBag from /opt/airflow/dags/example_dag.py
[2025-12-21T18:19:39.478+0000] {processor.py:840} INFO - DAG(s) 'example_dag' retrieved from /opt/airflow/dags/example_dag.py
[2025-12-21T18:19:39.500+0000] {logging_mixin.py:188} INFO - [2025-12-21T18:19:39.499+0000] {dag.py:3033} INFO - Sync 1 DAGs
[2025-12-21T18:19:39.523+0000] {logging_mixin.py:188} INFO - [2025-12-21T18:19:39.523+0000] {dag.py:3820} INFO - Setting next_dagrun for example_dag to 2025-12-20T00:00:00+00:00, run_after=2025-12-21T00:00:00+00:00
[2025-12-21T18:19:39.543+0000] {processor.py:183} INFO - Processing /opt/airflow/dags/example_dag.py took 0.077 seconds
[2025-12-21T18:20:10.008+0000] {processor.py:161} INFO - Started process (PID=272) to work on /opt/airflow/dags/example_dag.py
[2025-12-21T18:20:10.009+0000] {processor.py:830} INFO - Processing file /opt/airflow/dags/example_dag.py for tasks to queue
[2025-12-21T18:20:10.009+0000] {logging_mixin.py:188} INFO - [2025-12-21T18:20:10.009+0000] {dagbag.py:538} INFO - Filling up the DagBag from /opt/airflow/dags/example_dag.py
[2025-12-21T18:20:10.017+0000] {processor.py:840} INFO - DAG(s) 'example_dag' retrieved from /opt/airflow/dags/example_dag.py
[2025-12-21T18:20:10.043+0000] {logging_mixin.py:188} INFO - [2025-12-21T18:20:10.043+0000] {dag.py:3033} INFO - Sync 1 DAGs
[2025-12-21T18:20:10.059+0000] {logging_mixin.py:188} INFO - [2025-12-21T18:20:10.059+0000] {dag.py:3820} INFO - Setting next_dagrun for example_dag to 2025-12-20T00:00:00+00:00, run_after=2025-12-21T00:00:00+00:00
[2025-12-21T18:20:10.071+0000] {processor.py:183} INFO - Processing /opt/airflow/dags/example_dag.py took 0.065 seconds
[2025-12-21T18:20:40.458+0000] {processor.py:161} INFO - Started process (PID=282) to work on /opt/airflow/dags/example_dag.py
[2025-12-21T18:20:40.459+0000] {processor.py:830} INFO - Processing file /opt/airflow/dags/example_dag.py for tasks to queue
[2025-12-21T18:20:40.460+0000] {logging_mixin.py:188} INFO - [2025-12-21T18:20:40.460+0000] {dagbag.py:538} INFO - Filling up the DagBag from /opt/airflow/dags/example_dag.py
[2025-12-21T18:20:40.468+0000] {processor.py:840} INFO - DAG(s) 'example_dag' retrieved from /opt/airflow/dags/example_dag.py
[2025-12-21T18:20:40.488+0000] {logging_mixin.py:188} INFO - [2025-12-21T18:20:40.488+0000] {dag.py:3033} INFO - Sync 1 DAGs
[2025-12-21T18:20:40.505+0000] {logging_mixin.py:188} INFO - [2025-12-21T18:20:40.505+0000] {dag.py:3820} INFO - Setting next_dagrun for example_dag to 2025-12-20T00:00:00+00:00, run_after=2025-12-21T00:00:00+00:00
[2025-12-21T18:20:40.520+0000] {processor.py:183} INFO - Processing /opt/airflow/dags/example_dag.py took 0.063 seconds
[2025-12-21T18:21:11.066+0000] {processor.py:161} INFO - Started process (PID=292) to work on /opt/airflow/dags/example_dag.py
[2025-12-21T18:21:11.068+0000] {processor.py:830} INFO - Processing file /opt/airflow/dags/example_dag.py for tasks to queue
[2025-12-21T18:21:11.071+0000] {logging_mixin.py:188} INFO - [2025-12-21T18:21:11.071+0000] {dagbag.py:538} INFO - Filling up the DagBag from /opt/airflow/dags/example_dag.py
[2025-12-21T18:21:11.084+0000] {processor.py:840} INFO - DAG(s) 'example_dag' retrieved from /opt/airflow/dags/example_dag.py
[2025-12-21T18:21:11.124+0000] {logging_mixin.py:188} INFO - [2025-12-21T18:21:11.124+0000] {dag.py:3033} INFO - Sync 1 DAGs
[2025-12-21T18:21:11.159+0000] {logging_mixin.py:188} INFO - [2025-12-21T18:21:11.159+0000] {dag.py:3820} INFO - Setting next_dagrun for example_dag to 2025-12-20T00:00:00+00:00, run_after=2025-12-21T00:00:00+00:00
[2025-12-21T18:21:11.185+0000] {processor.py:183} INFO - Processing /opt/airflow/dags/example_dag.py took 0.129 seconds
[2025-12-21T18:21:41.546+0000] {processor.py:161} INFO - Started process (PID=302) to work on /opt/airflow/dags/example_dag.py
[2025-12-21T18:21:41.547+0000] {processor.py:830} INFO - Processing file /opt/airflow/dags/example_dag.py for tasks to queue
[2025-12-21T18:21:41.547+0000] {logging_mixin.py:188} INFO - [2025-12-21T18:21:41.547+0000] {dagbag.py:538} INFO - Filling up the DagBag from /opt/airflow/dags/example_dag.py
[2025-12-21T18:21:41.555+0000] {processor.py:840} INFO - DAG(s) 'example_dag' retrieved from /opt/airflow/dags/example_dag.py
[2025-12-21T18:21:41.950+0000] {logging_mixin.py:188} INFO - [2025-12-21T18:21:41.950+0000] {dag.py:3033} INFO - Sync 1 DAGs
[2025-12-21T18:21:42.050+0000] {logging_mixin.py:188} INFO - [2025-12-21T18:21:42.050+0000] {dag.py:3820} INFO - Setting next_dagrun for example_dag to 2025-12-20T00:00:00+00:00, run_after=2025-12-21T00:00:00+00:00
[2025-12-21T18:21:42.079+0000] {processor.py:183} INFO - Processing /opt/airflow/dags/example_dag.py took 0.536 seconds
[2025-12-21T18:22:12.860+0000] {processor.py:161} INFO - Started process (PID=312) to work on /opt/airflow/dags/example_dag.py
[2025-12-21T18:22:12.862+0000] {processor.py:830} INFO - Processing file /opt/airflow/dags/example_dag.py for tasks to queue
[2025-12-21T18:22:12.862+0000] {logging_mixin.py:188} INFO - [2025-12-21T18:22:12.862+0000] {dagbag.py:538} INFO - Filling up the DagBag from /opt/airflow/dags/example_dag.py
[2025-12-21T18:22:12.874+0000] {processor.py:840} INFO - DAG(s) 'example_dag' retrieved from /opt/airflow/dags/example_dag.py
[2025-12-21T18:22:12.899+0000] {logging_mixin.py:188} INFO - [2025-12-21T18:22:12.899+0000] {dag.py:3033} INFO - Sync 1 DAGs
[2025-12-21T18:22:12.915+0000] {logging_mixin.py:188} INFO - [2025-12-21T18:22:12.915+0000] {dag.py:3820} INFO - Setting next_dagrun for example_dag to 2025-12-20T00:00:00+00:00, run_after=2025-12-21T00:00:00+00:00
[2025-12-21T18:22:12.930+0000] {processor.py:183} INFO - Processing /opt/airflow/dags/example_dag.py took 0.074 seconds
[2025-12-21T18:22:43.190+0000] {processor.py:161} INFO - Started process (PID=322) to work on /opt/airflow/dags/example_dag.py
[2025-12-21T18:22:43.192+0000] {processor.py:830} INFO - Processing file /opt/airflow/dags/example_dag.py for tasks to queue
[2025-12-21T18:22:43.193+0000] {logging_mixin.py:188} INFO - [2025-12-21T18:22:43.193+0000] {dagbag.py:538} INFO - Filling up the DagBag from /opt/airflow/dags/example_dag.py
[2025-12-21T18:22:43.211+0000] {processor.py:840} INFO - DAG(s) 'example_dag' retrieved from /opt/airflow/dags/example_dag.py
[2025-12-21T18:22:43.237+0000] {logging_mixin.py:188} INFO - [2025-12-21T18:22:43.237+0000] {dag.py:3033} INFO - Sync 1 DAGs
[2025-12-21T18:22:43.251+0000] {logging_mixin.py:188} INFO - [2025-12-21T18:22:43.251+0000] {dag.py:3820} INFO - Setting next_dagrun for example_dag to 2025-12-20T00:00:00+00:00, run_after=2025-12-21T00:00:00+00:00
[2025-12-21T18:22:43.261+0000] {processor.py:183} INFO - Processing /opt/airflow/dags/example_dag.py took 0.078 seconds
[2025-12-21T18:23:13.781+0000] {processor.py:161} INFO - Started process (PID=332) to work on /opt/airflow/dags/example_dag.py
[2025-12-21T18:23:13.782+0000] {processor.py:830} INFO - Processing file /opt/airflow/dags/example_dag.py for tasks to queue
[2025-12-21T18:23:13.783+0000] {logging_mixin.py:188} INFO - [2025-12-21T18:23:13.783+0000] {dagbag.py:538} INFO - Filling up the DagBag from /opt/airflow/dags/example_dag.py
[2025-12-21T18:23:13.792+0000] {processor.py:840} INFO - DAG(s) 'example_dag' retrieved from /opt/airflow/dags/example_dag.py
[2025-12-21T18:23:13.817+0000] {logging_mixin.py:188} INFO - [2025-12-21T18:23:13.816+0000] {dag.py:3033} INFO - Sync 1 DAGs
[2025-12-21T18:23:13.837+0000] {logging_mixin.py:188} INFO - [2025-12-21T18:23:13.837+0000] {dag.py:3820} INFO - Setting next_dagrun for example_dag to 2025-12-20T00:00:00+00:00, run_after=2025-12-21T00:00:00+00:00
[2025-12-21T18:23:13.851+0000] {processor.py:183} INFO - Processing /opt/airflow/dags/example_dag.py took 0.072 seconds
[2025-12-21T18:23:44.193+0000] {processor.py:161} INFO - Started process (PID=341) to work on /opt/airflow/dags/example_dag.py
[2025-12-21T18:23:44.195+0000] {processor.py:830} INFO - Processing file /opt/airflow/dags/example_dag.py for tasks to queue
[2025-12-21T18:23:44.195+0000] {logging_mixin.py:188} INFO - [2025-12-21T18:23:44.195+0000] {dagbag.py:538} INFO - Filling up the DagBag from /opt/airflow/dags/example_dag.py
[2025-12-21T18:23:44.203+0000] {processor.py:840} INFO - DAG(s) 'example_dag' retrieved from /opt/airflow/dags/example_dag.py
[2025-12-21T18:23:44.228+0000] {logging_mixin.py:188} INFO - [2025-12-21T18:23:44.227+0000] {dag.py:3033} INFO - Sync 1 DAGs
[2025-12-21T18:23:44.244+0000] {logging_mixin.py:188} INFO - [2025-12-21T18:23:44.244+0000] {dag.py:3820} INFO - Setting next_dagrun for example_dag to 2025-12-20T00:00:00+00:00, run_after=2025-12-21T00:00:00+00:00
[2025-12-21T18:23:44.262+0000] {processor.py:183} INFO - Processing /opt/airflow/dags/example_dag.py took 0.072 seconds
[2025-12-21T18:24:14.594+0000] {processor.py:161} INFO - Started process (PID=351) to work on /opt/airflow/dags/example_dag.py
[2025-12-21T18:24:14.595+0000] {processor.py:830} INFO - Processing file /opt/airflow/dags/example_dag.py for tasks to queue
[2025-12-21T18:24:14.596+0000] {logging_mixin.py:188} INFO - [2025-12-21T18:24:14.596+0000] {dagbag.py:538} INFO - Filling up the DagBag from /opt/airflow/dags/example_dag.py
[2025-12-21T18:24:14.609+0000] {processor.py:840} INFO - DAG(s) 'example_dag' retrieved from /opt/airflow/dags/example_dag.py
[2025-12-21T18:24:14.639+0000] {logging_mixin.py:188} INFO - [2025-12-21T18:24:14.638+0000] {dag.py:3033} INFO - Sync 1 DAGs
[2025-12-21T18:24:14.664+0000] {logging_mixin.py:188} INFO - [2025-12-21T18:24:14.664+0000] {dag.py:3820} INFO - Setting next_dagrun for example_dag to 2025-12-20T00:00:00+00:00, run_after=2025-12-21T00:00:00+00:00
[2025-12-21T18:24:14.685+0000] {processor.py:183} INFO - Processing /opt/airflow/dags/example_dag.py took 0.097 seconds
[2025-12-21T18:27:44.134+0000] {processor.py:161} INFO - Started process (PID=32) to work on /opt/airflow/dags/example_dag.py
[2025-12-21T18:27:44.135+0000] {processor.py:830} INFO - Processing file /opt/airflow/dags/example_dag.py for tasks to queue
[2025-12-21T18:27:44.136+0000] {logging_mixin.py:188} INFO - [2025-12-21T18:27:44.136+0000] {dagbag.py:538} INFO - Filling up the DagBag from /opt/airflow/dags/example_dag.py
[2025-12-21T18:27:44.144+0000] {processor.py:840} INFO - DAG(s) 'example_dag' retrieved from /opt/airflow/dags/example_dag.py
[2025-12-21T18:27:44.158+0000] {logging_mixin.py:188} INFO - [2025-12-21T18:27:44.157+0000] {dag.py:3033} INFO - Sync 1 DAGs
[2025-12-21T18:27:44.172+0000] {logging_mixin.py:188} INFO - [2025-12-21T18:27:44.172+0000] {dag.py:3820} INFO - Setting next_dagrun for example_dag to 2025-12-20T00:00:00+00:00, run_after=2025-12-21T00:00:00+00:00
[2025-12-21T18:27:44.186+0000] {processor.py:183} INFO - Processing /opt/airflow/dags/example_dag.py took 0.055 seconds
[2025-12-21T18:28:14.535+0000] {processor.py:161} INFO - Started process (PID=42) to work on /opt/airflow/dags/example_dag.py
[2025-12-21T18:28:14.535+0000] {processor.py:830} INFO - Processing file /opt/airflow/dags/example_dag.py for tasks to queue
[2025-12-21T18:28:14.536+0000] {logging_mixin.py:188} INFO - [2025-12-21T18:28:14.536+0000] {dagbag.py:538} INFO - Filling up the DagBag from /opt/airflow/dags/example_dag.py
[2025-12-21T18:28:14.543+0000] {processor.py:840} INFO - DAG(s) 'example_dag' retrieved from /opt/airflow/dags/example_dag.py
[2025-12-21T18:28:14.601+0000] {logging_mixin.py:188} INFO - [2025-12-21T18:28:14.601+0000] {dag.py:3033} INFO - Sync 1 DAGs
[2025-12-21T18:28:14.613+0000] {logging_mixin.py:188} INFO - [2025-12-21T18:28:14.613+0000] {dag.py:3820} INFO - Setting next_dagrun for example_dag to 2025-12-20T00:00:00+00:00, run_after=2025-12-21T00:00:00+00:00
[2025-12-21T18:28:14.625+0000] {processor.py:183} INFO - Processing /opt/airflow/dags/example_dag.py took 0.092 seconds
[2025-12-21T18:28:44.994+0000] {processor.py:161} INFO - Started process (PID=52) to work on /opt/airflow/dags/example_dag.py
[2025-12-21T18:28:44.996+0000] {processor.py:830} INFO - Processing file /opt/airflow/dags/example_dag.py for tasks to queue
[2025-12-21T18:28:44.996+0000] {logging_mixin.py:188} INFO - [2025-12-21T18:28:44.996+0000] {dagbag.py:538} INFO - Filling up the DagBag from /opt/airflow/dags/example_dag.py
[2025-12-21T18:28:45.006+0000] {processor.py:840} INFO - DAG(s) 'example_dag' retrieved from /opt/airflow/dags/example_dag.py
[2025-12-21T18:28:45.027+0000] {logging_mixin.py:188} INFO - [2025-12-21T18:28:45.027+0000] {dag.py:3033} INFO - Sync 1 DAGs
[2025-12-21T18:28:45.042+0000] {logging_mixin.py:188} INFO - [2025-12-21T18:28:45.041+0000] {dag.py:3820} INFO - Setting next_dagrun for example_dag to 2025-12-20T00:00:00+00:00, run_after=2025-12-21T00:00:00+00:00
[2025-12-21T18:28:45.054+0000] {processor.py:183} INFO - Processing /opt/airflow/dags/example_dag.py took 0.064 seconds
[2025-12-21T18:29:15.346+0000] {processor.py:161} INFO - Started process (PID=62) to work on /opt/airflow/dags/example_dag.py
[2025-12-21T18:29:15.347+0000] {processor.py:830} INFO - Processing file /opt/airflow/dags/example_dag.py for tasks to queue
[2025-12-21T18:29:15.347+0000] {logging_mixin.py:188} INFO - [2025-12-21T18:29:15.347+0000] {dagbag.py:538} INFO - Filling up the DagBag from /opt/airflow/dags/example_dag.py
[2025-12-21T18:29:15.358+0000] {processor.py:840} INFO - DAG(s) 'example_dag' retrieved from /opt/airflow/dags/example_dag.py
[2025-12-21T18:29:15.381+0000] {logging_mixin.py:188} INFO - [2025-12-21T18:29:15.381+0000] {dag.py:3033} INFO - Sync 1 DAGs
[2025-12-21T18:29:15.396+0000] {logging_mixin.py:188} INFO - [2025-12-21T18:29:15.396+0000] {dag.py:3820} INFO - Setting next_dagrun for example_dag to 2025-12-20T00:00:00+00:00, run_after=2025-12-21T00:00:00+00:00
[2025-12-21T18:29:15.408+0000] {processor.py:183} INFO - Processing /opt/airflow/dags/example_dag.py took 0.065 seconds
[2025-12-21T18:29:45.639+0000] {processor.py:161} INFO - Started process (PID=121) to work on /opt/airflow/dags/example_dag.py
[2025-12-21T18:29:45.640+0000] {processor.py:830} INFO - Processing file /opt/airflow/dags/example_dag.py for tasks to queue
[2025-12-21T18:29:45.640+0000] {logging_mixin.py:188} INFO - [2025-12-21T18:29:45.640+0000] {dagbag.py:538} INFO - Filling up the DagBag from /opt/airflow/dags/example_dag.py
[2025-12-21T18:29:45.651+0000] {processor.py:840} INFO - DAG(s) 'example_dag' retrieved from /opt/airflow/dags/example_dag.py
[2025-12-21T18:29:45.674+0000] {logging_mixin.py:188} INFO - [2025-12-21T18:29:45.674+0000] {dag.py:3033} INFO - Sync 1 DAGs
[2025-12-21T18:29:45.690+0000] {logging_mixin.py:188} INFO - [2025-12-21T18:29:45.690+0000] {dag.py:3820} INFO - Setting next_dagrun for example_dag to 2025-12-20T00:00:00+00:00, run_after=2025-12-21T00:00:00+00:00
[2025-12-21T18:29:45.703+0000] {processor.py:183} INFO - Processing /opt/airflow/dags/example_dag.py took 0.066 seconds
[2025-12-21T18:30:15.962+0000] {processor.py:161} INFO - Started process (PID=131) to work on /opt/airflow/dags/example_dag.py
[2025-12-21T18:30:15.963+0000] {processor.py:830} INFO - Processing file /opt/airflow/dags/example_dag.py for tasks to queue
[2025-12-21T18:30:15.964+0000] {logging_mixin.py:188} INFO - [2025-12-21T18:30:15.964+0000] {dagbag.py:538} INFO - Filling up the DagBag from /opt/airflow/dags/example_dag.py
[2025-12-21T18:30:15.973+0000] {processor.py:840} INFO - DAG(s) 'example_dag' retrieved from /opt/airflow/dags/example_dag.py
[2025-12-21T18:30:16.000+0000] {logging_mixin.py:188} INFO - [2025-12-21T18:30:15.999+0000] {dag.py:3033} INFO - Sync 1 DAGs
[2025-12-21T18:30:16.025+0000] {logging_mixin.py:188} INFO - [2025-12-21T18:30:16.025+0000] {dag.py:3820} INFO - Setting next_dagrun for example_dag to 2025-12-20T00:00:00+00:00, run_after=2025-12-21T00:00:00+00:00
[2025-12-21T18:30:16.040+0000] {processor.py:183} INFO - Processing /opt/airflow/dags/example_dag.py took 0.080 seconds
[2025-12-21T18:30:46.344+0000] {processor.py:161} INFO - Started process (PID=142) to work on /opt/airflow/dags/example_dag.py
[2025-12-21T18:30:46.345+0000] {processor.py:830} INFO - Processing file /opt/airflow/dags/example_dag.py for tasks to queue
[2025-12-21T18:30:46.345+0000] {logging_mixin.py:188} INFO - [2025-12-21T18:30:46.345+0000] {dagbag.py:538} INFO - Filling up the DagBag from /opt/airflow/dags/example_dag.py
[2025-12-21T18:30:46.352+0000] {processor.py:840} INFO - DAG(s) 'example_dag' retrieved from /opt/airflow/dags/example_dag.py
[2025-12-21T18:30:46.371+0000] {logging_mixin.py:188} INFO - [2025-12-21T18:30:46.371+0000] {dag.py:3033} INFO - Sync 1 DAGs
[2025-12-21T18:30:46.383+0000] {logging_mixin.py:188} INFO - [2025-12-21T18:30:46.383+0000] {dag.py:3820} INFO - Setting next_dagrun for example_dag to 2025-12-20T00:00:00+00:00, run_after=2025-12-21T00:00:00+00:00
[2025-12-21T18:30:46.394+0000] {processor.py:183} INFO - Processing /opt/airflow/dags/example_dag.py took 0.052 seconds
[2025-12-21T18:31:16.752+0000] {processor.py:161} INFO - Started process (PID=152) to work on /opt/airflow/dags/example_dag.py
[2025-12-21T18:31:16.755+0000] {processor.py:830} INFO - Processing file /opt/airflow/dags/example_dag.py for tasks to queue
[2025-12-21T18:31:16.756+0000] {logging_mixin.py:188} INFO - [2025-12-21T18:31:16.756+0000] {dagbag.py:538} INFO - Filling up the DagBag from /opt/airflow/dags/example_dag.py
[2025-12-21T18:31:16.766+0000] {processor.py:840} INFO - DAG(s) 'example_dag' retrieved from /opt/airflow/dags/example_dag.py
[2025-12-21T18:31:16.792+0000] {logging_mixin.py:188} INFO - [2025-12-21T18:31:16.792+0000] {dag.py:3033} INFO - Sync 1 DAGs
[2025-12-21T18:31:16.810+0000] {logging_mixin.py:188} INFO - [2025-12-21T18:31:16.810+0000] {dag.py:3820} INFO - Setting next_dagrun for example_dag to 2025-12-20T00:00:00+00:00, run_after=2025-12-21T00:00:00+00:00
[2025-12-21T18:31:16.822+0000] {processor.py:183} INFO - Processing /opt/airflow/dags/example_dag.py took 0.072 seconds
[2025-12-21T18:31:47.174+0000] {processor.py:161} INFO - Started process (PID=155) to work on /opt/airflow/dags/example_dag.py
[2025-12-21T18:31:47.175+0000] {processor.py:830} INFO - Processing file /opt/airflow/dags/example_dag.py for tasks to queue
[2025-12-21T18:31:47.176+0000] {logging_mixin.py:188} INFO - [2025-12-21T18:31:47.176+0000] {dagbag.py:538} INFO - Filling up the DagBag from /opt/airflow/dags/example_dag.py
[2025-12-21T18:31:47.184+0000] {processor.py:840} INFO - DAG(s) 'example_dag' retrieved from /opt/airflow/dags/example_dag.py
[2025-12-21T18:31:47.202+0000] {logging_mixin.py:188} INFO - [2025-12-21T18:31:47.202+0000] {dag.py:3033} INFO - Sync 1 DAGs
[2025-12-21T18:31:47.216+0000] {logging_mixin.py:188} INFO - [2025-12-21T18:31:47.216+0000] {dag.py:3820} INFO - Setting next_dagrun for example_dag to 2025-12-20T00:00:00+00:00, run_after=2025-12-21T00:00:00+00:00
[2025-12-21T18:31:47.230+0000] {processor.py:183} INFO - Processing /opt/airflow/dags/example_dag.py took 0.059 seconds
[2025-12-21T18:32:17.643+0000] {processor.py:161} INFO - Started process (PID=165) to work on /opt/airflow/dags/example_dag.py
[2025-12-21T18:32:17.644+0000] {processor.py:830} INFO - Processing file /opt/airflow/dags/example_dag.py for tasks to queue
[2025-12-21T18:32:17.645+0000] {logging_mixin.py:188} INFO - [2025-12-21T18:32:17.645+0000] {dagbag.py:538} INFO - Filling up the DagBag from /opt/airflow/dags/example_dag.py
[2025-12-21T18:32:17.652+0000] {processor.py:840} INFO - DAG(s) 'example_dag' retrieved from /opt/airflow/dags/example_dag.py
[2025-12-21T18:32:17.679+0000] {logging_mixin.py:188} INFO - [2025-12-21T18:32:17.679+0000] {dag.py:3033} INFO - Sync 1 DAGs
[2025-12-21T18:32:17.697+0000] {logging_mixin.py:188} INFO - [2025-12-21T18:32:17.697+0000] {dag.py:3820} INFO - Setting next_dagrun for example_dag to 2025-12-20T00:00:00+00:00, run_after=2025-12-21T00:00:00+00:00
[2025-12-21T18:32:17.709+0000] {processor.py:183} INFO - Processing /opt/airflow/dags/example_dag.py took 0.068 seconds
[2025-12-21T18:32:48.136+0000] {processor.py:161} INFO - Started process (PID=175) to work on /opt/airflow/dags/example_dag.py
[2025-12-21T18:32:48.137+0000] {processor.py:830} INFO - Processing file /opt/airflow/dags/example_dag.py for tasks to queue
[2025-12-21T18:32:48.137+0000] {logging_mixin.py:188} INFO - [2025-12-21T18:32:48.137+0000] {dagbag.py:538} INFO - Filling up the DagBag from /opt/airflow/dags/example_dag.py
[2025-12-21T18:32:48.150+0000] {processor.py:840} INFO - DAG(s) 'example_dag' retrieved from /opt/airflow/dags/example_dag.py
[2025-12-21T18:32:48.169+0000] {logging_mixin.py:188} INFO - [2025-12-21T18:32:48.169+0000] {dag.py:3033} INFO - Sync 1 DAGs
[2025-12-21T18:32:48.182+0000] {logging_mixin.py:188} INFO - [2025-12-21T18:32:48.182+0000] {dag.py:3820} INFO - Setting next_dagrun for example_dag to 2025-12-20T00:00:00+00:00, run_after=2025-12-21T00:00:00+00:00
[2025-12-21T18:32:48.192+0000] {processor.py:183} INFO - Processing /opt/airflow/dags/example_dag.py took 0.059 seconds
[2025-12-21T18:33:18.798+0000] {processor.py:161} INFO - Started process (PID=185) to work on /opt/airflow/dags/example_dag.py
[2025-12-21T18:33:18.799+0000] {processor.py:830} INFO - Processing file /opt/airflow/dags/example_dag.py for tasks to queue
[2025-12-21T18:33:18.799+0000] {logging_mixin.py:188} INFO - [2025-12-21T18:33:18.799+0000] {dagbag.py:538} INFO - Filling up the DagBag from /opt/airflow/dags/example_dag.py
[2025-12-21T18:33:18.811+0000] {processor.py:840} INFO - DAG(s) 'example_dag' retrieved from /opt/airflow/dags/example_dag.py
[2025-12-21T18:33:18.874+0000] {logging_mixin.py:188} INFO - [2025-12-21T18:33:18.874+0000] {dag.py:3033} INFO - Sync 1 DAGs
[2025-12-21T18:33:18.897+0000] {logging_mixin.py:188} INFO - [2025-12-21T18:33:18.897+0000] {dag.py:3820} INFO - Setting next_dagrun for example_dag to 2025-12-20T00:00:00+00:00, run_after=2025-12-21T00:00:00+00:00
[2025-12-21T18:33:18.918+0000] {processor.py:183} INFO - Processing /opt/airflow/dags/example_dag.py took 0.122 seconds
[2025-12-21T18:33:49.289+0000] {processor.py:161} INFO - Started process (PID=195) to work on /opt/airflow/dags/example_dag.py
[2025-12-21T18:33:49.290+0000] {processor.py:830} INFO - Processing file /opt/airflow/dags/example_dag.py for tasks to queue
[2025-12-21T18:33:49.290+0000] {logging_mixin.py:188} INFO - [2025-12-21T18:33:49.290+0000] {dagbag.py:538} INFO - Filling up the DagBag from /opt/airflow/dags/example_dag.py
[2025-12-21T18:33:49.300+0000] {processor.py:840} INFO - DAG(s) 'example_dag' retrieved from /opt/airflow/dags/example_dag.py
[2025-12-21T18:33:49.327+0000] {logging_mixin.py:188} INFO - [2025-12-21T18:33:49.327+0000] {dag.py:3033} INFO - Sync 1 DAGs
[2025-12-21T18:33:49.342+0000] {logging_mixin.py:188} INFO - [2025-12-21T18:33:49.341+0000] {dag.py:3820} INFO - Setting next_dagrun for example_dag to 2025-12-20T00:00:00+00:00, run_after=2025-12-21T00:00:00+00:00
[2025-12-21T18:33:49.354+0000] {processor.py:183} INFO - Processing /opt/airflow/dags/example_dag.py took 0.070 seconds
[2025-12-21T18:34:19.799+0000] {processor.py:161} INFO - Started process (PID=205) to work on /opt/airflow/dags/example_dag.py
[2025-12-21T18:34:19.800+0000] {processor.py:830} INFO - Processing file /opt/airflow/dags/example_dag.py for tasks to queue
[2025-12-21T18:34:19.801+0000] {logging_mixin.py:188} INFO - [2025-12-21T18:34:19.801+0000] {dagbag.py:538} INFO - Filling up the DagBag from /opt/airflow/dags/example_dag.py
[2025-12-21T18:34:19.810+0000] {processor.py:840} INFO - DAG(s) 'example_dag' retrieved from /opt/airflow/dags/example_dag.py
[2025-12-21T18:34:19.837+0000] {logging_mixin.py:188} INFO - [2025-12-21T18:34:19.837+0000] {dag.py:3033} INFO - Sync 1 DAGs
[2025-12-21T18:34:19.861+0000] {logging_mixin.py:188} INFO - [2025-12-21T18:34:19.861+0000] {dag.py:3820} INFO - Setting next_dagrun for example_dag to 2025-12-20T00:00:00+00:00, run_after=2025-12-21T00:00:00+00:00
[2025-12-21T18:34:19.874+0000] {processor.py:183} INFO - Processing /opt/airflow/dags/example_dag.py took 0.078 seconds
[2025-12-21T18:34:50.224+0000] {processor.py:161} INFO - Started process (PID=215) to work on /opt/airflow/dags/example_dag.py
[2025-12-21T18:34:50.225+0000] {processor.py:830} INFO - Processing file /opt/airflow/dags/example_dag.py for tasks to queue
[2025-12-21T18:34:50.226+0000] {logging_mixin.py:188} INFO - [2025-12-21T18:34:50.226+0000] {dagbag.py:538} INFO - Filling up the DagBag from /opt/airflow/dags/example_dag.py
[2025-12-21T18:34:50.265+0000] {processor.py:840} INFO - DAG(s) 'example_dag' retrieved from /opt/airflow/dags/example_dag.py
[2025-12-21T18:34:50.295+0000] {logging_mixin.py:188} INFO - [2025-12-21T18:34:50.295+0000] {dag.py:3033} INFO - Sync 1 DAGs
[2025-12-21T18:34:50.309+0000] {logging_mixin.py:188} INFO - [2025-12-21T18:34:50.309+0000] {dag.py:3820} INFO - Setting next_dagrun for example_dag to 2025-12-20T00:00:00+00:00, run_after=2025-12-21T00:00:00+00:00
[2025-12-21T18:34:50.322+0000] {processor.py:183} INFO - Processing /opt/airflow/dags/example_dag.py took 0.101 seconds
[2025-12-21T18:35:20.715+0000] {processor.py:161} INFO - Started process (PID=225) to work on /opt/airflow/dags/example_dag.py
[2025-12-21T18:35:20.716+0000] {processor.py:830} INFO - Processing file /opt/airflow/dags/example_dag.py for tasks to queue
[2025-12-21T18:35:20.717+0000] {logging_mixin.py:188} INFO - [2025-12-21T18:35:20.717+0000] {dagbag.py:538} INFO - Filling up the DagBag from /opt/airflow/dags/example_dag.py
[2025-12-21T18:35:20.727+0000] {processor.py:840} INFO - DAG(s) 'example_dag' retrieved from /opt/airflow/dags/example_dag.py
[2025-12-21T18:35:20.765+0000] {logging_mixin.py:188} INFO - [2025-12-21T18:35:20.765+0000] {dag.py:3033} INFO - Sync 1 DAGs
[2025-12-21T18:35:20.786+0000] {logging_mixin.py:188} INFO - [2025-12-21T18:35:20.786+0000] {dag.py:3820} INFO - Setting next_dagrun for example_dag to 2025-12-20T00:00:00+00:00, run_after=2025-12-21T00:00:00+00:00
[2025-12-21T18:35:20.802+0000] {processor.py:183} INFO - Processing /opt/airflow/dags/example_dag.py took 0.092 seconds
[2025-12-21T18:35:51.190+0000] {processor.py:161} INFO - Started process (PID=235) to work on /opt/airflow/dags/example_dag.py
[2025-12-21T18:35:51.191+0000] {processor.py:830} INFO - Processing file /opt/airflow/dags/example_dag.py for tasks to queue
[2025-12-21T18:35:51.191+0000] {logging_mixin.py:188} INFO - [2025-12-21T18:35:51.191+0000] {dagbag.py:538} INFO - Filling up the DagBag from /opt/airflow/dags/example_dag.py
[2025-12-21T18:35:51.200+0000] {processor.py:840} INFO - DAG(s) 'example_dag' retrieved from /opt/airflow/dags/example_dag.py
[2025-12-21T18:35:51.231+0000] {logging_mixin.py:188} INFO - [2025-12-21T18:35:51.231+0000] {dag.py:3033} INFO - Sync 1 DAGs
[2025-12-21T18:35:51.252+0000] {logging_mixin.py:188} INFO - [2025-12-21T18:35:51.252+0000] {dag.py:3820} INFO - Setting next_dagrun for example_dag to 2025-12-20T00:00:00+00:00, run_after=2025-12-21T00:00:00+00:00
[2025-12-21T18:35:51.267+0000] {processor.py:183} INFO - Processing /opt/airflow/dags/example_dag.py took 0.079 seconds
[2025-12-21T18:36:21.874+0000] {processor.py:161} INFO - Started process (PID=245) to work on /opt/airflow/dags/example_dag.py
[2025-12-21T18:36:21.875+0000] {processor.py:830} INFO - Processing file /opt/airflow/dags/example_dag.py for tasks to queue
[2025-12-21T18:36:21.876+0000] {logging_mixin.py:188} INFO - [2025-12-21T18:36:21.876+0000] {dagbag.py:538} INFO - Filling up the DagBag from /opt/airflow/dags/example_dag.py
[2025-12-21T18:36:21.883+0000] {processor.py:840} INFO - DAG(s) 'example_dag' retrieved from /opt/airflow/dags/example_dag.py
[2025-12-21T18:36:21.903+0000] {logging_mixin.py:188} INFO - [2025-12-21T18:36:21.903+0000] {dag.py:3033} INFO - Sync 1 DAGs
[2025-12-21T18:36:21.917+0000] {logging_mixin.py:188} INFO - [2025-12-21T18:36:21.917+0000] {dag.py:3820} INFO - Setting next_dagrun for example_dag to 2025-12-20T00:00:00+00:00, run_after=2025-12-21T00:00:00+00:00
[2025-12-21T18:36:21.929+0000] {processor.py:183} INFO - Processing /opt/airflow/dags/example_dag.py took 0.057 seconds
[2025-12-21T18:36:52.349+0000] {processor.py:161} INFO - Started process (PID=255) to work on /opt/airflow/dags/example_dag.py
[2025-12-21T18:36:52.350+0000] {processor.py:830} INFO - Processing file /opt/airflow/dags/example_dag.py for tasks to queue
[2025-12-21T18:36:52.350+0000] {logging_mixin.py:188} INFO - [2025-12-21T18:36:52.350+0000] {dagbag.py:538} INFO - Filling up the DagBag from /opt/airflow/dags/example_dag.py
[2025-12-21T18:36:52.358+0000] {processor.py:840} INFO - DAG(s) 'example_dag' retrieved from /opt/airflow/dags/example_dag.py
[2025-12-21T18:36:52.379+0000] {logging_mixin.py:188} INFO - [2025-12-21T18:36:52.378+0000] {dag.py:3033} INFO - Sync 1 DAGs
[2025-12-21T18:36:52.391+0000] {logging_mixin.py:188} INFO - [2025-12-21T18:36:52.391+0000] {dag.py:3820} INFO - Setting next_dagrun for example_dag to 2025-12-20T00:00:00+00:00, run_after=2025-12-21T00:00:00+00:00
[2025-12-21T18:36:52.402+0000] {processor.py:183} INFO - Processing /opt/airflow/dags/example_dag.py took 0.055 seconds
[2025-12-21T18:37:22.882+0000] {processor.py:161} INFO - Started process (PID=265) to work on /opt/airflow/dags/example_dag.py
[2025-12-21T18:37:22.883+0000] {processor.py:830} INFO - Processing file /opt/airflow/dags/example_dag.py for tasks to queue
[2025-12-21T18:37:22.883+0000] {logging_mixin.py:188} INFO - [2025-12-21T18:37:22.883+0000] {dagbag.py:538} INFO - Filling up the DagBag from /opt/airflow/dags/example_dag.py
[2025-12-21T18:37:22.892+0000] {processor.py:840} INFO - DAG(s) 'example_dag' retrieved from /opt/airflow/dags/example_dag.py
[2025-12-21T18:37:22.921+0000] {logging_mixin.py:188} INFO - [2025-12-21T18:37:22.920+0000] {dag.py:3033} INFO - Sync 1 DAGs
[2025-12-21T18:37:22.938+0000] {logging_mixin.py:188} INFO - [2025-12-21T18:37:22.937+0000] {dag.py:3820} INFO - Setting next_dagrun for example_dag to 2025-12-20T00:00:00+00:00, run_after=2025-12-21T00:00:00+00:00
[2025-12-21T18:37:22.953+0000] {processor.py:183} INFO - Processing /opt/airflow/dags/example_dag.py took 0.073 seconds
[2025-12-21T18:37:53.414+0000] {processor.py:161} INFO - Started process (PID=275) to work on /opt/airflow/dags/example_dag.py
[2025-12-21T18:37:53.415+0000] {processor.py:830} INFO - Processing file /opt/airflow/dags/example_dag.py for tasks to queue
[2025-12-21T18:37:53.416+0000] {logging_mixin.py:188} INFO - [2025-12-21T18:37:53.415+0000] {dagbag.py:538} INFO - Filling up the DagBag from /opt/airflow/dags/example_dag.py
[2025-12-21T18:37:53.422+0000] {processor.py:840} INFO - DAG(s) 'example_dag' retrieved from /opt/airflow/dags/example_dag.py
[2025-12-21T18:37:53.442+0000] {logging_mixin.py:188} INFO - [2025-12-21T18:37:53.442+0000] {dag.py:3033} INFO - Sync 1 DAGs
[2025-12-21T18:37:53.456+0000] {logging_mixin.py:188} INFO - [2025-12-21T18:37:53.456+0000] {dag.py:3820} INFO - Setting next_dagrun for example_dag to 2025-12-20T00:00:00+00:00, run_after=2025-12-21T00:00:00+00:00
[2025-12-21T18:37:53.470+0000] {processor.py:183} INFO - Processing /opt/airflow/dags/example_dag.py took 0.058 seconds
[2025-12-21T18:38:24.174+0000] {processor.py:161} INFO - Started process (PID=285) to work on /opt/airflow/dags/example_dag.py
[2025-12-21T18:38:24.175+0000] {processor.py:830} INFO - Processing file /opt/airflow/dags/example_dag.py for tasks to queue
[2025-12-21T18:38:24.175+0000] {logging_mixin.py:188} INFO - [2025-12-21T18:38:24.175+0000] {dagbag.py:538} INFO - Filling up the DagBag from /opt/airflow/dags/example_dag.py
[2025-12-21T18:38:24.182+0000] {processor.py:840} INFO - DAG(s) 'example_dag' retrieved from /opt/airflow/dags/example_dag.py
[2025-12-21T18:38:24.202+0000] {logging_mixin.py:188} INFO - [2025-12-21T18:38:24.201+0000] {dag.py:3033} INFO - Sync 1 DAGs
[2025-12-21T18:38:24.219+0000] {logging_mixin.py:188} INFO - [2025-12-21T18:38:24.218+0000] {dag.py:3820} INFO - Setting next_dagrun for example_dag to 2025-12-20T00:00:00+00:00, run_after=2025-12-21T00:00:00+00:00
[2025-12-21T18:38:24.231+0000] {processor.py:183} INFO - Processing /opt/airflow/dags/example_dag.py took 0.059 seconds
[2025-12-21T18:38:54.728+0000] {processor.py:161} INFO - Started process (PID=295) to work on /opt/airflow/dags/example_dag.py
[2025-12-21T18:38:54.729+0000] {processor.py:830} INFO - Processing file /opt/airflow/dags/example_dag.py for tasks to queue
[2025-12-21T18:38:54.730+0000] {logging_mixin.py:188} INFO - [2025-12-21T18:38:54.730+0000] {dagbag.py:538} INFO - Filling up the DagBag from /opt/airflow/dags/example_dag.py
[2025-12-21T18:38:54.739+0000] {processor.py:840} INFO - DAG(s) 'example_dag' retrieved from /opt/airflow/dags/example_dag.py
[2025-12-21T18:38:54.764+0000] {logging_mixin.py:188} INFO - [2025-12-21T18:38:54.763+0000] {dag.py:3033} INFO - Sync 1 DAGs
[2025-12-21T18:38:54.781+0000] {logging_mixin.py:188} INFO - [2025-12-21T18:38:54.781+0000] {dag.py:3820} INFO - Setting next_dagrun for example_dag to 2025-12-20T00:00:00+00:00, run_after=2025-12-21T00:00:00+00:00
[2025-12-21T18:38:54.797+0000] {processor.py:183} INFO - Processing /opt/airflow/dags/example_dag.py took 0.071 seconds
[2025-12-21T18:39:25.494+0000] {processor.py:161} INFO - Started process (PID=305) to work on /opt/airflow/dags/example_dag.py
[2025-12-21T18:39:25.496+0000] {processor.py:830} INFO - Processing file /opt/airflow/dags/example_dag.py for tasks to queue
[2025-12-21T18:39:25.496+0000] {logging_mixin.py:188} INFO - [2025-12-21T18:39:25.496+0000] {dagbag.py:538} INFO - Filling up the DagBag from /opt/airflow/dags/example_dag.py
[2025-12-21T18:39:25.505+0000] {processor.py:840} INFO - DAG(s) 'example_dag' retrieved from /opt/airflow/dags/example_dag.py
[2025-12-21T18:39:25.527+0000] {logging_mixin.py:188} INFO - [2025-12-21T18:39:25.527+0000] {dag.py:3033} INFO - Sync 1 DAGs
[2025-12-21T18:39:25.542+0000] {logging_mixin.py:188} INFO - [2025-12-21T18:39:25.542+0000] {dag.py:3820} INFO - Setting next_dagrun for example_dag to 2025-12-20T00:00:00+00:00, run_after=2025-12-21T00:00:00+00:00
[2025-12-21T18:39:25.553+0000] {processor.py:183} INFO - Processing /opt/airflow/dags/example_dag.py took 0.062 seconds
[2025-12-21T18:42:37.386+0000] {processor.py:161} INFO - Started process (PID=31) to work on /opt/airflow/dags/example_dag.py
[2025-12-21T18:42:37.387+0000] {processor.py:830} INFO - Processing file /opt/airflow/dags/example_dag.py for tasks to queue
[2025-12-21T18:42:37.387+0000] {logging_mixin.py:188} INFO - [2025-12-21T18:42:37.387+0000] {dagbag.py:538} INFO - Filling up the DagBag from /opt/airflow/dags/example_dag.py
[2025-12-21T18:42:37.396+0000] {processor.py:840} INFO - DAG(s) 'example_dag' retrieved from /opt/airflow/dags/example_dag.py
[2025-12-21T18:42:37.410+0000] {logging_mixin.py:188} INFO - [2025-12-21T18:42:37.410+0000] {dag.py:3033} INFO - Sync 1 DAGs
[2025-12-21T18:42:37.430+0000] {logging_mixin.py:188} INFO - [2025-12-21T18:42:37.430+0000] {dag.py:3820} INFO - Setting next_dagrun for example_dag to 2025-12-20T00:00:00+00:00, run_after=2025-12-21T00:00:00+00:00
[2025-12-21T18:42:37.450+0000] {processor.py:183} INFO - Processing /opt/airflow/dags/example_dag.py took 0.067 seconds
[2025-12-21T18:43:08.110+0000] {processor.py:161} INFO - Started process (PID=41) to work on /opt/airflow/dags/example_dag.py
[2025-12-21T18:43:08.111+0000] {processor.py:830} INFO - Processing file /opt/airflow/dags/example_dag.py for tasks to queue
[2025-12-21T18:43:08.112+0000] {logging_mixin.py:188} INFO - [2025-12-21T18:43:08.112+0000] {dagbag.py:538} INFO - Filling up the DagBag from /opt/airflow/dags/example_dag.py
[2025-12-21T18:43:08.123+0000] {processor.py:840} INFO - DAG(s) 'example_dag' retrieved from /opt/airflow/dags/example_dag.py
[2025-12-21T18:43:08.203+0000] {logging_mixin.py:188} INFO - [2025-12-21T18:43:08.203+0000] {dag.py:3033} INFO - Sync 1 DAGs
[2025-12-21T18:43:08.224+0000] {logging_mixin.py:188} INFO - [2025-12-21T18:43:08.224+0000] {dag.py:3820} INFO - Setting next_dagrun for example_dag to 2025-12-20T00:00:00+00:00, run_after=2025-12-21T00:00:00+00:00
[2025-12-21T18:43:08.241+0000] {processor.py:183} INFO - Processing /opt/airflow/dags/example_dag.py took 0.134 seconds
[2025-12-21T18:43:38.451+0000] {processor.py:161} INFO - Started process (PID=50) to work on /opt/airflow/dags/example_dag.py
[2025-12-21T18:43:38.452+0000] {processor.py:830} INFO - Processing file /opt/airflow/dags/example_dag.py for tasks to queue
[2025-12-21T18:43:38.453+0000] {logging_mixin.py:188} INFO - [2025-12-21T18:43:38.453+0000] {dagbag.py:538} INFO - Filling up the DagBag from /opt/airflow/dags/example_dag.py
[2025-12-21T18:43:38.461+0000] {processor.py:840} INFO - DAG(s) 'example_dag' retrieved from /opt/airflow/dags/example_dag.py
[2025-12-21T18:43:38.487+0000] {logging_mixin.py:188} INFO - [2025-12-21T18:43:38.487+0000] {dag.py:3033} INFO - Sync 1 DAGs
[2025-12-21T18:43:38.502+0000] {logging_mixin.py:188} INFO - [2025-12-21T18:43:38.502+0000] {dag.py:3820} INFO - Setting next_dagrun for example_dag to 2025-12-20T00:00:00+00:00, run_after=2025-12-21T00:00:00+00:00
[2025-12-21T18:43:38.513+0000] {processor.py:183} INFO - Processing /opt/airflow/dags/example_dag.py took 0.067 seconds
[2025-12-21T18:44:08.933+0000] {processor.py:161} INFO - Started process (PID=60) to work on /opt/airflow/dags/example_dag.py
[2025-12-21T18:44:08.934+0000] {processor.py:830} INFO - Processing file /opt/airflow/dags/example_dag.py for tasks to queue
[2025-12-21T18:44:08.934+0000] {logging_mixin.py:188} INFO - [2025-12-21T18:44:08.934+0000] {dagbag.py:538} INFO - Filling up the DagBag from /opt/airflow/dags/example_dag.py
[2025-12-21T18:44:08.944+0000] {processor.py:840} INFO - DAG(s) 'example_dag' retrieved from /opt/airflow/dags/example_dag.py
[2025-12-21T18:44:08.984+0000] {logging_mixin.py:188} INFO - [2025-12-21T18:44:08.984+0000] {dag.py:3033} INFO - Sync 1 DAGs
[2025-12-21T18:44:09.005+0000] {logging_mixin.py:188} INFO - [2025-12-21T18:44:09.005+0000] {dag.py:3820} INFO - Setting next_dagrun for example_dag to 2025-12-20T00:00:00+00:00, run_after=2025-12-21T00:00:00+00:00
[2025-12-21T18:44:09.022+0000] {processor.py:183} INFO - Processing /opt/airflow/dags/example_dag.py took 0.092 seconds
[2025-12-21T18:44:39.568+0000] {processor.py:161} INFO - Started process (PID=70) to work on /opt/airflow/dags/example_dag.py
[2025-12-21T18:44:39.569+0000] {processor.py:830} INFO - Processing file /opt/airflow/dags/example_dag.py for tasks to queue
[2025-12-21T18:44:39.570+0000] {logging_mixin.py:188} INFO - [2025-12-21T18:44:39.569+0000] {dagbag.py:538} INFO - Filling up the DagBag from /opt/airflow/dags/example_dag.py
[2025-12-21T18:44:39.578+0000] {processor.py:840} INFO - DAG(s) 'example_dag' retrieved from /opt/airflow/dags/example_dag.py
[2025-12-21T18:44:39.602+0000] {logging_mixin.py:188} INFO - [2025-12-21T18:44:39.602+0000] {dag.py:3033} INFO - Sync 1 DAGs
[2025-12-21T18:44:39.616+0000] {logging_mixin.py:188} INFO - [2025-12-21T18:44:39.616+0000] {dag.py:3820} INFO - Setting next_dagrun for example_dag to 2025-12-20T00:00:00+00:00, run_after=2025-12-21T00:00:00+00:00
[2025-12-21T18:44:39.630+0000] {processor.py:183} INFO - Processing /opt/airflow/dags/example_dag.py took 0.065 seconds
[2025-12-21T18:45:10.028+0000] {processor.py:161} INFO - Started process (PID=80) to work on /opt/airflow/dags/example_dag.py
[2025-12-21T18:45:10.030+0000] {processor.py:830} INFO - Processing file /opt/airflow/dags/example_dag.py for tasks to queue
[2025-12-21T18:45:10.030+0000] {logging_mixin.py:188} INFO - [2025-12-21T18:45:10.030+0000] {dagbag.py:538} INFO - Filling up the DagBag from /opt/airflow/dags/example_dag.py
[2025-12-21T18:45:10.080+0000] {processor.py:840} INFO - DAG(s) 'example_dag' retrieved from /opt/airflow/dags/example_dag.py
[2025-12-21T18:45:10.137+0000] {logging_mixin.py:188} INFO - [2025-12-21T18:45:10.137+0000] {dag.py:3033} INFO - Sync 1 DAGs
[2025-12-21T18:45:10.157+0000] {logging_mixin.py:188} INFO - [2025-12-21T18:45:10.157+0000] {dag.py:3820} INFO - Setting next_dagrun for example_dag to 2025-12-20T00:00:00+00:00, run_after=2025-12-21T00:00:00+00:00
[2025-12-21T18:45:10.190+0000] {processor.py:183} INFO - Processing /opt/airflow/dags/example_dag.py took 0.165 seconds
[2025-12-21T18:45:40.827+0000] {processor.py:161} INFO - Started process (PID=89) to work on /opt/airflow/dags/example_dag.py
[2025-12-21T18:45:40.828+0000] {processor.py:830} INFO - Processing file /opt/airflow/dags/example_dag.py for tasks to queue
[2025-12-21T18:45:40.830+0000] {logging_mixin.py:188} INFO - [2025-12-21T18:45:40.829+0000] {dagbag.py:538} INFO - Filling up the DagBag from /opt/airflow/dags/example_dag.py
[2025-12-21T18:45:40.846+0000] {processor.py:840} INFO - DAG(s) 'example_dag' retrieved from /opt/airflow/dags/example_dag.py
[2025-12-21T18:45:40.880+0000] {logging_mixin.py:188} INFO - [2025-12-21T18:45:40.879+0000] {dag.py:3033} INFO - Sync 1 DAGs
[2025-12-21T18:45:40.899+0000] {logging_mixin.py:188} INFO - [2025-12-21T18:45:40.899+0000] {dag.py:3820} INFO - Setting next_dagrun for example_dag to 2025-12-20T00:00:00+00:00, run_after=2025-12-21T00:00:00+00:00
[2025-12-21T18:45:40.914+0000] {processor.py:183} INFO - Processing /opt/airflow/dags/example_dag.py took 0.091 seconds
[2025-12-21T18:46:11.291+0000] {processor.py:161} INFO - Started process (PID=93) to work on /opt/airflow/dags/example_dag.py
[2025-12-21T18:46:11.293+0000] {processor.py:830} INFO - Processing file /opt/airflow/dags/example_dag.py for tasks to queue
[2025-12-21T18:46:11.293+0000] {logging_mixin.py:188} INFO - [2025-12-21T18:46:11.293+0000] {dagbag.py:538} INFO - Filling up the DagBag from /opt/airflow/dags/example_dag.py
[2025-12-21T18:46:11.300+0000] {processor.py:840} INFO - DAG(s) 'example_dag' retrieved from /opt/airflow/dags/example_dag.py
[2025-12-21T18:46:11.319+0000] {logging_mixin.py:188} INFO - [2025-12-21T18:46:11.319+0000] {dag.py:3033} INFO - Sync 1 DAGs
[2025-12-21T18:46:11.331+0000] {logging_mixin.py:188} INFO - [2025-12-21T18:46:11.331+0000] {dag.py:3820} INFO - Setting next_dagrun for example_dag to 2025-12-20T00:00:00+00:00, run_after=2025-12-21T00:00:00+00:00
[2025-12-21T18:46:11.340+0000] {processor.py:183} INFO - Processing /opt/airflow/dags/example_dag.py took 0.051 seconds
[2025-12-21T18:46:41.742+0000] {processor.py:161} INFO - Started process (PID=103) to work on /opt/airflow/dags/example_dag.py
[2025-12-21T18:46:41.742+0000] {processor.py:830} INFO - Processing file /opt/airflow/dags/example_dag.py for tasks to queue
[2025-12-21T18:46:41.743+0000] {logging_mixin.py:188} INFO - [2025-12-21T18:46:41.743+0000] {dagbag.py:538} INFO - Filling up the DagBag from /opt/airflow/dags/example_dag.py
[2025-12-21T18:46:41.753+0000] {processor.py:840} INFO - DAG(s) 'example_dag' retrieved from /opt/airflow/dags/example_dag.py
[2025-12-21T18:46:41.781+0000] {logging_mixin.py:188} INFO - [2025-12-21T18:46:41.780+0000] {dag.py:3033} INFO - Sync 1 DAGs
[2025-12-21T18:46:41.796+0000] {logging_mixin.py:188} INFO - [2025-12-21T18:46:41.796+0000] {dag.py:3820} INFO - Setting next_dagrun for example_dag to 2025-12-20T00:00:00+00:00, run_after=2025-12-21T00:00:00+00:00
[2025-12-21T18:46:41.807+0000] {processor.py:183} INFO - Processing /opt/airflow/dags/example_dag.py took 0.067 seconds
[2025-12-21T18:47:12.214+0000] {processor.py:161} INFO - Started process (PID=113) to work on /opt/airflow/dags/example_dag.py
[2025-12-21T18:47:12.215+0000] {processor.py:830} INFO - Processing file /opt/airflow/dags/example_dag.py for tasks to queue
[2025-12-21T18:47:12.216+0000] {logging_mixin.py:188} INFO - [2025-12-21T18:47:12.216+0000] {dagbag.py:538} INFO - Filling up the DagBag from /opt/airflow/dags/example_dag.py
[2025-12-21T18:47:12.224+0000] {processor.py:840} INFO - DAG(s) 'example_dag' retrieved from /opt/airflow/dags/example_dag.py
[2025-12-21T18:47:12.253+0000] {logging_mixin.py:188} INFO - [2025-12-21T18:47:12.253+0000] {dag.py:3033} INFO - Sync 1 DAGs
[2025-12-21T18:47:12.269+0000] {logging_mixin.py:188} INFO - [2025-12-21T18:47:12.268+0000] {dag.py:3820} INFO - Setting next_dagrun for example_dag to 2025-12-20T00:00:00+00:00, run_after=2025-12-21T00:00:00+00:00
[2025-12-21T18:47:12.281+0000] {processor.py:183} INFO - Processing /opt/airflow/dags/example_dag.py took 0.070 seconds
[2025-12-21T18:47:42.785+0000] {processor.py:161} INFO - Started process (PID=123) to work on /opt/airflow/dags/example_dag.py
[2025-12-21T18:47:42.786+0000] {processor.py:830} INFO - Processing file /opt/airflow/dags/example_dag.py for tasks to queue
[2025-12-21T18:47:42.786+0000] {logging_mixin.py:188} INFO - [2025-12-21T18:47:42.786+0000] {dagbag.py:538} INFO - Filling up the DagBag from /opt/airflow/dags/example_dag.py
[2025-12-21T18:47:42.793+0000] {processor.py:840} INFO - DAG(s) 'example_dag' retrieved from /opt/airflow/dags/example_dag.py
[2025-12-21T18:47:42.815+0000] {logging_mixin.py:188} INFO - [2025-12-21T18:47:42.815+0000] {dag.py:3033} INFO - Sync 1 DAGs
[2025-12-21T18:47:42.832+0000] {logging_mixin.py:188} INFO - [2025-12-21T18:47:42.832+0000] {dag.py:3820} INFO - Setting next_dagrun for example_dag to 2025-12-20T00:00:00+00:00, run_after=2025-12-21T00:00:00+00:00
[2025-12-21T18:47:42.852+0000] {processor.py:183} INFO - Processing /opt/airflow/dags/example_dag.py took 0.070 seconds
[2025-12-21T18:48:13.215+0000] {processor.py:161} INFO - Started process (PID=133) to work on /opt/airflow/dags/example_dag.py
[2025-12-21T18:48:13.217+0000] {processor.py:830} INFO - Processing file /opt/airflow/dags/example_dag.py for tasks to queue
[2025-12-21T18:48:13.217+0000] {logging_mixin.py:188} INFO - [2025-12-21T18:48:13.217+0000] {dagbag.py:538} INFO - Filling up the DagBag from /opt/airflow/dags/example_dag.py
[2025-12-21T18:48:13.225+0000] {processor.py:840} INFO - DAG(s) 'example_dag' retrieved from /opt/airflow/dags/example_dag.py
[2025-12-21T18:48:13.251+0000] {logging_mixin.py:188} INFO - [2025-12-21T18:48:13.251+0000] {dag.py:3033} INFO - Sync 1 DAGs
[2025-12-21T18:48:13.269+0000] {logging_mixin.py:188} INFO - [2025-12-21T18:48:13.269+0000] {dag.py:3820} INFO - Setting next_dagrun for example_dag to 2025-12-20T00:00:00+00:00, run_after=2025-12-21T00:00:00+00:00
[2025-12-21T18:48:13.285+0000] {processor.py:183} INFO - Processing /opt/airflow/dags/example_dag.py took 0.072 seconds
[2025-12-21T18:48:43.679+0000] {processor.py:161} INFO - Started process (PID=143) to work on /opt/airflow/dags/example_dag.py
[2025-12-21T18:48:43.680+0000] {processor.py:830} INFO - Processing file /opt/airflow/dags/example_dag.py for tasks to queue
[2025-12-21T18:48:43.680+0000] {logging_mixin.py:188} INFO - [2025-12-21T18:48:43.680+0000] {dagbag.py:538} INFO - Filling up the DagBag from /opt/airflow/dags/example_dag.py
[2025-12-21T18:48:43.687+0000] {processor.py:840} INFO - DAG(s) 'example_dag' retrieved from /opt/airflow/dags/example_dag.py
[2025-12-21T18:48:43.706+0000] {logging_mixin.py:188} INFO - [2025-12-21T18:48:43.706+0000] {dag.py:3033} INFO - Sync 1 DAGs
[2025-12-21T18:48:43.720+0000] {logging_mixin.py:188} INFO - [2025-12-21T18:48:43.720+0000] {dag.py:3820} INFO - Setting next_dagrun for example_dag to 2025-12-20T00:00:00+00:00, run_after=2025-12-21T00:00:00+00:00
[2025-12-21T18:48:43.732+0000] {processor.py:183} INFO - Processing /opt/airflow/dags/example_dag.py took 0.055 seconds
[2025-12-21T18:49:14.420+0000] {processor.py:161} INFO - Started process (PID=152) to work on /opt/airflow/dags/example_dag.py
[2025-12-21T18:49:14.422+0000] {processor.py:830} INFO - Processing file /opt/airflow/dags/example_dag.py for tasks to queue
[2025-12-21T18:49:14.423+0000] {logging_mixin.py:188} INFO - [2025-12-21T18:49:14.422+0000] {dagbag.py:538} INFO - Filling up the DagBag from /opt/airflow/dags/example_dag.py
[2025-12-21T18:49:14.443+0000] {processor.py:840} INFO - DAG(s) 'example_dag' retrieved from /opt/airflow/dags/example_dag.py
[2025-12-21T18:49:14.467+0000] {logging_mixin.py:188} INFO - [2025-12-21T18:49:14.467+0000] {dag.py:3033} INFO - Sync 1 DAGs
[2025-12-21T18:49:14.486+0000] {logging_mixin.py:188} INFO - [2025-12-21T18:49:14.486+0000] {dag.py:3820} INFO - Setting next_dagrun for example_dag to 2025-12-20T00:00:00+00:00, run_after=2025-12-21T00:00:00+00:00
[2025-12-21T18:49:14.505+0000] {processor.py:183} INFO - Processing /opt/airflow/dags/example_dag.py took 0.089 seconds
[2025-12-21T18:49:44.915+0000] {processor.py:161} INFO - Started process (PID=162) to work on /opt/airflow/dags/example_dag.py
[2025-12-21T18:49:44.916+0000] {processor.py:830} INFO - Processing file /opt/airflow/dags/example_dag.py for tasks to queue
[2025-12-21T18:49:44.916+0000] {logging_mixin.py:188} INFO - [2025-12-21T18:49:44.916+0000] {dagbag.py:538} INFO - Filling up the DagBag from /opt/airflow/dags/example_dag.py
[2025-12-21T18:49:44.924+0000] {processor.py:840} INFO - DAG(s) 'example_dag' retrieved from /opt/airflow/dags/example_dag.py
[2025-12-21T18:49:44.953+0000] {logging_mixin.py:188} INFO - [2025-12-21T18:49:44.953+0000] {dag.py:3033} INFO - Sync 1 DAGs
[2025-12-21T18:49:44.971+0000] {logging_mixin.py:188} INFO - [2025-12-21T18:49:44.971+0000] {dag.py:3820} INFO - Setting next_dagrun for example_dag to 2025-12-20T00:00:00+00:00, run_after=2025-12-21T00:00:00+00:00
[2025-12-21T18:49:44.986+0000] {processor.py:183} INFO - Processing /opt/airflow/dags/example_dag.py took 0.075 seconds
[2025-12-21T18:50:15.508+0000] {processor.py:161} INFO - Started process (PID=172) to work on /opt/airflow/dags/example_dag.py
[2025-12-21T18:50:15.508+0000] {processor.py:830} INFO - Processing file /opt/airflow/dags/example_dag.py for tasks to queue
[2025-12-21T18:50:15.510+0000] {logging_mixin.py:188} INFO - [2025-12-21T18:50:15.509+0000] {dagbag.py:538} INFO - Filling up the DagBag from /opt/airflow/dags/example_dag.py
[2025-12-21T18:50:15.519+0000] {processor.py:840} INFO - DAG(s) 'example_dag' retrieved from /opt/airflow/dags/example_dag.py
[2025-12-21T18:50:15.541+0000] {logging_mixin.py:188} INFO - [2025-12-21T18:50:15.541+0000] {dag.py:3033} INFO - Sync 1 DAGs
[2025-12-21T18:50:15.557+0000] {logging_mixin.py:188} INFO - [2025-12-21T18:50:15.557+0000] {dag.py:3820} INFO - Setting next_dagrun for example_dag to 2025-12-20T00:00:00+00:00, run_after=2025-12-21T00:00:00+00:00
[2025-12-21T18:50:15.570+0000] {processor.py:183} INFO - Processing /opt/airflow/dags/example_dag.py took 0.066 seconds
[2025-12-21T18:50:46.045+0000] {processor.py:161} INFO - Started process (PID=182) to work on /opt/airflow/dags/example_dag.py
[2025-12-21T18:50:46.046+0000] {processor.py:830} INFO - Processing file /opt/airflow/dags/example_dag.py for tasks to queue
[2025-12-21T18:50:46.046+0000] {logging_mixin.py:188} INFO - [2025-12-21T18:50:46.046+0000] {dagbag.py:538} INFO - Filling up the DagBag from /opt/airflow/dags/example_dag.py
[2025-12-21T18:50:46.053+0000] {processor.py:840} INFO - DAG(s) 'example_dag' retrieved from /opt/airflow/dags/example_dag.py
[2025-12-21T18:50:46.071+0000] {logging_mixin.py:188} INFO - [2025-12-21T18:50:46.071+0000] {dag.py:3033} INFO - Sync 1 DAGs
[2025-12-21T18:50:46.088+0000] {logging_mixin.py:188} INFO - [2025-12-21T18:50:46.087+0000] {dag.py:3820} INFO - Setting next_dagrun for example_dag to 2025-12-20T00:00:00+00:00, run_after=2025-12-21T00:00:00+00:00
[2025-12-21T18:50:46.100+0000] {processor.py:183} INFO - Processing /opt/airflow/dags/example_dag.py took 0.058 seconds
[2025-12-21T18:54:06.069+0000] {processor.py:161} INFO - Started process (PID=32) to work on /opt/airflow/dags/example_dag.py
[2025-12-21T18:54:06.070+0000] {processor.py:830} INFO - Processing file /opt/airflow/dags/example_dag.py for tasks to queue
[2025-12-21T18:54:06.071+0000] {logging_mixin.py:188} INFO - [2025-12-21T18:54:06.071+0000] {dagbag.py:538} INFO - Filling up the DagBag from /opt/airflow/dags/example_dag.py
[2025-12-21T18:54:06.079+0000] {processor.py:840} INFO - DAG(s) 'example_dag' retrieved from /opt/airflow/dags/example_dag.py
[2025-12-21T18:54:06.091+0000] {logging_mixin.py:188} INFO - [2025-12-21T18:54:06.091+0000] {dag.py:3033} INFO - Sync 1 DAGs
[2025-12-21T18:54:06.107+0000] {logging_mixin.py:188} INFO - [2025-12-21T18:54:06.106+0000] {dag.py:3820} INFO - Setting next_dagrun for example_dag to 2025-12-20T00:00:00+00:00, run_after=2025-12-21T00:00:00+00:00
[2025-12-21T18:54:06.125+0000] {processor.py:183} INFO - Processing /opt/airflow/dags/example_dag.py took 0.058 seconds
[2025-12-21T18:54:36.815+0000] {processor.py:161} INFO - Started process (PID=42) to work on /opt/airflow/dags/example_dag.py
[2025-12-21T18:54:36.816+0000] {processor.py:830} INFO - Processing file /opt/airflow/dags/example_dag.py for tasks to queue
[2025-12-21T18:54:36.816+0000] {logging_mixin.py:188} INFO - [2025-12-21T18:54:36.816+0000] {dagbag.py:538} INFO - Filling up the DagBag from /opt/airflow/dags/example_dag.py
[2025-12-21T18:54:36.823+0000] {processor.py:840} INFO - DAG(s) 'example_dag' retrieved from /opt/airflow/dags/example_dag.py
[2025-12-21T18:54:36.885+0000] {logging_mixin.py:188} INFO - [2025-12-21T18:54:36.885+0000] {dag.py:3033} INFO - Sync 1 DAGs
[2025-12-21T18:54:36.899+0000] {logging_mixin.py:188} INFO - [2025-12-21T18:54:36.899+0000] {dag.py:3820} INFO - Setting next_dagrun for example_dag to 2025-12-20T00:00:00+00:00, run_after=2025-12-21T00:00:00+00:00
[2025-12-21T18:54:36.911+0000] {processor.py:183} INFO - Processing /opt/airflow/dags/example_dag.py took 0.098 seconds
[2025-12-21T18:55:07.274+0000] {processor.py:161} INFO - Started process (PID=52) to work on /opt/airflow/dags/example_dag.py
[2025-12-21T18:55:07.275+0000] {processor.py:830} INFO - Processing file /opt/airflow/dags/example_dag.py for tasks to queue
[2025-12-21T18:55:07.276+0000] {logging_mixin.py:188} INFO - [2025-12-21T18:55:07.276+0000] {dagbag.py:538} INFO - Filling up the DagBag from /opt/airflow/dags/example_dag.py
[2025-12-21T18:55:07.284+0000] {processor.py:840} INFO - DAG(s) 'example_dag' retrieved from /opt/airflow/dags/example_dag.py
[2025-12-21T18:55:07.308+0000] {logging_mixin.py:188} INFO - [2025-12-21T18:55:07.308+0000] {dag.py:3033} INFO - Sync 1 DAGs
[2025-12-21T18:55:07.326+0000] {logging_mixin.py:188} INFO - [2025-12-21T18:55:07.326+0000] {dag.py:3820} INFO - Setting next_dagrun for example_dag to 2025-12-20T00:00:00+00:00, run_after=2025-12-21T00:00:00+00:00
[2025-12-21T18:55:07.341+0000] {processor.py:183} INFO - Processing /opt/airflow/dags/example_dag.py took 0.069 seconds
[2025-12-21T18:55:37.981+0000] {processor.py:161} INFO - Started process (PID=62) to work on /opt/airflow/dags/example_dag.py
[2025-12-21T18:55:37.982+0000] {processor.py:830} INFO - Processing file /opt/airflow/dags/example_dag.py for tasks to queue
[2025-12-21T18:55:37.982+0000] {logging_mixin.py:188} INFO - [2025-12-21T18:55:37.982+0000] {dagbag.py:538} INFO - Filling up the DagBag from /opt/airflow/dags/example_dag.py
[2025-12-21T18:55:37.989+0000] {processor.py:840} INFO - DAG(s) 'example_dag' retrieved from /opt/airflow/dags/example_dag.py
[2025-12-21T18:55:38.016+0000] {logging_mixin.py:188} INFO - [2025-12-21T18:55:38.016+0000] {dag.py:3033} INFO - Sync 1 DAGs
[2025-12-21T18:55:38.040+0000] {logging_mixin.py:188} INFO - [2025-12-21T18:55:38.040+0000] {dag.py:3820} INFO - Setting next_dagrun for example_dag to 2025-12-20T00:00:00+00:00, run_after=2025-12-21T00:00:00+00:00
[2025-12-21T18:55:38.052+0000] {processor.py:183} INFO - Processing /opt/airflow/dags/example_dag.py took 0.074 seconds
[2025-12-21T18:56:08.382+0000] {processor.py:161} INFO - Started process (PID=72) to work on /opt/airflow/dags/example_dag.py
[2025-12-21T18:56:08.383+0000] {processor.py:830} INFO - Processing file /opt/airflow/dags/example_dag.py for tasks to queue
[2025-12-21T18:56:08.384+0000] {logging_mixin.py:188} INFO - [2025-12-21T18:56:08.383+0000] {dagbag.py:538} INFO - Filling up the DagBag from /opt/airflow/dags/example_dag.py
[2025-12-21T18:56:08.393+0000] {processor.py:840} INFO - DAG(s) 'example_dag' retrieved from /opt/airflow/dags/example_dag.py
[2025-12-21T18:56:08.426+0000] {logging_mixin.py:188} INFO - [2025-12-21T18:56:08.426+0000] {dag.py:3033} INFO - Sync 1 DAGs
[2025-12-21T18:56:08.445+0000] {logging_mixin.py:188} INFO - [2025-12-21T18:56:08.445+0000] {dag.py:3820} INFO - Setting next_dagrun for example_dag to 2025-12-20T00:00:00+00:00, run_after=2025-12-21T00:00:00+00:00
[2025-12-21T18:56:08.461+0000] {processor.py:183} INFO - Processing /opt/airflow/dags/example_dag.py took 0.082 seconds
[2025-12-21T18:56:38.898+0000] {processor.py:161} INFO - Started process (PID=82) to work on /opt/airflow/dags/example_dag.py
[2025-12-21T18:56:38.899+0000] {processor.py:830} INFO - Processing file /opt/airflow/dags/example_dag.py for tasks to queue
[2025-12-21T18:56:38.899+0000] {logging_mixin.py:188} INFO - [2025-12-21T18:56:38.899+0000] {dagbag.py:538} INFO - Filling up the DagBag from /opt/airflow/dags/example_dag.py
[2025-12-21T18:56:38.907+0000] {processor.py:840} INFO - DAG(s) 'example_dag' retrieved from /opt/airflow/dags/example_dag.py
[2025-12-21T18:56:38.932+0000] {logging_mixin.py:188} INFO - [2025-12-21T18:56:38.932+0000] {dag.py:3033} INFO - Sync 1 DAGs
[2025-12-21T18:56:38.949+0000] {logging_mixin.py:188} INFO - [2025-12-21T18:56:38.948+0000] {dag.py:3820} INFO - Setting next_dagrun for example_dag to 2025-12-20T00:00:00+00:00, run_after=2025-12-21T00:00:00+00:00
[2025-12-21T18:56:38.962+0000] {processor.py:183} INFO - Processing /opt/airflow/dags/example_dag.py took 0.067 seconds
[2025-12-21T18:57:09.381+0000] {processor.py:161} INFO - Started process (PID=92) to work on /opt/airflow/dags/example_dag.py
[2025-12-21T18:57:09.383+0000] {processor.py:830} INFO - Processing file /opt/airflow/dags/example_dag.py for tasks to queue
[2025-12-21T18:57:09.384+0000] {logging_mixin.py:188} INFO - [2025-12-21T18:57:09.383+0000] {dagbag.py:538} INFO - Filling up the DagBag from /opt/airflow/dags/example_dag.py
[2025-12-21T18:57:09.392+0000] {processor.py:840} INFO - DAG(s) 'example_dag' retrieved from /opt/airflow/dags/example_dag.py
[2025-12-21T18:57:09.416+0000] {logging_mixin.py:188} INFO - [2025-12-21T18:57:09.416+0000] {dag.py:3033} INFO - Sync 1 DAGs
[2025-12-21T18:57:09.434+0000] {logging_mixin.py:188} INFO - [2025-12-21T18:57:09.434+0000] {dag.py:3820} INFO - Setting next_dagrun for example_dag to 2025-12-20T00:00:00+00:00, run_after=2025-12-21T00:00:00+00:00
[2025-12-21T18:57:09.449+0000] {processor.py:183} INFO - Processing /opt/airflow/dags/example_dag.py took 0.070 seconds
[2025-12-21T18:57:40.339+0000] {processor.py:161} INFO - Started process (PID=102) to work on /opt/airflow/dags/example_dag.py
[2025-12-21T18:57:40.340+0000] {processor.py:830} INFO - Processing file /opt/airflow/dags/example_dag.py for tasks to queue
[2025-12-21T18:57:40.341+0000] {logging_mixin.py:188} INFO - [2025-12-21T18:57:40.340+0000] {dagbag.py:538} INFO - Filling up the DagBag from /opt/airflow/dags/example_dag.py
[2025-12-21T18:57:40.349+0000] {processor.py:840} INFO - DAG(s) 'example_dag' retrieved from /opt/airflow/dags/example_dag.py
[2025-12-21T18:57:40.372+0000] {logging_mixin.py:188} INFO - [2025-12-21T18:57:40.372+0000] {dag.py:3033} INFO - Sync 1 DAGs
[2025-12-21T18:57:40.391+0000] {logging_mixin.py:188} INFO - [2025-12-21T18:57:40.391+0000] {dag.py:3820} INFO - Setting next_dagrun for example_dag to 2025-12-20T00:00:00+00:00, run_after=2025-12-21T00:00:00+00:00
[2025-12-21T18:57:40.415+0000] {processor.py:183} INFO - Processing /opt/airflow/dags/example_dag.py took 0.079 seconds
[2025-12-21T18:58:10.844+0000] {processor.py:161} INFO - Started process (PID=112) to work on /opt/airflow/dags/example_dag.py
[2025-12-21T18:58:10.845+0000] {processor.py:830} INFO - Processing file /opt/airflow/dags/example_dag.py for tasks to queue
[2025-12-21T18:58:10.846+0000] {logging_mixin.py:188} INFO - [2025-12-21T18:58:10.846+0000] {dagbag.py:538} INFO - Filling up the DagBag from /opt/airflow/dags/example_dag.py
[2025-12-21T18:58:10.853+0000] {processor.py:840} INFO - DAG(s) 'example_dag' retrieved from /opt/airflow/dags/example_dag.py
[2025-12-21T18:58:10.877+0000] {logging_mixin.py:188} INFO - [2025-12-21T18:58:10.877+0000] {dag.py:3033} INFO - Sync 1 DAGs
[2025-12-21T18:58:10.894+0000] {logging_mixin.py:188} INFO - [2025-12-21T18:58:10.893+0000] {dag.py:3820} INFO - Setting next_dagrun for example_dag to 2025-12-20T00:00:00+00:00, run_after=2025-12-21T00:00:00+00:00
[2025-12-21T18:58:10.909+0000] {processor.py:183} INFO - Processing /opt/airflow/dags/example_dag.py took 0.068 seconds
[2025-12-21T18:58:41.420+0000] {processor.py:161} INFO - Started process (PID=115) to work on /opt/airflow/dags/example_dag.py
[2025-12-21T18:58:41.421+0000] {processor.py:830} INFO - Processing file /opt/airflow/dags/example_dag.py for tasks to queue
[2025-12-21T18:58:41.422+0000] {logging_mixin.py:188} INFO - [2025-12-21T18:58:41.422+0000] {dagbag.py:538} INFO - Filling up the DagBag from /opt/airflow/dags/example_dag.py
[2025-12-21T18:58:41.433+0000] {processor.py:840} INFO - DAG(s) 'example_dag' retrieved from /opt/airflow/dags/example_dag.py
[2025-12-21T18:58:41.460+0000] {logging_mixin.py:188} INFO - [2025-12-21T18:58:41.460+0000] {dag.py:3033} INFO - Sync 1 DAGs
[2025-12-21T18:58:41.484+0000] {logging_mixin.py:188} INFO - [2025-12-21T18:58:41.484+0000] {dag.py:3820} INFO - Setting next_dagrun for example_dag to 2025-12-20T00:00:00+00:00, run_after=2025-12-21T00:00:00+00:00
[2025-12-21T18:58:41.500+0000] {processor.py:183} INFO - Processing /opt/airflow/dags/example_dag.py took 0.083 seconds
[2025-12-21T18:59:12.176+0000] {processor.py:161} INFO - Started process (PID=125) to work on /opt/airflow/dags/example_dag.py
[2025-12-21T18:59:12.178+0000] {processor.py:830} INFO - Processing file /opt/airflow/dags/example_dag.py for tasks to queue
[2025-12-21T18:59:12.179+0000] {logging_mixin.py:188} INFO - [2025-12-21T18:59:12.178+0000] {dagbag.py:538} INFO - Filling up the DagBag from /opt/airflow/dags/example_dag.py
[2025-12-21T18:59:12.189+0000] {processor.py:840} INFO - DAG(s) 'example_dag' retrieved from /opt/airflow/dags/example_dag.py
[2025-12-21T18:59:12.231+0000] {logging_mixin.py:188} INFO - [2025-12-21T18:59:12.231+0000] {dag.py:3033} INFO - Sync 1 DAGs
[2025-12-21T18:59:12.257+0000] {logging_mixin.py:188} INFO - [2025-12-21T18:59:12.257+0000] {dag.py:3820} INFO - Setting next_dagrun for example_dag to 2025-12-20T00:00:00+00:00, run_after=2025-12-21T00:00:00+00:00
[2025-12-21T18:59:12.280+0000] {processor.py:183} INFO - Processing /opt/airflow/dags/example_dag.py took 0.108 seconds
[2025-12-21T18:59:42.697+0000] {processor.py:161} INFO - Started process (PID=135) to work on /opt/airflow/dags/example_dag.py
[2025-12-21T18:59:42.698+0000] {processor.py:830} INFO - Processing file /opt/airflow/dags/example_dag.py for tasks to queue
[2025-12-21T18:59:42.699+0000] {logging_mixin.py:188} INFO - [2025-12-21T18:59:42.699+0000] {dagbag.py:538} INFO - Filling up the DagBag from /opt/airflow/dags/example_dag.py
[2025-12-21T18:59:42.708+0000] {processor.py:840} INFO - DAG(s) 'example_dag' retrieved from /opt/airflow/dags/example_dag.py
[2025-12-21T18:59:42.731+0000] {logging_mixin.py:188} INFO - [2025-12-21T18:59:42.731+0000] {dag.py:3033} INFO - Sync 1 DAGs
[2025-12-21T18:59:42.748+0000] {logging_mixin.py:188} INFO - [2025-12-21T18:59:42.748+0000] {dag.py:3820} INFO - Setting next_dagrun for example_dag to 2025-12-20T00:00:00+00:00, run_after=2025-12-21T00:00:00+00:00
[2025-12-21T18:59:42.766+0000] {processor.py:183} INFO - Processing /opt/airflow/dags/example_dag.py took 0.073 seconds
[2025-12-21T19:00:13.340+0000] {processor.py:161} INFO - Started process (PID=145) to work on /opt/airflow/dags/example_dag.py
[2025-12-21T19:00:13.341+0000] {processor.py:830} INFO - Processing file /opt/airflow/dags/example_dag.py for tasks to queue
[2025-12-21T19:00:13.341+0000] {logging_mixin.py:188} INFO - [2025-12-21T19:00:13.341+0000] {dagbag.py:538} INFO - Filling up the DagBag from /opt/airflow/dags/example_dag.py
[2025-12-21T19:00:13.349+0000] {processor.py:840} INFO - DAG(s) 'example_dag' retrieved from /opt/airflow/dags/example_dag.py
[2025-12-21T19:00:13.371+0000] {logging_mixin.py:188} INFO - [2025-12-21T19:00:13.370+0000] {dag.py:3033} INFO - Sync 1 DAGs
[2025-12-21T19:00:13.385+0000] {logging_mixin.py:188} INFO - [2025-12-21T19:00:13.385+0000] {dag.py:3820} INFO - Setting next_dagrun for example_dag to 2025-12-20T00:00:00+00:00, run_after=2025-12-21T00:00:00+00:00
[2025-12-21T19:00:13.396+0000] {processor.py:183} INFO - Processing /opt/airflow/dags/example_dag.py took 0.059 seconds
[2025-12-21T19:00:44.090+0000] {processor.py:161} INFO - Started process (PID=155) to work on /opt/airflow/dags/example_dag.py
[2025-12-21T19:00:44.092+0000] {processor.py:830} INFO - Processing file /opt/airflow/dags/example_dag.py for tasks to queue
[2025-12-21T19:00:44.092+0000] {logging_mixin.py:188} INFO - [2025-12-21T19:00:44.092+0000] {dagbag.py:538} INFO - Filling up the DagBag from /opt/airflow/dags/example_dag.py
[2025-12-21T19:00:44.101+0000] {processor.py:840} INFO - DAG(s) 'example_dag' retrieved from /opt/airflow/dags/example_dag.py
[2025-12-21T19:00:44.124+0000] {logging_mixin.py:188} INFO - [2025-12-21T19:00:44.124+0000] {dag.py:3033} INFO - Sync 1 DAGs
[2025-12-21T19:00:44.141+0000] {logging_mixin.py:188} INFO - [2025-12-21T19:00:44.141+0000] {dag.py:3820} INFO - Setting next_dagrun for example_dag to 2025-12-20T00:00:00+00:00, run_after=2025-12-21T00:00:00+00:00
[2025-12-21T19:00:44.154+0000] {processor.py:183} INFO - Processing /opt/airflow/dags/example_dag.py took 0.067 seconds
[2025-12-21T19:01:14.753+0000] {processor.py:161} INFO - Started process (PID=165) to work on /opt/airflow/dags/example_dag.py
[2025-12-21T19:01:14.754+0000] {processor.py:830} INFO - Processing file /opt/airflow/dags/example_dag.py for tasks to queue
[2025-12-21T19:01:14.754+0000] {logging_mixin.py:188} INFO - [2025-12-21T19:01:14.754+0000] {dagbag.py:538} INFO - Filling up the DagBag from /opt/airflow/dags/example_dag.py
[2025-12-21T19:01:14.763+0000] {processor.py:840} INFO - DAG(s) 'example_dag' retrieved from /opt/airflow/dags/example_dag.py
[2025-12-21T19:01:14.796+0000] {logging_mixin.py:188} INFO - [2025-12-21T19:01:14.796+0000] {dag.py:3033} INFO - Sync 1 DAGs
[2025-12-21T19:01:14.815+0000] {logging_mixin.py:188} INFO - [2025-12-21T19:01:14.815+0000] {dag.py:3820} INFO - Setting next_dagrun for example_dag to 2025-12-20T00:00:00+00:00, run_after=2025-12-21T00:00:00+00:00
[2025-12-21T19:01:14.829+0000] {processor.py:183} INFO - Processing /opt/airflow/dags/example_dag.py took 0.079 seconds
[2025-12-21T19:01:45.295+0000] {processor.py:161} INFO - Started process (PID=175) to work on /opt/airflow/dags/example_dag.py
[2025-12-21T19:01:45.296+0000] {processor.py:830} INFO - Processing file /opt/airflow/dags/example_dag.py for tasks to queue
[2025-12-21T19:01:45.296+0000] {logging_mixin.py:188} INFO - [2025-12-21T19:01:45.296+0000] {dagbag.py:538} INFO - Filling up the DagBag from /opt/airflow/dags/example_dag.py
[2025-12-21T19:01:45.307+0000] {processor.py:840} INFO - DAG(s) 'example_dag' retrieved from /opt/airflow/dags/example_dag.py
[2025-12-21T19:01:45.336+0000] {logging_mixin.py:188} INFO - [2025-12-21T19:01:45.336+0000] {dag.py:3033} INFO - Sync 1 DAGs
[2025-12-21T19:01:45.356+0000] {logging_mixin.py:188} INFO - [2025-12-21T19:01:45.355+0000] {dag.py:3820} INFO - Setting next_dagrun for example_dag to 2025-12-20T00:00:00+00:00, run_after=2025-12-21T00:00:00+00:00
[2025-12-21T19:01:45.370+0000] {processor.py:183} INFO - Processing /opt/airflow/dags/example_dag.py took 0.079 seconds
[2025-12-21T19:05:11.950+0000] {processor.py:161} INFO - Started process (PID=32) to work on /opt/airflow/dags/example_dag.py
[2025-12-21T19:05:11.951+0000] {processor.py:830} INFO - Processing file /opt/airflow/dags/example_dag.py for tasks to queue
[2025-12-21T19:05:11.952+0000] {logging_mixin.py:188} INFO - [2025-12-21T19:05:11.952+0000] {dagbag.py:538} INFO - Filling up the DagBag from /opt/airflow/dags/example_dag.py
[2025-12-21T19:05:11.960+0000] {processor.py:840} INFO - DAG(s) 'example_dag' retrieved from /opt/airflow/dags/example_dag.py
[2025-12-21T19:05:11.974+0000] {logging_mixin.py:188} INFO - [2025-12-21T19:05:11.974+0000] {dag.py:3033} INFO - Sync 1 DAGs
[2025-12-21T19:05:11.991+0000] {logging_mixin.py:188} INFO - [2025-12-21T19:05:11.991+0000] {dag.py:3820} INFO - Setting next_dagrun for example_dag to 2025-12-20T00:00:00+00:00, run_after=2025-12-21T00:00:00+00:00
[2025-12-21T19:05:12.005+0000] {processor.py:183} INFO - Processing /opt/airflow/dags/example_dag.py took 0.057 seconds
[2025-12-21T19:05:42.861+0000] {processor.py:161} INFO - Started process (PID=42) to work on /opt/airflow/dags/example_dag.py
[2025-12-21T19:05:42.863+0000] {processor.py:830} INFO - Processing file /opt/airflow/dags/example_dag.py for tasks to queue
[2025-12-21T19:05:42.864+0000] {logging_mixin.py:188} INFO - [2025-12-21T19:05:42.864+0000] {dagbag.py:538} INFO - Filling up the DagBag from /opt/airflow/dags/example_dag.py
[2025-12-21T19:05:42.878+0000] {processor.py:840} INFO - DAG(s) 'example_dag' retrieved from /opt/airflow/dags/example_dag.py
[2025-12-21T19:05:43.003+0000] {logging_mixin.py:188} INFO - [2025-12-21T19:05:43.002+0000] {dag.py:3033} INFO - Sync 1 DAGs
[2025-12-21T19:05:43.035+0000] {logging_mixin.py:188} INFO - [2025-12-21T19:05:43.035+0000] {dag.py:3820} INFO - Setting next_dagrun for example_dag to 2025-12-20T00:00:00+00:00, run_after=2025-12-21T00:00:00+00:00
[2025-12-21T19:05:43.074+0000] {processor.py:183} INFO - Processing /opt/airflow/dags/example_dag.py took 0.217 seconds
[2025-12-21T19:06:13.359+0000] {processor.py:161} INFO - Started process (PID=52) to work on /opt/airflow/dags/example_dag.py
[2025-12-21T19:06:13.361+0000] {processor.py:830} INFO - Processing file /opt/airflow/dags/example_dag.py for tasks to queue
[2025-12-21T19:06:13.361+0000] {logging_mixin.py:188} INFO - [2025-12-21T19:06:13.361+0000] {dagbag.py:538} INFO - Filling up the DagBag from /opt/airflow/dags/example_dag.py
[2025-12-21T19:06:13.376+0000] {processor.py:840} INFO - DAG(s) 'example_dag' retrieved from /opt/airflow/dags/example_dag.py
[2025-12-21T19:06:13.403+0000] {logging_mixin.py:188} INFO - [2025-12-21T19:06:13.403+0000] {dag.py:3033} INFO - Sync 1 DAGs
[2025-12-21T19:06:13.424+0000] {logging_mixin.py:188} INFO - [2025-12-21T19:06:13.424+0000] {dag.py:3820} INFO - Setting next_dagrun for example_dag to 2025-12-20T00:00:00+00:00, run_after=2025-12-21T00:00:00+00:00
[2025-12-21T19:06:13.439+0000] {processor.py:183} INFO - Processing /opt/airflow/dags/example_dag.py took 0.084 seconds
[2025-12-21T19:06:43.797+0000] {processor.py:161} INFO - Started process (PID=62) to work on /opt/airflow/dags/example_dag.py
[2025-12-21T19:06:43.797+0000] {processor.py:830} INFO - Processing file /opt/airflow/dags/example_dag.py for tasks to queue
[2025-12-21T19:06:43.798+0000] {logging_mixin.py:188} INFO - [2025-12-21T19:06:43.798+0000] {dagbag.py:538} INFO - Filling up the DagBag from /opt/airflow/dags/example_dag.py
[2025-12-21T19:06:43.806+0000] {processor.py:840} INFO - DAG(s) 'example_dag' retrieved from /opt/airflow/dags/example_dag.py
[2025-12-21T19:06:43.830+0000] {logging_mixin.py:188} INFO - [2025-12-21T19:06:43.830+0000] {dag.py:3033} INFO - Sync 1 DAGs
[2025-12-21T19:06:43.844+0000] {logging_mixin.py:188} INFO - [2025-12-21T19:06:43.844+0000] {dag.py:3820} INFO - Setting next_dagrun for example_dag to 2025-12-20T00:00:00+00:00, run_after=2025-12-21T00:00:00+00:00
[2025-12-21T19:06:43.855+0000] {processor.py:183} INFO - Processing /opt/airflow/dags/example_dag.py took 0.061 seconds
[2025-12-21T19:07:14.370+0000] {processor.py:161} INFO - Started process (PID=72) to work on /opt/airflow/dags/example_dag.py
[2025-12-21T19:07:14.370+0000] {processor.py:830} INFO - Processing file /opt/airflow/dags/example_dag.py for tasks to queue
[2025-12-21T19:07:14.371+0000] {logging_mixin.py:188} INFO - [2025-12-21T19:07:14.371+0000] {dagbag.py:538} INFO - Filling up the DagBag from /opt/airflow/dags/example_dag.py
[2025-12-21T19:07:14.379+0000] {processor.py:840} INFO - DAG(s) 'example_dag' retrieved from /opt/airflow/dags/example_dag.py
[2025-12-21T19:07:14.402+0000] {logging_mixin.py:188} INFO - [2025-12-21T19:07:14.402+0000] {dag.py:3033} INFO - Sync 1 DAGs
[2025-12-21T19:07:14.419+0000] {logging_mixin.py:188} INFO - [2025-12-21T19:07:14.419+0000] {dag.py:3820} INFO - Setting next_dagrun for example_dag to 2025-12-20T00:00:00+00:00, run_after=2025-12-21T00:00:00+00:00
[2025-12-21T19:07:14.433+0000] {processor.py:183} INFO - Processing /opt/airflow/dags/example_dag.py took 0.066 seconds
[2025-12-21T19:07:44.879+0000] {processor.py:161} INFO - Started process (PID=81) to work on /opt/airflow/dags/example_dag.py
[2025-12-21T19:07:44.880+0000] {processor.py:830} INFO - Processing file /opt/airflow/dags/example_dag.py for tasks to queue
[2025-12-21T19:07:44.881+0000] {logging_mixin.py:188} INFO - [2025-12-21T19:07:44.881+0000] {dagbag.py:538} INFO - Filling up the DagBag from /opt/airflow/dags/example_dag.py
[2025-12-21T19:07:44.894+0000] {processor.py:840} INFO - DAG(s) 'example_dag' retrieved from /opt/airflow/dags/example_dag.py
[2025-12-21T19:07:44.930+0000] {logging_mixin.py:188} INFO - [2025-12-21T19:07:44.930+0000] {dag.py:3033} INFO - Sync 1 DAGs
[2025-12-21T19:07:44.953+0000] {logging_mixin.py:188} INFO - [2025-12-21T19:07:44.953+0000] {dag.py:3820} INFO - Setting next_dagrun for example_dag to 2025-12-20T00:00:00+00:00, run_after=2025-12-21T00:00:00+00:00
[2025-12-21T19:07:44.971+0000] {processor.py:183} INFO - Processing /opt/airflow/dags/example_dag.py took 0.095 seconds
[2025-12-21T19:08:15.399+0000] {processor.py:161} INFO - Started process (PID=90) to work on /opt/airflow/dags/example_dag.py
[2025-12-21T19:08:15.400+0000] {processor.py:830} INFO - Processing file /opt/airflow/dags/example_dag.py for tasks to queue
[2025-12-21T19:08:15.401+0000] {logging_mixin.py:188} INFO - [2025-12-21T19:08:15.401+0000] {dagbag.py:538} INFO - Filling up the DagBag from /opt/airflow/dags/example_dag.py
[2025-12-21T19:08:15.413+0000] {processor.py:840} INFO - DAG(s) 'example_dag' retrieved from /opt/airflow/dags/example_dag.py
[2025-12-21T19:08:15.454+0000] {logging_mixin.py:188} INFO - [2025-12-21T19:08:15.454+0000] {dag.py:3033} INFO - Sync 1 DAGs
[2025-12-21T19:08:15.502+0000] {logging_mixin.py:188} INFO - [2025-12-21T19:08:15.502+0000] {dag.py:3820} INFO - Setting next_dagrun for example_dag to 2025-12-20T00:00:00+00:00, run_after=2025-12-21T00:00:00+00:00
[2025-12-21T19:08:15.535+0000] {processor.py:183} INFO - Processing /opt/airflow/dags/example_dag.py took 0.141 seconds
[2025-12-21T19:08:45.848+0000] {processor.py:161} INFO - Started process (PID=94) to work on /opt/airflow/dags/example_dag.py
[2025-12-21T19:08:45.850+0000] {processor.py:830} INFO - Processing file /opt/airflow/dags/example_dag.py for tasks to queue
[2025-12-21T19:08:45.851+0000] {logging_mixin.py:188} INFO - [2025-12-21T19:08:45.851+0000] {dagbag.py:538} INFO - Filling up the DagBag from /opt/airflow/dags/example_dag.py
[2025-12-21T19:08:45.867+0000] {processor.py:840} INFO - DAG(s) 'example_dag' retrieved from /opt/airflow/dags/example_dag.py
[2025-12-21T19:08:45.935+0000] {logging_mixin.py:188} INFO - [2025-12-21T19:08:45.935+0000] {dag.py:3033} INFO - Sync 1 DAGs
[2025-12-21T19:08:45.989+0000] {logging_mixin.py:188} INFO - [2025-12-21T19:08:45.988+0000] {dag.py:3820} INFO - Setting next_dagrun for example_dag to 2025-12-20T00:00:00+00:00, run_after=2025-12-21T00:00:00+00:00
[2025-12-21T19:08:46.018+0000] {processor.py:183} INFO - Processing /opt/airflow/dags/example_dag.py took 0.177 seconds
[2025-12-21T19:09:16.271+0000] {processor.py:161} INFO - Started process (PID=104) to work on /opt/airflow/dags/example_dag.py
[2025-12-21T19:09:16.272+0000] {processor.py:830} INFO - Processing file /opt/airflow/dags/example_dag.py for tasks to queue
[2025-12-21T19:09:16.273+0000] {logging_mixin.py:188} INFO - [2025-12-21T19:09:16.273+0000] {dagbag.py:538} INFO - Filling up the DagBag from /opt/airflow/dags/example_dag.py
[2025-12-21T19:09:16.281+0000] {processor.py:840} INFO - DAG(s) 'example_dag' retrieved from /opt/airflow/dags/example_dag.py
[2025-12-21T19:09:16.310+0000] {logging_mixin.py:188} INFO - [2025-12-21T19:09:16.310+0000] {dag.py:3033} INFO - Sync 1 DAGs
[2025-12-21T19:09:16.334+0000] {logging_mixin.py:188} INFO - [2025-12-21T19:09:16.334+0000] {dag.py:3820} INFO - Setting next_dagrun for example_dag to 2025-12-20T00:00:00+00:00, run_after=2025-12-21T00:00:00+00:00
[2025-12-21T19:09:16.352+0000] {processor.py:183} INFO - Processing /opt/airflow/dags/example_dag.py took 0.083 seconds
[2025-12-21T19:09:46.702+0000] {processor.py:161} INFO - Started process (PID=114) to work on /opt/airflow/dags/example_dag.py
[2025-12-21T19:09:46.704+0000] {processor.py:830} INFO - Processing file /opt/airflow/dags/example_dag.py for tasks to queue
[2025-12-21T19:09:46.705+0000] {logging_mixin.py:188} INFO - [2025-12-21T19:09:46.704+0000] {dagbag.py:538} INFO - Filling up the DagBag from /opt/airflow/dags/example_dag.py
[2025-12-21T19:09:46.712+0000] {processor.py:840} INFO - DAG(s) 'example_dag' retrieved from /opt/airflow/dags/example_dag.py
[2025-12-21T19:09:46.743+0000] {logging_mixin.py:188} INFO - [2025-12-21T19:09:46.743+0000] {dag.py:3033} INFO - Sync 1 DAGs
[2025-12-21T19:09:46.762+0000] {logging_mixin.py:188} INFO - [2025-12-21T19:09:46.762+0000] {dag.py:3820} INFO - Setting next_dagrun for example_dag to 2025-12-20T00:00:00+00:00, run_after=2025-12-21T00:00:00+00:00
[2025-12-21T19:09:46.777+0000] {processor.py:183} INFO - Processing /opt/airflow/dags/example_dag.py took 0.078 seconds
[2025-12-21T19:13:24.754+0000] {processor.py:161} INFO - Started process (PID=32) to work on /opt/airflow/dags/example_dag.py
[2025-12-21T19:13:24.755+0000] {processor.py:830} INFO - Processing file /opt/airflow/dags/example_dag.py for tasks to queue
[2025-12-21T19:13:24.756+0000] {logging_mixin.py:188} INFO - [2025-12-21T19:13:24.755+0000] {dagbag.py:538} INFO - Filling up the DagBag from /opt/airflow/dags/example_dag.py
[2025-12-21T19:13:24.764+0000] {processor.py:840} INFO - DAG(s) 'example_dag' retrieved from /opt/airflow/dags/example_dag.py
[2025-12-21T19:13:24.777+0000] {logging_mixin.py:188} INFO - [2025-12-21T19:13:24.777+0000] {dag.py:3033} INFO - Sync 1 DAGs
[2025-12-21T19:13:24.796+0000] {logging_mixin.py:188} INFO - [2025-12-21T19:13:24.796+0000] {dag.py:3820} INFO - Setting next_dagrun for example_dag to 2025-12-20T00:00:00+00:00, run_after=2025-12-21T00:00:00+00:00
[2025-12-21T19:13:24.810+0000] {processor.py:183} INFO - Processing /opt/airflow/dags/example_dag.py took 0.059 seconds
[2025-12-21T19:13:55.261+0000] {processor.py:161} INFO - Started process (PID=42) to work on /opt/airflow/dags/example_dag.py
[2025-12-21T19:13:55.262+0000] {processor.py:830} INFO - Processing file /opt/airflow/dags/example_dag.py for tasks to queue
[2025-12-21T19:13:55.262+0000] {logging_mixin.py:188} INFO - [2025-12-21T19:13:55.262+0000] {dagbag.py:538} INFO - Filling up the DagBag from /opt/airflow/dags/example_dag.py
[2025-12-21T19:13:55.271+0000] {processor.py:840} INFO - DAG(s) 'example_dag' retrieved from /opt/airflow/dags/example_dag.py
[2025-12-21T19:13:55.332+0000] {logging_mixin.py:188} INFO - [2025-12-21T19:13:55.331+0000] {dag.py:3033} INFO - Sync 1 DAGs
[2025-12-21T19:13:55.343+0000] {logging_mixin.py:188} INFO - [2025-12-21T19:13:55.343+0000] {dag.py:3820} INFO - Setting next_dagrun for example_dag to 2025-12-20T00:00:00+00:00, run_after=2025-12-21T00:00:00+00:00
[2025-12-21T19:13:55.356+0000] {processor.py:183} INFO - Processing /opt/airflow/dags/example_dag.py took 0.097 seconds
[2025-12-21T19:14:25.638+0000] {processor.py:161} INFO - Started process (PID=52) to work on /opt/airflow/dags/example_dag.py
[2025-12-21T19:14:25.639+0000] {processor.py:830} INFO - Processing file /opt/airflow/dags/example_dag.py for tasks to queue
[2025-12-21T19:14:25.639+0000] {logging_mixin.py:188} INFO - [2025-12-21T19:14:25.639+0000] {dagbag.py:538} INFO - Filling up the DagBag from /opt/airflow/dags/example_dag.py
[2025-12-21T19:14:25.648+0000] {processor.py:840} INFO - DAG(s) 'example_dag' retrieved from /opt/airflow/dags/example_dag.py
[2025-12-21T19:14:25.671+0000] {logging_mixin.py:188} INFO - [2025-12-21T19:14:25.671+0000] {dag.py:3033} INFO - Sync 1 DAGs
[2025-12-21T19:14:25.686+0000] {logging_mixin.py:188} INFO - [2025-12-21T19:14:25.686+0000] {dag.py:3820} INFO - Setting next_dagrun for example_dag to 2025-12-20T00:00:00+00:00, run_after=2025-12-21T00:00:00+00:00
[2025-12-21T19:14:25.699+0000] {processor.py:183} INFO - Processing /opt/airflow/dags/example_dag.py took 0.063 seconds
[2025-12-21T19:14:56.373+0000] {processor.py:161} INFO - Started process (PID=62) to work on /opt/airflow/dags/example_dag.py
[2025-12-21T19:14:56.374+0000] {processor.py:830} INFO - Processing file /opt/airflow/dags/example_dag.py for tasks to queue
[2025-12-21T19:14:56.375+0000] {logging_mixin.py:188} INFO - [2025-12-21T19:14:56.374+0000] {dagbag.py:538} INFO - Filling up the DagBag from /opt/airflow/dags/example_dag.py
[2025-12-21T19:14:56.383+0000] {processor.py:840} INFO - DAG(s) 'example_dag' retrieved from /opt/airflow/dags/example_dag.py
[2025-12-21T19:14:56.407+0000] {logging_mixin.py:188} INFO - [2025-12-21T19:14:56.407+0000] {dag.py:3033} INFO - Sync 1 DAGs
[2025-12-21T19:14:56.421+0000] {logging_mixin.py:188} INFO - [2025-12-21T19:14:56.421+0000] {dag.py:3820} INFO - Setting next_dagrun for example_dag to 2025-12-20T00:00:00+00:00, run_after=2025-12-21T00:00:00+00:00
[2025-12-21T19:14:56.434+0000] {processor.py:183} INFO - Processing /opt/airflow/dags/example_dag.py took 0.064 seconds
[2025-12-21T19:15:26.733+0000] {processor.py:161} INFO - Started process (PID=72) to work on /opt/airflow/dags/example_dag.py
[2025-12-21T19:15:26.734+0000] {processor.py:830} INFO - Processing file /opt/airflow/dags/example_dag.py for tasks to queue
[2025-12-21T19:15:26.734+0000] {logging_mixin.py:188} INFO - [2025-12-21T19:15:26.734+0000] {dagbag.py:538} INFO - Filling up the DagBag from /opt/airflow/dags/example_dag.py
[2025-12-21T19:15:26.741+0000] {processor.py:840} INFO - DAG(s) 'example_dag' retrieved from /opt/airflow/dags/example_dag.py
[2025-12-21T19:15:26.761+0000] {logging_mixin.py:188} INFO - [2025-12-21T19:15:26.761+0000] {dag.py:3033} INFO - Sync 1 DAGs
[2025-12-21T19:15:26.775+0000] {logging_mixin.py:188} INFO - [2025-12-21T19:15:26.775+0000] {dag.py:3820} INFO - Setting next_dagrun for example_dag to 2025-12-20T00:00:00+00:00, run_after=2025-12-21T00:00:00+00:00
[2025-12-21T19:15:26.787+0000] {processor.py:183} INFO - Processing /opt/airflow/dags/example_dag.py took 0.056 seconds
[2025-12-21T19:15:57.040+0000] {processor.py:161} INFO - Started process (PID=82) to work on /opt/airflow/dags/example_dag.py
[2025-12-21T19:15:57.040+0000] {processor.py:830} INFO - Processing file /opt/airflow/dags/example_dag.py for tasks to queue
[2025-12-21T19:15:57.041+0000] {logging_mixin.py:188} INFO - [2025-12-21T19:15:57.041+0000] {dagbag.py:538} INFO - Filling up the DagBag from /opt/airflow/dags/example_dag.py
[2025-12-21T19:15:57.050+0000] {processor.py:840} INFO - DAG(s) 'example_dag' retrieved from /opt/airflow/dags/example_dag.py
[2025-12-21T19:15:57.074+0000] {logging_mixin.py:188} INFO - [2025-12-21T19:15:57.074+0000] {dag.py:3033} INFO - Sync 1 DAGs
[2025-12-21T19:15:57.089+0000] {logging_mixin.py:188} INFO - [2025-12-21T19:15:57.089+0000] {dag.py:3820} INFO - Setting next_dagrun for example_dag to 2025-12-20T00:00:00+00:00, run_after=2025-12-21T00:00:00+00:00
[2025-12-21T19:15:57.100+0000] {processor.py:183} INFO - Processing /opt/airflow/dags/example_dag.py took 0.062 seconds
[2025-12-21T19:16:27.627+0000] {processor.py:161} INFO - Started process (PID=92) to work on /opt/airflow/dags/example_dag.py
[2025-12-21T19:16:27.628+0000] {processor.py:830} INFO - Processing file /opt/airflow/dags/example_dag.py for tasks to queue
[2025-12-21T19:16:27.629+0000] {logging_mixin.py:188} INFO - [2025-12-21T19:16:27.628+0000] {dagbag.py:538} INFO - Filling up the DagBag from /opt/airflow/dags/example_dag.py
[2025-12-21T19:16:27.637+0000] {processor.py:840} INFO - DAG(s) 'example_dag' retrieved from /opt/airflow/dags/example_dag.py
[2025-12-21T19:16:27.678+0000] {logging_mixin.py:188} INFO - [2025-12-21T19:16:27.678+0000] {dag.py:3033} INFO - Sync 1 DAGs
[2025-12-21T19:16:27.701+0000] {logging_mixin.py:188} INFO - [2025-12-21T19:16:27.701+0000] {dag.py:3820} INFO - Setting next_dagrun for example_dag to 2025-12-20T00:00:00+00:00, run_after=2025-12-21T00:00:00+00:00
[2025-12-21T19:16:27.723+0000] {processor.py:183} INFO - Processing /opt/airflow/dags/example_dag.py took 0.099 seconds
[2025-12-21T19:16:58.139+0000] {processor.py:161} INFO - Started process (PID=95) to work on /opt/airflow/dags/example_dag.py
[2025-12-21T19:16:58.140+0000] {processor.py:830} INFO - Processing file /opt/airflow/dags/example_dag.py for tasks to queue
[2025-12-21T19:16:58.141+0000] {logging_mixin.py:188} INFO - [2025-12-21T19:16:58.140+0000] {dagbag.py:538} INFO - Filling up the DagBag from /opt/airflow/dags/example_dag.py
[2025-12-21T19:16:58.164+0000] {processor.py:840} INFO - DAG(s) 'example_dag' retrieved from /opt/airflow/dags/example_dag.py
[2025-12-21T19:16:58.204+0000] {logging_mixin.py:188} INFO - [2025-12-21T19:16:58.204+0000] {dag.py:3033} INFO - Sync 1 DAGs
[2025-12-21T19:16:58.226+0000] {logging_mixin.py:188} INFO - [2025-12-21T19:16:58.226+0000] {dag.py:3820} INFO - Setting next_dagrun for example_dag to 2025-12-20T00:00:00+00:00, run_after=2025-12-21T00:00:00+00:00
[2025-12-21T19:16:58.248+0000] {processor.py:183} INFO - Processing /opt/airflow/dags/example_dag.py took 0.120 seconds
[2025-12-21T19:17:28.874+0000] {processor.py:161} INFO - Started process (PID=105) to work on /opt/airflow/dags/example_dag.py
[2025-12-21T19:17:28.875+0000] {processor.py:830} INFO - Processing file /opt/airflow/dags/example_dag.py for tasks to queue
[2025-12-21T19:17:28.876+0000] {logging_mixin.py:188} INFO - [2025-12-21T19:17:28.876+0000] {dagbag.py:538} INFO - Filling up the DagBag from /opt/airflow/dags/example_dag.py
[2025-12-21T19:17:28.885+0000] {processor.py:840} INFO - DAG(s) 'example_dag' retrieved from /opt/airflow/dags/example_dag.py
[2025-12-21T19:17:28.906+0000] {logging_mixin.py:188} INFO - [2025-12-21T19:17:28.906+0000] {dag.py:3033} INFO - Sync 1 DAGs
[2025-12-21T19:17:28.926+0000] {logging_mixin.py:188} INFO - [2025-12-21T19:17:28.926+0000] {dag.py:3820} INFO - Setting next_dagrun for example_dag to 2025-12-20T00:00:00+00:00, run_after=2025-12-21T00:00:00+00:00
[2025-12-21T19:17:28.942+0000] {processor.py:183} INFO - Processing /opt/airflow/dags/example_dag.py took 0.070 seconds
[2025-12-21T19:17:59.422+0000] {processor.py:161} INFO - Started process (PID=115) to work on /opt/airflow/dags/example_dag.py
[2025-12-21T19:17:59.424+0000] {processor.py:830} INFO - Processing file /opt/airflow/dags/example_dag.py for tasks to queue
[2025-12-21T19:17:59.426+0000] {logging_mixin.py:188} INFO - [2025-12-21T19:17:59.425+0000] {dagbag.py:538} INFO - Filling up the DagBag from /opt/airflow/dags/example_dag.py
[2025-12-21T19:17:59.438+0000] {processor.py:840} INFO - DAG(s) 'example_dag' retrieved from /opt/airflow/dags/example_dag.py
[2025-12-21T19:17:59.473+0000] {logging_mixin.py:188} INFO - [2025-12-21T19:17:59.473+0000] {dag.py:3033} INFO - Sync 1 DAGs
[2025-12-21T19:17:59.492+0000] {logging_mixin.py:188} INFO - [2025-12-21T19:17:59.492+0000] {dag.py:3820} INFO - Setting next_dagrun for example_dag to 2025-12-20T00:00:00+00:00, run_after=2025-12-21T00:00:00+00:00
[2025-12-21T19:17:59.507+0000] {processor.py:183} INFO - Processing /opt/airflow/dags/example_dag.py took 0.088 seconds
[2025-12-21T19:18:30.057+0000] {processor.py:161} INFO - Started process (PID=125) to work on /opt/airflow/dags/example_dag.py
[2025-12-21T19:18:30.058+0000] {processor.py:830} INFO - Processing file /opt/airflow/dags/example_dag.py for tasks to queue
[2025-12-21T19:18:30.058+0000] {logging_mixin.py:188} INFO - [2025-12-21T19:18:30.058+0000] {dagbag.py:538} INFO - Filling up the DagBag from /opt/airflow/dags/example_dag.py
[2025-12-21T19:18:30.065+0000] {processor.py:840} INFO - DAG(s) 'example_dag' retrieved from /opt/airflow/dags/example_dag.py
[2025-12-21T19:18:30.092+0000] {logging_mixin.py:188} INFO - [2025-12-21T19:18:30.091+0000] {dag.py:3033} INFO - Sync 1 DAGs
[2025-12-21T19:18:30.105+0000] {logging_mixin.py:188} INFO - [2025-12-21T19:18:30.105+0000] {dag.py:3820} INFO - Setting next_dagrun for example_dag to 2025-12-20T00:00:00+00:00, run_after=2025-12-21T00:00:00+00:00
[2025-12-21T19:18:30.115+0000] {processor.py:183} INFO - Processing /opt/airflow/dags/example_dag.py took 0.061 seconds
[2025-12-21T19:21:54.057+0000] {processor.py:161} INFO - Started process (PID=32) to work on /opt/airflow/dags/example_dag.py
[2025-12-21T19:21:54.058+0000] {processor.py:830} INFO - Processing file /opt/airflow/dags/example_dag.py for tasks to queue
[2025-12-21T19:21:54.059+0000] {logging_mixin.py:188} INFO - [2025-12-21T19:21:54.059+0000] {dagbag.py:538} INFO - Filling up the DagBag from /opt/airflow/dags/example_dag.py
[2025-12-21T19:21:54.074+0000] {processor.py:840} INFO - DAG(s) 'example_dag' retrieved from /opt/airflow/dags/example_dag.py
[2025-12-21T19:21:54.090+0000] {logging_mixin.py:188} INFO - [2025-12-21T19:21:54.090+0000] {dag.py:3033} INFO - Sync 1 DAGs
[2025-12-21T19:21:54.113+0000] {logging_mixin.py:188} INFO - [2025-12-21T19:21:54.113+0000] {dag.py:3820} INFO - Setting next_dagrun for example_dag to 2025-12-20T00:00:00+00:00, run_after=2025-12-21T00:00:00+00:00
[2025-12-21T19:21:54.130+0000] {processor.py:183} INFO - Processing /opt/airflow/dags/example_dag.py took 0.077 seconds
[2025-12-21T19:22:24.696+0000] {processor.py:161} INFO - Started process (PID=42) to work on /opt/airflow/dags/example_dag.py
[2025-12-21T19:22:24.697+0000] {processor.py:830} INFO - Processing file /opt/airflow/dags/example_dag.py for tasks to queue
[2025-12-21T19:22:24.698+0000] {logging_mixin.py:188} INFO - [2025-12-21T19:22:24.698+0000] {dagbag.py:538} INFO - Filling up the DagBag from /opt/airflow/dags/example_dag.py
[2025-12-21T19:22:24.709+0000] {processor.py:840} INFO - DAG(s) 'example_dag' retrieved from /opt/airflow/dags/example_dag.py
[2025-12-21T19:22:24.781+0000] {logging_mixin.py:188} INFO - [2025-12-21T19:22:24.781+0000] {dag.py:3033} INFO - Sync 1 DAGs
[2025-12-21T19:22:24.798+0000] {logging_mixin.py:188} INFO - [2025-12-21T19:22:24.797+0000] {dag.py:3820} INFO - Setting next_dagrun for example_dag to 2025-12-20T00:00:00+00:00, run_after=2025-12-21T00:00:00+00:00
[2025-12-21T19:22:24.829+0000] {processor.py:183} INFO - Processing /opt/airflow/dags/example_dag.py took 0.136 seconds
[2025-12-21T19:22:55.169+0000] {processor.py:161} INFO - Started process (PID=52) to work on /opt/airflow/dags/example_dag.py
[2025-12-21T19:22:55.170+0000] {processor.py:830} INFO - Processing file /opt/airflow/dags/example_dag.py for tasks to queue
[2025-12-21T19:22:55.170+0000] {logging_mixin.py:188} INFO - [2025-12-21T19:22:55.170+0000] {dagbag.py:538} INFO - Filling up the DagBag from /opt/airflow/dags/example_dag.py
[2025-12-21T19:22:55.180+0000] {processor.py:840} INFO - DAG(s) 'example_dag' retrieved from /opt/airflow/dags/example_dag.py
[2025-12-21T19:22:55.212+0000] {logging_mixin.py:188} INFO - [2025-12-21T19:22:55.212+0000] {dag.py:3033} INFO - Sync 1 DAGs
[2025-12-21T19:22:55.233+0000] {logging_mixin.py:188} INFO - [2025-12-21T19:22:55.233+0000] {dag.py:3820} INFO - Setting next_dagrun for example_dag to 2025-12-20T00:00:00+00:00, run_after=2025-12-21T00:00:00+00:00
[2025-12-21T19:22:55.253+0000] {processor.py:183} INFO - Processing /opt/airflow/dags/example_dag.py took 0.089 seconds
[2025-12-21T19:23:25.584+0000] {processor.py:161} INFO - Started process (PID=62) to work on /opt/airflow/dags/example_dag.py
[2025-12-21T19:23:25.585+0000] {processor.py:830} INFO - Processing file /opt/airflow/dags/example_dag.py for tasks to queue
[2025-12-21T19:23:25.586+0000] {logging_mixin.py:188} INFO - [2025-12-21T19:23:25.585+0000] {dagbag.py:538} INFO - Filling up the DagBag from /opt/airflow/dags/example_dag.py
[2025-12-21T19:23:25.593+0000] {processor.py:840} INFO - DAG(s) 'example_dag' retrieved from /opt/airflow/dags/example_dag.py
[2025-12-21T19:23:25.632+0000] {logging_mixin.py:188} INFO - [2025-12-21T19:23:25.632+0000] {dag.py:3033} INFO - Sync 1 DAGs
[2025-12-21T19:23:25.651+0000] {logging_mixin.py:188} INFO - [2025-12-21T19:23:25.651+0000] {dag.py:3820} INFO - Setting next_dagrun for example_dag to 2025-12-20T00:00:00+00:00, run_after=2025-12-21T00:00:00+00:00
[2025-12-21T19:23:25.665+0000] {processor.py:183} INFO - Processing /opt/airflow/dags/example_dag.py took 0.084 seconds
[2025-12-21T19:23:56.030+0000] {processor.py:161} INFO - Started process (PID=71) to work on /opt/airflow/dags/example_dag.py
[2025-12-21T19:23:56.031+0000] {processor.py:830} INFO - Processing file /opt/airflow/dags/example_dag.py for tasks to queue
[2025-12-21T19:23:56.031+0000] {logging_mixin.py:188} INFO - [2025-12-21T19:23:56.031+0000] {dagbag.py:538} INFO - Filling up the DagBag from /opt/airflow/dags/example_dag.py
[2025-12-21T19:23:56.039+0000] {processor.py:840} INFO - DAG(s) 'example_dag' retrieved from /opt/airflow/dags/example_dag.py
[2025-12-21T19:23:56.062+0000] {logging_mixin.py:188} INFO - [2025-12-21T19:23:56.061+0000] {dag.py:3033} INFO - Sync 1 DAGs
[2025-12-21T19:23:56.075+0000] {logging_mixin.py:188} INFO - [2025-12-21T19:23:56.075+0000] {dag.py:3820} INFO - Setting next_dagrun for example_dag to 2025-12-20T00:00:00+00:00, run_after=2025-12-21T00:00:00+00:00
[2025-12-21T19:23:56.087+0000] {processor.py:183} INFO - Processing /opt/airflow/dags/example_dag.py took 0.059 seconds
[2025-12-21T19:24:26.915+0000] {processor.py:161} INFO - Started process (PID=81) to work on /opt/airflow/dags/example_dag.py
[2025-12-21T19:24:26.917+0000] {processor.py:830} INFO - Processing file /opt/airflow/dags/example_dag.py for tasks to queue
[2025-12-21T19:24:26.918+0000] {logging_mixin.py:188} INFO - [2025-12-21T19:24:26.918+0000] {dagbag.py:538} INFO - Filling up the DagBag from /opt/airflow/dags/example_dag.py
[2025-12-21T19:24:26.928+0000] {processor.py:840} INFO - DAG(s) 'example_dag' retrieved from /opt/airflow/dags/example_dag.py
[2025-12-21T19:24:26.955+0000] {logging_mixin.py:188} INFO - [2025-12-21T19:24:26.955+0000] {dag.py:3033} INFO - Sync 1 DAGs
[2025-12-21T19:24:26.972+0000] {logging_mixin.py:188} INFO - [2025-12-21T19:24:26.972+0000] {dag.py:3820} INFO - Setting next_dagrun for example_dag to 2025-12-20T00:00:00+00:00, run_after=2025-12-21T00:00:00+00:00
[2025-12-21T19:24:26.986+0000] {processor.py:183} INFO - Processing /opt/airflow/dags/example_dag.py took 0.073 seconds
[2025-12-21T19:24:57.464+0000] {processor.py:161} INFO - Started process (PID=91) to work on /opt/airflow/dags/example_dag.py
[2025-12-21T19:24:57.465+0000] {processor.py:830} INFO - Processing file /opt/airflow/dags/example_dag.py for tasks to queue
[2025-12-21T19:24:57.465+0000] {logging_mixin.py:188} INFO - [2025-12-21T19:24:57.465+0000] {dagbag.py:538} INFO - Filling up the DagBag from /opt/airflow/dags/example_dag.py
[2025-12-21T19:24:57.475+0000] {processor.py:840} INFO - DAG(s) 'example_dag' retrieved from /opt/airflow/dags/example_dag.py
[2025-12-21T19:24:57.515+0000] {logging_mixin.py:188} INFO - [2025-12-21T19:24:57.514+0000] {dag.py:3033} INFO - Sync 1 DAGs
[2025-12-21T19:24:57.543+0000] {logging_mixin.py:188} INFO - [2025-12-21T19:24:57.543+0000] {dag.py:3820} INFO - Setting next_dagrun for example_dag to 2025-12-20T00:00:00+00:00, run_after=2025-12-21T00:00:00+00:00
[2025-12-21T19:24:57.563+0000] {processor.py:183} INFO - Processing /opt/airflow/dags/example_dag.py took 0.104 seconds
[2025-12-21T19:25:28.231+0000] {processor.py:161} INFO - Started process (PID=101) to work on /opt/airflow/dags/example_dag.py
[2025-12-21T19:25:28.232+0000] {processor.py:830} INFO - Processing file /opt/airflow/dags/example_dag.py for tasks to queue
[2025-12-21T19:25:28.233+0000] {logging_mixin.py:188} INFO - [2025-12-21T19:25:28.233+0000] {dagbag.py:538} INFO - Filling up the DagBag from /opt/airflow/dags/example_dag.py
[2025-12-21T19:25:28.246+0000] {processor.py:840} INFO - DAG(s) 'example_dag' retrieved from /opt/airflow/dags/example_dag.py
[2025-12-21T19:25:28.273+0000] {logging_mixin.py:188} INFO - [2025-12-21T19:25:28.273+0000] {dag.py:3033} INFO - Sync 1 DAGs
[2025-12-21T19:25:28.294+0000] {logging_mixin.py:188} INFO - [2025-12-21T19:25:28.293+0000] {dag.py:3820} INFO - Setting next_dagrun for example_dag to 2025-12-20T00:00:00+00:00, run_after=2025-12-21T00:00:00+00:00
[2025-12-21T19:25:28.310+0000] {processor.py:183} INFO - Processing /opt/airflow/dags/example_dag.py took 0.083 seconds
[2025-12-21T19:25:58.793+0000] {processor.py:161} INFO - Started process (PID=110) to work on /opt/airflow/dags/example_dag.py
[2025-12-21T19:25:58.795+0000] {processor.py:830} INFO - Processing file /opt/airflow/dags/example_dag.py for tasks to queue
[2025-12-21T19:25:58.796+0000] {logging_mixin.py:188} INFO - [2025-12-21T19:25:58.796+0000] {dagbag.py:538} INFO - Filling up the DagBag from /opt/airflow/dags/example_dag.py
[2025-12-21T19:25:58.817+0000] {processor.py:840} INFO - DAG(s) 'example_dag' retrieved from /opt/airflow/dags/example_dag.py
[2025-12-21T19:25:58.868+0000] {logging_mixin.py:188} INFO - [2025-12-21T19:25:58.868+0000] {dag.py:3033} INFO - Sync 1 DAGs
[2025-12-21T19:25:58.908+0000] {logging_mixin.py:188} INFO - [2025-12-21T19:25:58.907+0000] {dag.py:3820} INFO - Setting next_dagrun for example_dag to 2025-12-20T00:00:00+00:00, run_after=2025-12-21T00:00:00+00:00
[2025-12-21T19:25:58.942+0000] {processor.py:183} INFO - Processing /opt/airflow/dags/example_dag.py took 0.153 seconds
[2025-12-21T19:29:19.290+0000] {processor.py:161} INFO - Started process (PID=32) to work on /opt/airflow/dags/example_dag.py
[2025-12-21T19:29:19.291+0000] {processor.py:830} INFO - Processing file /opt/airflow/dags/example_dag.py for tasks to queue
[2025-12-21T19:29:19.291+0000] {logging_mixin.py:188} INFO - [2025-12-21T19:29:19.291+0000] {dagbag.py:538} INFO - Filling up the DagBag from /opt/airflow/dags/example_dag.py
[2025-12-21T19:29:19.299+0000] {processor.py:840} INFO - DAG(s) 'example_dag' retrieved from /opt/airflow/dags/example_dag.py
[2025-12-21T19:29:19.319+0000] {logging_mixin.py:188} INFO - [2025-12-21T19:29:19.318+0000] {dag.py:3033} INFO - Sync 1 DAGs
[2025-12-21T19:29:19.338+0000] {logging_mixin.py:188} INFO - [2025-12-21T19:29:19.338+0000] {dag.py:3820} INFO - Setting next_dagrun for example_dag to 2025-12-20T00:00:00+00:00, run_after=2025-12-21T00:00:00+00:00
[2025-12-21T19:29:19.357+0000] {processor.py:183} INFO - Processing /opt/airflow/dags/example_dag.py took 0.075 seconds
[2025-12-21T19:29:49.662+0000] {processor.py:161} INFO - Started process (PID=42) to work on /opt/airflow/dags/example_dag.py
[2025-12-21T19:29:49.663+0000] {processor.py:830} INFO - Processing file /opt/airflow/dags/example_dag.py for tasks to queue
[2025-12-21T19:29:49.664+0000] {logging_mixin.py:188} INFO - [2025-12-21T19:29:49.663+0000] {dagbag.py:538} INFO - Filling up the DagBag from /opt/airflow/dags/example_dag.py
[2025-12-21T19:29:49.672+0000] {processor.py:840} INFO - DAG(s) 'example_dag' retrieved from /opt/airflow/dags/example_dag.py
[2025-12-21T19:29:49.741+0000] {logging_mixin.py:188} INFO - [2025-12-21T19:29:49.741+0000] {dag.py:3033} INFO - Sync 1 DAGs
[2025-12-21T19:29:49.761+0000] {logging_mixin.py:188} INFO - [2025-12-21T19:29:49.761+0000] {dag.py:3820} INFO - Setting next_dagrun for example_dag to 2025-12-20T00:00:00+00:00, run_after=2025-12-21T00:00:00+00:00
[2025-12-21T19:29:49.779+0000] {processor.py:183} INFO - Processing /opt/airflow/dags/example_dag.py took 0.119 seconds
[2025-12-21T19:30:20.217+0000] {processor.py:161} INFO - Started process (PID=51) to work on /opt/airflow/dags/example_dag.py
[2025-12-21T19:30:20.220+0000] {processor.py:830} INFO - Processing file /opt/airflow/dags/example_dag.py for tasks to queue
[2025-12-21T19:30:20.221+0000] {logging_mixin.py:188} INFO - [2025-12-21T19:30:20.220+0000] {dagbag.py:538} INFO - Filling up the DagBag from /opt/airflow/dags/example_dag.py
[2025-12-21T19:30:20.231+0000] {processor.py:840} INFO - DAG(s) 'example_dag' retrieved from /opt/airflow/dags/example_dag.py
[2025-12-21T19:30:20.256+0000] {logging_mixin.py:188} INFO - [2025-12-21T19:30:20.256+0000] {dag.py:3033} INFO - Sync 1 DAGs
[2025-12-21T19:30:20.272+0000] {logging_mixin.py:188} INFO - [2025-12-21T19:30:20.272+0000] {dag.py:3820} INFO - Setting next_dagrun for example_dag to 2025-12-20T00:00:00+00:00, run_after=2025-12-21T00:00:00+00:00
[2025-12-21T19:30:20.289+0000] {processor.py:183} INFO - Processing /opt/airflow/dags/example_dag.py took 0.086 seconds
[2025-12-21T19:30:50.709+0000] {processor.py:161} INFO - Started process (PID=61) to work on /opt/airflow/dags/example_dag.py
[2025-12-21T19:30:50.710+0000] {processor.py:830} INFO - Processing file /opt/airflow/dags/example_dag.py for tasks to queue
[2025-12-21T19:30:50.711+0000] {logging_mixin.py:188} INFO - [2025-12-21T19:30:50.711+0000] {dagbag.py:538} INFO - Filling up the DagBag from /opt/airflow/dags/example_dag.py
[2025-12-21T19:30:50.732+0000] {processor.py:840} INFO - DAG(s) 'example_dag' retrieved from /opt/airflow/dags/example_dag.py
[2025-12-21T19:30:50.755+0000] {logging_mixin.py:188} INFO - [2025-12-21T19:30:50.755+0000] {dag.py:3033} INFO - Sync 1 DAGs
[2025-12-21T19:30:50.773+0000] {logging_mixin.py:188} INFO - [2025-12-21T19:30:50.773+0000] {dag.py:3820} INFO - Setting next_dagrun for example_dag to 2025-12-20T00:00:00+00:00, run_after=2025-12-21T00:00:00+00:00
[2025-12-21T19:30:50.788+0000] {processor.py:183} INFO - Processing /opt/airflow/dags/example_dag.py took 0.081 seconds
[2025-12-21T19:31:21.401+0000] {processor.py:161} INFO - Started process (PID=71) to work on /opt/airflow/dags/example_dag.py
[2025-12-21T19:31:21.402+0000] {processor.py:830} INFO - Processing file /opt/airflow/dags/example_dag.py for tasks to queue
[2025-12-21T19:31:21.402+0000] {logging_mixin.py:188} INFO - [2025-12-21T19:31:21.402+0000] {dagbag.py:538} INFO - Filling up the DagBag from /opt/airflow/dags/example_dag.py
[2025-12-21T19:31:21.410+0000] {processor.py:840} INFO - DAG(s) 'example_dag' retrieved from /opt/airflow/dags/example_dag.py
[2025-12-21T19:31:21.434+0000] {logging_mixin.py:188} INFO - [2025-12-21T19:31:21.433+0000] {dag.py:3033} INFO - Sync 1 DAGs
[2025-12-21T19:31:21.448+0000] {logging_mixin.py:188} INFO - [2025-12-21T19:31:21.448+0000] {dag.py:3820} INFO - Setting next_dagrun for example_dag to 2025-12-20T00:00:00+00:00, run_after=2025-12-21T00:00:00+00:00
[2025-12-21T19:31:21.464+0000] {processor.py:183} INFO - Processing /opt/airflow/dags/example_dag.py took 0.067 seconds
[2025-12-21T19:31:52.296+0000] {processor.py:161} INFO - Started process (PID=81) to work on /opt/airflow/dags/example_dag.py
[2025-12-21T19:31:52.303+0000] {processor.py:830} INFO - Processing file /opt/airflow/dags/example_dag.py for tasks to queue
[2025-12-21T19:31:52.305+0000] {logging_mixin.py:188} INFO - [2025-12-21T19:31:52.305+0000] {dagbag.py:538} INFO - Filling up the DagBag from /opt/airflow/dags/example_dag.py
[2025-12-21T19:31:52.339+0000] {processor.py:840} INFO - DAG(s) 'example_dag' retrieved from /opt/airflow/dags/example_dag.py
[2025-12-21T19:31:52.382+0000] {logging_mixin.py:188} INFO - [2025-12-21T19:31:52.381+0000] {dag.py:3033} INFO - Sync 1 DAGs
[2025-12-21T19:31:52.429+0000] {logging_mixin.py:188} INFO - [2025-12-21T19:31:52.429+0000] {dag.py:3820} INFO - Setting next_dagrun for example_dag to 2025-12-20T00:00:00+00:00, run_after=2025-12-21T00:00:00+00:00
[2025-12-21T19:31:52.450+0000] {processor.py:183} INFO - Processing /opt/airflow/dags/example_dag.py took 0.165 seconds
[2025-12-21T19:32:22.644+0000] {processor.py:161} INFO - Started process (PID=90) to work on /opt/airflow/dags/example_dag.py
[2025-12-21T19:32:22.645+0000] {processor.py:830} INFO - Processing file /opt/airflow/dags/example_dag.py for tasks to queue
[2025-12-21T19:32:22.645+0000] {logging_mixin.py:188} INFO - [2025-12-21T19:32:22.645+0000] {dagbag.py:538} INFO - Filling up the DagBag from /opt/airflow/dags/example_dag.py
[2025-12-21T19:32:22.693+0000] {processor.py:840} INFO - DAG(s) 'example_dag' retrieved from /opt/airflow/dags/example_dag.py
[2025-12-21T19:32:22.740+0000] {logging_mixin.py:188} INFO - [2025-12-21T19:32:22.740+0000] {dag.py:3033} INFO - Sync 1 DAGs
[2025-12-21T19:32:22.773+0000] {logging_mixin.py:188} INFO - [2025-12-21T19:32:22.773+0000] {dag.py:3820} INFO - Setting next_dagrun for example_dag to 2025-12-20T00:00:00+00:00, run_after=2025-12-21T00:00:00+00:00
[2025-12-21T19:32:22.796+0000] {processor.py:183} INFO - Processing /opt/airflow/dags/example_dag.py took 0.157 seconds
[2025-12-21T19:32:53.162+0000] {processor.py:161} INFO - Started process (PID=98) to work on /opt/airflow/dags/example_dag.py
[2025-12-21T19:32:53.163+0000] {processor.py:830} INFO - Processing file /opt/airflow/dags/example_dag.py for tasks to queue
[2025-12-21T19:32:53.164+0000] {logging_mixin.py:188} INFO - [2025-12-21T19:32:53.164+0000] {dagbag.py:538} INFO - Filling up the DagBag from /opt/airflow/dags/example_dag.py
[2025-12-21T19:32:53.174+0000] {processor.py:840} INFO - DAG(s) 'example_dag' retrieved from /opt/airflow/dags/example_dag.py
[2025-12-21T19:32:53.204+0000] {logging_mixin.py:188} INFO - [2025-12-21T19:32:53.204+0000] {dag.py:3033} INFO - Sync 1 DAGs
[2025-12-21T19:32:53.231+0000] {logging_mixin.py:188} INFO - [2025-12-21T19:32:53.230+0000] {dag.py:3820} INFO - Setting next_dagrun for example_dag to 2025-12-20T00:00:00+00:00, run_after=2025-12-21T00:00:00+00:00
[2025-12-21T19:32:53.247+0000] {processor.py:183} INFO - Processing /opt/airflow/dags/example_dag.py took 0.088 seconds
[2025-12-21T19:33:23.643+0000] {processor.py:161} INFO - Started process (PID=102) to work on /opt/airflow/dags/example_dag.py
[2025-12-21T19:33:23.644+0000] {processor.py:830} INFO - Processing file /opt/airflow/dags/example_dag.py for tasks to queue
[2025-12-21T19:33:23.645+0000] {logging_mixin.py:188} INFO - [2025-12-21T19:33:23.644+0000] {dagbag.py:538} INFO - Filling up the DagBag from /opt/airflow/dags/example_dag.py
[2025-12-21T19:33:23.678+0000] {processor.py:840} INFO - DAG(s) 'example_dag' retrieved from /opt/airflow/dags/example_dag.py
[2025-12-21T19:33:23.712+0000] {logging_mixin.py:188} INFO - [2025-12-21T19:33:23.712+0000] {dag.py:3033} INFO - Sync 1 DAGs
[2025-12-21T19:33:23.733+0000] {logging_mixin.py:188} INFO - [2025-12-21T19:33:23.733+0000] {dag.py:3820} INFO - Setting next_dagrun for example_dag to 2025-12-20T00:00:00+00:00, run_after=2025-12-21T00:00:00+00:00
[2025-12-21T19:33:23.748+0000] {processor.py:183} INFO - Processing /opt/airflow/dags/example_dag.py took 0.109 seconds
[2025-12-21T19:33:54.934+0000] {processor.py:161} INFO - Started process (PID=112) to work on /opt/airflow/dags/example_dag.py
[2025-12-21T19:33:54.935+0000] {processor.py:830} INFO - Processing file /opt/airflow/dags/example_dag.py for tasks to queue
[2025-12-21T19:33:54.936+0000] {logging_mixin.py:188} INFO - [2025-12-21T19:33:54.936+0000] {dagbag.py:538} INFO - Filling up the DagBag from /opt/airflow/dags/example_dag.py
[2025-12-21T19:33:54.949+0000] {processor.py:840} INFO - DAG(s) 'example_dag' retrieved from /opt/airflow/dags/example_dag.py
[2025-12-21T19:33:54.994+0000] {logging_mixin.py:188} INFO - [2025-12-21T19:33:54.994+0000] {dag.py:3033} INFO - Sync 1 DAGs
[2025-12-21T19:33:55.012+0000] {logging_mixin.py:188} INFO - [2025-12-21T19:33:55.012+0000] {dag.py:3820} INFO - Setting next_dagrun for example_dag to 2025-12-20T00:00:00+00:00, run_after=2025-12-21T00:00:00+00:00
[2025-12-21T19:33:55.029+0000] {processor.py:183} INFO - Processing /opt/airflow/dags/example_dag.py took 0.099 seconds
[2025-12-21T19:37:10.689+0000] {processor.py:161} INFO - Started process (PID=32) to work on /opt/airflow/dags/example_dag.py
[2025-12-21T19:37:10.690+0000] {processor.py:830} INFO - Processing file /opt/airflow/dags/example_dag.py for tasks to queue
[2025-12-21T19:37:10.691+0000] {logging_mixin.py:188} INFO - [2025-12-21T19:37:10.691+0000] {dagbag.py:538} INFO - Filling up the DagBag from /opt/airflow/dags/example_dag.py
[2025-12-21T19:37:10.704+0000] {processor.py:840} INFO - DAG(s) 'example_dag' retrieved from /opt/airflow/dags/example_dag.py
[2025-12-21T19:37:10.731+0000] {logging_mixin.py:188} INFO - [2025-12-21T19:37:10.730+0000] {dag.py:3033} INFO - Sync 1 DAGs
[2025-12-21T19:37:10.749+0000] {logging_mixin.py:188} INFO - [2025-12-21T19:37:10.749+0000] {dag.py:3820} INFO - Setting next_dagrun for example_dag to 2025-12-20T00:00:00+00:00, run_after=2025-12-21T00:00:00+00:00
[2025-12-21T19:37:10.766+0000] {processor.py:183} INFO - Processing /opt/airflow/dags/example_dag.py took 0.081 seconds
[2025-12-21T19:37:41.387+0000] {processor.py:161} INFO - Started process (PID=42) to work on /opt/airflow/dags/example_dag.py
[2025-12-21T19:37:41.391+0000] {processor.py:830} INFO - Processing file /opt/airflow/dags/example_dag.py for tasks to queue
[2025-12-21T19:37:41.394+0000] {logging_mixin.py:188} INFO - [2025-12-21T19:37:41.393+0000] {dagbag.py:538} INFO - Filling up the DagBag from /opt/airflow/dags/example_dag.py
[2025-12-21T19:37:41.407+0000] {processor.py:840} INFO - DAG(s) 'example_dag' retrieved from /opt/airflow/dags/example_dag.py
[2025-12-21T19:37:41.478+0000] {logging_mixin.py:188} INFO - [2025-12-21T19:37:41.478+0000] {dag.py:3033} INFO - Sync 1 DAGs
[2025-12-21T19:37:41.503+0000] {logging_mixin.py:188} INFO - [2025-12-21T19:37:41.503+0000] {dag.py:3820} INFO - Setting next_dagrun for example_dag to 2025-12-20T00:00:00+00:00, run_after=2025-12-21T00:00:00+00:00
[2025-12-21T19:37:41.519+0000] {processor.py:183} INFO - Processing /opt/airflow/dags/example_dag.py took 0.135 seconds
[2025-12-21T19:38:11.885+0000] {processor.py:161} INFO - Started process (PID=52) to work on /opt/airflow/dags/example_dag.py
[2025-12-21T19:38:11.886+0000] {processor.py:830} INFO - Processing file /opt/airflow/dags/example_dag.py for tasks to queue
[2025-12-21T19:38:11.887+0000] {logging_mixin.py:188} INFO - [2025-12-21T19:38:11.887+0000] {dagbag.py:538} INFO - Filling up the DagBag from /opt/airflow/dags/example_dag.py
[2025-12-21T19:38:11.894+0000] {processor.py:840} INFO - DAG(s) 'example_dag' retrieved from /opt/airflow/dags/example_dag.py
[2025-12-21T19:38:11.914+0000] {logging_mixin.py:188} INFO - [2025-12-21T19:38:11.914+0000] {dag.py:3033} INFO - Sync 1 DAGs
[2025-12-21T19:38:11.928+0000] {logging_mixin.py:188} INFO - [2025-12-21T19:38:11.928+0000] {dag.py:3820} INFO - Setting next_dagrun for example_dag to 2025-12-20T00:00:00+00:00, run_after=2025-12-21T00:00:00+00:00
[2025-12-21T19:38:11.942+0000] {processor.py:183} INFO - Processing /opt/airflow/dags/example_dag.py took 0.059 seconds
[2025-12-21T19:38:42.564+0000] {processor.py:161} INFO - Started process (PID=62) to work on /opt/airflow/dags/example_dag.py
[2025-12-21T19:38:42.565+0000] {processor.py:830} INFO - Processing file /opt/airflow/dags/example_dag.py for tasks to queue
[2025-12-21T19:38:42.566+0000] {logging_mixin.py:188} INFO - [2025-12-21T19:38:42.566+0000] {dagbag.py:538} INFO - Filling up the DagBag from /opt/airflow/dags/example_dag.py
[2025-12-21T19:38:42.575+0000] {processor.py:840} INFO - DAG(s) 'example_dag' retrieved from /opt/airflow/dags/example_dag.py
[2025-12-21T19:38:42.600+0000] {logging_mixin.py:188} INFO - [2025-12-21T19:38:42.600+0000] {dag.py:3033} INFO - Sync 1 DAGs
[2025-12-21T19:38:42.619+0000] {logging_mixin.py:188} INFO - [2025-12-21T19:38:42.619+0000] {dag.py:3820} INFO - Setting next_dagrun for example_dag to 2025-12-20T00:00:00+00:00, run_after=2025-12-21T00:00:00+00:00
[2025-12-21T19:38:42.634+0000] {processor.py:183} INFO - Processing /opt/airflow/dags/example_dag.py took 0.072 seconds
[2025-12-21T19:39:13.080+0000] {processor.py:161} INFO - Started process (PID=72) to work on /opt/airflow/dags/example_dag.py
[2025-12-21T19:39:13.081+0000] {processor.py:830} INFO - Processing file /opt/airflow/dags/example_dag.py for tasks to queue
[2025-12-21T19:39:13.082+0000] {logging_mixin.py:188} INFO - [2025-12-21T19:39:13.082+0000] {dagbag.py:538} INFO - Filling up the DagBag from /opt/airflow/dags/example_dag.py
[2025-12-21T19:39:13.104+0000] {processor.py:840} INFO - DAG(s) 'example_dag' retrieved from /opt/airflow/dags/example_dag.py
[2025-12-21T19:39:13.147+0000] {logging_mixin.py:188} INFO - [2025-12-21T19:39:13.147+0000] {dag.py:3033} INFO - Sync 1 DAGs
[2025-12-21T19:39:13.190+0000] {logging_mixin.py:188} INFO - [2025-12-21T19:39:13.190+0000] {dag.py:3820} INFO - Setting next_dagrun for example_dag to 2025-12-20T00:00:00+00:00, run_after=2025-12-21T00:00:00+00:00
[2025-12-21T19:39:13.214+0000] {processor.py:183} INFO - Processing /opt/airflow/dags/example_dag.py took 0.137 seconds
[2025-12-21T19:39:43.612+0000] {processor.py:161} INFO - Started process (PID=75) to work on /opt/airflow/dags/example_dag.py
[2025-12-21T19:39:43.613+0000] {processor.py:830} INFO - Processing file /opt/airflow/dags/example_dag.py for tasks to queue
[2025-12-21T19:39:43.614+0000] {logging_mixin.py:188} INFO - [2025-12-21T19:39:43.614+0000] {dagbag.py:538} INFO - Filling up the DagBag from /opt/airflow/dags/example_dag.py
[2025-12-21T19:39:43.622+0000] {processor.py:840} INFO - DAG(s) 'example_dag' retrieved from /opt/airflow/dags/example_dag.py
[2025-12-21T19:39:43.645+0000] {logging_mixin.py:188} INFO - [2025-12-21T19:39:43.645+0000] {dag.py:3033} INFO - Sync 1 DAGs
[2025-12-21T19:39:43.667+0000] {logging_mixin.py:188} INFO - [2025-12-21T19:39:43.667+0000] {dag.py:3820} INFO - Setting next_dagrun for example_dag to 2025-12-20T00:00:00+00:00, run_after=2025-12-21T00:00:00+00:00
[2025-12-21T19:39:43.682+0000] {processor.py:183} INFO - Processing /opt/airflow/dags/example_dag.py took 0.072 seconds
[2025-12-21T19:40:13.991+0000] {processor.py:161} INFO - Started process (PID=85) to work on /opt/airflow/dags/example_dag.py
[2025-12-21T19:40:13.992+0000] {processor.py:830} INFO - Processing file /opt/airflow/dags/example_dag.py for tasks to queue
[2025-12-21T19:40:13.993+0000] {logging_mixin.py:188} INFO - [2025-12-21T19:40:13.992+0000] {dagbag.py:538} INFO - Filling up the DagBag from /opt/airflow/dags/example_dag.py
[2025-12-21T19:40:14.003+0000] {processor.py:840} INFO - DAG(s) 'example_dag' retrieved from /opt/airflow/dags/example_dag.py
[2025-12-21T19:40:14.029+0000] {logging_mixin.py:188} INFO - [2025-12-21T19:40:14.029+0000] {dag.py:3033} INFO - Sync 1 DAGs
[2025-12-21T19:40:14.047+0000] {logging_mixin.py:188} INFO - [2025-12-21T19:40:14.047+0000] {dag.py:3820} INFO - Setting next_dagrun for example_dag to 2025-12-20T00:00:00+00:00, run_after=2025-12-21T00:00:00+00:00
[2025-12-21T19:40:14.061+0000] {processor.py:183} INFO - Processing /opt/airflow/dags/example_dag.py took 0.073 seconds
[2025-12-21T19:40:44.720+0000] {processor.py:161} INFO - Started process (PID=95) to work on /opt/airflow/dags/example_dag.py
[2025-12-21T19:40:44.721+0000] {processor.py:830} INFO - Processing file /opt/airflow/dags/example_dag.py for tasks to queue
[2025-12-21T19:40:44.721+0000] {logging_mixin.py:188} INFO - [2025-12-21T19:40:44.721+0000] {dagbag.py:538} INFO - Filling up the DagBag from /opt/airflow/dags/example_dag.py
[2025-12-21T19:40:44.730+0000] {processor.py:840} INFO - DAG(s) 'example_dag' retrieved from /opt/airflow/dags/example_dag.py
[2025-12-21T19:40:44.758+0000] {logging_mixin.py:188} INFO - [2025-12-21T19:40:44.758+0000] {dag.py:3033} INFO - Sync 1 DAGs
[2025-12-21T19:40:44.789+0000] {logging_mixin.py:188} INFO - [2025-12-21T19:40:44.789+0000] {dag.py:3820} INFO - Setting next_dagrun for example_dag to 2025-12-20T00:00:00+00:00, run_after=2025-12-21T00:00:00+00:00
[2025-12-21T19:40:44.808+0000] {processor.py:183} INFO - Processing /opt/airflow/dags/example_dag.py took 0.091 seconds
[2025-12-21T19:41:15.464+0000] {processor.py:161} INFO - Started process (PID=105) to work on /opt/airflow/dags/example_dag.py
[2025-12-21T19:41:15.466+0000] {processor.py:830} INFO - Processing file /opt/airflow/dags/example_dag.py for tasks to queue
[2025-12-21T19:41:15.467+0000] {logging_mixin.py:188} INFO - [2025-12-21T19:41:15.467+0000] {dagbag.py:538} INFO - Filling up the DagBag from /opt/airflow/dags/example_dag.py
[2025-12-21T19:41:15.481+0000] {processor.py:840} INFO - DAG(s) 'example_dag' retrieved from /opt/airflow/dags/example_dag.py
[2025-12-21T19:41:15.520+0000] {logging_mixin.py:188} INFO - [2025-12-21T19:41:15.520+0000] {dag.py:3033} INFO - Sync 1 DAGs
[2025-12-21T19:41:15.558+0000] {logging_mixin.py:188} INFO - [2025-12-21T19:41:15.558+0000] {dag.py:3820} INFO - Setting next_dagrun for example_dag to 2025-12-20T00:00:00+00:00, run_after=2025-12-21T00:00:00+00:00
[2025-12-21T19:41:15.581+0000] {processor.py:183} INFO - Processing /opt/airflow/dags/example_dag.py took 0.119 seconds
[2025-12-21T19:41:45.816+0000] {processor.py:161} INFO - Started process (PID=115) to work on /opt/airflow/dags/example_dag.py
[2025-12-21T19:41:45.817+0000] {processor.py:830} INFO - Processing file /opt/airflow/dags/example_dag.py for tasks to queue
[2025-12-21T19:41:45.818+0000] {logging_mixin.py:188} INFO - [2025-12-21T19:41:45.818+0000] {dagbag.py:538} INFO - Filling up the DagBag from /opt/airflow/dags/example_dag.py
[2025-12-21T19:41:45.828+0000] {processor.py:840} INFO - DAG(s) 'example_dag' retrieved from /opt/airflow/dags/example_dag.py
[2025-12-21T19:41:45.851+0000] {logging_mixin.py:188} INFO - [2025-12-21T19:41:45.851+0000] {dag.py:3033} INFO - Sync 1 DAGs
[2025-12-21T19:41:45.868+0000] {logging_mixin.py:188} INFO - [2025-12-21T19:41:45.867+0000] {dag.py:3820} INFO - Setting next_dagrun for example_dag to 2025-12-20T00:00:00+00:00, run_after=2025-12-21T00:00:00+00:00
[2025-12-21T19:41:45.879+0000] {processor.py:183} INFO - Processing /opt/airflow/dags/example_dag.py took 0.066 seconds
[2025-12-21T19:45:03.481+0000] {processor.py:161} INFO - Started process (PID=32) to work on /opt/airflow/dags/example_dag.py
[2025-12-21T19:45:03.482+0000] {processor.py:830} INFO - Processing file /opt/airflow/dags/example_dag.py for tasks to queue
[2025-12-21T19:45:03.483+0000] {logging_mixin.py:188} INFO - [2025-12-21T19:45:03.483+0000] {dagbag.py:538} INFO - Filling up the DagBag from /opt/airflow/dags/example_dag.py
[2025-12-21T19:45:03.491+0000] {processor.py:840} INFO - DAG(s) 'example_dag' retrieved from /opt/airflow/dags/example_dag.py
[2025-12-21T19:45:03.507+0000] {logging_mixin.py:188} INFO - [2025-12-21T19:45:03.507+0000] {dag.py:3033} INFO - Sync 1 DAGs
[2025-12-21T19:45:03.521+0000] {logging_mixin.py:188} INFO - [2025-12-21T19:45:03.520+0000] {dag.py:3820} INFO - Setting next_dagrun for example_dag to 2025-12-20T00:00:00+00:00, run_after=2025-12-21T00:00:00+00:00
[2025-12-21T19:45:03.535+0000] {processor.py:183} INFO - Processing /opt/airflow/dags/example_dag.py took 0.057 seconds
[2025-12-21T19:45:34.259+0000] {processor.py:161} INFO - Started process (PID=42) to work on /opt/airflow/dags/example_dag.py
[2025-12-21T19:45:34.260+0000] {processor.py:830} INFO - Processing file /opt/airflow/dags/example_dag.py for tasks to queue
[2025-12-21T19:45:34.261+0000] {logging_mixin.py:188} INFO - [2025-12-21T19:45:34.261+0000] {dagbag.py:538} INFO - Filling up the DagBag from /opt/airflow/dags/example_dag.py
[2025-12-21T19:45:34.269+0000] {processor.py:840} INFO - DAG(s) 'example_dag' retrieved from /opt/airflow/dags/example_dag.py
[2025-12-21T19:45:34.341+0000] {logging_mixin.py:188} INFO - [2025-12-21T19:45:34.341+0000] {dag.py:3033} INFO - Sync 1 DAGs
[2025-12-21T19:45:34.362+0000] {logging_mixin.py:188} INFO - [2025-12-21T19:45:34.362+0000] {dag.py:3820} INFO - Setting next_dagrun for example_dag to 2025-12-20T00:00:00+00:00, run_after=2025-12-21T00:00:00+00:00
[2025-12-21T19:45:34.377+0000] {processor.py:183} INFO - Processing /opt/airflow/dags/example_dag.py took 0.123 seconds
[2025-12-21T19:46:04.558+0000] {processor.py:161} INFO - Started process (PID=52) to work on /opt/airflow/dags/example_dag.py
[2025-12-21T19:46:04.559+0000] {processor.py:830} INFO - Processing file /opt/airflow/dags/example_dag.py for tasks to queue
[2025-12-21T19:46:04.559+0000] {logging_mixin.py:188} INFO - [2025-12-21T19:46:04.559+0000] {dagbag.py:538} INFO - Filling up the DagBag from /opt/airflow/dags/example_dag.py
[2025-12-21T19:46:04.571+0000] {processor.py:840} INFO - DAG(s) 'example_dag' retrieved from /opt/airflow/dags/example_dag.py
[2025-12-21T19:46:04.593+0000] {logging_mixin.py:188} INFO - [2025-12-21T19:46:04.593+0000] {dag.py:3033} INFO - Sync 1 DAGs
[2025-12-21T19:46:04.607+0000] {logging_mixin.py:188} INFO - [2025-12-21T19:46:04.607+0000] {dag.py:3820} INFO - Setting next_dagrun for example_dag to 2025-12-20T00:00:00+00:00, run_after=2025-12-21T00:00:00+00:00
[2025-12-21T19:46:04.619+0000] {processor.py:183} INFO - Processing /opt/airflow/dags/example_dag.py took 0.063 seconds
[2025-12-21T19:46:35.024+0000] {processor.py:161} INFO - Started process (PID=62) to work on /opt/airflow/dags/example_dag.py
[2025-12-21T19:46:35.025+0000] {processor.py:830} INFO - Processing file /opt/airflow/dags/example_dag.py for tasks to queue
[2025-12-21T19:46:35.026+0000] {logging_mixin.py:188} INFO - [2025-12-21T19:46:35.026+0000] {dagbag.py:538} INFO - Filling up the DagBag from /opt/airflow/dags/example_dag.py
[2025-12-21T19:46:35.037+0000] {processor.py:840} INFO - DAG(s) 'example_dag' retrieved from /opt/airflow/dags/example_dag.py
[2025-12-21T19:46:35.062+0000] {logging_mixin.py:188} INFO - [2025-12-21T19:46:35.062+0000] {dag.py:3033} INFO - Sync 1 DAGs
[2025-12-21T19:46:35.086+0000] {logging_mixin.py:188} INFO - [2025-12-21T19:46:35.086+0000] {dag.py:3820} INFO - Setting next_dagrun for example_dag to 2025-12-20T00:00:00+00:00, run_after=2025-12-21T00:00:00+00:00
[2025-12-21T19:46:35.100+0000] {processor.py:183} INFO - Processing /opt/airflow/dags/example_dag.py took 0.077 seconds
[2025-12-21T19:47:05.367+0000] {processor.py:161} INFO - Started process (PID=72) to work on /opt/airflow/dags/example_dag.py
[2025-12-21T19:47:05.367+0000] {processor.py:830} INFO - Processing file /opt/airflow/dags/example_dag.py for tasks to queue
[2025-12-21T19:47:05.368+0000] {logging_mixin.py:188} INFO - [2025-12-21T19:47:05.368+0000] {dagbag.py:538} INFO - Filling up the DagBag from /opt/airflow/dags/example_dag.py
[2025-12-21T19:47:05.375+0000] {processor.py:840} INFO - DAG(s) 'example_dag' retrieved from /opt/airflow/dags/example_dag.py
[2025-12-21T19:47:05.395+0000] {logging_mixin.py:188} INFO - [2025-12-21T19:47:05.394+0000] {dag.py:3033} INFO - Sync 1 DAGs
[2025-12-21T19:47:05.408+0000] {logging_mixin.py:188} INFO - [2025-12-21T19:47:05.408+0000] {dag.py:3820} INFO - Setting next_dagrun for example_dag to 2025-12-20T00:00:00+00:00, run_after=2025-12-21T00:00:00+00:00
[2025-12-21T19:47:05.419+0000] {processor.py:183} INFO - Processing /opt/airflow/dags/example_dag.py took 0.054 seconds
[2025-12-21T19:47:36.055+0000] {processor.py:161} INFO - Started process (PID=82) to work on /opt/airflow/dags/example_dag.py
[2025-12-21T19:47:36.061+0000] {processor.py:830} INFO - Processing file /opt/airflow/dags/example_dag.py for tasks to queue
[2025-12-21T19:47:36.065+0000] {logging_mixin.py:188} INFO - [2025-12-21T19:47:36.063+0000] {dagbag.py:538} INFO - Filling up the DagBag from /opt/airflow/dags/example_dag.py
[2025-12-21T19:47:36.098+0000] {processor.py:840} INFO - DAG(s) 'example_dag' retrieved from /opt/airflow/dags/example_dag.py
[2025-12-21T19:47:36.124+0000] {logging_mixin.py:188} INFO - [2025-12-21T19:47:36.124+0000] {dag.py:3033} INFO - Sync 1 DAGs
[2025-12-21T19:47:36.141+0000] {logging_mixin.py:188} INFO - [2025-12-21T19:47:36.141+0000] {dag.py:3820} INFO - Setting next_dagrun for example_dag to 2025-12-20T00:00:00+00:00, run_after=2025-12-21T00:00:00+00:00
[2025-12-21T19:47:36.156+0000] {processor.py:183} INFO - Processing /opt/airflow/dags/example_dag.py took 0.105 seconds
[2025-12-21T19:48:07.003+0000] {processor.py:161} INFO - Started process (PID=92) to work on /opt/airflow/dags/example_dag.py
[2025-12-21T19:48:07.005+0000] {processor.py:830} INFO - Processing file /opt/airflow/dags/example_dag.py for tasks to queue
[2025-12-21T19:48:07.006+0000] {logging_mixin.py:188} INFO - [2025-12-21T19:48:07.005+0000] {dagbag.py:538} INFO - Filling up the DagBag from /opt/airflow/dags/example_dag.py
[2025-12-21T19:48:07.016+0000] {processor.py:840} INFO - DAG(s) 'example_dag' retrieved from /opt/airflow/dags/example_dag.py
[2025-12-21T19:48:07.052+0000] {logging_mixin.py:188} INFO - [2025-12-21T19:48:07.052+0000] {dag.py:3033} INFO - Sync 1 DAGs
[2025-12-21T19:48:07.078+0000] {logging_mixin.py:188} INFO - [2025-12-21T19:48:07.078+0000] {dag.py:3820} INFO - Setting next_dagrun for example_dag to 2025-12-20T00:00:00+00:00, run_after=2025-12-21T00:00:00+00:00
[2025-12-21T19:48:07.095+0000] {processor.py:183} INFO - Processing /opt/airflow/dags/example_dag.py took 0.094 seconds
[2025-12-21T19:48:37.608+0000] {processor.py:161} INFO - Started process (PID=95) to work on /opt/airflow/dags/example_dag.py
[2025-12-21T19:48:37.609+0000] {processor.py:830} INFO - Processing file /opt/airflow/dags/example_dag.py for tasks to queue
[2025-12-21T19:48:37.610+0000] {logging_mixin.py:188} INFO - [2025-12-21T19:48:37.610+0000] {dagbag.py:538} INFO - Filling up the DagBag from /opt/airflow/dags/example_dag.py
[2025-12-21T19:48:37.618+0000] {processor.py:840} INFO - DAG(s) 'example_dag' retrieved from /opt/airflow/dags/example_dag.py
[2025-12-21T19:48:37.649+0000] {logging_mixin.py:188} INFO - [2025-12-21T19:48:37.648+0000] {dag.py:3033} INFO - Sync 1 DAGs
[2025-12-21T19:48:37.700+0000] {logging_mixin.py:188} INFO - [2025-12-21T19:48:37.700+0000] {dag.py:3820} INFO - Setting next_dagrun for example_dag to 2025-12-20T00:00:00+00:00, run_after=2025-12-21T00:00:00+00:00
[2025-12-21T19:48:37.726+0000] {processor.py:183} INFO - Processing /opt/airflow/dags/example_dag.py took 0.120 seconds
[2025-12-21T19:49:08.012+0000] {processor.py:161} INFO - Started process (PID=105) to work on /opt/airflow/dags/example_dag.py
[2025-12-21T19:49:08.013+0000] {processor.py:830} INFO - Processing file /opt/airflow/dags/example_dag.py for tasks to queue
[2025-12-21T19:49:08.014+0000] {logging_mixin.py:188} INFO - [2025-12-21T19:49:08.013+0000] {dagbag.py:538} INFO - Filling up the DagBag from /opt/airflow/dags/example_dag.py
[2025-12-21T19:49:08.026+0000] {processor.py:840} INFO - DAG(s) 'example_dag' retrieved from /opt/airflow/dags/example_dag.py
[2025-12-21T19:49:08.054+0000] {logging_mixin.py:188} INFO - [2025-12-21T19:49:08.054+0000] {dag.py:3033} INFO - Sync 1 DAGs
[2025-12-21T19:49:08.082+0000] {logging_mixin.py:188} INFO - [2025-12-21T19:49:08.082+0000] {dag.py:3820} INFO - Setting next_dagrun for example_dag to 2025-12-20T00:00:00+00:00, run_after=2025-12-21T00:00:00+00:00
[2025-12-21T19:49:08.111+0000] {processor.py:183} INFO - Processing /opt/airflow/dags/example_dag.py took 0.102 seconds
[2025-12-21T19:49:38.630+0000] {processor.py:161} INFO - Started process (PID=115) to work on /opt/airflow/dags/example_dag.py
[2025-12-21T19:49:38.632+0000] {processor.py:830} INFO - Processing file /opt/airflow/dags/example_dag.py for tasks to queue
[2025-12-21T19:49:38.633+0000] {logging_mixin.py:188} INFO - [2025-12-21T19:49:38.632+0000] {dagbag.py:538} INFO - Filling up the DagBag from /opt/airflow/dags/example_dag.py
[2025-12-21T19:49:38.642+0000] {processor.py:840} INFO - DAG(s) 'example_dag' retrieved from /opt/airflow/dags/example_dag.py
[2025-12-21T19:49:38.667+0000] {logging_mixin.py:188} INFO - [2025-12-21T19:49:38.667+0000] {dag.py:3033} INFO - Sync 1 DAGs
[2025-12-21T19:49:38.710+0000] {logging_mixin.py:188} INFO - [2025-12-21T19:49:38.709+0000] {dag.py:3820} INFO - Setting next_dagrun for example_dag to 2025-12-20T00:00:00+00:00, run_after=2025-12-21T00:00:00+00:00
[2025-12-21T19:49:38.726+0000] {processor.py:183} INFO - Processing /opt/airflow/dags/example_dag.py took 0.099 seconds
[2025-12-21T19:50:09.254+0000] {processor.py:161} INFO - Started process (PID=125) to work on /opt/airflow/dags/example_dag.py
[2025-12-21T19:50:09.255+0000] {processor.py:830} INFO - Processing file /opt/airflow/dags/example_dag.py for tasks to queue
[2025-12-21T19:50:09.256+0000] {logging_mixin.py:188} INFO - [2025-12-21T19:50:09.256+0000] {dagbag.py:538} INFO - Filling up the DagBag from /opt/airflow/dags/example_dag.py
[2025-12-21T19:50:09.266+0000] {processor.py:840} INFO - DAG(s) 'example_dag' retrieved from /opt/airflow/dags/example_dag.py
[2025-12-21T19:50:09.294+0000] {logging_mixin.py:188} INFO - [2025-12-21T19:50:09.294+0000] {dag.py:3033} INFO - Sync 1 DAGs
[2025-12-21T19:50:09.311+0000] {logging_mixin.py:188} INFO - [2025-12-21T19:50:09.311+0000] {dag.py:3820} INFO - Setting next_dagrun for example_dag to 2025-12-20T00:00:00+00:00, run_after=2025-12-21T00:00:00+00:00
[2025-12-21T19:50:09.324+0000] {processor.py:183} INFO - Processing /opt/airflow/dags/example_dag.py took 0.073 seconds
[2025-12-21T19:50:39.723+0000] {processor.py:161} INFO - Started process (PID=135) to work on /opt/airflow/dags/example_dag.py
[2025-12-21T19:50:39.724+0000] {processor.py:830} INFO - Processing file /opt/airflow/dags/example_dag.py for tasks to queue
[2025-12-21T19:50:39.724+0000] {logging_mixin.py:188} INFO - [2025-12-21T19:50:39.724+0000] {dagbag.py:538} INFO - Filling up the DagBag from /opt/airflow/dags/example_dag.py
[2025-12-21T19:50:39.732+0000] {processor.py:840} INFO - DAG(s) 'example_dag' retrieved from /opt/airflow/dags/example_dag.py
[2025-12-21T19:50:39.755+0000] {logging_mixin.py:188} INFO - [2025-12-21T19:50:39.755+0000] {dag.py:3033} INFO - Sync 1 DAGs
[2025-12-21T19:50:39.773+0000] {logging_mixin.py:188} INFO - [2025-12-21T19:50:39.773+0000] {dag.py:3820} INFO - Setting next_dagrun for example_dag to 2025-12-20T00:00:00+00:00, run_after=2025-12-21T00:00:00+00:00
[2025-12-21T19:50:39.798+0000] {processor.py:183} INFO - Processing /opt/airflow/dags/example_dag.py took 0.078 seconds
[2025-12-21T19:51:10.222+0000] {processor.py:161} INFO - Started process (PID=145) to work on /opt/airflow/dags/example_dag.py
[2025-12-21T19:51:10.223+0000] {processor.py:830} INFO - Processing file /opt/airflow/dags/example_dag.py for tasks to queue
[2025-12-21T19:51:10.224+0000] {logging_mixin.py:188} INFO - [2025-12-21T19:51:10.223+0000] {dagbag.py:538} INFO - Filling up the DagBag from /opt/airflow/dags/example_dag.py
[2025-12-21T19:51:10.231+0000] {processor.py:840} INFO - DAG(s) 'example_dag' retrieved from /opt/airflow/dags/example_dag.py
[2025-12-21T19:51:10.257+0000] {logging_mixin.py:188} INFO - [2025-12-21T19:51:10.257+0000] {dag.py:3033} INFO - Sync 1 DAGs
[2025-12-21T19:51:10.278+0000] {logging_mixin.py:188} INFO - [2025-12-21T19:51:10.278+0000] {dag.py:3820} INFO - Setting next_dagrun for example_dag to 2025-12-20T00:00:00+00:00, run_after=2025-12-21T00:00:00+00:00
[2025-12-21T19:51:10.292+0000] {processor.py:183} INFO - Processing /opt/airflow/dags/example_dag.py took 0.074 seconds
[2025-12-21T19:51:40.728+0000] {processor.py:161} INFO - Started process (PID=155) to work on /opt/airflow/dags/example_dag.py
[2025-12-21T19:51:40.729+0000] {processor.py:830} INFO - Processing file /opt/airflow/dags/example_dag.py for tasks to queue
[2025-12-21T19:51:40.729+0000] {logging_mixin.py:188} INFO - [2025-12-21T19:51:40.729+0000] {dagbag.py:538} INFO - Filling up the DagBag from /opt/airflow/dags/example_dag.py
[2025-12-21T19:51:40.737+0000] {processor.py:840} INFO - DAG(s) 'example_dag' retrieved from /opt/airflow/dags/example_dag.py
[2025-12-21T19:51:40.756+0000] {logging_mixin.py:188} INFO - [2025-12-21T19:51:40.755+0000] {dag.py:3033} INFO - Sync 1 DAGs
[2025-12-21T19:51:40.768+0000] {logging_mixin.py:188} INFO - [2025-12-21T19:51:40.768+0000] {dag.py:3820} INFO - Setting next_dagrun for example_dag to 2025-12-20T00:00:00+00:00, run_after=2025-12-21T00:00:00+00:00
[2025-12-21T19:51:40.779+0000] {processor.py:183} INFO - Processing /opt/airflow/dags/example_dag.py took 0.053 seconds
[2025-12-21T19:52:11.511+0000] {processor.py:161} INFO - Started process (PID=165) to work on /opt/airflow/dags/example_dag.py
[2025-12-21T19:52:11.512+0000] {processor.py:830} INFO - Processing file /opt/airflow/dags/example_dag.py for tasks to queue
[2025-12-21T19:52:11.513+0000] {logging_mixin.py:188} INFO - [2025-12-21T19:52:11.513+0000] {dagbag.py:538} INFO - Filling up the DagBag from /opt/airflow/dags/example_dag.py
[2025-12-21T19:52:11.521+0000] {processor.py:840} INFO - DAG(s) 'example_dag' retrieved from /opt/airflow/dags/example_dag.py
[2025-12-21T19:52:11.542+0000] {logging_mixin.py:188} INFO - [2025-12-21T19:52:11.542+0000] {dag.py:3033} INFO - Sync 1 DAGs
[2025-12-21T19:52:11.556+0000] {logging_mixin.py:188} INFO - [2025-12-21T19:52:11.556+0000] {dag.py:3820} INFO - Setting next_dagrun for example_dag to 2025-12-20T00:00:00+00:00, run_after=2025-12-21T00:00:00+00:00
[2025-12-21T19:52:11.567+0000] {processor.py:183} INFO - Processing /opt/airflow/dags/example_dag.py took 0.059 seconds
[2025-12-21T19:55:42.486+0000] {processor.py:161} INFO - Started process (PID=32) to work on /opt/airflow/dags/example_dag.py
[2025-12-21T19:55:42.487+0000] {processor.py:830} INFO - Processing file /opt/airflow/dags/example_dag.py for tasks to queue
[2025-12-21T19:55:42.488+0000] {logging_mixin.py:188} INFO - [2025-12-21T19:55:42.488+0000] {dagbag.py:538} INFO - Filling up the DagBag from /opt/airflow/dags/example_dag.py
[2025-12-21T19:55:42.497+0000] {processor.py:840} INFO - DAG(s) 'example_dag' retrieved from /opt/airflow/dags/example_dag.py
[2025-12-21T19:55:42.511+0000] {logging_mixin.py:188} INFO - [2025-12-21T19:55:42.511+0000] {dag.py:3033} INFO - Sync 1 DAGs
[2025-12-21T19:55:42.528+0000] {logging_mixin.py:188} INFO - [2025-12-21T19:55:42.527+0000] {dag.py:3820} INFO - Setting next_dagrun for example_dag to 2025-12-20T00:00:00+00:00, run_after=2025-12-21T00:00:00+00:00
[2025-12-21T19:55:42.541+0000] {processor.py:183} INFO - Processing /opt/airflow/dags/example_dag.py took 0.058 seconds
[2025-12-21T19:56:13.161+0000] {processor.py:161} INFO - Started process (PID=42) to work on /opt/airflow/dags/example_dag.py
[2025-12-21T19:56:13.162+0000] {processor.py:830} INFO - Processing file /opt/airflow/dags/example_dag.py for tasks to queue
[2025-12-21T19:56:13.162+0000] {logging_mixin.py:188} INFO - [2025-12-21T19:56:13.162+0000] {dagbag.py:538} INFO - Filling up the DagBag from /opt/airflow/dags/example_dag.py
[2025-12-21T19:56:13.171+0000] {processor.py:840} INFO - DAG(s) 'example_dag' retrieved from /opt/airflow/dags/example_dag.py
[2025-12-21T19:56:13.234+0000] {logging_mixin.py:188} INFO - [2025-12-21T19:56:13.234+0000] {dag.py:3033} INFO - Sync 1 DAGs
[2025-12-21T19:56:13.249+0000] {logging_mixin.py:188} INFO - [2025-12-21T19:56:13.249+0000] {dag.py:3820} INFO - Setting next_dagrun for example_dag to 2025-12-20T00:00:00+00:00, run_after=2025-12-21T00:00:00+00:00
[2025-12-21T19:56:13.265+0000] {processor.py:183} INFO - Processing /opt/airflow/dags/example_dag.py took 0.106 seconds
[2025-12-21T19:56:43.891+0000] {processor.py:161} INFO - Started process (PID=52) to work on /opt/airflow/dags/example_dag.py
[2025-12-21T19:56:43.894+0000] {processor.py:830} INFO - Processing file /opt/airflow/dags/example_dag.py for tasks to queue
[2025-12-21T19:56:43.897+0000] {logging_mixin.py:188} INFO - [2025-12-21T19:56:43.895+0000] {dagbag.py:538} INFO - Filling up the DagBag from /opt/airflow/dags/example_dag.py
[2025-12-21T19:56:43.929+0000] {processor.py:840} INFO - DAG(s) 'example_dag' retrieved from /opt/airflow/dags/example_dag.py
[2025-12-21T19:56:44.156+0000] {logging_mixin.py:188} INFO - [2025-12-21T19:56:44.155+0000] {dag.py:3033} INFO - Sync 1 DAGs
[2025-12-21T19:56:44.273+0000] {logging_mixin.py:188} INFO - [2025-12-21T19:56:44.272+0000] {dag.py:3820} INFO - Setting next_dagrun for example_dag to 2025-12-20T00:00:00+00:00, run_after=2025-12-21T00:00:00+00:00
[2025-12-21T19:56:44.329+0000] {processor.py:183} INFO - Processing /opt/airflow/dags/example_dag.py took 0.446 seconds
[2025-12-21T19:57:15.052+0000] {processor.py:161} INFO - Started process (PID=62) to work on /opt/airflow/dags/example_dag.py
[2025-12-21T19:57:15.053+0000] {processor.py:830} INFO - Processing file /opt/airflow/dags/example_dag.py for tasks to queue
[2025-12-21T19:57:15.053+0000] {logging_mixin.py:188} INFO - [2025-12-21T19:57:15.053+0000] {dagbag.py:538} INFO - Filling up the DagBag from /opt/airflow/dags/example_dag.py
[2025-12-21T19:57:15.061+0000] {processor.py:840} INFO - DAG(s) 'example_dag' retrieved from /opt/airflow/dags/example_dag.py
[2025-12-21T19:57:15.082+0000] {logging_mixin.py:188} INFO - [2025-12-21T19:57:15.082+0000] {dag.py:3033} INFO - Sync 1 DAGs
[2025-12-21T19:57:15.096+0000] {logging_mixin.py:188} INFO - [2025-12-21T19:57:15.096+0000] {dag.py:3820} INFO - Setting next_dagrun for example_dag to 2025-12-20T00:00:00+00:00, run_after=2025-12-21T00:00:00+00:00
[2025-12-21T19:57:15.109+0000] {processor.py:183} INFO - Processing /opt/airflow/dags/example_dag.py took 0.059 seconds
[2025-12-21T19:57:45.709+0000] {processor.py:161} INFO - Started process (PID=72) to work on /opt/airflow/dags/example_dag.py
[2025-12-21T19:57:45.710+0000] {processor.py:830} INFO - Processing file /opt/airflow/dags/example_dag.py for tasks to queue
[2025-12-21T19:57:45.710+0000] {logging_mixin.py:188} INFO - [2025-12-21T19:57:45.710+0000] {dagbag.py:538} INFO - Filling up the DagBag from /opt/airflow/dags/example_dag.py
[2025-12-21T19:57:45.718+0000] {processor.py:840} INFO - DAG(s) 'example_dag' retrieved from /opt/airflow/dags/example_dag.py
[2025-12-21T19:57:45.741+0000] {logging_mixin.py:188} INFO - [2025-12-21T19:57:45.740+0000] {dag.py:3033} INFO - Sync 1 DAGs
[2025-12-21T19:57:45.755+0000] {logging_mixin.py:188} INFO - [2025-12-21T19:57:45.755+0000] {dag.py:3820} INFO - Setting next_dagrun for example_dag to 2025-12-20T00:00:00+00:00, run_after=2025-12-21T00:00:00+00:00
[2025-12-21T19:57:45.769+0000] {processor.py:183} INFO - Processing /opt/airflow/dags/example_dag.py took 0.063 seconds
[2025-12-21T20:01:14.822+0000] {processor.py:161} INFO - Started process (PID=32) to work on /opt/airflow/dags/example_dag.py
[2025-12-21T20:01:14.823+0000] {processor.py:830} INFO - Processing file /opt/airflow/dags/example_dag.py for tasks to queue
[2025-12-21T20:01:14.825+0000] {logging_mixin.py:188} INFO - [2025-12-21T20:01:14.824+0000] {dagbag.py:538} INFO - Filling up the DagBag from /opt/airflow/dags/example_dag.py
[2025-12-21T20:01:14.838+0000] {processor.py:840} INFO - DAG(s) 'example_dag' retrieved from /opt/airflow/dags/example_dag.py
[2025-12-21T20:01:14.854+0000] {logging_mixin.py:188} INFO - [2025-12-21T20:01:14.854+0000] {dag.py:3033} INFO - Sync 1 DAGs
[2025-12-21T20:01:14.872+0000] {logging_mixin.py:188} INFO - [2025-12-21T20:01:14.872+0000] {dag.py:3820} INFO - Setting next_dagrun for example_dag to 2025-12-20T00:00:00+00:00, run_after=2025-12-21T00:00:00+00:00
[2025-12-21T20:01:14.889+0000] {processor.py:183} INFO - Processing /opt/airflow/dags/example_dag.py took 0.074 seconds
[2025-12-21T20:01:45.409+0000] {processor.py:161} INFO - Started process (PID=42) to work on /opt/airflow/dags/example_dag.py
[2025-12-21T20:01:45.410+0000] {processor.py:830} INFO - Processing file /opt/airflow/dags/example_dag.py for tasks to queue
[2025-12-21T20:01:45.411+0000] {logging_mixin.py:188} INFO - [2025-12-21T20:01:45.411+0000] {dagbag.py:538} INFO - Filling up the DagBag from /opt/airflow/dags/example_dag.py
[2025-12-21T20:01:45.420+0000] {processor.py:840} INFO - DAG(s) 'example_dag' retrieved from /opt/airflow/dags/example_dag.py
[2025-12-21T20:01:45.492+0000] {logging_mixin.py:188} INFO - [2025-12-21T20:01:45.492+0000] {dag.py:3033} INFO - Sync 1 DAGs
[2025-12-21T20:01:45.507+0000] {logging_mixin.py:188} INFO - [2025-12-21T20:01:45.507+0000] {dag.py:3820} INFO - Setting next_dagrun for example_dag to 2025-12-20T00:00:00+00:00, run_after=2025-12-21T00:00:00+00:00
[2025-12-21T20:01:45.523+0000] {processor.py:183} INFO - Processing /opt/airflow/dags/example_dag.py took 0.116 seconds
[2025-12-21T20:02:15.961+0000] {processor.py:161} INFO - Started process (PID=52) to work on /opt/airflow/dags/example_dag.py
[2025-12-21T20:02:15.961+0000] {processor.py:830} INFO - Processing file /opt/airflow/dags/example_dag.py for tasks to queue
[2025-12-21T20:02:15.962+0000] {logging_mixin.py:188} INFO - [2025-12-21T20:02:15.962+0000] {dagbag.py:538} INFO - Filling up the DagBag from /opt/airflow/dags/example_dag.py
[2025-12-21T20:02:15.971+0000] {processor.py:840} INFO - DAG(s) 'example_dag' retrieved from /opt/airflow/dags/example_dag.py
[2025-12-21T20:02:15.994+0000] {logging_mixin.py:188} INFO - [2025-12-21T20:02:15.994+0000] {dag.py:3033} INFO - Sync 1 DAGs
[2025-12-21T20:02:16.008+0000] {logging_mixin.py:188} INFO - [2025-12-21T20:02:16.008+0000] {dag.py:3820} INFO - Setting next_dagrun for example_dag to 2025-12-20T00:00:00+00:00, run_after=2025-12-21T00:00:00+00:00
[2025-12-21T20:02:16.025+0000] {processor.py:183} INFO - Processing /opt/airflow/dags/example_dag.py took 0.066 seconds
[2025-12-21T20:02:46.607+0000] {processor.py:161} INFO - Started process (PID=61) to work on /opt/airflow/dags/example_dag.py
[2025-12-21T20:02:46.608+0000] {processor.py:830} INFO - Processing file /opt/airflow/dags/example_dag.py for tasks to queue
[2025-12-21T20:02:46.609+0000] {logging_mixin.py:188} INFO - [2025-12-21T20:02:46.608+0000] {dagbag.py:538} INFO - Filling up the DagBag from /opt/airflow/dags/example_dag.py
[2025-12-21T20:02:46.616+0000] {processor.py:840} INFO - DAG(s) 'example_dag' retrieved from /opt/airflow/dags/example_dag.py
[2025-12-21T20:02:46.637+0000] {logging_mixin.py:188} INFO - [2025-12-21T20:02:46.637+0000] {dag.py:3033} INFO - Sync 1 DAGs
[2025-12-21T20:02:46.652+0000] {logging_mixin.py:188} INFO - [2025-12-21T20:02:46.652+0000] {dag.py:3820} INFO - Setting next_dagrun for example_dag to 2025-12-20T00:00:00+00:00, run_after=2025-12-21T00:00:00+00:00
[2025-12-21T20:02:46.664+0000] {processor.py:183} INFO - Processing /opt/airflow/dags/example_dag.py took 0.061 seconds
[2025-12-21T20:03:16.960+0000] {processor.py:161} INFO - Started process (PID=70) to work on /opt/airflow/dags/example_dag.py
[2025-12-21T20:03:16.961+0000] {processor.py:830} INFO - Processing file /opt/airflow/dags/example_dag.py for tasks to queue
[2025-12-21T20:03:16.961+0000] {logging_mixin.py:188} INFO - [2025-12-21T20:03:16.961+0000] {dagbag.py:538} INFO - Filling up the DagBag from /opt/airflow/dags/example_dag.py
[2025-12-21T20:03:16.969+0000] {processor.py:840} INFO - DAG(s) 'example_dag' retrieved from /opt/airflow/dags/example_dag.py
[2025-12-21T20:03:16.991+0000] {logging_mixin.py:188} INFO - [2025-12-21T20:03:16.991+0000] {dag.py:3033} INFO - Sync 1 DAGs
[2025-12-21T20:03:17.006+0000] {logging_mixin.py:188} INFO - [2025-12-21T20:03:17.006+0000] {dag.py:3820} INFO - Setting next_dagrun for example_dag to 2025-12-20T00:00:00+00:00, run_after=2025-12-21T00:00:00+00:00
[2025-12-21T20:03:17.018+0000] {processor.py:183} INFO - Processing /opt/airflow/dags/example_dag.py took 0.060 seconds
[2025-12-21T20:03:47.283+0000] {processor.py:161} INFO - Started process (PID=80) to work on /opt/airflow/dags/example_dag.py
[2025-12-21T20:03:47.285+0000] {processor.py:830} INFO - Processing file /opt/airflow/dags/example_dag.py for tasks to queue
[2025-12-21T20:03:47.285+0000] {logging_mixin.py:188} INFO - [2025-12-21T20:03:47.285+0000] {dagbag.py:538} INFO - Filling up the DagBag from /opt/airflow/dags/example_dag.py
[2025-12-21T20:03:47.293+0000] {processor.py:840} INFO - DAG(s) 'example_dag' retrieved from /opt/airflow/dags/example_dag.py
[2025-12-21T20:03:47.314+0000] {logging_mixin.py:188} INFO - [2025-12-21T20:03:47.314+0000] {dag.py:3033} INFO - Sync 1 DAGs
[2025-12-21T20:03:47.328+0000] {logging_mixin.py:188} INFO - [2025-12-21T20:03:47.328+0000] {dag.py:3820} INFO - Setting next_dagrun for example_dag to 2025-12-20T00:00:00+00:00, run_after=2025-12-21T00:00:00+00:00
[2025-12-21T20:03:47.342+0000] {processor.py:183} INFO - Processing /opt/airflow/dags/example_dag.py took 0.063 seconds
[2025-12-21T20:04:17.565+0000] {processor.py:161} INFO - Started process (PID=90) to work on /opt/airflow/dags/example_dag.py
[2025-12-21T20:04:17.566+0000] {processor.py:830} INFO - Processing file /opt/airflow/dags/example_dag.py for tasks to queue
[2025-12-21T20:04:17.567+0000] {logging_mixin.py:188} INFO - [2025-12-21T20:04:17.567+0000] {dagbag.py:538} INFO - Filling up the DagBag from /opt/airflow/dags/example_dag.py
[2025-12-21T20:04:17.589+0000] {processor.py:840} INFO - DAG(s) 'example_dag' retrieved from /opt/airflow/dags/example_dag.py
[2025-12-21T20:04:17.611+0000] {logging_mixin.py:188} INFO - [2025-12-21T20:04:17.611+0000] {dag.py:3033} INFO - Sync 1 DAGs
[2025-12-21T20:04:17.629+0000] {logging_mixin.py:188} INFO - [2025-12-21T20:04:17.629+0000] {dag.py:3820} INFO - Setting next_dagrun for example_dag to 2025-12-20T00:00:00+00:00, run_after=2025-12-21T00:00:00+00:00
[2025-12-21T20:04:17.641+0000] {processor.py:183} INFO - Processing /opt/airflow/dags/example_dag.py took 0.081 seconds
[2025-12-21T20:04:48.065+0000] {processor.py:161} INFO - Started process (PID=99) to work on /opt/airflow/dags/example_dag.py
[2025-12-21T20:04:48.066+0000] {processor.py:830} INFO - Processing file /opt/airflow/dags/example_dag.py for tasks to queue
[2025-12-21T20:04:48.067+0000] {logging_mixin.py:188} INFO - [2025-12-21T20:04:48.067+0000] {dagbag.py:538} INFO - Filling up the DagBag from /opt/airflow/dags/example_dag.py
[2025-12-21T20:04:48.079+0000] {processor.py:840} INFO - DAG(s) 'example_dag' retrieved from /opt/airflow/dags/example_dag.py
[2025-12-21T20:04:48.106+0000] {logging_mixin.py:188} INFO - [2025-12-21T20:04:48.105+0000] {dag.py:3033} INFO - Sync 1 DAGs
[2025-12-21T20:04:48.123+0000] {logging_mixin.py:188} INFO - [2025-12-21T20:04:48.123+0000] {dag.py:3820} INFO - Setting next_dagrun for example_dag to 2025-12-20T00:00:00+00:00, run_after=2025-12-21T00:00:00+00:00
[2025-12-21T20:04:48.144+0000] {processor.py:183} INFO - Processing /opt/airflow/dags/example_dag.py took 0.083 seconds
[2025-12-21T20:05:18.545+0000] {processor.py:161} INFO - Started process (PID=103) to work on /opt/airflow/dags/example_dag.py
[2025-12-21T20:05:18.548+0000] {processor.py:830} INFO - Processing file /opt/airflow/dags/example_dag.py for tasks to queue
[2025-12-21T20:05:18.549+0000] {logging_mixin.py:188} INFO - [2025-12-21T20:05:18.548+0000] {dagbag.py:538} INFO - Filling up the DagBag from /opt/airflow/dags/example_dag.py
[2025-12-21T20:05:18.566+0000] {processor.py:840} INFO - DAG(s) 'example_dag' retrieved from /opt/airflow/dags/example_dag.py
[2025-12-21T20:05:18.622+0000] {logging_mixin.py:188} INFO - [2025-12-21T20:05:18.622+0000] {dag.py:3033} INFO - Sync 1 DAGs
[2025-12-21T20:05:18.655+0000] {logging_mixin.py:188} INFO - [2025-12-21T20:05:18.655+0000] {dag.py:3820} INFO - Setting next_dagrun for example_dag to 2025-12-20T00:00:00+00:00, run_after=2025-12-21T00:00:00+00:00
[2025-12-21T20:05:18.671+0000] {processor.py:183} INFO - Processing /opt/airflow/dags/example_dag.py took 0.132 seconds
[2025-12-21T20:05:48.917+0000] {processor.py:161} INFO - Started process (PID=113) to work on /opt/airflow/dags/example_dag.py
[2025-12-21T20:05:48.917+0000] {processor.py:830} INFO - Processing file /opt/airflow/dags/example_dag.py for tasks to queue
[2025-12-21T20:05:48.918+0000] {logging_mixin.py:188} INFO - [2025-12-21T20:05:48.918+0000] {dagbag.py:538} INFO - Filling up the DagBag from /opt/airflow/dags/example_dag.py
[2025-12-21T20:05:48.927+0000] {processor.py:840} INFO - DAG(s) 'example_dag' retrieved from /opt/airflow/dags/example_dag.py
[2025-12-21T20:05:48.954+0000] {logging_mixin.py:188} INFO - [2025-12-21T20:05:48.954+0000] {dag.py:3033} INFO - Sync 1 DAGs
[2025-12-21T20:05:48.991+0000] {logging_mixin.py:188} INFO - [2025-12-21T20:05:48.991+0000] {dag.py:3820} INFO - Setting next_dagrun for example_dag to 2025-12-20T00:00:00+00:00, run_after=2025-12-21T00:00:00+00:00
[2025-12-21T20:05:49.013+0000] {processor.py:183} INFO - Processing /opt/airflow/dags/example_dag.py took 0.100 seconds
[2025-12-21T20:06:19.832+0000] {processor.py:161} INFO - Started process (PID=123) to work on /opt/airflow/dags/example_dag.py
[2025-12-21T20:06:19.834+0000] {processor.py:830} INFO - Processing file /opt/airflow/dags/example_dag.py for tasks to queue
[2025-12-21T20:06:19.834+0000] {logging_mixin.py:188} INFO - [2025-12-21T20:06:19.834+0000] {dagbag.py:538} INFO - Filling up the DagBag from /opt/airflow/dags/example_dag.py
[2025-12-21T20:06:19.844+0000] {processor.py:840} INFO - DAG(s) 'example_dag' retrieved from /opt/airflow/dags/example_dag.py
[2025-12-21T20:06:19.873+0000] {logging_mixin.py:188} INFO - [2025-12-21T20:06:19.873+0000] {dag.py:3033} INFO - Sync 1 DAGs
[2025-12-21T20:06:19.891+0000] {logging_mixin.py:188} INFO - [2025-12-21T20:06:19.891+0000] {dag.py:3820} INFO - Setting next_dagrun for example_dag to 2025-12-20T00:00:00+00:00, run_after=2025-12-21T00:00:00+00:00
[2025-12-21T20:06:19.909+0000] {processor.py:183} INFO - Processing /opt/airflow/dags/example_dag.py took 0.080 seconds
[2025-12-21T20:06:50.368+0000] {processor.py:161} INFO - Started process (PID=133) to work on /opt/airflow/dags/example_dag.py
[2025-12-21T20:06:50.369+0000] {processor.py:830} INFO - Processing file /opt/airflow/dags/example_dag.py for tasks to queue
[2025-12-21T20:06:50.370+0000] {logging_mixin.py:188} INFO - [2025-12-21T20:06:50.369+0000] {dagbag.py:538} INFO - Filling up the DagBag from /opt/airflow/dags/example_dag.py
[2025-12-21T20:06:50.377+0000] {processor.py:840} INFO - DAG(s) 'example_dag' retrieved from /opt/airflow/dags/example_dag.py
[2025-12-21T20:06:50.402+0000] {logging_mixin.py:188} INFO - [2025-12-21T20:06:50.402+0000] {dag.py:3033} INFO - Sync 1 DAGs
[2025-12-21T20:06:50.420+0000] {logging_mixin.py:188} INFO - [2025-12-21T20:06:50.420+0000] {dag.py:3820} INFO - Setting next_dagrun for example_dag to 2025-12-20T00:00:00+00:00, run_after=2025-12-21T00:00:00+00:00
[2025-12-21T20:06:50.434+0000] {processor.py:183} INFO - Processing /opt/airflow/dags/example_dag.py took 0.070 seconds
[2025-12-21T20:07:21.422+0000] {processor.py:161} INFO - Started process (PID=143) to work on /opt/airflow/dags/example_dag.py
[2025-12-21T20:07:21.423+0000] {processor.py:830} INFO - Processing file /opt/airflow/dags/example_dag.py for tasks to queue
[2025-12-21T20:07:21.424+0000] {logging_mixin.py:188} INFO - [2025-12-21T20:07:21.424+0000] {dagbag.py:538} INFO - Filling up the DagBag from /opt/airflow/dags/example_dag.py
[2025-12-21T20:07:21.433+0000] {processor.py:840} INFO - DAG(s) 'example_dag' retrieved from /opt/airflow/dags/example_dag.py
[2025-12-21T20:07:21.458+0000] {logging_mixin.py:188} INFO - [2025-12-21T20:07:21.458+0000] {dag.py:3033} INFO - Sync 1 DAGs
[2025-12-21T20:07:21.478+0000] {logging_mixin.py:188} INFO - [2025-12-21T20:07:21.478+0000] {dag.py:3820} INFO - Setting next_dagrun for example_dag to 2025-12-20T00:00:00+00:00, run_after=2025-12-21T00:00:00+00:00
[2025-12-21T20:07:21.498+0000] {processor.py:183} INFO - Processing /opt/airflow/dags/example_dag.py took 0.078 seconds
[2025-12-21T20:07:52.111+0000] {processor.py:161} INFO - Started process (PID=153) to work on /opt/airflow/dags/example_dag.py
[2025-12-21T20:07:52.112+0000] {processor.py:830} INFO - Processing file /opt/airflow/dags/example_dag.py for tasks to queue
[2025-12-21T20:07:52.113+0000] {logging_mixin.py:188} INFO - [2025-12-21T20:07:52.113+0000] {dagbag.py:538} INFO - Filling up the DagBag from /opt/airflow/dags/example_dag.py
[2025-12-21T20:07:52.122+0000] {processor.py:840} INFO - DAG(s) 'example_dag' retrieved from /opt/airflow/dags/example_dag.py
[2025-12-21T20:07:52.150+0000] {logging_mixin.py:188} INFO - [2025-12-21T20:07:52.150+0000] {dag.py:3033} INFO - Sync 1 DAGs
[2025-12-21T20:07:52.169+0000] {logging_mixin.py:188} INFO - [2025-12-21T20:07:52.169+0000] {dag.py:3820} INFO - Setting next_dagrun for example_dag to 2025-12-20T00:00:00+00:00, run_after=2025-12-21T00:00:00+00:00
[2025-12-21T20:07:52.195+0000] {processor.py:183} INFO - Processing /opt/airflow/dags/example_dag.py took 0.087 seconds
[2025-12-21T20:16:08.074+0000] {processor.py:161} INFO - Started process (PID=32) to work on /opt/airflow/dags/example_dag.py
[2025-12-21T20:16:08.075+0000] {processor.py:830} INFO - Processing file /opt/airflow/dags/example_dag.py for tasks to queue
[2025-12-21T20:16:08.075+0000] {logging_mixin.py:188} INFO - [2025-12-21T20:16:08.075+0000] {dagbag.py:538} INFO - Filling up the DagBag from /opt/airflow/dags/example_dag.py
[2025-12-21T20:16:08.087+0000] {processor.py:840} INFO - DAG(s) 'example_dag' retrieved from /opt/airflow/dags/example_dag.py
[2025-12-21T20:16:08.099+0000] {logging_mixin.py:188} INFO - [2025-12-21T20:16:08.099+0000] {dag.py:3033} INFO - Sync 1 DAGs
[2025-12-21T20:16:08.114+0000] {logging_mixin.py:188} INFO - [2025-12-21T20:16:08.114+0000] {dag.py:3820} INFO - Setting next_dagrun for example_dag to 2025-12-20T00:00:00+00:00, run_after=2025-12-21T00:00:00+00:00
[2025-12-21T20:16:08.126+0000] {processor.py:183} INFO - Processing /opt/airflow/dags/example_dag.py took 0.055 seconds
[2025-12-21T20:16:39.118+0000] {processor.py:161} INFO - Started process (PID=42) to work on /opt/airflow/dags/example_dag.py
[2025-12-21T20:16:39.119+0000] {processor.py:830} INFO - Processing file /opt/airflow/dags/example_dag.py for tasks to queue
[2025-12-21T20:16:39.120+0000] {logging_mixin.py:188} INFO - [2025-12-21T20:16:39.120+0000] {dagbag.py:538} INFO - Filling up the DagBag from /opt/airflow/dags/example_dag.py
[2025-12-21T20:16:39.129+0000] {processor.py:840} INFO - DAG(s) 'example_dag' retrieved from /opt/airflow/dags/example_dag.py
[2025-12-21T20:16:39.278+0000] {logging_mixin.py:188} INFO - [2025-12-21T20:16:39.278+0000] {dag.py:3033} INFO - Sync 1 DAGs
[2025-12-21T20:16:39.310+0000] {logging_mixin.py:188} INFO - [2025-12-21T20:16:39.309+0000] {dag.py:3820} INFO - Setting next_dagrun for example_dag to 2025-12-20T00:00:00+00:00, run_after=2025-12-21T00:00:00+00:00
[2025-12-21T20:16:39.331+0000] {processor.py:183} INFO - Processing /opt/airflow/dags/example_dag.py took 0.215 seconds
[2025-12-21T20:17:09.647+0000] {processor.py:161} INFO - Started process (PID=52) to work on /opt/airflow/dags/example_dag.py
[2025-12-21T20:17:09.650+0000] {processor.py:830} INFO - Processing file /opt/airflow/dags/example_dag.py for tasks to queue
[2025-12-21T20:17:09.651+0000] {logging_mixin.py:188} INFO - [2025-12-21T20:17:09.651+0000] {dagbag.py:538} INFO - Filling up the DagBag from /opt/airflow/dags/example_dag.py
[2025-12-21T20:17:09.671+0000] {processor.py:840} INFO - DAG(s) 'example_dag' retrieved from /opt/airflow/dags/example_dag.py
[2025-12-21T20:17:09.709+0000] {logging_mixin.py:188} INFO - [2025-12-21T20:17:09.709+0000] {dag.py:3033} INFO - Sync 1 DAGs
[2025-12-21T20:17:09.729+0000] {logging_mixin.py:188} INFO - [2025-12-21T20:17:09.729+0000] {dag.py:3820} INFO - Setting next_dagrun for example_dag to 2025-12-20T00:00:00+00:00, run_after=2025-12-21T00:00:00+00:00
[2025-12-21T20:17:09.746+0000] {processor.py:183} INFO - Processing /opt/airflow/dags/example_dag.py took 0.106 seconds
[2025-12-21T20:17:40.682+0000] {processor.py:161} INFO - Started process (PID=110) to work on /opt/airflow/dags/example_dag.py
[2025-12-21T20:17:40.683+0000] {processor.py:830} INFO - Processing file /opt/airflow/dags/example_dag.py for tasks to queue
[2025-12-21T20:17:40.684+0000] {logging_mixin.py:188} INFO - [2025-12-21T20:17:40.684+0000] {dagbag.py:538} INFO - Filling up the DagBag from /opt/airflow/dags/example_dag.py
[2025-12-21T20:17:40.693+0000] {processor.py:840} INFO - DAG(s) 'example_dag' retrieved from /opt/airflow/dags/example_dag.py
[2025-12-21T20:17:40.725+0000] {logging_mixin.py:188} INFO - [2025-12-21T20:17:40.725+0000] {dag.py:3033} INFO - Sync 1 DAGs
[2025-12-21T20:17:40.741+0000] {logging_mixin.py:188} INFO - [2025-12-21T20:17:40.741+0000] {dag.py:3820} INFO - Setting next_dagrun for example_dag to 2025-12-20T00:00:00+00:00, run_after=2025-12-21T00:00:00+00:00
[2025-12-21T20:17:40.757+0000] {processor.py:183} INFO - Processing /opt/airflow/dags/example_dag.py took 0.078 seconds
[2025-12-21T20:18:11.175+0000] {processor.py:161} INFO - Started process (PID=120) to work on /opt/airflow/dags/example_dag.py
[2025-12-21T20:18:11.176+0000] {processor.py:830} INFO - Processing file /opt/airflow/dags/example_dag.py for tasks to queue
[2025-12-21T20:18:11.177+0000] {logging_mixin.py:188} INFO - [2025-12-21T20:18:11.177+0000] {dagbag.py:538} INFO - Filling up the DagBag from /opt/airflow/dags/example_dag.py
[2025-12-21T20:18:11.186+0000] {processor.py:840} INFO - DAG(s) 'example_dag' retrieved from /opt/airflow/dags/example_dag.py
[2025-12-21T20:18:11.221+0000] {logging_mixin.py:188} INFO - [2025-12-21T20:18:11.221+0000] {dag.py:3033} INFO - Sync 1 DAGs
[2025-12-21T20:18:11.253+0000] {logging_mixin.py:188} INFO - [2025-12-21T20:18:11.253+0000] {dag.py:3820} INFO - Setting next_dagrun for example_dag to 2025-12-20T00:00:00+00:00, run_after=2025-12-21T00:00:00+00:00
[2025-12-21T20:18:11.273+0000] {processor.py:183} INFO - Processing /opt/airflow/dags/example_dag.py took 0.100 seconds
[2025-12-21T20:18:41.572+0000] {processor.py:161} INFO - Started process (PID=130) to work on /opt/airflow/dags/example_dag.py
[2025-12-21T20:18:41.573+0000] {processor.py:830} INFO - Processing file /opt/airflow/dags/example_dag.py for tasks to queue
[2025-12-21T20:18:41.574+0000] {logging_mixin.py:188} INFO - [2025-12-21T20:18:41.573+0000] {dagbag.py:538} INFO - Filling up the DagBag from /opt/airflow/dags/example_dag.py
[2025-12-21T20:18:41.584+0000] {processor.py:840} INFO - DAG(s) 'example_dag' retrieved from /opt/airflow/dags/example_dag.py
[2025-12-21T20:18:41.607+0000] {logging_mixin.py:188} INFO - [2025-12-21T20:18:41.607+0000] {dag.py:3033} INFO - Sync 1 DAGs
[2025-12-21T20:18:41.621+0000] {logging_mixin.py:188} INFO - [2025-12-21T20:18:41.621+0000] {dag.py:3820} INFO - Setting next_dagrun for example_dag to 2025-12-20T00:00:00+00:00, run_after=2025-12-21T00:00:00+00:00
[2025-12-21T20:18:41.635+0000] {processor.py:183} INFO - Processing /opt/airflow/dags/example_dag.py took 0.065 seconds
[2025-12-21T20:19:12.558+0000] {processor.py:161} INFO - Started process (PID=140) to work on /opt/airflow/dags/example_dag.py
[2025-12-21T20:19:12.559+0000] {processor.py:830} INFO - Processing file /opt/airflow/dags/example_dag.py for tasks to queue
[2025-12-21T20:19:12.560+0000] {logging_mixin.py:188} INFO - [2025-12-21T20:19:12.560+0000] {dagbag.py:538} INFO - Filling up the DagBag from /opt/airflow/dags/example_dag.py
[2025-12-21T20:19:12.568+0000] {processor.py:840} INFO - DAG(s) 'example_dag' retrieved from /opt/airflow/dags/example_dag.py
[2025-12-21T20:19:12.592+0000] {logging_mixin.py:188} INFO - [2025-12-21T20:19:12.592+0000] {dag.py:3033} INFO - Sync 1 DAGs
[2025-12-21T20:19:12.607+0000] {logging_mixin.py:188} INFO - [2025-12-21T20:19:12.607+0000] {dag.py:3820} INFO - Setting next_dagrun for example_dag to 2025-12-20T00:00:00+00:00, run_after=2025-12-21T00:00:00+00:00
[2025-12-21T20:19:12.620+0000] {processor.py:183} INFO - Processing /opt/airflow/dags/example_dag.py took 0.072 seconds
[2025-12-21T20:19:43.037+0000] {processor.py:161} INFO - Started process (PID=150) to work on /opt/airflow/dags/example_dag.py
[2025-12-21T20:19:43.038+0000] {processor.py:830} INFO - Processing file /opt/airflow/dags/example_dag.py for tasks to queue
[2025-12-21T20:19:43.039+0000] {logging_mixin.py:188} INFO - [2025-12-21T20:19:43.039+0000] {dagbag.py:538} INFO - Filling up the DagBag from /opt/airflow/dags/example_dag.py
[2025-12-21T20:19:43.049+0000] {processor.py:840} INFO - DAG(s) 'example_dag' retrieved from /opt/airflow/dags/example_dag.py
[2025-12-21T20:19:43.073+0000] {logging_mixin.py:188} INFO - [2025-12-21T20:19:43.073+0000] {dag.py:3033} INFO - Sync 1 DAGs
[2025-12-21T20:19:43.091+0000] {logging_mixin.py:188} INFO - [2025-12-21T20:19:43.091+0000] {dag.py:3820} INFO - Setting next_dagrun for example_dag to 2025-12-20T00:00:00+00:00, run_after=2025-12-21T00:00:00+00:00
[2025-12-21T20:19:43.105+0000] {processor.py:183} INFO - Processing /opt/airflow/dags/example_dag.py took 0.072 seconds
[2025-12-21T20:20:13.795+0000] {processor.py:161} INFO - Started process (PID=160) to work on /opt/airflow/dags/example_dag.py
[2025-12-21T20:20:13.796+0000] {processor.py:830} INFO - Processing file /opt/airflow/dags/example_dag.py for tasks to queue
[2025-12-21T20:20:13.797+0000] {logging_mixin.py:188} INFO - [2025-12-21T20:20:13.797+0000] {dagbag.py:538} INFO - Filling up the DagBag from /opt/airflow/dags/example_dag.py
[2025-12-21T20:20:13.819+0000] {processor.py:840} INFO - DAG(s) 'example_dag' retrieved from /opt/airflow/dags/example_dag.py
[2025-12-21T20:20:13.848+0000] {logging_mixin.py:188} INFO - [2025-12-21T20:20:13.848+0000] {dag.py:3033} INFO - Sync 1 DAGs
[2025-12-21T20:20:13.872+0000] {logging_mixin.py:188} INFO - [2025-12-21T20:20:13.872+0000] {dag.py:3820} INFO - Setting next_dagrun for example_dag to 2025-12-20T00:00:00+00:00, run_after=2025-12-21T00:00:00+00:00
[2025-12-21T20:20:13.898+0000] {processor.py:183} INFO - Processing /opt/airflow/dags/example_dag.py took 0.106 seconds
[2025-12-21T20:20:44.206+0000] {processor.py:161} INFO - Started process (PID=163) to work on /opt/airflow/dags/example_dag.py
[2025-12-21T20:20:44.208+0000] {processor.py:830} INFO - Processing file /opt/airflow/dags/example_dag.py for tasks to queue
[2025-12-21T20:20:44.208+0000] {logging_mixin.py:188} INFO - [2025-12-21T20:20:44.208+0000] {dagbag.py:538} INFO - Filling up the DagBag from /opt/airflow/dags/example_dag.py
[2025-12-21T20:20:44.218+0000] {processor.py:840} INFO - DAG(s) 'example_dag' retrieved from /opt/airflow/dags/example_dag.py
[2025-12-21T20:20:44.257+0000] {logging_mixin.py:188} INFO - [2025-12-21T20:20:44.256+0000] {dag.py:3033} INFO - Sync 1 DAGs
[2025-12-21T20:20:44.272+0000] {logging_mixin.py:188} INFO - [2025-12-21T20:20:44.272+0000] {dag.py:3820} INFO - Setting next_dagrun for example_dag to 2025-12-20T00:00:00+00:00, run_after=2025-12-21T00:00:00+00:00
[2025-12-21T20:20:44.287+0000] {processor.py:183} INFO - Processing /opt/airflow/dags/example_dag.py took 0.085 seconds
[2025-12-21T20:21:14.872+0000] {processor.py:161} INFO - Started process (PID=173) to work on /opt/airflow/dags/example_dag.py
[2025-12-21T20:21:14.873+0000] {processor.py:830} INFO - Processing file /opt/airflow/dags/example_dag.py for tasks to queue
[2025-12-21T20:21:14.874+0000] {logging_mixin.py:188} INFO - [2025-12-21T20:21:14.874+0000] {dagbag.py:538} INFO - Filling up the DagBag from /opt/airflow/dags/example_dag.py
[2025-12-21T20:21:14.884+0000] {processor.py:840} INFO - DAG(s) 'example_dag' retrieved from /opt/airflow/dags/example_dag.py
[2025-12-21T20:21:14.912+0000] {logging_mixin.py:188} INFO - [2025-12-21T20:21:14.912+0000] {dag.py:3033} INFO - Sync 1 DAGs
[2025-12-21T20:21:14.927+0000] {logging_mixin.py:188} INFO - [2025-12-21T20:21:14.927+0000] {dag.py:3820} INFO - Setting next_dagrun for example_dag to 2025-12-20T00:00:00+00:00, run_after=2025-12-21T00:00:00+00:00
[2025-12-21T20:21:14.940+0000] {processor.py:183} INFO - Processing /opt/airflow/dags/example_dag.py took 0.073 seconds
[2025-12-21T20:21:46.104+0000] {processor.py:161} INFO - Started process (PID=183) to work on /opt/airflow/dags/example_dag.py
[2025-12-21T20:21:46.105+0000] {processor.py:830} INFO - Processing file /opt/airflow/dags/example_dag.py for tasks to queue
[2025-12-21T20:21:46.106+0000] {logging_mixin.py:188} INFO - [2025-12-21T20:21:46.105+0000] {dagbag.py:538} INFO - Filling up the DagBag from /opt/airflow/dags/example_dag.py
[2025-12-21T20:21:46.113+0000] {processor.py:840} INFO - DAG(s) 'example_dag' retrieved from /opt/airflow/dags/example_dag.py
[2025-12-21T20:21:46.149+0000] {logging_mixin.py:188} INFO - [2025-12-21T20:21:46.149+0000] {dag.py:3033} INFO - Sync 1 DAGs
[2025-12-21T20:21:46.167+0000] {logging_mixin.py:188} INFO - [2025-12-21T20:21:46.167+0000] {dag.py:3820} INFO - Setting next_dagrun for example_dag to 2025-12-20T00:00:00+00:00, run_after=2025-12-21T00:00:00+00:00
[2025-12-21T20:21:46.183+0000] {processor.py:183} INFO - Processing /opt/airflow/dags/example_dag.py took 0.082 seconds
[2025-12-21T20:22:16.701+0000] {processor.py:161} INFO - Started process (PID=193) to work on /opt/airflow/dags/example_dag.py
[2025-12-21T20:22:16.701+0000] {processor.py:830} INFO - Processing file /opt/airflow/dags/example_dag.py for tasks to queue
[2025-12-21T20:22:16.702+0000] {logging_mixin.py:188} INFO - [2025-12-21T20:22:16.702+0000] {dagbag.py:538} INFO - Filling up the DagBag from /opt/airflow/dags/example_dag.py
[2025-12-21T20:22:16.710+0000] {processor.py:840} INFO - DAG(s) 'example_dag' retrieved from /opt/airflow/dags/example_dag.py
[2025-12-21T20:22:16.741+0000] {logging_mixin.py:188} INFO - [2025-12-21T20:22:16.741+0000] {dag.py:3033} INFO - Sync 1 DAGs
[2025-12-21T20:22:16.757+0000] {logging_mixin.py:188} INFO - [2025-12-21T20:22:16.757+0000] {dag.py:3820} INFO - Setting next_dagrun for example_dag to 2025-12-20T00:00:00+00:00, run_after=2025-12-21T00:00:00+00:00
[2025-12-21T20:22:16.770+0000] {processor.py:183} INFO - Processing /opt/airflow/dags/example_dag.py took 0.071 seconds
[2025-12-21T20:22:47.359+0000] {processor.py:161} INFO - Started process (PID=203) to work on /opt/airflow/dags/example_dag.py
[2025-12-21T20:22:47.360+0000] {processor.py:830} INFO - Processing file /opt/airflow/dags/example_dag.py for tasks to queue
[2025-12-21T20:22:47.360+0000] {logging_mixin.py:188} INFO - [2025-12-21T20:22:47.360+0000] {dagbag.py:538} INFO - Filling up the DagBag from /opt/airflow/dags/example_dag.py
[2025-12-21T20:22:47.370+0000] {processor.py:840} INFO - DAG(s) 'example_dag' retrieved from /opt/airflow/dags/example_dag.py
[2025-12-21T20:22:47.393+0000] {logging_mixin.py:188} INFO - [2025-12-21T20:22:47.393+0000] {dag.py:3033} INFO - Sync 1 DAGs
[2025-12-21T20:22:47.406+0000] {logging_mixin.py:188} INFO - [2025-12-21T20:22:47.406+0000] {dag.py:3820} INFO - Setting next_dagrun for example_dag to 2025-12-20T00:00:00+00:00, run_after=2025-12-21T00:00:00+00:00
[2025-12-21T20:22:47.419+0000] {processor.py:183} INFO - Processing /opt/airflow/dags/example_dag.py took 0.065 seconds
[2025-12-21T20:23:17.871+0000] {processor.py:161} INFO - Started process (PID=213) to work on /opt/airflow/dags/example_dag.py
[2025-12-21T20:23:17.872+0000] {processor.py:830} INFO - Processing file /opt/airflow/dags/example_dag.py for tasks to queue
[2025-12-21T20:23:17.872+0000] {logging_mixin.py:188} INFO - [2025-12-21T20:23:17.872+0000] {dagbag.py:538} INFO - Filling up the DagBag from /opt/airflow/dags/example_dag.py
[2025-12-21T20:23:17.880+0000] {processor.py:840} INFO - DAG(s) 'example_dag' retrieved from /opt/airflow/dags/example_dag.py
[2025-12-21T20:23:17.909+0000] {logging_mixin.py:188} INFO - [2025-12-21T20:23:17.909+0000] {dag.py:3033} INFO - Sync 1 DAGs
[2025-12-21T20:23:17.936+0000] {logging_mixin.py:188} INFO - [2025-12-21T20:23:17.936+0000] {dag.py:3820} INFO - Setting next_dagrun for example_dag to 2025-12-20T00:00:00+00:00, run_after=2025-12-21T00:00:00+00:00
[2025-12-21T20:23:17.954+0000] {processor.py:183} INFO - Processing /opt/airflow/dags/example_dag.py took 0.086 seconds
[2025-12-21T20:23:48.608+0000] {processor.py:161} INFO - Started process (PID=223) to work on /opt/airflow/dags/example_dag.py
[2025-12-21T20:23:48.609+0000] {processor.py:830} INFO - Processing file /opt/airflow/dags/example_dag.py for tasks to queue
[2025-12-21T20:23:48.609+0000] {logging_mixin.py:188} INFO - [2025-12-21T20:23:48.609+0000] {dagbag.py:538} INFO - Filling up the DagBag from /opt/airflow/dags/example_dag.py
[2025-12-21T20:23:48.617+0000] {processor.py:840} INFO - DAG(s) 'example_dag' retrieved from /opt/airflow/dags/example_dag.py
[2025-12-21T20:23:48.644+0000] {logging_mixin.py:188} INFO - [2025-12-21T20:23:48.643+0000] {dag.py:3033} INFO - Sync 1 DAGs
[2025-12-21T20:23:48.662+0000] {logging_mixin.py:188} INFO - [2025-12-21T20:23:48.662+0000] {dag.py:3820} INFO - Setting next_dagrun for example_dag to 2025-12-20T00:00:00+00:00, run_after=2025-12-21T00:00:00+00:00
[2025-12-21T20:23:48.677+0000] {processor.py:183} INFO - Processing /opt/airflow/dags/example_dag.py took 0.071 seconds
[2025-12-21T20:24:19.152+0000] {processor.py:161} INFO - Started process (PID=233) to work on /opt/airflow/dags/example_dag.py
[2025-12-21T20:24:19.153+0000] {processor.py:830} INFO - Processing file /opt/airflow/dags/example_dag.py for tasks to queue
[2025-12-21T20:24:19.154+0000] {logging_mixin.py:188} INFO - [2025-12-21T20:24:19.154+0000] {dagbag.py:538} INFO - Filling up the DagBag from /opt/airflow/dags/example_dag.py
[2025-12-21T20:24:19.161+0000] {processor.py:840} INFO - DAG(s) 'example_dag' retrieved from /opt/airflow/dags/example_dag.py
[2025-12-21T20:24:19.184+0000] {logging_mixin.py:188} INFO - [2025-12-21T20:24:19.184+0000] {dag.py:3033} INFO - Sync 1 DAGs
[2025-12-21T20:24:19.199+0000] {logging_mixin.py:188} INFO - [2025-12-21T20:24:19.199+0000] {dag.py:3820} INFO - Setting next_dagrun for example_dag to 2025-12-20T00:00:00+00:00, run_after=2025-12-21T00:00:00+00:00
[2025-12-21T20:24:19.212+0000] {processor.py:183} INFO - Processing /opt/airflow/dags/example_dag.py took 0.063 seconds
[2025-12-21T20:24:49.857+0000] {processor.py:161} INFO - Started process (PID=243) to work on /opt/airflow/dags/example_dag.py
[2025-12-21T20:24:49.858+0000] {processor.py:830} INFO - Processing file /opt/airflow/dags/example_dag.py for tasks to queue
[2025-12-21T20:24:49.858+0000] {logging_mixin.py:188} INFO - [2025-12-21T20:24:49.858+0000] {dagbag.py:538} INFO - Filling up the DagBag from /opt/airflow/dags/example_dag.py
[2025-12-21T20:24:49.867+0000] {processor.py:840} INFO - DAG(s) 'example_dag' retrieved from /opt/airflow/dags/example_dag.py
[2025-12-21T20:24:49.888+0000] {logging_mixin.py:188} INFO - [2025-12-21T20:24:49.888+0000] {dag.py:3033} INFO - Sync 1 DAGs
[2025-12-21T20:24:49.902+0000] {logging_mixin.py:188} INFO - [2025-12-21T20:24:49.902+0000] {dag.py:3820} INFO - Setting next_dagrun for example_dag to 2025-12-20T00:00:00+00:00, run_after=2025-12-21T00:00:00+00:00
[2025-12-21T20:24:49.917+0000] {processor.py:183} INFO - Processing /opt/airflow/dags/example_dag.py took 0.063 seconds
[2025-12-21T20:25:20.768+0000] {processor.py:161} INFO - Started process (PID=253) to work on /opt/airflow/dags/example_dag.py
[2025-12-21T20:25:20.770+0000] {processor.py:830} INFO - Processing file /opt/airflow/dags/example_dag.py for tasks to queue
[2025-12-21T20:25:20.770+0000] {logging_mixin.py:188} INFO - [2025-12-21T20:25:20.770+0000] {dagbag.py:538} INFO - Filling up the DagBag from /opt/airflow/dags/example_dag.py
[2025-12-21T20:25:20.777+0000] {processor.py:840} INFO - DAG(s) 'example_dag' retrieved from /opt/airflow/dags/example_dag.py
[2025-12-21T20:25:20.804+0000] {logging_mixin.py:188} INFO - [2025-12-21T20:25:20.804+0000] {dag.py:3033} INFO - Sync 1 DAGs
[2025-12-21T20:25:20.818+0000] {logging_mixin.py:188} INFO - [2025-12-21T20:25:20.818+0000] {dag.py:3820} INFO - Setting next_dagrun for example_dag to 2025-12-20T00:00:00+00:00, run_after=2025-12-21T00:00:00+00:00
[2025-12-21T20:25:20.833+0000] {processor.py:183} INFO - Processing /opt/airflow/dags/example_dag.py took 0.066 seconds
[2025-12-21T20:25:51.550+0000] {processor.py:161} INFO - Started process (PID=263) to work on /opt/airflow/dags/example_dag.py
[2025-12-21T20:25:51.554+0000] {processor.py:830} INFO - Processing file /opt/airflow/dags/example_dag.py for tasks to queue
[2025-12-21T20:25:51.555+0000] {logging_mixin.py:188} INFO - [2025-12-21T20:25:51.555+0000] {dagbag.py:538} INFO - Filling up the DagBag from /opt/airflow/dags/example_dag.py
[2025-12-21T20:25:51.570+0000] {processor.py:840} INFO - DAG(s) 'example_dag' retrieved from /opt/airflow/dags/example_dag.py
[2025-12-21T20:25:51.605+0000] {logging_mixin.py:188} INFO - [2025-12-21T20:25:51.605+0000] {dag.py:3033} INFO - Sync 1 DAGs
[2025-12-21T20:25:51.624+0000] {logging_mixin.py:188} INFO - [2025-12-21T20:25:51.624+0000] {dag.py:3820} INFO - Setting next_dagrun for example_dag to 2025-12-20T00:00:00+00:00, run_after=2025-12-21T00:00:00+00:00
[2025-12-21T20:25:51.645+0000] {processor.py:183} INFO - Processing /opt/airflow/dags/example_dag.py took 0.100 seconds
[2025-12-21T20:26:22.294+0000] {processor.py:161} INFO - Started process (PID=273) to work on /opt/airflow/dags/example_dag.py
[2025-12-21T20:26:22.295+0000] {processor.py:830} INFO - Processing file /opt/airflow/dags/example_dag.py for tasks to queue
[2025-12-21T20:26:22.295+0000] {logging_mixin.py:188} INFO - [2025-12-21T20:26:22.295+0000] {dagbag.py:538} INFO - Filling up the DagBag from /opt/airflow/dags/example_dag.py
[2025-12-21T20:26:22.306+0000] {processor.py:840} INFO - DAG(s) 'example_dag' retrieved from /opt/airflow/dags/example_dag.py
[2025-12-21T20:26:22.332+0000] {logging_mixin.py:188} INFO - [2025-12-21T20:26:22.332+0000] {dag.py:3033} INFO - Sync 1 DAGs
[2025-12-21T20:26:22.346+0000] {logging_mixin.py:188} INFO - [2025-12-21T20:26:22.346+0000] {dag.py:3820} INFO - Setting next_dagrun for example_dag to 2025-12-20T00:00:00+00:00, run_after=2025-12-21T00:00:00+00:00
[2025-12-21T20:26:22.358+0000] {processor.py:183} INFO - Processing /opt/airflow/dags/example_dag.py took 0.065 seconds
[2025-12-21T20:36:24.953+0000] {processor.py:161} INFO - Started process (PID=32) to work on /opt/airflow/dags/example_dag.py
[2025-12-21T20:36:24.954+0000] {processor.py:830} INFO - Processing file /opt/airflow/dags/example_dag.py for tasks to queue
[2025-12-21T20:36:24.954+0000] {logging_mixin.py:188} INFO - [2025-12-21T20:36:24.954+0000] {dagbag.py:538} INFO - Filling up the DagBag from /opt/airflow/dags/example_dag.py
[2025-12-21T20:36:24.961+0000] {processor.py:840} INFO - DAG(s) 'example_dag' retrieved from /opt/airflow/dags/example_dag.py
[2025-12-21T20:36:24.973+0000] {logging_mixin.py:188} INFO - [2025-12-21T20:36:24.973+0000] {dag.py:3033} INFO - Sync 1 DAGs
[2025-12-21T20:36:24.987+0000] {logging_mixin.py:188} INFO - [2025-12-21T20:36:24.987+0000] {dag.py:3820} INFO - Setting next_dagrun for example_dag to 2025-12-20T00:00:00+00:00, run_after=2025-12-21T00:00:00+00:00
[2025-12-21T20:36:25.003+0000] {processor.py:183} INFO - Processing /opt/airflow/dags/example_dag.py took 0.053 seconds
[2025-12-21T20:36:55.494+0000] {processor.py:161} INFO - Started process (PID=42) to work on /opt/airflow/dags/example_dag.py
[2025-12-21T20:36:55.495+0000] {processor.py:830} INFO - Processing file /opt/airflow/dags/example_dag.py for tasks to queue
[2025-12-21T20:36:55.495+0000] {logging_mixin.py:188} INFO - [2025-12-21T20:36:55.495+0000] {dagbag.py:538} INFO - Filling up the DagBag from /opt/airflow/dags/example_dag.py
[2025-12-21T20:36:55.504+0000] {processor.py:840} INFO - DAG(s) 'example_dag' retrieved from /opt/airflow/dags/example_dag.py
[2025-12-21T20:36:55.593+0000] {logging_mixin.py:188} INFO - [2025-12-21T20:36:55.593+0000] {dag.py:3033} INFO - Sync 1 DAGs
[2025-12-21T20:36:55.611+0000] {logging_mixin.py:188} INFO - [2025-12-21T20:36:55.610+0000] {dag.py:3820} INFO - Setting next_dagrun for example_dag to 2025-12-20T00:00:00+00:00, run_after=2025-12-21T00:00:00+00:00
[2025-12-21T20:36:55.621+0000] {processor.py:183} INFO - Processing /opt/airflow/dags/example_dag.py took 0.129 seconds
[2025-12-21T20:37:26.079+0000] {processor.py:161} INFO - Started process (PID=52) to work on /opt/airflow/dags/example_dag.py
[2025-12-21T20:37:26.080+0000] {processor.py:830} INFO - Processing file /opt/airflow/dags/example_dag.py for tasks to queue
[2025-12-21T20:37:26.081+0000] {logging_mixin.py:188} INFO - [2025-12-21T20:37:26.080+0000] {dagbag.py:538} INFO - Filling up the DagBag from /opt/airflow/dags/example_dag.py
[2025-12-21T20:37:26.091+0000] {processor.py:840} INFO - DAG(s) 'example_dag' retrieved from /opt/airflow/dags/example_dag.py
[2025-12-21T20:37:26.138+0000] {logging_mixin.py:188} INFO - [2025-12-21T20:37:26.138+0000] {dag.py:3033} INFO - Sync 1 DAGs
[2025-12-21T20:37:26.182+0000] {logging_mixin.py:188} INFO - [2025-12-21T20:37:26.182+0000] {dag.py:3820} INFO - Setting next_dagrun for example_dag to 2025-12-20T00:00:00+00:00, run_after=2025-12-21T00:00:00+00:00
[2025-12-21T20:37:26.205+0000] {processor.py:183} INFO - Processing /opt/airflow/dags/example_dag.py took 0.129 seconds
[2025-12-21T20:37:56.565+0000] {processor.py:161} INFO - Started process (PID=62) to work on /opt/airflow/dags/example_dag.py
[2025-12-21T20:37:56.566+0000] {processor.py:830} INFO - Processing file /opt/airflow/dags/example_dag.py for tasks to queue
[2025-12-21T20:37:56.567+0000] {logging_mixin.py:188} INFO - [2025-12-21T20:37:56.566+0000] {dagbag.py:538} INFO - Filling up the DagBag from /opt/airflow/dags/example_dag.py
[2025-12-21T20:37:56.574+0000] {processor.py:840} INFO - DAG(s) 'example_dag' retrieved from /opt/airflow/dags/example_dag.py
[2025-12-21T20:37:56.596+0000] {logging_mixin.py:188} INFO - [2025-12-21T20:37:56.596+0000] {dag.py:3033} INFO - Sync 1 DAGs
[2025-12-21T20:37:56.610+0000] {logging_mixin.py:188} INFO - [2025-12-21T20:37:56.609+0000] {dag.py:3820} INFO - Setting next_dagrun for example_dag to 2025-12-20T00:00:00+00:00, run_after=2025-12-21T00:00:00+00:00
[2025-12-21T20:37:56.621+0000] {processor.py:183} INFO - Processing /opt/airflow/dags/example_dag.py took 0.059 seconds
[2025-12-21T20:38:26.949+0000] {processor.py:161} INFO - Started process (PID=72) to work on /opt/airflow/dags/example_dag.py
[2025-12-21T20:38:26.950+0000] {processor.py:830} INFO - Processing file /opt/airflow/dags/example_dag.py for tasks to queue
[2025-12-21T20:38:26.950+0000] {logging_mixin.py:188} INFO - [2025-12-21T20:38:26.950+0000] {dagbag.py:538} INFO - Filling up the DagBag from /opt/airflow/dags/example_dag.py
[2025-12-21T20:38:26.958+0000] {processor.py:840} INFO - DAG(s) 'example_dag' retrieved from /opt/airflow/dags/example_dag.py
[2025-12-21T20:38:26.977+0000] {logging_mixin.py:188} INFO - [2025-12-21T20:38:26.977+0000] {dag.py:3033} INFO - Sync 1 DAGs
[2025-12-21T20:38:26.991+0000] {logging_mixin.py:188} INFO - [2025-12-21T20:38:26.991+0000] {dag.py:3820} INFO - Setting next_dagrun for example_dag to 2025-12-20T00:00:00+00:00, run_after=2025-12-21T00:00:00+00:00
[2025-12-21T20:38:27.002+0000] {processor.py:183} INFO - Processing /opt/airflow/dags/example_dag.py took 0.055 seconds
[2025-12-21T20:38:57.688+0000] {processor.py:161} INFO - Started process (PID=94) to work on /opt/airflow/dags/example_dag.py
[2025-12-21T20:38:57.689+0000] {processor.py:830} INFO - Processing file /opt/airflow/dags/example_dag.py for tasks to queue
[2025-12-21T20:38:57.690+0000] {logging_mixin.py:188} INFO - [2025-12-21T20:38:57.690+0000] {dagbag.py:538} INFO - Filling up the DagBag from /opt/airflow/dags/example_dag.py
[2025-12-21T20:38:57.699+0000] {processor.py:840} INFO - DAG(s) 'example_dag' retrieved from /opt/airflow/dags/example_dag.py
[2025-12-21T20:38:57.735+0000] {logging_mixin.py:188} INFO - [2025-12-21T20:38:57.734+0000] {dag.py:3033} INFO - Sync 1 DAGs
[2025-12-21T20:38:57.757+0000] {logging_mixin.py:188} INFO - [2025-12-21T20:38:57.757+0000] {dag.py:3820} INFO - Setting next_dagrun for example_dag to 2025-12-20T00:00:00+00:00, run_after=2025-12-21T00:00:00+00:00
[2025-12-21T20:38:57.771+0000] {processor.py:183} INFO - Processing /opt/airflow/dags/example_dag.py took 0.086 seconds
[2025-12-21T20:39:28.335+0000] {processor.py:161} INFO - Started process (PID=152) to work on /opt/airflow/dags/example_dag.py
[2025-12-21T20:39:28.337+0000] {processor.py:830} INFO - Processing file /opt/airflow/dags/example_dag.py for tasks to queue
[2025-12-21T20:39:28.338+0000] {logging_mixin.py:188} INFO - [2025-12-21T20:39:28.338+0000] {dagbag.py:538} INFO - Filling up the DagBag from /opt/airflow/dags/example_dag.py
[2025-12-21T20:39:28.350+0000] {processor.py:840} INFO - DAG(s) 'example_dag' retrieved from /opt/airflow/dags/example_dag.py
[2025-12-21T20:39:28.375+0000] {logging_mixin.py:188} INFO - [2025-12-21T20:39:28.375+0000] {dag.py:3033} INFO - Sync 1 DAGs
[2025-12-21T20:39:28.391+0000] {logging_mixin.py:188} INFO - [2025-12-21T20:39:28.390+0000] {dag.py:3820} INFO - Setting next_dagrun for example_dag to 2025-12-20T00:00:00+00:00, run_after=2025-12-21T00:00:00+00:00
[2025-12-21T20:39:28.404+0000] {processor.py:183} INFO - Processing /opt/airflow/dags/example_dag.py took 0.079 seconds
[2025-12-21T20:39:58.737+0000] {processor.py:161} INFO - Started process (PID=162) to work on /opt/airflow/dags/example_dag.py
[2025-12-21T20:39:58.739+0000] {processor.py:830} INFO - Processing file /opt/airflow/dags/example_dag.py for tasks to queue
[2025-12-21T20:39:58.740+0000] {logging_mixin.py:188} INFO - [2025-12-21T20:39:58.740+0000] {dagbag.py:538} INFO - Filling up the DagBag from /opt/airflow/dags/example_dag.py
[2025-12-21T20:39:58.750+0000] {processor.py:840} INFO - DAG(s) 'example_dag' retrieved from /opt/airflow/dags/example_dag.py
[2025-12-21T20:39:58.772+0000] {logging_mixin.py:188} INFO - [2025-12-21T20:39:58.772+0000] {dag.py:3033} INFO - Sync 1 DAGs
[2025-12-21T20:39:58.786+0000] {logging_mixin.py:188} INFO - [2025-12-21T20:39:58.786+0000] {dag.py:3820} INFO - Setting next_dagrun for example_dag to 2025-12-20T00:00:00+00:00, run_after=2025-12-21T00:00:00+00:00
[2025-12-21T20:39:58.798+0000] {processor.py:183} INFO - Processing /opt/airflow/dags/example_dag.py took 0.066 seconds
[2025-12-21T20:40:29.281+0000] {processor.py:161} INFO - Started process (PID=172) to work on /opt/airflow/dags/example_dag.py
[2025-12-21T20:40:29.281+0000] {processor.py:830} INFO - Processing file /opt/airflow/dags/example_dag.py for tasks to queue
[2025-12-21T20:40:29.282+0000] {logging_mixin.py:188} INFO - [2025-12-21T20:40:29.282+0000] {dagbag.py:538} INFO - Filling up the DagBag from /opt/airflow/dags/example_dag.py
[2025-12-21T20:40:29.290+0000] {processor.py:840} INFO - DAG(s) 'example_dag' retrieved from /opt/airflow/dags/example_dag.py
[2025-12-21T20:40:29.309+0000] {logging_mixin.py:188} INFO - [2025-12-21T20:40:29.309+0000] {dag.py:3033} INFO - Sync 1 DAGs
[2025-12-21T20:40:29.322+0000] {logging_mixin.py:188} INFO - [2025-12-21T20:40:29.322+0000] {dag.py:3820} INFO - Setting next_dagrun for example_dag to 2025-12-20T00:00:00+00:00, run_after=2025-12-21T00:00:00+00:00
[2025-12-21T20:40:29.334+0000] {processor.py:183} INFO - Processing /opt/airflow/dags/example_dag.py took 0.055 seconds
[2025-12-21T20:41:00.177+0000] {processor.py:161} INFO - Started process (PID=175) to work on /opt/airflow/dags/example_dag.py
[2025-12-21T20:41:00.178+0000] {processor.py:830} INFO - Processing file /opt/airflow/dags/example_dag.py for tasks to queue
[2025-12-21T20:41:00.179+0000] {logging_mixin.py:188} INFO - [2025-12-21T20:41:00.178+0000] {dagbag.py:538} INFO - Filling up the DagBag from /opt/airflow/dags/example_dag.py
[2025-12-21T20:41:00.189+0000] {processor.py:840} INFO - DAG(s) 'example_dag' retrieved from /opt/airflow/dags/example_dag.py
[2025-12-21T20:41:00.259+0000] {logging_mixin.py:188} INFO - [2025-12-21T20:41:00.259+0000] {dag.py:3033} INFO - Sync 1 DAGs
[2025-12-21T20:41:00.276+0000] {logging_mixin.py:188} INFO - [2025-12-21T20:41:00.276+0000] {dag.py:3820} INFO - Setting next_dagrun for example_dag to 2025-12-20T00:00:00+00:00, run_after=2025-12-21T00:00:00+00:00
[2025-12-21T20:41:00.292+0000] {processor.py:183} INFO - Processing /opt/airflow/dags/example_dag.py took 0.117 seconds
[2025-12-21T20:41:31.261+0000] {processor.py:161} INFO - Started process (PID=185) to work on /opt/airflow/dags/example_dag.py
[2025-12-21T20:41:31.262+0000] {processor.py:830} INFO - Processing file /opt/airflow/dags/example_dag.py for tasks to queue
[2025-12-21T20:41:31.262+0000] {logging_mixin.py:188} INFO - [2025-12-21T20:41:31.262+0000] {dagbag.py:538} INFO - Filling up the DagBag from /opt/airflow/dags/example_dag.py
[2025-12-21T20:41:31.271+0000] {processor.py:840} INFO - DAG(s) 'example_dag' retrieved from /opt/airflow/dags/example_dag.py
[2025-12-21T20:41:31.299+0000] {logging_mixin.py:188} INFO - [2025-12-21T20:41:31.299+0000] {dag.py:3033} INFO - Sync 1 DAGs
[2025-12-21T20:41:31.323+0000] {logging_mixin.py:188} INFO - [2025-12-21T20:41:31.323+0000] {dag.py:3820} INFO - Setting next_dagrun for example_dag to 2025-12-20T00:00:00+00:00, run_after=2025-12-21T00:00:00+00:00
[2025-12-21T20:41:31.339+0000] {processor.py:183} INFO - Processing /opt/airflow/dags/example_dag.py took 0.082 seconds
[2025-12-21T20:42:01.803+0000] {processor.py:161} INFO - Started process (PID=195) to work on /opt/airflow/dags/example_dag.py
[2025-12-21T20:42:01.804+0000] {processor.py:830} INFO - Processing file /opt/airflow/dags/example_dag.py for tasks to queue
[2025-12-21T20:42:01.804+0000] {logging_mixin.py:188} INFO - [2025-12-21T20:42:01.804+0000] {dagbag.py:538} INFO - Filling up the DagBag from /opt/airflow/dags/example_dag.py
[2025-12-21T20:42:01.812+0000] {processor.py:840} INFO - DAG(s) 'example_dag' retrieved from /opt/airflow/dags/example_dag.py
[2025-12-21T20:42:01.844+0000] {logging_mixin.py:188} INFO - [2025-12-21T20:42:01.844+0000] {dag.py:3033} INFO - Sync 1 DAGs
[2025-12-21T20:42:01.863+0000] {logging_mixin.py:188} INFO - [2025-12-21T20:42:01.863+0000] {dag.py:3820} INFO - Setting next_dagrun for example_dag to 2025-12-20T00:00:00+00:00, run_after=2025-12-21T00:00:00+00:00
[2025-12-21T20:42:01.886+0000] {processor.py:183} INFO - Processing /opt/airflow/dags/example_dag.py took 0.086 seconds
[2025-12-21T20:42:32.275+0000] {processor.py:161} INFO - Started process (PID=205) to work on /opt/airflow/dags/example_dag.py
[2025-12-21T20:42:32.275+0000] {processor.py:830} INFO - Processing file /opt/airflow/dags/example_dag.py for tasks to queue
[2025-12-21T20:42:32.276+0000] {logging_mixin.py:188} INFO - [2025-12-21T20:42:32.276+0000] {dagbag.py:538} INFO - Filling up the DagBag from /opt/airflow/dags/example_dag.py
[2025-12-21T20:42:32.283+0000] {processor.py:840} INFO - DAG(s) 'example_dag' retrieved from /opt/airflow/dags/example_dag.py
[2025-12-21T20:42:32.303+0000] {logging_mixin.py:188} INFO - [2025-12-21T20:42:32.303+0000] {dag.py:3033} INFO - Sync 1 DAGs
[2025-12-21T20:42:32.318+0000] {logging_mixin.py:188} INFO - [2025-12-21T20:42:32.318+0000] {dag.py:3820} INFO - Setting next_dagrun for example_dag to 2025-12-20T00:00:00+00:00, run_after=2025-12-21T00:00:00+00:00
[2025-12-21T20:42:32.332+0000] {processor.py:183} INFO - Processing /opt/airflow/dags/example_dag.py took 0.060 seconds
[2025-12-21T20:43:03.070+0000] {processor.py:161} INFO - Started process (PID=215) to work on /opt/airflow/dags/example_dag.py
[2025-12-21T20:43:03.071+0000] {processor.py:830} INFO - Processing file /opt/airflow/dags/example_dag.py for tasks to queue
[2025-12-21T20:43:03.071+0000] {logging_mixin.py:188} INFO - [2025-12-21T20:43:03.071+0000] {dagbag.py:538} INFO - Filling up the DagBag from /opt/airflow/dags/example_dag.py
[2025-12-21T20:43:03.079+0000] {processor.py:840} INFO - DAG(s) 'example_dag' retrieved from /opt/airflow/dags/example_dag.py
[2025-12-21T20:43:03.101+0000] {logging_mixin.py:188} INFO - [2025-12-21T20:43:03.101+0000] {dag.py:3033} INFO - Sync 1 DAGs
[2025-12-21T20:43:03.121+0000] {logging_mixin.py:188} INFO - [2025-12-21T20:43:03.121+0000] {dag.py:3820} INFO - Setting next_dagrun for example_dag to 2025-12-20T00:00:00+00:00, run_after=2025-12-21T00:00:00+00:00
[2025-12-21T20:43:03.136+0000] {processor.py:183} INFO - Processing /opt/airflow/dags/example_dag.py took 0.068 seconds
[2025-12-21T20:43:34.061+0000] {processor.py:161} INFO - Started process (PID=225) to work on /opt/airflow/dags/example_dag.py
[2025-12-21T20:43:34.062+0000] {processor.py:830} INFO - Processing file /opt/airflow/dags/example_dag.py for tasks to queue
[2025-12-21T20:43:34.062+0000] {logging_mixin.py:188} INFO - [2025-12-21T20:43:34.062+0000] {dagbag.py:538} INFO - Filling up the DagBag from /opt/airflow/dags/example_dag.py
[2025-12-21T20:43:34.071+0000] {processor.py:840} INFO - DAG(s) 'example_dag' retrieved from /opt/airflow/dags/example_dag.py
[2025-12-21T20:43:34.093+0000] {logging_mixin.py:188} INFO - [2025-12-21T20:43:34.093+0000] {dag.py:3033} INFO - Sync 1 DAGs
[2025-12-21T20:43:34.109+0000] {logging_mixin.py:188} INFO - [2025-12-21T20:43:34.108+0000] {dag.py:3820} INFO - Setting next_dagrun for example_dag to 2025-12-20T00:00:00+00:00, run_after=2025-12-21T00:00:00+00:00
[2025-12-21T20:43:34.124+0000] {processor.py:183} INFO - Processing /opt/airflow/dags/example_dag.py took 0.065 seconds
[2025-12-21T20:44:04.624+0000] {processor.py:161} INFO - Started process (PID=235) to work on /opt/airflow/dags/example_dag.py
[2025-12-21T20:44:04.627+0000] {processor.py:830} INFO - Processing file /opt/airflow/dags/example_dag.py for tasks to queue
[2025-12-21T20:44:04.629+0000] {logging_mixin.py:188} INFO - [2025-12-21T20:44:04.629+0000] {dagbag.py:538} INFO - Filling up the DagBag from /opt/airflow/dags/example_dag.py
[2025-12-21T20:44:04.652+0000] {processor.py:840} INFO - DAG(s) 'example_dag' retrieved from /opt/airflow/dags/example_dag.py
[2025-12-21T20:44:04.683+0000] {logging_mixin.py:188} INFO - [2025-12-21T20:44:04.683+0000] {dag.py:3033} INFO - Sync 1 DAGs
[2025-12-21T20:44:04.727+0000] {logging_mixin.py:188} INFO - [2025-12-21T20:44:04.726+0000] {dag.py:3820} INFO - Setting next_dagrun for example_dag to 2025-12-20T00:00:00+00:00, run_after=2025-12-21T00:00:00+00:00
[2025-12-21T20:44:04.748+0000] {processor.py:183} INFO - Processing /opt/airflow/dags/example_dag.py took 0.134 seconds
[2025-12-21T20:44:35.374+0000] {processor.py:161} INFO - Started process (PID=244) to work on /opt/airflow/dags/example_dag.py
[2025-12-21T20:44:35.375+0000] {processor.py:830} INFO - Processing file /opt/airflow/dags/example_dag.py for tasks to queue
[2025-12-21T20:44:35.376+0000] {logging_mixin.py:188} INFO - [2025-12-21T20:44:35.376+0000] {dagbag.py:538} INFO - Filling up the DagBag from /opt/airflow/dags/example_dag.py
[2025-12-21T20:44:35.385+0000] {processor.py:840} INFO - DAG(s) 'example_dag' retrieved from /opt/airflow/dags/example_dag.py
[2025-12-21T20:44:35.411+0000] {logging_mixin.py:188} INFO - [2025-12-21T20:44:35.411+0000] {dag.py:3033} INFO - Sync 1 DAGs
[2025-12-21T20:44:35.431+0000] {logging_mixin.py:188} INFO - [2025-12-21T20:44:35.431+0000] {dag.py:3820} INFO - Setting next_dagrun for example_dag to 2025-12-20T00:00:00+00:00, run_after=2025-12-21T00:00:00+00:00
[2025-12-21T20:44:35.445+0000] {processor.py:183} INFO - Processing /opt/airflow/dags/example_dag.py took 0.073 seconds
[2025-12-21T20:45:05.908+0000] {processor.py:161} INFO - Started process (PID=255) to work on /opt/airflow/dags/example_dag.py
[2025-12-21T20:45:05.910+0000] {processor.py:830} INFO - Processing file /opt/airflow/dags/example_dag.py for tasks to queue
[2025-12-21T20:45:05.911+0000] {logging_mixin.py:188} INFO - [2025-12-21T20:45:05.911+0000] {dagbag.py:538} INFO - Filling up the DagBag from /opt/airflow/dags/example_dag.py
[2025-12-21T20:45:05.926+0000] {processor.py:840} INFO - DAG(s) 'example_dag' retrieved from /opt/airflow/dags/example_dag.py
[2025-12-21T20:45:05.955+0000] {logging_mixin.py:188} INFO - [2025-12-21T20:45:05.955+0000] {dag.py:3033} INFO - Sync 1 DAGs
[2025-12-21T20:45:05.974+0000] {logging_mixin.py:188} INFO - [2025-12-21T20:45:05.973+0000] {dag.py:3820} INFO - Setting next_dagrun for example_dag to 2025-12-20T00:00:00+00:00, run_after=2025-12-21T00:00:00+00:00
[2025-12-21T20:45:05.989+0000] {processor.py:183} INFO - Processing /opt/airflow/dags/example_dag.py took 0.083 seconds
[2025-12-21T20:49:04.506+0000] {processor.py:161} INFO - Started process (PID=32) to work on /opt/airflow/dags/example_dag.py
[2025-12-21T20:49:04.507+0000] {processor.py:830} INFO - Processing file /opt/airflow/dags/example_dag.py for tasks to queue
[2025-12-21T20:49:04.508+0000] {logging_mixin.py:188} INFO - [2025-12-21T20:49:04.507+0000] {dagbag.py:538} INFO - Filling up the DagBag from /opt/airflow/dags/example_dag.py
[2025-12-21T20:49:04.516+0000] {processor.py:840} INFO - DAG(s) 'example_dag' retrieved from /opt/airflow/dags/example_dag.py
[2025-12-21T20:49:04.535+0000] {logging_mixin.py:188} INFO - [2025-12-21T20:49:04.535+0000] {dag.py:3033} INFO - Sync 1 DAGs
[2025-12-21T20:49:04.553+0000] {logging_mixin.py:188} INFO - [2025-12-21T20:49:04.552+0000] {dag.py:3820} INFO - Setting next_dagrun for example_dag to 2025-12-20T00:00:00+00:00, run_after=2025-12-21T00:00:00+00:00
[2025-12-21T20:49:04.566+0000] {processor.py:183} INFO - Processing /opt/airflow/dags/example_dag.py took 0.063 seconds
[2025-12-21T20:49:35.098+0000] {processor.py:161} INFO - Started process (PID=42) to work on /opt/airflow/dags/example_dag.py
[2025-12-21T20:49:35.100+0000] {processor.py:830} INFO - Processing file /opt/airflow/dags/example_dag.py for tasks to queue
[2025-12-21T20:49:35.101+0000] {logging_mixin.py:188} INFO - [2025-12-21T20:49:35.101+0000] {dagbag.py:538} INFO - Filling up the DagBag from /opt/airflow/dags/example_dag.py
[2025-12-21T20:49:35.111+0000] {processor.py:840} INFO - DAG(s) 'example_dag' retrieved from /opt/airflow/dags/example_dag.py
[2025-12-21T20:49:35.182+0000] {logging_mixin.py:188} INFO - [2025-12-21T20:49:35.181+0000] {dag.py:3033} INFO - Sync 1 DAGs
[2025-12-21T20:49:35.197+0000] {logging_mixin.py:188} INFO - [2025-12-21T20:49:35.197+0000] {dag.py:3820} INFO - Setting next_dagrun for example_dag to 2025-12-20T00:00:00+00:00, run_after=2025-12-21T00:00:00+00:00
[2025-12-21T20:49:35.213+0000] {processor.py:183} INFO - Processing /opt/airflow/dags/example_dag.py took 0.117 seconds
[2025-12-21T20:50:05.434+0000] {processor.py:161} INFO - Started process (PID=52) to work on /opt/airflow/dags/example_dag.py
[2025-12-21T20:50:05.435+0000] {processor.py:830} INFO - Processing file /opt/airflow/dags/example_dag.py for tasks to queue
[2025-12-21T20:50:05.435+0000] {logging_mixin.py:188} INFO - [2025-12-21T20:50:05.435+0000] {dagbag.py:538} INFO - Filling up the DagBag from /opt/airflow/dags/example_dag.py
[2025-12-21T20:50:05.443+0000] {processor.py:840} INFO - DAG(s) 'example_dag' retrieved from /opt/airflow/dags/example_dag.py
[2025-12-21T20:50:05.463+0000] {logging_mixin.py:188} INFO - [2025-12-21T20:50:05.463+0000] {dag.py:3033} INFO - Sync 1 DAGs
[2025-12-21T20:50:05.476+0000] {logging_mixin.py:188} INFO - [2025-12-21T20:50:05.476+0000] {dag.py:3820} INFO - Setting next_dagrun for example_dag to 2025-12-20T00:00:00+00:00, run_after=2025-12-21T00:00:00+00:00
[2025-12-21T20:50:05.489+0000] {processor.py:183} INFO - Processing /opt/airflow/dags/example_dag.py took 0.057 seconds
[2025-12-21T20:50:35.934+0000] {processor.py:161} INFO - Started process (PID=62) to work on /opt/airflow/dags/example_dag.py
[2025-12-21T20:50:35.935+0000] {processor.py:830} INFO - Processing file /opt/airflow/dags/example_dag.py for tasks to queue
[2025-12-21T20:50:35.936+0000] {logging_mixin.py:188} INFO - [2025-12-21T20:50:35.936+0000] {dagbag.py:538} INFO - Filling up the DagBag from /opt/airflow/dags/example_dag.py
[2025-12-21T20:50:35.945+0000] {processor.py:840} INFO - DAG(s) 'example_dag' retrieved from /opt/airflow/dags/example_dag.py
[2025-12-21T20:50:35.969+0000] {logging_mixin.py:188} INFO - [2025-12-21T20:50:35.968+0000] {dag.py:3033} INFO - Sync 1 DAGs
[2025-12-21T20:50:35.984+0000] {logging_mixin.py:188} INFO - [2025-12-21T20:50:35.984+0000] {dag.py:3820} INFO - Setting next_dagrun for example_dag to 2025-12-20T00:00:00+00:00, run_after=2025-12-21T00:00:00+00:00
[2025-12-21T20:50:35.997+0000] {processor.py:183} INFO - Processing /opt/airflow/dags/example_dag.py took 0.065 seconds
[2025-12-21T20:51:06.712+0000] {processor.py:161} INFO - Started process (PID=72) to work on /opt/airflow/dags/example_dag.py
[2025-12-21T20:51:06.713+0000] {processor.py:830} INFO - Processing file /opt/airflow/dags/example_dag.py for tasks to queue
[2025-12-21T20:51:06.714+0000] {logging_mixin.py:188} INFO - [2025-12-21T20:51:06.714+0000] {dagbag.py:538} INFO - Filling up the DagBag from /opt/airflow/dags/example_dag.py
[2025-12-21T20:51:06.722+0000] {processor.py:840} INFO - DAG(s) 'example_dag' retrieved from /opt/airflow/dags/example_dag.py
[2025-12-21T20:51:06.747+0000] {logging_mixin.py:188} INFO - [2025-12-21T20:51:06.747+0000] {dag.py:3033} INFO - Sync 1 DAGs
[2025-12-21T20:51:06.764+0000] {logging_mixin.py:188} INFO - [2025-12-21T20:51:06.764+0000] {dag.py:3820} INFO - Setting next_dagrun for example_dag to 2025-12-20T00:00:00+00:00, run_after=2025-12-21T00:00:00+00:00
[2025-12-21T20:51:06.777+0000] {processor.py:183} INFO - Processing /opt/airflow/dags/example_dag.py took 0.067 seconds
[2025-12-21T20:51:38.532+0000] {processor.py:161} INFO - Started process (PID=82) to work on /opt/airflow/dags/example_dag.py
[2025-12-21T20:51:38.537+0000] {processor.py:830} INFO - Processing file /opt/airflow/dags/example_dag.py for tasks to queue
[2025-12-21T20:51:38.541+0000] {logging_mixin.py:188} INFO - [2025-12-21T20:51:38.540+0000] {dagbag.py:538} INFO - Filling up the DagBag from /opt/airflow/dags/example_dag.py
[2025-12-21T20:51:38.640+0000] {processor.py:840} INFO - DAG(s) 'example_dag' retrieved from /opt/airflow/dags/example_dag.py
[2025-12-21T20:51:39.009+0000] {logging_mixin.py:188} INFO - [2025-12-21T20:51:39.006+0000] {dag.py:3033} INFO - Sync 1 DAGs
[2025-12-21T20:51:39.248+0000] {logging_mixin.py:188} INFO - [2025-12-21T20:51:39.247+0000] {dag.py:3820} INFO - Setting next_dagrun for example_dag to 2025-12-20T00:00:00+00:00, run_after=2025-12-21T00:00:00+00:00
[2025-12-21T20:51:39.277+0000] {processor.py:183} INFO - Processing /opt/airflow/dags/example_dag.py took 0.799 seconds
[2025-12-21T20:52:09.657+0000] {processor.py:161} INFO - Started process (PID=92) to work on /opt/airflow/dags/example_dag.py
[2025-12-21T20:52:09.658+0000] {processor.py:830} INFO - Processing file /opt/airflow/dags/example_dag.py for tasks to queue
[2025-12-21T20:52:09.658+0000] {logging_mixin.py:188} INFO - [2025-12-21T20:52:09.658+0000] {dagbag.py:538} INFO - Filling up the DagBag from /opt/airflow/dags/example_dag.py
[2025-12-21T20:52:09.667+0000] {processor.py:840} INFO - DAG(s) 'example_dag' retrieved from /opt/airflow/dags/example_dag.py
[2025-12-21T20:52:09.691+0000] {logging_mixin.py:188} INFO - [2025-12-21T20:52:09.691+0000] {dag.py:3033} INFO - Sync 1 DAGs
[2025-12-21T20:52:09.706+0000] {logging_mixin.py:188} INFO - [2025-12-21T20:52:09.706+0000] {dag.py:3820} INFO - Setting next_dagrun for example_dag to 2025-12-20T00:00:00+00:00, run_after=2025-12-21T00:00:00+00:00
[2025-12-21T20:52:09.718+0000] {processor.py:183} INFO - Processing /opt/airflow/dags/example_dag.py took 0.064 seconds
[2025-12-21T20:52:40.371+0000] {processor.py:161} INFO - Started process (PID=102) to work on /opt/airflow/dags/example_dag.py
[2025-12-21T20:52:40.373+0000] {processor.py:830} INFO - Processing file /opt/airflow/dags/example_dag.py for tasks to queue
[2025-12-21T20:52:40.375+0000] {logging_mixin.py:188} INFO - [2025-12-21T20:52:40.374+0000] {dagbag.py:538} INFO - Filling up the DagBag from /opt/airflow/dags/example_dag.py
[2025-12-21T20:52:40.385+0000] {processor.py:840} INFO - DAG(s) 'example_dag' retrieved from /opt/airflow/dags/example_dag.py
[2025-12-21T20:52:40.432+0000] {logging_mixin.py:188} INFO - [2025-12-21T20:52:40.432+0000] {dag.py:3033} INFO - Sync 1 DAGs
[2025-12-21T20:52:40.461+0000] {logging_mixin.py:188} INFO - [2025-12-21T20:52:40.461+0000] {dag.py:3820} INFO - Setting next_dagrun for example_dag to 2025-12-20T00:00:00+00:00, run_after=2025-12-21T00:00:00+00:00
[2025-12-21T20:52:40.484+0000] {processor.py:183} INFO - Processing /opt/airflow/dags/example_dag.py took 0.125 seconds
[2025-12-21T20:53:11.033+0000] {processor.py:161} INFO - Started process (PID=111) to work on /opt/airflow/dags/example_dag.py
[2025-12-21T20:53:11.034+0000] {processor.py:830} INFO - Processing file /opt/airflow/dags/example_dag.py for tasks to queue
[2025-12-21T20:53:11.034+0000] {logging_mixin.py:188} INFO - [2025-12-21T20:53:11.034+0000] {dagbag.py:538} INFO - Filling up the DagBag from /opt/airflow/dags/example_dag.py
[2025-12-21T20:53:11.043+0000] {processor.py:840} INFO - DAG(s) 'example_dag' retrieved from /opt/airflow/dags/example_dag.py
[2025-12-21T20:53:11.066+0000] {logging_mixin.py:188} INFO - [2025-12-21T20:53:11.066+0000] {dag.py:3033} INFO - Sync 1 DAGs
[2025-12-21T20:53:11.085+0000] {logging_mixin.py:188} INFO - [2025-12-21T20:53:11.085+0000] {dag.py:3820} INFO - Setting next_dagrun for example_dag to 2025-12-20T00:00:00+00:00, run_after=2025-12-21T00:00:00+00:00
[2025-12-21T20:53:11.103+0000] {processor.py:183} INFO - Processing /opt/airflow/dags/example_dag.py took 0.073 seconds
[2025-12-21T20:53:41.429+0000] {processor.py:161} INFO - Started process (PID=115) to work on /opt/airflow/dags/example_dag.py
[2025-12-21T20:53:41.430+0000] {processor.py:830} INFO - Processing file /opt/airflow/dags/example_dag.py for tasks to queue
[2025-12-21T20:53:41.431+0000] {logging_mixin.py:188} INFO - [2025-12-21T20:53:41.431+0000] {dagbag.py:538} INFO - Filling up the DagBag from /opt/airflow/dags/example_dag.py
[2025-12-21T20:53:41.440+0000] {processor.py:840} INFO - DAG(s) 'example_dag' retrieved from /opt/airflow/dags/example_dag.py
[2025-12-21T20:53:41.461+0000] {logging_mixin.py:188} INFO - [2025-12-21T20:53:41.461+0000] {dag.py:3033} INFO - Sync 1 DAGs
[2025-12-21T20:53:41.482+0000] {logging_mixin.py:188} INFO - [2025-12-21T20:53:41.481+0000] {dag.py:3820} INFO - Setting next_dagrun for example_dag to 2025-12-20T00:00:00+00:00, run_after=2025-12-21T00:00:00+00:00
[2025-12-21T20:53:41.500+0000] {processor.py:183} INFO - Processing /opt/airflow/dags/example_dag.py took 0.075 seconds
[2025-12-21T20:54:11.862+0000] {processor.py:161} INFO - Started process (PID=125) to work on /opt/airflow/dags/example_dag.py
[2025-12-21T20:54:11.864+0000] {processor.py:830} INFO - Processing file /opt/airflow/dags/example_dag.py for tasks to queue
[2025-12-21T20:54:11.865+0000] {logging_mixin.py:188} INFO - [2025-12-21T20:54:11.864+0000] {dagbag.py:538} INFO - Filling up the DagBag from /opt/airflow/dags/example_dag.py
[2025-12-21T20:54:11.874+0000] {processor.py:840} INFO - DAG(s) 'example_dag' retrieved from /opt/airflow/dags/example_dag.py
[2025-12-21T20:54:11.899+0000] {logging_mixin.py:188} INFO - [2025-12-21T20:54:11.899+0000] {dag.py:3033} INFO - Sync 1 DAGs
[2025-12-21T20:54:11.918+0000] {logging_mixin.py:188} INFO - [2025-12-21T20:54:11.918+0000] {dag.py:3820} INFO - Setting next_dagrun for example_dag to 2025-12-20T00:00:00+00:00, run_after=2025-12-21T00:00:00+00:00
[2025-12-21T20:54:11.937+0000] {processor.py:183} INFO - Processing /opt/airflow/dags/example_dag.py took 0.078 seconds
[2025-12-21T20:54:42.422+0000] {processor.py:161} INFO - Started process (PID=135) to work on /opt/airflow/dags/example_dag.py
[2025-12-21T20:54:42.426+0000] {processor.py:830} INFO - Processing file /opt/airflow/dags/example_dag.py for tasks to queue
[2025-12-21T20:54:42.427+0000] {logging_mixin.py:188} INFO - [2025-12-21T20:54:42.427+0000] {dagbag.py:538} INFO - Filling up the DagBag from /opt/airflow/dags/example_dag.py
[2025-12-21T20:54:42.446+0000] {processor.py:840} INFO - DAG(s) 'example_dag' retrieved from /opt/airflow/dags/example_dag.py
[2025-12-21T20:54:42.476+0000] {logging_mixin.py:188} INFO - [2025-12-21T20:54:42.476+0000] {dag.py:3033} INFO - Sync 1 DAGs
[2025-12-21T20:54:42.501+0000] {logging_mixin.py:188} INFO - [2025-12-21T20:54:42.501+0000] {dag.py:3820} INFO - Setting next_dagrun for example_dag to 2025-12-20T00:00:00+00:00, run_after=2025-12-21T00:00:00+00:00
[2025-12-21T20:54:42.517+0000] {processor.py:183} INFO - Processing /opt/airflow/dags/example_dag.py took 0.108 seconds
[2025-12-21T20:55:12.607+0000] {processor.py:161} INFO - Started process (PID=145) to work on /opt/airflow/dags/example_dag.py
[2025-12-21T20:55:12.608+0000] {processor.py:830} INFO - Processing file /opt/airflow/dags/example_dag.py for tasks to queue
[2025-12-21T20:55:12.609+0000] {logging_mixin.py:188} INFO - [2025-12-21T20:55:12.608+0000] {dagbag.py:538} INFO - Filling up the DagBag from /opt/airflow/dags/example_dag.py
[2025-12-21T20:55:12.616+0000] {processor.py:840} INFO - DAG(s) 'example_dag' retrieved from /opt/airflow/dags/example_dag.py
[2025-12-21T20:55:12.648+0000] {logging_mixin.py:188} INFO - [2025-12-21T20:55:12.648+0000] {dag.py:3033} INFO - Sync 1 DAGs
[2025-12-21T20:55:12.663+0000] {logging_mixin.py:188} INFO - [2025-12-21T20:55:12.663+0000] {dag.py:3820} INFO - Setting next_dagrun for example_dag to 2025-12-20T00:00:00+00:00, run_after=2025-12-21T00:00:00+00:00
[2025-12-21T20:55:12.678+0000] {processor.py:183} INFO - Processing /opt/airflow/dags/example_dag.py took 0.074 seconds
[2025-12-21T20:55:43.807+0000] {processor.py:161} INFO - Started process (PID=155) to work on /opt/airflow/dags/example_dag.py
[2025-12-21T20:55:43.808+0000] {processor.py:830} INFO - Processing file /opt/airflow/dags/example_dag.py for tasks to queue
[2025-12-21T20:55:43.809+0000] {logging_mixin.py:188} INFO - [2025-12-21T20:55:43.809+0000] {dagbag.py:538} INFO - Filling up the DagBag from /opt/airflow/dags/example_dag.py
[2025-12-21T20:55:43.821+0000] {processor.py:840} INFO - DAG(s) 'example_dag' retrieved from /opt/airflow/dags/example_dag.py
[2025-12-21T20:55:43.858+0000] {logging_mixin.py:188} INFO - [2025-12-21T20:55:43.858+0000] {dag.py:3033} INFO - Sync 1 DAGs
[2025-12-21T20:55:43.876+0000] {logging_mixin.py:188} INFO - [2025-12-21T20:55:43.876+0000] {dag.py:3820} INFO - Setting next_dagrun for example_dag to 2025-12-20T00:00:00+00:00, run_after=2025-12-21T00:00:00+00:00
[2025-12-21T20:55:43.893+0000] {processor.py:183} INFO - Processing /opt/airflow/dags/example_dag.py took 0.088 seconds
[2025-12-21T20:56:15.568+0000] {processor.py:161} INFO - Started process (PID=165) to work on /opt/airflow/dags/example_dag.py
[2025-12-21T20:56:15.569+0000] {processor.py:830} INFO - Processing file /opt/airflow/dags/example_dag.py for tasks to queue
[2025-12-21T20:56:15.572+0000] {logging_mixin.py:188} INFO - [2025-12-21T20:56:15.571+0000] {dagbag.py:538} INFO - Filling up the DagBag from /opt/airflow/dags/example_dag.py
[2025-12-21T20:56:15.584+0000] {processor.py:840} INFO - DAG(s) 'example_dag' retrieved from /opt/airflow/dags/example_dag.py
[2025-12-21T20:56:15.624+0000] {logging_mixin.py:188} INFO - [2025-12-21T20:56:15.624+0000] {dag.py:3033} INFO - Sync 1 DAGs
[2025-12-21T20:56:15.691+0000] {logging_mixin.py:188} INFO - [2025-12-21T20:56:15.691+0000] {dag.py:3820} INFO - Setting next_dagrun for example_dag to 2025-12-20T00:00:00+00:00, run_after=2025-12-21T00:00:00+00:00
[2025-12-21T20:56:15.715+0000] {processor.py:183} INFO - Processing /opt/airflow/dags/example_dag.py took 0.150 seconds
[2025-12-21T20:56:46.150+0000] {processor.py:161} INFO - Started process (PID=175) to work on /opt/airflow/dags/example_dag.py
[2025-12-21T20:56:46.150+0000] {processor.py:830} INFO - Processing file /opt/airflow/dags/example_dag.py for tasks to queue
[2025-12-21T20:56:46.151+0000] {logging_mixin.py:188} INFO - [2025-12-21T20:56:46.151+0000] {dagbag.py:538} INFO - Filling up the DagBag from /opt/airflow/dags/example_dag.py
[2025-12-21T20:56:46.160+0000] {processor.py:840} INFO - DAG(s) 'example_dag' retrieved from /opt/airflow/dags/example_dag.py
[2025-12-21T20:56:46.182+0000] {logging_mixin.py:188} INFO - [2025-12-21T20:56:46.182+0000] {dag.py:3033} INFO - Sync 1 DAGs
[2025-12-21T20:56:46.198+0000] {logging_mixin.py:188} INFO - [2025-12-21T20:56:46.198+0000] {dag.py:3820} INFO - Setting next_dagrun for example_dag to 2025-12-20T00:00:00+00:00, run_after=2025-12-21T00:00:00+00:00
[2025-12-21T20:56:46.211+0000] {processor.py:183} INFO - Processing /opt/airflow/dags/example_dag.py took 0.064 seconds
[2025-12-21T20:57:16.745+0000] {processor.py:161} INFO - Started process (PID=185) to work on /opt/airflow/dags/example_dag.py
[2025-12-21T20:57:16.746+0000] {processor.py:830} INFO - Processing file /opt/airflow/dags/example_dag.py for tasks to queue
[2025-12-21T20:57:16.748+0000] {logging_mixin.py:188} INFO - [2025-12-21T20:57:16.747+0000] {dagbag.py:538} INFO - Filling up the DagBag from /opt/airflow/dags/example_dag.py
[2025-12-21T20:57:16.807+0000] {processor.py:840} INFO - DAG(s) 'example_dag' retrieved from /opt/airflow/dags/example_dag.py
[2025-12-21T20:57:16.854+0000] {logging_mixin.py:188} INFO - [2025-12-21T20:57:16.854+0000] {dag.py:3033} INFO - Sync 1 DAGs
[2025-12-21T20:57:16.875+0000] {logging_mixin.py:188} INFO - [2025-12-21T20:57:16.874+0000] {dag.py:3820} INFO - Setting next_dagrun for example_dag to 2025-12-20T00:00:00+00:00, run_after=2025-12-21T00:00:00+00:00
[2025-12-21T20:57:16.892+0000] {processor.py:183} INFO - Processing /opt/airflow/dags/example_dag.py took 0.149 seconds
[2025-12-21T20:57:47.358+0000] {processor.py:161} INFO - Started process (PID=195) to work on /opt/airflow/dags/example_dag.py
[2025-12-21T20:57:47.359+0000] {processor.py:830} INFO - Processing file /opt/airflow/dags/example_dag.py for tasks to queue
[2025-12-21T20:57:47.361+0000] {logging_mixin.py:188} INFO - [2025-12-21T20:57:47.361+0000] {dagbag.py:538} INFO - Filling up the DagBag from /opt/airflow/dags/example_dag.py
[2025-12-21T20:57:47.376+0000] {processor.py:840} INFO - DAG(s) 'example_dag' retrieved from /opt/airflow/dags/example_dag.py
[2025-12-21T20:57:47.408+0000] {logging_mixin.py:188} INFO - [2025-12-21T20:57:47.408+0000] {dag.py:3033} INFO - Sync 1 DAGs
[2025-12-21T20:57:47.429+0000] {logging_mixin.py:188} INFO - [2025-12-21T20:57:47.429+0000] {dag.py:3820} INFO - Setting next_dagrun for example_dag to 2025-12-20T00:00:00+00:00, run_after=2025-12-21T00:00:00+00:00
[2025-12-21T20:57:47.444+0000] {processor.py:183} INFO - Processing /opt/airflow/dags/example_dag.py took 0.091 seconds
[2025-12-21T20:58:18.025+0000] {processor.py:161} INFO - Started process (PID=205) to work on /opt/airflow/dags/example_dag.py
[2025-12-21T20:58:18.027+0000] {processor.py:830} INFO - Processing file /opt/airflow/dags/example_dag.py for tasks to queue
[2025-12-21T20:58:18.028+0000] {logging_mixin.py:188} INFO - [2025-12-21T20:58:18.028+0000] {dagbag.py:538} INFO - Filling up the DagBag from /opt/airflow/dags/example_dag.py
[2025-12-21T20:58:18.037+0000] {processor.py:840} INFO - DAG(s) 'example_dag' retrieved from /opt/airflow/dags/example_dag.py
[2025-12-21T20:58:18.067+0000] {logging_mixin.py:188} INFO - [2025-12-21T20:58:18.067+0000] {dag.py:3033} INFO - Sync 1 DAGs
[2025-12-21T20:58:18.093+0000] {logging_mixin.py:188} INFO - [2025-12-21T20:58:18.092+0000] {dag.py:3820} INFO - Setting next_dagrun for example_dag to 2025-12-20T00:00:00+00:00, run_after=2025-12-21T00:00:00+00:00
[2025-12-21T20:58:18.108+0000] {processor.py:183} INFO - Processing /opt/airflow/dags/example_dag.py took 0.087 seconds
[2025-12-21T20:58:48.882+0000] {processor.py:161} INFO - Started process (PID=215) to work on /opt/airflow/dags/example_dag.py
[2025-12-21T20:58:48.883+0000] {processor.py:830} INFO - Processing file /opt/airflow/dags/example_dag.py for tasks to queue
[2025-12-21T20:58:48.885+0000] {logging_mixin.py:188} INFO - [2025-12-21T20:58:48.884+0000] {dagbag.py:538} INFO - Filling up the DagBag from /opt/airflow/dags/example_dag.py
[2025-12-21T20:58:48.896+0000] {processor.py:840} INFO - DAG(s) 'example_dag' retrieved from /opt/airflow/dags/example_dag.py
[2025-12-21T20:58:48.936+0000] {logging_mixin.py:188} INFO - [2025-12-21T20:58:48.935+0000] {dag.py:3033} INFO - Sync 1 DAGs
[2025-12-21T20:58:48.961+0000] {logging_mixin.py:188} INFO - [2025-12-21T20:58:48.960+0000] {dag.py:3820} INFO - Setting next_dagrun for example_dag to 2025-12-20T00:00:00+00:00, run_after=2025-12-21T00:00:00+00:00
[2025-12-21T20:58:48.987+0000] {processor.py:183} INFO - Processing /opt/airflow/dags/example_dag.py took 0.108 seconds
[2025-12-21T20:59:19.724+0000] {processor.py:161} INFO - Started process (PID=225) to work on /opt/airflow/dags/example_dag.py
[2025-12-21T20:59:19.725+0000] {processor.py:830} INFO - Processing file /opt/airflow/dags/example_dag.py for tasks to queue
[2025-12-21T20:59:19.726+0000] {logging_mixin.py:188} INFO - [2025-12-21T20:59:19.725+0000] {dagbag.py:538} INFO - Filling up the DagBag from /opt/airflow/dags/example_dag.py
[2025-12-21T20:59:19.735+0000] {processor.py:840} INFO - DAG(s) 'example_dag' retrieved from /opt/airflow/dags/example_dag.py
[2025-12-21T20:59:19.759+0000] {logging_mixin.py:188} INFO - [2025-12-21T20:59:19.759+0000] {dag.py:3033} INFO - Sync 1 DAGs
[2025-12-21T20:59:19.775+0000] {logging_mixin.py:188} INFO - [2025-12-21T20:59:19.775+0000] {dag.py:3820} INFO - Setting next_dagrun for example_dag to 2025-12-20T00:00:00+00:00, run_after=2025-12-21T00:00:00+00:00
[2025-12-21T20:59:19.790+0000] {processor.py:183} INFO - Processing /opt/airflow/dags/example_dag.py took 0.068 seconds
[2025-12-21T20:59:50.370+0000] {processor.py:161} INFO - Started process (PID=235) to work on /opt/airflow/dags/example_dag.py
[2025-12-21T20:59:50.371+0000] {processor.py:830} INFO - Processing file /opt/airflow/dags/example_dag.py for tasks to queue
[2025-12-21T20:59:50.372+0000] {logging_mixin.py:188} INFO - [2025-12-21T20:59:50.372+0000] {dagbag.py:538} INFO - Filling up the DagBag from /opt/airflow/dags/example_dag.py
[2025-12-21T20:59:50.379+0000] {processor.py:840} INFO - DAG(s) 'example_dag' retrieved from /opt/airflow/dags/example_dag.py
[2025-12-21T20:59:50.402+0000] {logging_mixin.py:188} INFO - [2025-12-21T20:59:50.402+0000] {dag.py:3033} INFO - Sync 1 DAGs
[2025-12-21T20:59:50.420+0000] {logging_mixin.py:188} INFO - [2025-12-21T20:59:50.419+0000] {dag.py:3820} INFO - Setting next_dagrun for example_dag to 2025-12-20T00:00:00+00:00, run_after=2025-12-21T00:00:00+00:00
[2025-12-21T20:59:50.438+0000] {processor.py:183} INFO - Processing /opt/airflow/dags/example_dag.py took 0.070 seconds
[2025-12-21T21:00:21.249+0000] {processor.py:161} INFO - Started process (PID=244) to work on /opt/airflow/dags/example_dag.py
[2025-12-21T21:00:21.250+0000] {processor.py:830} INFO - Processing file /opt/airflow/dags/example_dag.py for tasks to queue
[2025-12-21T21:00:21.251+0000] {logging_mixin.py:188} INFO - [2025-12-21T21:00:21.251+0000] {dagbag.py:538} INFO - Filling up the DagBag from /opt/airflow/dags/example_dag.py
[2025-12-21T21:00:21.262+0000] {processor.py:840} INFO - DAG(s) 'example_dag' retrieved from /opt/airflow/dags/example_dag.py
[2025-12-21T21:00:21.286+0000] {logging_mixin.py:188} INFO - [2025-12-21T21:00:21.286+0000] {dag.py:3033} INFO - Sync 1 DAGs
[2025-12-21T21:00:21.302+0000] {logging_mixin.py:188} INFO - [2025-12-21T21:00:21.302+0000] {dag.py:3820} INFO - Setting next_dagrun for example_dag to 2025-12-20T00:00:00+00:00, run_after=2025-12-21T00:00:00+00:00
[2025-12-21T21:00:21.319+0000] {processor.py:183} INFO - Processing /opt/airflow/dags/example_dag.py took 0.073 seconds
[2025-12-21T21:00:51.918+0000] {processor.py:161} INFO - Started process (PID=254) to work on /opt/airflow/dags/example_dag.py
[2025-12-21T21:00:51.919+0000] {processor.py:830} INFO - Processing file /opt/airflow/dags/example_dag.py for tasks to queue
[2025-12-21T21:00:51.919+0000] {logging_mixin.py:188} INFO - [2025-12-21T21:00:51.919+0000] {dagbag.py:538} INFO - Filling up the DagBag from /opt/airflow/dags/example_dag.py
[2025-12-21T21:00:51.927+0000] {processor.py:840} INFO - DAG(s) 'example_dag' retrieved from /opt/airflow/dags/example_dag.py
[2025-12-21T21:00:51.949+0000] {logging_mixin.py:188} INFO - [2025-12-21T21:00:51.949+0000] {dag.py:3033} INFO - Sync 1 DAGs
[2025-12-21T21:00:51.963+0000] {logging_mixin.py:188} INFO - [2025-12-21T21:00:51.963+0000] {dag.py:3820} INFO - Setting next_dagrun for example_dag to 2025-12-20T00:00:00+00:00, run_after=2025-12-21T00:00:00+00:00
[2025-12-21T21:00:51.974+0000] {processor.py:183} INFO - Processing /opt/airflow/dags/example_dag.py took 0.061 seconds
[2025-12-21T21:01:22.379+0000] {processor.py:161} INFO - Started process (PID=264) to work on /opt/airflow/dags/example_dag.py
[2025-12-21T21:01:22.380+0000] {processor.py:830} INFO - Processing file /opt/airflow/dags/example_dag.py for tasks to queue
[2025-12-21T21:01:22.381+0000] {logging_mixin.py:188} INFO - [2025-12-21T21:01:22.381+0000] {dagbag.py:538} INFO - Filling up the DagBag from /opt/airflow/dags/example_dag.py
[2025-12-21T21:01:22.389+0000] {processor.py:840} INFO - DAG(s) 'example_dag' retrieved from /opt/airflow/dags/example_dag.py
[2025-12-21T21:01:22.412+0000] {logging_mixin.py:188} INFO - [2025-12-21T21:01:22.412+0000] {dag.py:3033} INFO - Sync 1 DAGs
[2025-12-21T21:01:22.432+0000] {logging_mixin.py:188} INFO - [2025-12-21T21:01:22.432+0000] {dag.py:3820} INFO - Setting next_dagrun for example_dag to 2025-12-20T00:00:00+00:00, run_after=2025-12-21T00:00:00+00:00
[2025-12-21T21:01:22.446+0000] {processor.py:183} INFO - Processing /opt/airflow/dags/example_dag.py took 0.070 seconds
[2025-12-21T21:01:52.986+0000] {processor.py:161} INFO - Started process (PID=274) to work on /opt/airflow/dags/example_dag.py
[2025-12-21T21:01:52.988+0000] {processor.py:830} INFO - Processing file /opt/airflow/dags/example_dag.py for tasks to queue
[2025-12-21T21:01:52.989+0000] {logging_mixin.py:188} INFO - [2025-12-21T21:01:52.989+0000] {dagbag.py:538} INFO - Filling up the DagBag from /opt/airflow/dags/example_dag.py
[2025-12-21T21:01:53.005+0000] {processor.py:840} INFO - DAG(s) 'example_dag' retrieved from /opt/airflow/dags/example_dag.py
[2025-12-21T21:01:53.035+0000] {logging_mixin.py:188} INFO - [2025-12-21T21:01:53.035+0000] {dag.py:3033} INFO - Sync 1 DAGs
[2025-12-21T21:01:53.051+0000] {logging_mixin.py:188} INFO - [2025-12-21T21:01:53.051+0000] {dag.py:3820} INFO - Setting next_dagrun for example_dag to 2025-12-20T00:00:00+00:00, run_after=2025-12-21T00:00:00+00:00
[2025-12-21T21:01:53.081+0000] {processor.py:183} INFO - Processing /opt/airflow/dags/example_dag.py took 0.101 seconds
[2025-12-21T21:02:23.834+0000] {processor.py:161} INFO - Started process (PID=284) to work on /opt/airflow/dags/example_dag.py
[2025-12-21T21:02:23.837+0000] {processor.py:830} INFO - Processing file /opt/airflow/dags/example_dag.py for tasks to queue
[2025-12-21T21:02:23.838+0000] {logging_mixin.py:188} INFO - [2025-12-21T21:02:23.838+0000] {dagbag.py:538} INFO - Filling up the DagBag from /opt/airflow/dags/example_dag.py
[2025-12-21T21:02:23.854+0000] {processor.py:840} INFO - DAG(s) 'example_dag' retrieved from /opt/airflow/dags/example_dag.py
[2025-12-21T21:02:23.892+0000] {logging_mixin.py:188} INFO - [2025-12-21T21:02:23.892+0000] {dag.py:3033} INFO - Sync 1 DAGs
[2025-12-21T21:02:23.910+0000] {logging_mixin.py:188} INFO - [2025-12-21T21:02:23.909+0000] {dag.py:3820} INFO - Setting next_dagrun for example_dag to 2025-12-20T00:00:00+00:00, run_after=2025-12-21T00:00:00+00:00
[2025-12-21T21:02:23.923+0000] {processor.py:183} INFO - Processing /opt/airflow/dags/example_dag.py took 0.096 seconds
[2025-12-21T21:02:54.220+0000] {processor.py:161} INFO - Started process (PID=294) to work on /opt/airflow/dags/example_dag.py
[2025-12-21T21:02:54.221+0000] {processor.py:830} INFO - Processing file /opt/airflow/dags/example_dag.py for tasks to queue
[2025-12-21T21:02:54.222+0000] {logging_mixin.py:188} INFO - [2025-12-21T21:02:54.222+0000] {dagbag.py:538} INFO - Filling up the DagBag from /opt/airflow/dags/example_dag.py
[2025-12-21T21:02:54.229+0000] {processor.py:840} INFO - DAG(s) 'example_dag' retrieved from /opt/airflow/dags/example_dag.py
[2025-12-21T21:02:54.251+0000] {logging_mixin.py:188} INFO - [2025-12-21T21:02:54.251+0000] {dag.py:3033} INFO - Sync 1 DAGs
[2025-12-21T21:02:54.264+0000] {logging_mixin.py:188} INFO - [2025-12-21T21:02:54.264+0000] {dag.py:3820} INFO - Setting next_dagrun for example_dag to 2025-12-20T00:00:00+00:00, run_after=2025-12-21T00:00:00+00:00
[2025-12-21T21:02:54.275+0000] {processor.py:183} INFO - Processing /opt/airflow/dags/example_dag.py took 0.057 seconds
[2025-12-21T21:03:24.603+0000] {processor.py:161} INFO - Started process (PID=304) to work on /opt/airflow/dags/example_dag.py
[2025-12-21T21:03:24.604+0000] {processor.py:830} INFO - Processing file /opt/airflow/dags/example_dag.py for tasks to queue
[2025-12-21T21:03:24.605+0000] {logging_mixin.py:188} INFO - [2025-12-21T21:03:24.604+0000] {dagbag.py:538} INFO - Filling up the DagBag from /opt/airflow/dags/example_dag.py
[2025-12-21T21:03:24.612+0000] {processor.py:840} INFO - DAG(s) 'example_dag' retrieved from /opt/airflow/dags/example_dag.py
[2025-12-21T21:03:24.633+0000] {logging_mixin.py:188} INFO - [2025-12-21T21:03:24.632+0000] {dag.py:3033} INFO - Sync 1 DAGs
[2025-12-21T21:03:24.646+0000] {logging_mixin.py:188} INFO - [2025-12-21T21:03:24.646+0000] {dag.py:3820} INFO - Setting next_dagrun for example_dag to 2025-12-20T00:00:00+00:00, run_after=2025-12-21T00:00:00+00:00
[2025-12-21T21:03:24.658+0000] {processor.py:183} INFO - Processing /opt/airflow/dags/example_dag.py took 0.057 seconds
[2025-12-21T21:03:55.064+0000] {processor.py:161} INFO - Started process (PID=314) to work on /opt/airflow/dags/example_dag.py
[2025-12-21T21:03:55.065+0000] {processor.py:830} INFO - Processing file /opt/airflow/dags/example_dag.py for tasks to queue
[2025-12-21T21:03:55.065+0000] {logging_mixin.py:188} INFO - [2025-12-21T21:03:55.065+0000] {dagbag.py:538} INFO - Filling up the DagBag from /opt/airflow/dags/example_dag.py
[2025-12-21T21:03:55.072+0000] {processor.py:840} INFO - DAG(s) 'example_dag' retrieved from /opt/airflow/dags/example_dag.py
[2025-12-21T21:03:55.090+0000] {logging_mixin.py:188} INFO - [2025-12-21T21:03:55.090+0000] {dag.py:3033} INFO - Sync 1 DAGs
[2025-12-21T21:03:55.102+0000] {logging_mixin.py:188} INFO - [2025-12-21T21:03:55.102+0000] {dag.py:3820} INFO - Setting next_dagrun for example_dag to 2025-12-20T00:00:00+00:00, run_after=2025-12-21T00:00:00+00:00
[2025-12-21T21:03:55.112+0000] {processor.py:183} INFO - Processing /opt/airflow/dags/example_dag.py took 0.051 seconds
[2025-12-21T21:04:25.776+0000] {processor.py:161} INFO - Started process (PID=324) to work on /opt/airflow/dags/example_dag.py
[2025-12-21T21:04:25.777+0000] {processor.py:830} INFO - Processing file /opt/airflow/dags/example_dag.py for tasks to queue
[2025-12-21T21:04:25.777+0000] {logging_mixin.py:188} INFO - [2025-12-21T21:04:25.777+0000] {dagbag.py:538} INFO - Filling up the DagBag from /opt/airflow/dags/example_dag.py
[2025-12-21T21:04:25.785+0000] {processor.py:840} INFO - DAG(s) 'example_dag' retrieved from /opt/airflow/dags/example_dag.py
[2025-12-21T21:04:25.804+0000] {logging_mixin.py:188} INFO - [2025-12-21T21:04:25.804+0000] {dag.py:3033} INFO - Sync 1 DAGs
[2025-12-21T21:04:25.817+0000] {logging_mixin.py:188} INFO - [2025-12-21T21:04:25.817+0000] {dag.py:3820} INFO - Setting next_dagrun for example_dag to 2025-12-20T00:00:00+00:00, run_after=2025-12-21T00:00:00+00:00
[2025-12-21T21:04:25.830+0000] {processor.py:183} INFO - Processing /opt/airflow/dags/example_dag.py took 0.057 seconds
[2025-12-21T21:04:56.257+0000] {processor.py:161} INFO - Started process (PID=334) to work on /opt/airflow/dags/example_dag.py
[2025-12-21T21:04:56.258+0000] {processor.py:830} INFO - Processing file /opt/airflow/dags/example_dag.py for tasks to queue
[2025-12-21T21:04:56.259+0000] {logging_mixin.py:188} INFO - [2025-12-21T21:04:56.258+0000] {dagbag.py:538} INFO - Filling up the DagBag from /opt/airflow/dags/example_dag.py
[2025-12-21T21:04:56.268+0000] {processor.py:840} INFO - DAG(s) 'example_dag' retrieved from /opt/airflow/dags/example_dag.py
[2025-12-21T21:04:56.289+0000] {logging_mixin.py:188} INFO - [2025-12-21T21:04:56.289+0000] {dag.py:3033} INFO - Sync 1 DAGs
[2025-12-21T21:04:56.304+0000] {logging_mixin.py:188} INFO - [2025-12-21T21:04:56.304+0000] {dag.py:3820} INFO - Setting next_dagrun for example_dag to 2025-12-20T00:00:00+00:00, run_after=2025-12-21T00:00:00+00:00
[2025-12-21T21:04:56.323+0000] {processor.py:183} INFO - Processing /opt/airflow/dags/example_dag.py took 0.068 seconds
[2025-12-21T21:05:26.892+0000] {processor.py:161} INFO - Started process (PID=344) to work on /opt/airflow/dags/example_dag.py
[2025-12-21T21:05:26.893+0000] {processor.py:830} INFO - Processing file /opt/airflow/dags/example_dag.py for tasks to queue
[2025-12-21T21:05:26.893+0000] {logging_mixin.py:188} INFO - [2025-12-21T21:05:26.893+0000] {dagbag.py:538} INFO - Filling up the DagBag from /opt/airflow/dags/example_dag.py
[2025-12-21T21:05:26.900+0000] {processor.py:840} INFO - DAG(s) 'example_dag' retrieved from /opt/airflow/dags/example_dag.py
[2025-12-21T21:05:26.924+0000] {logging_mixin.py:188} INFO - [2025-12-21T21:05:26.924+0000] {dag.py:3033} INFO - Sync 1 DAGs
[2025-12-21T21:05:26.938+0000] {logging_mixin.py:188} INFO - [2025-12-21T21:05:26.938+0000] {dag.py:3820} INFO - Setting next_dagrun for example_dag to 2025-12-20T00:00:00+00:00, run_after=2025-12-21T00:00:00+00:00
[2025-12-21T21:05:26.950+0000] {processor.py:183} INFO - Processing /opt/airflow/dags/example_dag.py took 0.059 seconds
[2025-12-21T21:05:57.432+0000] {processor.py:161} INFO - Started process (PID=354) to work on /opt/airflow/dags/example_dag.py
[2025-12-21T21:05:57.433+0000] {processor.py:830} INFO - Processing file /opt/airflow/dags/example_dag.py for tasks to queue
[2025-12-21T21:05:57.434+0000] {logging_mixin.py:188} INFO - [2025-12-21T21:05:57.434+0000] {dagbag.py:538} INFO - Filling up the DagBag from /opt/airflow/dags/example_dag.py
[2025-12-21T21:05:57.447+0000] {processor.py:840} INFO - DAG(s) 'example_dag' retrieved from /opt/airflow/dags/example_dag.py
[2025-12-21T21:05:57.535+0000] {logging_mixin.py:188} INFO - [2025-12-21T21:05:57.535+0000] {dag.py:3033} INFO - Sync 1 DAGs
[2025-12-21T21:05:57.573+0000] {logging_mixin.py:188} INFO - [2025-12-21T21:05:57.573+0000] {dag.py:3820} INFO - Setting next_dagrun for example_dag to 2025-12-20T00:00:00+00:00, run_after=2025-12-21T00:00:00+00:00
[2025-12-21T21:05:57.591+0000] {processor.py:183} INFO - Processing /opt/airflow/dags/example_dag.py took 0.164 seconds
[2025-12-21T21:06:27.930+0000] {processor.py:161} INFO - Started process (PID=364) to work on /opt/airflow/dags/example_dag.py
[2025-12-21T21:06:27.934+0000] {processor.py:830} INFO - Processing file /opt/airflow/dags/example_dag.py for tasks to queue
[2025-12-21T21:06:27.935+0000] {logging_mixin.py:188} INFO - [2025-12-21T21:06:27.935+0000] {dagbag.py:538} INFO - Filling up the DagBag from /opt/airflow/dags/example_dag.py
[2025-12-21T21:06:27.943+0000] {processor.py:840} INFO - DAG(s) 'example_dag' retrieved from /opt/airflow/dags/example_dag.py
[2025-12-21T21:06:27.967+0000] {logging_mixin.py:188} INFO - [2025-12-21T21:06:27.967+0000] {dag.py:3033} INFO - Sync 1 DAGs
[2025-12-21T21:06:27.981+0000] {logging_mixin.py:188} INFO - [2025-12-21T21:06:27.981+0000] {dag.py:3820} INFO - Setting next_dagrun for example_dag to 2025-12-20T00:00:00+00:00, run_after=2025-12-21T00:00:00+00:00
[2025-12-21T21:06:27.993+0000] {processor.py:183} INFO - Processing /opt/airflow/dags/example_dag.py took 0.072 seconds
[2025-12-21T21:06:58.593+0000] {processor.py:161} INFO - Started process (PID=373) to work on /opt/airflow/dags/example_dag.py
[2025-12-21T21:06:58.594+0000] {processor.py:830} INFO - Processing file /opt/airflow/dags/example_dag.py for tasks to queue
[2025-12-21T21:06:58.595+0000] {logging_mixin.py:188} INFO - [2025-12-21T21:06:58.594+0000] {dagbag.py:538} INFO - Filling up the DagBag from /opt/airflow/dags/example_dag.py
[2025-12-21T21:06:58.610+0000] {processor.py:840} INFO - DAG(s) 'example_dag' retrieved from /opt/airflow/dags/example_dag.py
[2025-12-21T21:06:58.638+0000] {logging_mixin.py:188} INFO - [2025-12-21T21:06:58.638+0000] {dag.py:3033} INFO - Sync 1 DAGs
[2025-12-21T21:06:58.658+0000] {logging_mixin.py:188} INFO - [2025-12-21T21:06:58.658+0000] {dag.py:3820} INFO - Setting next_dagrun for example_dag to 2025-12-20T00:00:00+00:00, run_after=2025-12-21T00:00:00+00:00
[2025-12-21T21:06:58.674+0000] {processor.py:183} INFO - Processing /opt/airflow/dags/example_dag.py took 0.084 seconds
[2025-12-21T21:07:29.019+0000] {processor.py:161} INFO - Started process (PID=377) to work on /opt/airflow/dags/example_dag.py
[2025-12-21T21:07:29.021+0000] {processor.py:830} INFO - Processing file /opt/airflow/dags/example_dag.py for tasks to queue
[2025-12-21T21:07:29.022+0000] {logging_mixin.py:188} INFO - [2025-12-21T21:07:29.022+0000] {dagbag.py:538} INFO - Filling up the DagBag from /opt/airflow/dags/example_dag.py
[2025-12-21T21:07:29.031+0000] {processor.py:840} INFO - DAG(s) 'example_dag' retrieved from /opt/airflow/dags/example_dag.py
[2025-12-21T21:07:29.052+0000] {logging_mixin.py:188} INFO - [2025-12-21T21:07:29.052+0000] {dag.py:3033} INFO - Sync 1 DAGs
[2025-12-21T21:07:29.065+0000] {logging_mixin.py:188} INFO - [2025-12-21T21:07:29.065+0000] {dag.py:3820} INFO - Setting next_dagrun for example_dag to 2025-12-20T00:00:00+00:00, run_after=2025-12-21T00:00:00+00:00
[2025-12-21T21:07:29.075+0000] {processor.py:183} INFO - Processing /opt/airflow/dags/example_dag.py took 0.059 seconds
[2025-12-21T21:08:00.388+0000] {processor.py:161} INFO - Started process (PID=387) to work on /opt/airflow/dags/example_dag.py
[2025-12-21T21:08:00.389+0000] {processor.py:830} INFO - Processing file /opt/airflow/dags/example_dag.py for tasks to queue
[2025-12-21T21:08:00.390+0000] {logging_mixin.py:188} INFO - [2025-12-21T21:08:00.389+0000] {dagbag.py:538} INFO - Filling up the DagBag from /opt/airflow/dags/example_dag.py
[2025-12-21T21:08:00.402+0000] {processor.py:840} INFO - DAG(s) 'example_dag' retrieved from /opt/airflow/dags/example_dag.py
[2025-12-21T21:08:01.510+0000] {processor.py:186} ERROR - Got an exception! Propagating...
Traceback (most recent call last):
  File "/home/airflow/.local/lib/python3.8/site-packages/sqlalchemy/engine/base.py", line 3371, in _wrap_pool_connect
    return fn()
  File "/home/airflow/.local/lib/python3.8/site-packages/sqlalchemy/pool/base.py", line 327, in connect
    return _ConnectionFairy._checkout(self)
  File "/home/airflow/.local/lib/python3.8/site-packages/sqlalchemy/pool/base.py", line 894, in _checkout
    fairy = _ConnectionRecord.checkout(pool)
  File "/home/airflow/.local/lib/python3.8/site-packages/sqlalchemy/pool/base.py", line 493, in checkout
    rec = pool._do_get()
  File "/home/airflow/.local/lib/python3.8/site-packages/sqlalchemy/pool/impl.py", line 146, in _do_get
    self._dec_overflow()
  File "/home/airflow/.local/lib/python3.8/site-packages/sqlalchemy/util/langhelpers.py", line 70, in __exit__
    compat.raise_(
  File "/home/airflow/.local/lib/python3.8/site-packages/sqlalchemy/util/compat.py", line 211, in raise_
    raise exception
  File "/home/airflow/.local/lib/python3.8/site-packages/sqlalchemy/pool/impl.py", line 143, in _do_get
    return self._create_connection()
  File "/home/airflow/.local/lib/python3.8/site-packages/sqlalchemy/pool/base.py", line 273, in _create_connection
    return _ConnectionRecord(self)
  File "/home/airflow/.local/lib/python3.8/site-packages/sqlalchemy/pool/base.py", line 388, in __init__
    self.__connect()
  File "/home/airflow/.local/lib/python3.8/site-packages/sqlalchemy/pool/base.py", line 691, in __connect
    pool.logger.debug("Error on connect(): %s", e)
  File "/home/airflow/.local/lib/python3.8/site-packages/sqlalchemy/util/langhelpers.py", line 70, in __exit__
    compat.raise_(
  File "/home/airflow/.local/lib/python3.8/site-packages/sqlalchemy/util/compat.py", line 211, in raise_
    raise exception
  File "/home/airflow/.local/lib/python3.8/site-packages/sqlalchemy/pool/base.py", line 686, in __connect
    self.dbapi_connection = connection = pool._invoke_creator(self)
  File "/home/airflow/.local/lib/python3.8/site-packages/sqlalchemy/engine/create.py", line 574, in connect
    return dialect.connect(*cargs, **cparams)
  File "/home/airflow/.local/lib/python3.8/site-packages/sqlalchemy/engine/default.py", line 598, in connect
    return self.dbapi.connect(*cargs, **cparams)
  File "/home/airflow/.local/lib/python3.8/site-packages/psycopg2/__init__.py", line 122, in connect
    conn = _connect(dsn, connection_factory=connection_factory, **kwasync)
psycopg2.OperationalError: connection to server at "postgres-airflow" (172.18.0.9), port 5432 failed: FATAL:  could not open file "global/pg_filenode.map": Operation not permitted


The above exception was the direct cause of the following exception:

Traceback (most recent call last):
  File "/home/airflow/.local/lib/python3.8/site-packages/airflow/dag_processing/processor.py", line 182, in _run_file_processor
    _handle_dag_file_processing()
  File "/home/airflow/.local/lib/python3.8/site-packages/airflow/dag_processing/processor.py", line 163, in _handle_dag_file_processing
    result: tuple[int, int] = dag_file_processor.process_file(
  File "/home/airflow/.local/lib/python3.8/site-packages/airflow/utils/session.py", line 79, in wrapper
    return func(*args, session=session, **kwargs)
  File "/home/airflow/.local/lib/python3.8/site-packages/airflow/dag_processing/processor.py", line 859, in process_file
    serialize_errors = DagFileProcessor.save_dag_to_db(
  File "/home/airflow/.local/lib/python3.8/site-packages/airflow/api_internal/internal_api_call.py", line 114, in wrapper
    return func(*args, **kwargs)
  File "/home/airflow/.local/lib/python3.8/site-packages/airflow/utils/session.py", line 79, in wrapper
    return func(*args, session=session, **kwargs)
  File "/home/airflow/.local/lib/python3.8/site-packages/airflow/dag_processing/processor.py", line 895, in save_dag_to_db
    import_errors = DagBag._sync_to_db(dags=dags, processor_subdir=dag_directory, session=session)
  File "/home/airflow/.local/lib/python3.8/site-packages/airflow/utils/session.py", line 76, in wrapper
    return func(*args, **kwargs)
  File "/home/airflow/.local/lib/python3.8/site-packages/airflow/models/dagbag.py", line 657, in _sync_to_db
    for attempt in run_with_db_retries(logger=log):
  File "/home/airflow/.local/lib/python3.8/site-packages/tenacity/__init__.py", line 347, in __iter__
    do = self.iter(retry_state=retry_state)
  File "/home/airflow/.local/lib/python3.8/site-packages/tenacity/__init__.py", line 325, in iter
    raise retry_exc.reraise()
  File "/home/airflow/.local/lib/python3.8/site-packages/tenacity/__init__.py", line 158, in reraise
    raise self.last_attempt.result()
  File "/usr/local/lib/python3.8/concurrent/futures/_base.py", line 437, in result
    return self.__get_result()
  File "/usr/local/lib/python3.8/concurrent/futures/_base.py", line 389, in __get_result
    raise self._exception
  File "/home/airflow/.local/lib/python3.8/site-packages/airflow/models/dagbag.py", line 670, in _sync_to_db
    _serialize_dag_capturing_errors(dag, session, processor_subdir)
  File "/home/airflow/.local/lib/python3.8/site-packages/airflow/models/dagbag.py", line 635, in _serialize_dag_capturing_errors
    dag_was_updated = SerializedDagModel.write_dag(
  File "/home/airflow/.local/lib/python3.8/site-packages/airflow/utils/session.py", line 76, in wrapper
    return func(*args, **kwargs)
  File "/home/airflow/.local/lib/python3.8/site-packages/airflow/models/serialized_dag.py", line 157, in write_dag
    if session.scalar(
  File "/home/airflow/.local/lib/python3.8/site-packages/sqlalchemy/orm/session.py", line 1747, in scalar
    return self.execute(
  File "/home/airflow/.local/lib/python3.8/site-packages/sqlalchemy/orm/session.py", line 1716, in execute
    conn = self._connection_for_bind(bind)
  File "/home/airflow/.local/lib/python3.8/site-packages/sqlalchemy/orm/session.py", line 1555, in _connection_for_bind
    return self._transaction._connection_for_bind(
  File "/home/airflow/.local/lib/python3.8/site-packages/sqlalchemy/orm/session.py", line 750, in _connection_for_bind
    conn = bind.connect()
  File "/home/airflow/.local/lib/python3.8/site-packages/sqlalchemy/future/engine.py", line 406, in connect
    return super(Engine, self).connect()
  File "/home/airflow/.local/lib/python3.8/site-packages/sqlalchemy/engine/base.py", line 3325, in connect
    return self._connection_cls(self, close_with_result=close_with_result)
  File "/home/airflow/.local/lib/python3.8/site-packages/sqlalchemy/engine/base.py", line 96, in __init__
    else engine.raw_connection()
  File "/home/airflow/.local/lib/python3.8/site-packages/sqlalchemy/engine/base.py", line 3404, in raw_connection
    return self._wrap_pool_connect(self.pool.connect, _connection)
  File "/home/airflow/.local/lib/python3.8/site-packages/sqlalchemy/engine/base.py", line 3374, in _wrap_pool_connect
    Connection._handle_dbapi_exception_noconnection(
  File "/home/airflow/.local/lib/python3.8/site-packages/sqlalchemy/engine/base.py", line 2208, in _handle_dbapi_exception_noconnection
    util.raise_(
  File "/home/airflow/.local/lib/python3.8/site-packages/sqlalchemy/util/compat.py", line 211, in raise_
    raise exception
  File "/home/airflow/.local/lib/python3.8/site-packages/sqlalchemy/engine/base.py", line 3371, in _wrap_pool_connect
    return fn()
  File "/home/airflow/.local/lib/python3.8/site-packages/sqlalchemy/pool/base.py", line 327, in connect
    return _ConnectionFairy._checkout(self)
  File "/home/airflow/.local/lib/python3.8/site-packages/sqlalchemy/pool/base.py", line 894, in _checkout
    fairy = _ConnectionRecord.checkout(pool)
  File "/home/airflow/.local/lib/python3.8/site-packages/sqlalchemy/pool/base.py", line 493, in checkout
    rec = pool._do_get()
  File "/home/airflow/.local/lib/python3.8/site-packages/sqlalchemy/pool/impl.py", line 146, in _do_get
    self._dec_overflow()
  File "/home/airflow/.local/lib/python3.8/site-packages/sqlalchemy/util/langhelpers.py", line 70, in __exit__
    compat.raise_(
  File "/home/airflow/.local/lib/python3.8/site-packages/sqlalchemy/util/compat.py", line 211, in raise_
    raise exception
  File "/home/airflow/.local/lib/python3.8/site-packages/sqlalchemy/pool/impl.py", line 143, in _do_get
    return self._create_connection()
  File "/home/airflow/.local/lib/python3.8/site-packages/sqlalchemy/pool/base.py", line 273, in _create_connection
    return _ConnectionRecord(self)
  File "/home/airflow/.local/lib/python3.8/site-packages/sqlalchemy/pool/base.py", line 388, in __init__
    self.__connect()
  File "/home/airflow/.local/lib/python3.8/site-packages/sqlalchemy/pool/base.py", line 691, in __connect
    pool.logger.debug("Error on connect(): %s", e)
  File "/home/airflow/.local/lib/python3.8/site-packages/sqlalchemy/util/langhelpers.py", line 70, in __exit__
    compat.raise_(
  File "/home/airflow/.local/lib/python3.8/site-packages/sqlalchemy/util/compat.py", line 211, in raise_
    raise exception
  File "/home/airflow/.local/lib/python3.8/site-packages/sqlalchemy/pool/base.py", line 686, in __connect
    self.dbapi_connection = connection = pool._invoke_creator(self)
  File "/home/airflow/.local/lib/python3.8/site-packages/sqlalchemy/engine/create.py", line 574, in connect
    return dialect.connect(*cargs, **cparams)
  File "/home/airflow/.local/lib/python3.8/site-packages/sqlalchemy/engine/default.py", line 598, in connect
    return self.dbapi.connect(*cargs, **cparams)
  File "/home/airflow/.local/lib/python3.8/site-packages/psycopg2/__init__.py", line 122, in connect
    conn = _connect(dsn, connection_factory=connection_factory, **kwasync)
sqlalchemy.exc.OperationalError: (psycopg2.OperationalError) connection to server at "postgres-airflow" (172.18.0.9), port 5432 failed: FATAL:  could not open file "global/pg_filenode.map": Operation not permitted

(Background on this error at: https://sqlalche.me/e/14/e3q8)
[2025-12-21T21:08:31.545+0000] {processor.py:161} INFO - Started process (PID=397) to work on /opt/airflow/dags/example_dag.py
[2025-12-21T21:08:31.546+0000] {processor.py:830} INFO - Processing file /opt/airflow/dags/example_dag.py for tasks to queue
[2025-12-21T21:08:31.547+0000] {logging_mixin.py:188} INFO - [2025-12-21T21:08:31.546+0000] {dagbag.py:538} INFO - Filling up the DagBag from /opt/airflow/dags/example_dag.py
[2025-12-21T21:08:31.556+0000] {processor.py:840} INFO - DAG(s) 'example_dag' retrieved from /opt/airflow/dags/example_dag.py
[2025-12-21T21:08:32.312+0000] {processor.py:186} ERROR - Got an exception! Propagating...
Traceback (most recent call last):
  File "/home/airflow/.local/lib/python3.8/site-packages/sqlalchemy/engine/base.py", line 3371, in _wrap_pool_connect
    return fn()
  File "/home/airflow/.local/lib/python3.8/site-packages/sqlalchemy/pool/base.py", line 327, in connect
    return _ConnectionFairy._checkout(self)
  File "/home/airflow/.local/lib/python3.8/site-packages/sqlalchemy/pool/base.py", line 894, in _checkout
    fairy = _ConnectionRecord.checkout(pool)
  File "/home/airflow/.local/lib/python3.8/site-packages/sqlalchemy/pool/base.py", line 493, in checkout
    rec = pool._do_get()
  File "/home/airflow/.local/lib/python3.8/site-packages/sqlalchemy/pool/impl.py", line 146, in _do_get
    self._dec_overflow()
  File "/home/airflow/.local/lib/python3.8/site-packages/sqlalchemy/util/langhelpers.py", line 70, in __exit__
    compat.raise_(
  File "/home/airflow/.local/lib/python3.8/site-packages/sqlalchemy/util/compat.py", line 211, in raise_
    raise exception
  File "/home/airflow/.local/lib/python3.8/site-packages/sqlalchemy/pool/impl.py", line 143, in _do_get
    return self._create_connection()
  File "/home/airflow/.local/lib/python3.8/site-packages/sqlalchemy/pool/base.py", line 273, in _create_connection
    return _ConnectionRecord(self)
  File "/home/airflow/.local/lib/python3.8/site-packages/sqlalchemy/pool/base.py", line 388, in __init__
    self.__connect()
  File "/home/airflow/.local/lib/python3.8/site-packages/sqlalchemy/pool/base.py", line 691, in __connect
    pool.logger.debug("Error on connect(): %s", e)
  File "/home/airflow/.local/lib/python3.8/site-packages/sqlalchemy/util/langhelpers.py", line 70, in __exit__
    compat.raise_(
  File "/home/airflow/.local/lib/python3.8/site-packages/sqlalchemy/util/compat.py", line 211, in raise_
    raise exception
  File "/home/airflow/.local/lib/python3.8/site-packages/sqlalchemy/pool/base.py", line 686, in __connect
    self.dbapi_connection = connection = pool._invoke_creator(self)
  File "/home/airflow/.local/lib/python3.8/site-packages/sqlalchemy/engine/create.py", line 574, in connect
    return dialect.connect(*cargs, **cparams)
  File "/home/airflow/.local/lib/python3.8/site-packages/sqlalchemy/engine/default.py", line 598, in connect
    return self.dbapi.connect(*cargs, **cparams)
  File "/home/airflow/.local/lib/python3.8/site-packages/psycopg2/__init__.py", line 122, in connect
    conn = _connect(dsn, connection_factory=connection_factory, **kwasync)
psycopg2.OperationalError: connection to server at "postgres-airflow" (172.18.0.9), port 5432 failed: FATAL:  could not open file "global/pg_filenode.map": Operation not permitted


The above exception was the direct cause of the following exception:

Traceback (most recent call last):
  File "/home/airflow/.local/lib/python3.8/site-packages/airflow/dag_processing/processor.py", line 182, in _run_file_processor
    _handle_dag_file_processing()
  File "/home/airflow/.local/lib/python3.8/site-packages/airflow/dag_processing/processor.py", line 163, in _handle_dag_file_processing
    result: tuple[int, int] = dag_file_processor.process_file(
  File "/home/airflow/.local/lib/python3.8/site-packages/airflow/utils/session.py", line 79, in wrapper
    return func(*args, session=session, **kwargs)
  File "/home/airflow/.local/lib/python3.8/site-packages/airflow/dag_processing/processor.py", line 859, in process_file
    serialize_errors = DagFileProcessor.save_dag_to_db(
  File "/home/airflow/.local/lib/python3.8/site-packages/airflow/api_internal/internal_api_call.py", line 114, in wrapper
    return func(*args, **kwargs)
  File "/home/airflow/.local/lib/python3.8/site-packages/airflow/utils/session.py", line 79, in wrapper
    return func(*args, session=session, **kwargs)
  File "/home/airflow/.local/lib/python3.8/site-packages/airflow/dag_processing/processor.py", line 895, in save_dag_to_db
    import_errors = DagBag._sync_to_db(dags=dags, processor_subdir=dag_directory, session=session)
  File "/home/airflow/.local/lib/python3.8/site-packages/airflow/utils/session.py", line 76, in wrapper
    return func(*args, **kwargs)
  File "/home/airflow/.local/lib/python3.8/site-packages/airflow/models/dagbag.py", line 657, in _sync_to_db
    for attempt in run_with_db_retries(logger=log):
  File "/home/airflow/.local/lib/python3.8/site-packages/tenacity/__init__.py", line 347, in __iter__
    do = self.iter(retry_state=retry_state)
  File "/home/airflow/.local/lib/python3.8/site-packages/tenacity/__init__.py", line 325, in iter
    raise retry_exc.reraise()
  File "/home/airflow/.local/lib/python3.8/site-packages/tenacity/__init__.py", line 158, in reraise
    raise self.last_attempt.result()
  File "/usr/local/lib/python3.8/concurrent/futures/_base.py", line 437, in result
    return self.__get_result()
  File "/usr/local/lib/python3.8/concurrent/futures/_base.py", line 389, in __get_result
    raise self._exception
  File "/home/airflow/.local/lib/python3.8/site-packages/airflow/models/dagbag.py", line 670, in _sync_to_db
    _serialize_dag_capturing_errors(dag, session, processor_subdir)
  File "/home/airflow/.local/lib/python3.8/site-packages/airflow/models/dagbag.py", line 635, in _serialize_dag_capturing_errors
    dag_was_updated = SerializedDagModel.write_dag(
  File "/home/airflow/.local/lib/python3.8/site-packages/airflow/utils/session.py", line 76, in wrapper
    return func(*args, **kwargs)
  File "/home/airflow/.local/lib/python3.8/site-packages/airflow/models/serialized_dag.py", line 157, in write_dag
    if session.scalar(
  File "/home/airflow/.local/lib/python3.8/site-packages/sqlalchemy/orm/session.py", line 1747, in scalar
    return self.execute(
  File "/home/airflow/.local/lib/python3.8/site-packages/sqlalchemy/orm/session.py", line 1716, in execute
    conn = self._connection_for_bind(bind)
  File "/home/airflow/.local/lib/python3.8/site-packages/sqlalchemy/orm/session.py", line 1555, in _connection_for_bind
    return self._transaction._connection_for_bind(
  File "/home/airflow/.local/lib/python3.8/site-packages/sqlalchemy/orm/session.py", line 750, in _connection_for_bind
    conn = bind.connect()
  File "/home/airflow/.local/lib/python3.8/site-packages/sqlalchemy/future/engine.py", line 406, in connect
    return super(Engine, self).connect()
  File "/home/airflow/.local/lib/python3.8/site-packages/sqlalchemy/engine/base.py", line 3325, in connect
    return self._connection_cls(self, close_with_result=close_with_result)
  File "/home/airflow/.local/lib/python3.8/site-packages/sqlalchemy/engine/base.py", line 96, in __init__
    else engine.raw_connection()
  File "/home/airflow/.local/lib/python3.8/site-packages/sqlalchemy/engine/base.py", line 3404, in raw_connection
    return self._wrap_pool_connect(self.pool.connect, _connection)
  File "/home/airflow/.local/lib/python3.8/site-packages/sqlalchemy/engine/base.py", line 3374, in _wrap_pool_connect
    Connection._handle_dbapi_exception_noconnection(
  File "/home/airflow/.local/lib/python3.8/site-packages/sqlalchemy/engine/base.py", line 2208, in _handle_dbapi_exception_noconnection
    util.raise_(
  File "/home/airflow/.local/lib/python3.8/site-packages/sqlalchemy/util/compat.py", line 211, in raise_
    raise exception
  File "/home/airflow/.local/lib/python3.8/site-packages/sqlalchemy/engine/base.py", line 3371, in _wrap_pool_connect
    return fn()
  File "/home/airflow/.local/lib/python3.8/site-packages/sqlalchemy/pool/base.py", line 327, in connect
    return _ConnectionFairy._checkout(self)
  File "/home/airflow/.local/lib/python3.8/site-packages/sqlalchemy/pool/base.py", line 894, in _checkout
    fairy = _ConnectionRecord.checkout(pool)
  File "/home/airflow/.local/lib/python3.8/site-packages/sqlalchemy/pool/base.py", line 493, in checkout
    rec = pool._do_get()
  File "/home/airflow/.local/lib/python3.8/site-packages/sqlalchemy/pool/impl.py", line 146, in _do_get
    self._dec_overflow()
  File "/home/airflow/.local/lib/python3.8/site-packages/sqlalchemy/util/langhelpers.py", line 70, in __exit__
    compat.raise_(
  File "/home/airflow/.local/lib/python3.8/site-packages/sqlalchemy/util/compat.py", line 211, in raise_
    raise exception
  File "/home/airflow/.local/lib/python3.8/site-packages/sqlalchemy/pool/impl.py", line 143, in _do_get
    return self._create_connection()
  File "/home/airflow/.local/lib/python3.8/site-packages/sqlalchemy/pool/base.py", line 273, in _create_connection
    return _ConnectionRecord(self)
  File "/home/airflow/.local/lib/python3.8/site-packages/sqlalchemy/pool/base.py", line 388, in __init__
    self.__connect()
  File "/home/airflow/.local/lib/python3.8/site-packages/sqlalchemy/pool/base.py", line 691, in __connect
    pool.logger.debug("Error on connect(): %s", e)
  File "/home/airflow/.local/lib/python3.8/site-packages/sqlalchemy/util/langhelpers.py", line 70, in __exit__
    compat.raise_(
  File "/home/airflow/.local/lib/python3.8/site-packages/sqlalchemy/util/compat.py", line 211, in raise_
    raise exception
  File "/home/airflow/.local/lib/python3.8/site-packages/sqlalchemy/pool/base.py", line 686, in __connect
    self.dbapi_connection = connection = pool._invoke_creator(self)
  File "/home/airflow/.local/lib/python3.8/site-packages/sqlalchemy/engine/create.py", line 574, in connect
    return dialect.connect(*cargs, **cparams)
  File "/home/airflow/.local/lib/python3.8/site-packages/sqlalchemy/engine/default.py", line 598, in connect
    return self.dbapi.connect(*cargs, **cparams)
  File "/home/airflow/.local/lib/python3.8/site-packages/psycopg2/__init__.py", line 122, in connect
    conn = _connect(dsn, connection_factory=connection_factory, **kwasync)
sqlalchemy.exc.OperationalError: (psycopg2.OperationalError) connection to server at "postgres-airflow" (172.18.0.9), port 5432 failed: FATAL:  could not open file "global/pg_filenode.map": Operation not permitted

(Background on this error at: https://sqlalche.me/e/14/e3q8)
[2025-12-21T21:09:02.522+0000] {processor.py:161} INFO - Started process (PID=407) to work on /opt/airflow/dags/example_dag.py
[2025-12-21T21:09:02.524+0000] {processor.py:830} INFO - Processing file /opt/airflow/dags/example_dag.py for tasks to queue
[2025-12-21T21:09:02.525+0000] {logging_mixin.py:188} INFO - [2025-12-21T21:09:02.524+0000] {dagbag.py:538} INFO - Filling up the DagBag from /opt/airflow/dags/example_dag.py
[2025-12-21T21:09:02.550+0000] {processor.py:840} INFO - DAG(s) 'example_dag' retrieved from /opt/airflow/dags/example_dag.py
[2025-12-21T21:09:02.738+0000] {processor.py:186} ERROR - Got an exception! Propagating...
Traceback (most recent call last):
  File "/home/airflow/.local/lib/python3.8/site-packages/sqlalchemy/engine/base.py", line 3371, in _wrap_pool_connect
    return fn()
  File "/home/airflow/.local/lib/python3.8/site-packages/sqlalchemy/pool/base.py", line 327, in connect
    return _ConnectionFairy._checkout(self)
  File "/home/airflow/.local/lib/python3.8/site-packages/sqlalchemy/pool/base.py", line 894, in _checkout
    fairy = _ConnectionRecord.checkout(pool)
  File "/home/airflow/.local/lib/python3.8/site-packages/sqlalchemy/pool/base.py", line 493, in checkout
    rec = pool._do_get()
  File "/home/airflow/.local/lib/python3.8/site-packages/sqlalchemy/pool/impl.py", line 146, in _do_get
    self._dec_overflow()
  File "/home/airflow/.local/lib/python3.8/site-packages/sqlalchemy/util/langhelpers.py", line 70, in __exit__
    compat.raise_(
  File "/home/airflow/.local/lib/python3.8/site-packages/sqlalchemy/util/compat.py", line 211, in raise_
    raise exception
  File "/home/airflow/.local/lib/python3.8/site-packages/sqlalchemy/pool/impl.py", line 143, in _do_get
    return self._create_connection()
  File "/home/airflow/.local/lib/python3.8/site-packages/sqlalchemy/pool/base.py", line 273, in _create_connection
    return _ConnectionRecord(self)
  File "/home/airflow/.local/lib/python3.8/site-packages/sqlalchemy/pool/base.py", line 388, in __init__
    self.__connect()
  File "/home/airflow/.local/lib/python3.8/site-packages/sqlalchemy/pool/base.py", line 691, in __connect
    pool.logger.debug("Error on connect(): %s", e)
  File "/home/airflow/.local/lib/python3.8/site-packages/sqlalchemy/util/langhelpers.py", line 70, in __exit__
    compat.raise_(
  File "/home/airflow/.local/lib/python3.8/site-packages/sqlalchemy/util/compat.py", line 211, in raise_
    raise exception
  File "/home/airflow/.local/lib/python3.8/site-packages/sqlalchemy/pool/base.py", line 686, in __connect
    self.dbapi_connection = connection = pool._invoke_creator(self)
  File "/home/airflow/.local/lib/python3.8/site-packages/sqlalchemy/engine/create.py", line 574, in connect
    return dialect.connect(*cargs, **cparams)
  File "/home/airflow/.local/lib/python3.8/site-packages/sqlalchemy/engine/default.py", line 598, in connect
    return self.dbapi.connect(*cargs, **cparams)
  File "/home/airflow/.local/lib/python3.8/site-packages/psycopg2/__init__.py", line 122, in connect
    conn = _connect(dsn, connection_factory=connection_factory, **kwasync)
psycopg2.OperationalError: connection to server at "postgres-airflow" (172.18.0.9), port 5432 failed: FATAL:  could not open file "global/pg_filenode.map": Operation not permitted


The above exception was the direct cause of the following exception:

Traceback (most recent call last):
  File "/home/airflow/.local/lib/python3.8/site-packages/airflow/dag_processing/processor.py", line 182, in _run_file_processor
    _handle_dag_file_processing()
  File "/home/airflow/.local/lib/python3.8/site-packages/airflow/dag_processing/processor.py", line 163, in _handle_dag_file_processing
    result: tuple[int, int] = dag_file_processor.process_file(
  File "/home/airflow/.local/lib/python3.8/site-packages/airflow/utils/session.py", line 79, in wrapper
    return func(*args, session=session, **kwargs)
  File "/home/airflow/.local/lib/python3.8/site-packages/airflow/dag_processing/processor.py", line 859, in process_file
    serialize_errors = DagFileProcessor.save_dag_to_db(
  File "/home/airflow/.local/lib/python3.8/site-packages/airflow/api_internal/internal_api_call.py", line 114, in wrapper
    return func(*args, **kwargs)
  File "/home/airflow/.local/lib/python3.8/site-packages/airflow/utils/session.py", line 79, in wrapper
    return func(*args, session=session, **kwargs)
  File "/home/airflow/.local/lib/python3.8/site-packages/airflow/dag_processing/processor.py", line 895, in save_dag_to_db
    import_errors = DagBag._sync_to_db(dags=dags, processor_subdir=dag_directory, session=session)
  File "/home/airflow/.local/lib/python3.8/site-packages/airflow/utils/session.py", line 76, in wrapper
    return func(*args, **kwargs)
  File "/home/airflow/.local/lib/python3.8/site-packages/airflow/models/dagbag.py", line 657, in _sync_to_db
    for attempt in run_with_db_retries(logger=log):
  File "/home/airflow/.local/lib/python3.8/site-packages/tenacity/__init__.py", line 347, in __iter__
    do = self.iter(retry_state=retry_state)
  File "/home/airflow/.local/lib/python3.8/site-packages/tenacity/__init__.py", line 325, in iter
    raise retry_exc.reraise()
  File "/home/airflow/.local/lib/python3.8/site-packages/tenacity/__init__.py", line 158, in reraise
    raise self.last_attempt.result()
  File "/usr/local/lib/python3.8/concurrent/futures/_base.py", line 437, in result
    return self.__get_result()
  File "/usr/local/lib/python3.8/concurrent/futures/_base.py", line 389, in __get_result
    raise self._exception
  File "/home/airflow/.local/lib/python3.8/site-packages/airflow/models/dagbag.py", line 670, in _sync_to_db
    _serialize_dag_capturing_errors(dag, session, processor_subdir)
  File "/home/airflow/.local/lib/python3.8/site-packages/airflow/models/dagbag.py", line 635, in _serialize_dag_capturing_errors
    dag_was_updated = SerializedDagModel.write_dag(
  File "/home/airflow/.local/lib/python3.8/site-packages/airflow/utils/session.py", line 76, in wrapper
    return func(*args, **kwargs)
  File "/home/airflow/.local/lib/python3.8/site-packages/airflow/models/serialized_dag.py", line 157, in write_dag
    if session.scalar(
  File "/home/airflow/.local/lib/python3.8/site-packages/sqlalchemy/orm/session.py", line 1747, in scalar
    return self.execute(
  File "/home/airflow/.local/lib/python3.8/site-packages/sqlalchemy/orm/session.py", line 1716, in execute
    conn = self._connection_for_bind(bind)
  File "/home/airflow/.local/lib/python3.8/site-packages/sqlalchemy/orm/session.py", line 1555, in _connection_for_bind
    return self._transaction._connection_for_bind(
  File "/home/airflow/.local/lib/python3.8/site-packages/sqlalchemy/orm/session.py", line 750, in _connection_for_bind
    conn = bind.connect()
  File "/home/airflow/.local/lib/python3.8/site-packages/sqlalchemy/future/engine.py", line 406, in connect
    return super(Engine, self).connect()
  File "/home/airflow/.local/lib/python3.8/site-packages/sqlalchemy/engine/base.py", line 3325, in connect
    return self._connection_cls(self, close_with_result=close_with_result)
  File "/home/airflow/.local/lib/python3.8/site-packages/sqlalchemy/engine/base.py", line 96, in __init__
    else engine.raw_connection()
  File "/home/airflow/.local/lib/python3.8/site-packages/sqlalchemy/engine/base.py", line 3404, in raw_connection
    return self._wrap_pool_connect(self.pool.connect, _connection)
  File "/home/airflow/.local/lib/python3.8/site-packages/sqlalchemy/engine/base.py", line 3374, in _wrap_pool_connect
    Connection._handle_dbapi_exception_noconnection(
  File "/home/airflow/.local/lib/python3.8/site-packages/sqlalchemy/engine/base.py", line 2208, in _handle_dbapi_exception_noconnection
    util.raise_(
  File "/home/airflow/.local/lib/python3.8/site-packages/sqlalchemy/util/compat.py", line 211, in raise_
    raise exception
  File "/home/airflow/.local/lib/python3.8/site-packages/sqlalchemy/engine/base.py", line 3371, in _wrap_pool_connect
    return fn()
  File "/home/airflow/.local/lib/python3.8/site-packages/sqlalchemy/pool/base.py", line 327, in connect
    return _ConnectionFairy._checkout(self)
  File "/home/airflow/.local/lib/python3.8/site-packages/sqlalchemy/pool/base.py", line 894, in _checkout
    fairy = _ConnectionRecord.checkout(pool)
  File "/home/airflow/.local/lib/python3.8/site-packages/sqlalchemy/pool/base.py", line 493, in checkout
    rec = pool._do_get()
  File "/home/airflow/.local/lib/python3.8/site-packages/sqlalchemy/pool/impl.py", line 146, in _do_get
    self._dec_overflow()
  File "/home/airflow/.local/lib/python3.8/site-packages/sqlalchemy/util/langhelpers.py", line 70, in __exit__
    compat.raise_(
  File "/home/airflow/.local/lib/python3.8/site-packages/sqlalchemy/util/compat.py", line 211, in raise_
    raise exception
  File "/home/airflow/.local/lib/python3.8/site-packages/sqlalchemy/pool/impl.py", line 143, in _do_get
    return self._create_connection()
  File "/home/airflow/.local/lib/python3.8/site-packages/sqlalchemy/pool/base.py", line 273, in _create_connection
    return _ConnectionRecord(self)
  File "/home/airflow/.local/lib/python3.8/site-packages/sqlalchemy/pool/base.py", line 388, in __init__
    self.__connect()
  File "/home/airflow/.local/lib/python3.8/site-packages/sqlalchemy/pool/base.py", line 691, in __connect
    pool.logger.debug("Error on connect(): %s", e)
  File "/home/airflow/.local/lib/python3.8/site-packages/sqlalchemy/util/langhelpers.py", line 70, in __exit__
    compat.raise_(
  File "/home/airflow/.local/lib/python3.8/site-packages/sqlalchemy/util/compat.py", line 211, in raise_
    raise exception
  File "/home/airflow/.local/lib/python3.8/site-packages/sqlalchemy/pool/base.py", line 686, in __connect
    self.dbapi_connection = connection = pool._invoke_creator(self)
  File "/home/airflow/.local/lib/python3.8/site-packages/sqlalchemy/engine/create.py", line 574, in connect
    return dialect.connect(*cargs, **cparams)
  File "/home/airflow/.local/lib/python3.8/site-packages/sqlalchemy/engine/default.py", line 598, in connect
    return self.dbapi.connect(*cargs, **cparams)
  File "/home/airflow/.local/lib/python3.8/site-packages/psycopg2/__init__.py", line 122, in connect
    conn = _connect(dsn, connection_factory=connection_factory, **kwasync)
sqlalchemy.exc.OperationalError: (psycopg2.OperationalError) connection to server at "postgres-airflow" (172.18.0.9), port 5432 failed: FATAL:  could not open file "global/pg_filenode.map": Operation not permitted

(Background on this error at: https://sqlalche.me/e/14/e3q8)
