[2025-12-21T15:22:52.987+0000] {processor.py:161} INFO - Started process (PID=30) to work on /opt/airflow/dags/purchase_analytics_dag.py
[2025-12-21T15:22:52.989+0000] {processor.py:830} INFO - Processing file /opt/airflow/dags/purchase_analytics_dag.py for tasks to queue
[2025-12-21T15:22:52.996+0000] {logging_mixin.py:188} INFO - [2025-12-21T15:22:52.990+0000] {dagbag.py:538} INFO - Filling up the DagBag from /opt/airflow/dags/purchase_analytics_dag.py
[2025-12-21T15:22:53.031+0000] {processor.py:840} INFO - DAG(s) 'purchase_analytics_refresh' retrieved from /opt/airflow/dags/purchase_analytics_dag.py
[2025-12-21T15:22:53.113+0000] {logging_mixin.py:188} INFO - [2025-12-21T15:22:53.113+0000] {dag.py:3033} INFO - Sync 1 DAGs
[2025-12-21T15:22:53.172+0000] {logging_mixin.py:188} INFO - [2025-12-21T15:22:53.172+0000] {dag.py:3820} INFO - Setting next_dagrun for purchase_analytics_refresh to 2025-12-21T02:00:00+00:00, run_after=2025-12-22T02:00:00+00:00
[2025-12-21T15:22:53.200+0000] {processor.py:183} INFO - Processing /opt/airflow/dags/purchase_analytics_dag.py took 0.218 seconds
[2025-12-21T15:23:23.490+0000] {processor.py:161} INFO - Started process (PID=114) to work on /opt/airflow/dags/purchase_analytics_dag.py
[2025-12-21T15:23:23.492+0000] {processor.py:830} INFO - Processing file /opt/airflow/dags/purchase_analytics_dag.py for tasks to queue
[2025-12-21T15:23:23.494+0000] {logging_mixin.py:188} INFO - [2025-12-21T15:23:23.494+0000] {dagbag.py:538} INFO - Filling up the DagBag from /opt/airflow/dags/purchase_analytics_dag.py
[2025-12-21T15:23:23.582+0000] {processor.py:840} INFO - DAG(s) 'purchase_analytics_refresh' retrieved from /opt/airflow/dags/purchase_analytics_dag.py
[2025-12-21T15:23:23.880+0000] {logging_mixin.py:188} INFO - [2025-12-21T15:23:23.879+0000] {dag.py:3033} INFO - Sync 1 DAGs
[2025-12-21T15:23:23.954+0000] {logging_mixin.py:188} INFO - [2025-12-21T15:23:23.954+0000] {dag.py:3820} INFO - Setting next_dagrun for purchase_analytics_refresh to 2025-12-21T02:00:00+00:00, run_after=2025-12-22T02:00:00+00:00
[2025-12-21T15:23:24.075+0000] {processor.py:183} INFO - Processing /opt/airflow/dags/purchase_analytics_dag.py took 0.616 seconds
[2025-12-21T15:23:54.671+0000] {processor.py:161} INFO - Started process (PID=136) to work on /opt/airflow/dags/purchase_analytics_dag.py
[2025-12-21T15:23:54.676+0000] {processor.py:830} INFO - Processing file /opt/airflow/dags/purchase_analytics_dag.py for tasks to queue
[2025-12-21T15:23:54.677+0000] {logging_mixin.py:188} INFO - [2025-12-21T15:23:54.677+0000] {dagbag.py:538} INFO - Filling up the DagBag from /opt/airflow/dags/purchase_analytics_dag.py
[2025-12-21T15:23:54.744+0000] {processor.py:840} INFO - DAG(s) 'purchase_analytics_refresh' retrieved from /opt/airflow/dags/purchase_analytics_dag.py
[2025-12-21T15:23:54.778+0000] {logging_mixin.py:188} INFO - [2025-12-21T15:23:54.778+0000] {dag.py:3033} INFO - Sync 1 DAGs
[2025-12-21T15:23:54.799+0000] {logging_mixin.py:188} INFO - [2025-12-21T15:23:54.799+0000] {dag.py:3820} INFO - Setting next_dagrun for purchase_analytics_refresh to 2025-12-21T02:00:00+00:00, run_after=2025-12-22T02:00:00+00:00
[2025-12-21T15:23:54.814+0000] {processor.py:183} INFO - Processing /opt/airflow/dags/purchase_analytics_dag.py took 0.180 seconds
[2025-12-21T15:24:25.471+0000] {processor.py:161} INFO - Started process (PID=146) to work on /opt/airflow/dags/purchase_analytics_dag.py
[2025-12-21T15:24:25.472+0000] {processor.py:830} INFO - Processing file /opt/airflow/dags/purchase_analytics_dag.py for tasks to queue
[2025-12-21T15:24:25.473+0000] {logging_mixin.py:188} INFO - [2025-12-21T15:24:25.473+0000] {dagbag.py:538} INFO - Filling up the DagBag from /opt/airflow/dags/purchase_analytics_dag.py
[2025-12-21T15:24:25.498+0000] {processor.py:840} INFO - DAG(s) 'purchase_analytics_refresh' retrieved from /opt/airflow/dags/purchase_analytics_dag.py
[2025-12-21T15:24:25.531+0000] {logging_mixin.py:188} INFO - [2025-12-21T15:24:25.531+0000] {dag.py:3033} INFO - Sync 1 DAGs
[2025-12-21T15:24:25.557+0000] {logging_mixin.py:188} INFO - [2025-12-21T15:24:25.556+0000] {dag.py:3820} INFO - Setting next_dagrun for purchase_analytics_refresh to 2025-12-21T02:00:00+00:00, run_after=2025-12-22T02:00:00+00:00
[2025-12-21T15:24:25.571+0000] {processor.py:183} INFO - Processing /opt/airflow/dags/purchase_analytics_dag.py took 0.104 seconds
[2025-12-21T15:24:55.788+0000] {processor.py:161} INFO - Started process (PID=156) to work on /opt/airflow/dags/purchase_analytics_dag.py
[2025-12-21T15:24:55.791+0000] {processor.py:830} INFO - Processing file /opt/airflow/dags/purchase_analytics_dag.py for tasks to queue
[2025-12-21T15:24:55.793+0000] {logging_mixin.py:188} INFO - [2025-12-21T15:24:55.792+0000] {dagbag.py:538} INFO - Filling up the DagBag from /opt/airflow/dags/purchase_analytics_dag.py
[2025-12-21T15:24:55.814+0000] {processor.py:840} INFO - DAG(s) 'purchase_analytics_refresh' retrieved from /opt/airflow/dags/purchase_analytics_dag.py
[2025-12-21T15:24:55.906+0000] {logging_mixin.py:188} INFO - [2025-12-21T15:24:55.906+0000] {dag.py:3033} INFO - Sync 1 DAGs
[2025-12-21T15:24:55.931+0000] {logging_mixin.py:188} INFO - [2025-12-21T15:24:55.931+0000] {dag.py:3820} INFO - Setting next_dagrun for purchase_analytics_refresh to 2025-12-21T02:00:00+00:00, run_after=2025-12-22T02:00:00+00:00
[2025-12-21T15:24:55.951+0000] {processor.py:183} INFO - Processing /opt/airflow/dags/purchase_analytics_dag.py took 0.170 seconds
[2025-12-21T15:25:26.423+0000] {processor.py:161} INFO - Started process (PID=168) to work on /opt/airflow/dags/purchase_analytics_dag.py
[2025-12-21T15:25:26.424+0000] {processor.py:830} INFO - Processing file /opt/airflow/dags/purchase_analytics_dag.py for tasks to queue
[2025-12-21T15:25:26.425+0000] {logging_mixin.py:188} INFO - [2025-12-21T15:25:26.425+0000] {dagbag.py:538} INFO - Filling up the DagBag from /opt/airflow/dags/purchase_analytics_dag.py
[2025-12-21T15:25:26.446+0000] {processor.py:840} INFO - DAG(s) 'purchase_analytics_refresh' retrieved from /opt/airflow/dags/purchase_analytics_dag.py
[2025-12-21T15:25:26.495+0000] {logging_mixin.py:188} INFO - [2025-12-21T15:25:26.494+0000] {dag.py:3033} INFO - Sync 1 DAGs
[2025-12-21T15:25:26.535+0000] {logging_mixin.py:188} INFO - [2025-12-21T15:25:26.535+0000] {dag.py:3820} INFO - Setting next_dagrun for purchase_analytics_refresh to 2025-12-21T02:00:00+00:00, run_after=2025-12-22T02:00:00+00:00
[2025-12-21T15:25:26.552+0000] {processor.py:183} INFO - Processing /opt/airflow/dags/purchase_analytics_dag.py took 0.136 seconds
[2025-12-21T15:31:57.863+0000] {processor.py:161} INFO - Started process (PID=31) to work on /opt/airflow/dags/purchase_analytics_dag.py
[2025-12-21T15:31:57.866+0000] {processor.py:830} INFO - Processing file /opt/airflow/dags/purchase_analytics_dag.py for tasks to queue
[2025-12-21T15:31:57.870+0000] {logging_mixin.py:188} INFO - [2025-12-21T15:31:57.869+0000] {dagbag.py:538} INFO - Filling up the DagBag from /opt/airflow/dags/purchase_analytics_dag.py
[2025-12-21T15:31:57.899+0000] {processor.py:840} INFO - DAG(s) 'purchase_analytics_refresh' retrieved from /opt/airflow/dags/purchase_analytics_dag.py
[2025-12-21T15:31:58.048+0000] {logging_mixin.py:188} INFO - [2025-12-21T15:31:58.048+0000] {dag.py:3033} INFO - Sync 1 DAGs
[2025-12-21T15:31:58.081+0000] {logging_mixin.py:188} INFO - [2025-12-21T15:31:58.081+0000] {dag.py:3820} INFO - Setting next_dagrun for purchase_analytics_refresh to 2025-12-21T02:00:00+00:00, run_after=2025-12-22T02:00:00+00:00
[2025-12-21T15:31:58.108+0000] {processor.py:183} INFO - Processing /opt/airflow/dags/purchase_analytics_dag.py took 0.254 seconds
[2025-12-21T15:32:28.683+0000] {processor.py:161} INFO - Started process (PID=43) to work on /opt/airflow/dags/purchase_analytics_dag.py
[2025-12-21T15:32:28.684+0000] {processor.py:830} INFO - Processing file /opt/airflow/dags/purchase_analytics_dag.py for tasks to queue
[2025-12-21T15:32:28.685+0000] {logging_mixin.py:188} INFO - [2025-12-21T15:32:28.684+0000] {dagbag.py:538} INFO - Filling up the DagBag from /opt/airflow/dags/purchase_analytics_dag.py
[2025-12-21T15:32:28.711+0000] {processor.py:840} INFO - DAG(s) 'purchase_analytics_refresh' retrieved from /opt/airflow/dags/purchase_analytics_dag.py
[2025-12-21T15:32:29.034+0000] {logging_mixin.py:188} INFO - [2025-12-21T15:32:29.034+0000] {dag.py:3033} INFO - Sync 1 DAGs
[2025-12-21T15:32:29.059+0000] {logging_mixin.py:188} INFO - [2025-12-21T15:32:29.059+0000] {dag.py:3820} INFO - Setting next_dagrun for purchase_analytics_refresh to 2025-12-21T02:00:00+00:00, run_after=2025-12-22T02:00:00+00:00
[2025-12-21T15:32:29.080+0000] {processor.py:183} INFO - Processing /opt/airflow/dags/purchase_analytics_dag.py took 0.403 seconds
[2025-12-21T15:32:59.330+0000] {processor.py:161} INFO - Started process (PID=63) to work on /opt/airflow/dags/purchase_analytics_dag.py
[2025-12-21T15:32:59.332+0000] {processor.py:830} INFO - Processing file /opt/airflow/dags/purchase_analytics_dag.py for tasks to queue
[2025-12-21T15:32:59.333+0000] {logging_mixin.py:188} INFO - [2025-12-21T15:32:59.332+0000] {dagbag.py:538} INFO - Filling up the DagBag from /opt/airflow/dags/purchase_analytics_dag.py
[2025-12-21T15:32:59.369+0000] {processor.py:840} INFO - DAG(s) 'purchase_analytics_refresh' retrieved from /opt/airflow/dags/purchase_analytics_dag.py
[2025-12-21T15:32:59.415+0000] {logging_mixin.py:188} INFO - [2025-12-21T15:32:59.414+0000] {dag.py:3033} INFO - Sync 1 DAGs
[2025-12-21T15:32:59.437+0000] {logging_mixin.py:188} INFO - [2025-12-21T15:32:59.437+0000] {dag.py:3820} INFO - Setting next_dagrun for purchase_analytics_refresh to 2025-12-21T02:00:00+00:00, run_after=2025-12-22T02:00:00+00:00
[2025-12-21T15:32:59.453+0000] {processor.py:183} INFO - Processing /opt/airflow/dags/purchase_analytics_dag.py took 0.128 seconds
[2025-12-21T15:33:29.831+0000] {processor.py:161} INFO - Started process (PID=85) to work on /opt/airflow/dags/purchase_analytics_dag.py
[2025-12-21T15:33:29.832+0000] {processor.py:830} INFO - Processing file /opt/airflow/dags/purchase_analytics_dag.py for tasks to queue
[2025-12-21T15:33:29.835+0000] {logging_mixin.py:188} INFO - [2025-12-21T15:33:29.833+0000] {dagbag.py:538} INFO - Filling up the DagBag from /opt/airflow/dags/purchase_analytics_dag.py
[2025-12-21T15:33:29.856+0000] {processor.py:840} INFO - DAG(s) 'purchase_analytics_refresh' retrieved from /opt/airflow/dags/purchase_analytics_dag.py
[2025-12-21T15:33:29.889+0000] {logging_mixin.py:188} INFO - [2025-12-21T15:33:29.889+0000] {dag.py:3033} INFO - Sync 1 DAGs
[2025-12-21T15:33:29.916+0000] {logging_mixin.py:188} INFO - [2025-12-21T15:33:29.916+0000] {dag.py:3820} INFO - Setting next_dagrun for purchase_analytics_refresh to 2025-12-21T02:00:00+00:00, run_after=2025-12-22T02:00:00+00:00
[2025-12-21T15:33:29.935+0000] {processor.py:183} INFO - Processing /opt/airflow/dags/purchase_analytics_dag.py took 0.106 seconds
[2025-12-21T15:34:00.221+0000] {processor.py:161} INFO - Started process (PID=95) to work on /opt/airflow/dags/purchase_analytics_dag.py
[2025-12-21T15:34:00.223+0000] {processor.py:830} INFO - Processing file /opt/airflow/dags/purchase_analytics_dag.py for tasks to queue
[2025-12-21T15:34:00.226+0000] {logging_mixin.py:188} INFO - [2025-12-21T15:34:00.225+0000] {dagbag.py:538} INFO - Filling up the DagBag from /opt/airflow/dags/purchase_analytics_dag.py
[2025-12-21T15:34:00.256+0000] {processor.py:840} INFO - DAG(s) 'purchase_analytics_refresh' retrieved from /opt/airflow/dags/purchase_analytics_dag.py
[2025-12-21T15:34:00.298+0000] {logging_mixin.py:188} INFO - [2025-12-21T15:34:00.297+0000] {dag.py:3033} INFO - Sync 1 DAGs
[2025-12-21T15:34:00.322+0000] {logging_mixin.py:188} INFO - [2025-12-21T15:34:00.322+0000] {dag.py:3820} INFO - Setting next_dagrun for purchase_analytics_refresh to 2025-12-21T02:00:00+00:00, run_after=2025-12-22T02:00:00+00:00
[2025-12-21T15:34:00.340+0000] {processor.py:183} INFO - Processing /opt/airflow/dags/purchase_analytics_dag.py took 0.130 seconds
[2025-12-21T15:34:30.533+0000] {processor.py:161} INFO - Started process (PID=105) to work on /opt/airflow/dags/purchase_analytics_dag.py
[2025-12-21T15:34:30.539+0000] {processor.py:830} INFO - Processing file /opt/airflow/dags/purchase_analytics_dag.py for tasks to queue
[2025-12-21T15:34:30.541+0000] {logging_mixin.py:188} INFO - [2025-12-21T15:34:30.541+0000] {dagbag.py:538} INFO - Filling up the DagBag from /opt/airflow/dags/purchase_analytics_dag.py
[2025-12-21T15:34:30.559+0000] {processor.py:840} INFO - DAG(s) 'purchase_analytics_refresh' retrieved from /opt/airflow/dags/purchase_analytics_dag.py
[2025-12-21T15:34:30.589+0000] {logging_mixin.py:188} INFO - [2025-12-21T15:34:30.589+0000] {dag.py:3033} INFO - Sync 1 DAGs
[2025-12-21T15:34:30.611+0000] {logging_mixin.py:188} INFO - [2025-12-21T15:34:30.611+0000] {dag.py:3820} INFO - Setting next_dagrun for purchase_analytics_refresh to 2025-12-21T02:00:00+00:00, run_after=2025-12-22T02:00:00+00:00
[2025-12-21T15:34:30.629+0000] {processor.py:183} INFO - Processing /opt/airflow/dags/purchase_analytics_dag.py took 0.100 seconds
[2025-12-21T15:35:01.012+0000] {processor.py:161} INFO - Started process (PID=115) to work on /opt/airflow/dags/purchase_analytics_dag.py
[2025-12-21T15:35:01.013+0000] {processor.py:830} INFO - Processing file /opt/airflow/dags/purchase_analytics_dag.py for tasks to queue
[2025-12-21T15:35:01.014+0000] {logging_mixin.py:188} INFO - [2025-12-21T15:35:01.014+0000] {dagbag.py:538} INFO - Filling up the DagBag from /opt/airflow/dags/purchase_analytics_dag.py
[2025-12-21T15:35:01.039+0000] {processor.py:840} INFO - DAG(s) 'purchase_analytics_refresh' retrieved from /opt/airflow/dags/purchase_analytics_dag.py
[2025-12-21T15:35:01.073+0000] {logging_mixin.py:188} INFO - [2025-12-21T15:35:01.072+0000] {dag.py:3033} INFO - Sync 1 DAGs
[2025-12-21T15:35:01.094+0000] {logging_mixin.py:188} INFO - [2025-12-21T15:35:01.093+0000] {dag.py:3820} INFO - Setting next_dagrun for purchase_analytics_refresh to 2025-12-21T02:00:00+00:00, run_after=2025-12-22T02:00:00+00:00
[2025-12-21T15:35:01.109+0000] {processor.py:183} INFO - Processing /opt/airflow/dags/purchase_analytics_dag.py took 0.099 seconds
[2025-12-21T15:35:31.297+0000] {processor.py:161} INFO - Started process (PID=125) to work on /opt/airflow/dags/purchase_analytics_dag.py
[2025-12-21T15:35:31.298+0000] {processor.py:830} INFO - Processing file /opt/airflow/dags/purchase_analytics_dag.py for tasks to queue
[2025-12-21T15:35:31.299+0000] {logging_mixin.py:188} INFO - [2025-12-21T15:35:31.299+0000] {dagbag.py:538} INFO - Filling up the DagBag from /opt/airflow/dags/purchase_analytics_dag.py
[2025-12-21T15:35:31.316+0000] {processor.py:840} INFO - DAG(s) 'purchase_analytics_refresh' retrieved from /opt/airflow/dags/purchase_analytics_dag.py
[2025-12-21T15:35:31.346+0000] {logging_mixin.py:188} INFO - [2025-12-21T15:35:31.346+0000] {dag.py:3033} INFO - Sync 1 DAGs
[2025-12-21T15:35:31.367+0000] {logging_mixin.py:188} INFO - [2025-12-21T15:35:31.367+0000] {dag.py:3820} INFO - Setting next_dagrun for purchase_analytics_refresh to 2025-12-21T02:00:00+00:00, run_after=2025-12-22T02:00:00+00:00
[2025-12-21T15:35:31.382+0000] {processor.py:183} INFO - Processing /opt/airflow/dags/purchase_analytics_dag.py took 0.087 seconds
[2025-12-21T15:36:01.572+0000] {processor.py:161} INFO - Started process (PID=134) to work on /opt/airflow/dags/purchase_analytics_dag.py
[2025-12-21T15:36:01.573+0000] {processor.py:830} INFO - Processing file /opt/airflow/dags/purchase_analytics_dag.py for tasks to queue
[2025-12-21T15:36:01.574+0000] {logging_mixin.py:188} INFO - [2025-12-21T15:36:01.574+0000] {dagbag.py:538} INFO - Filling up the DagBag from /opt/airflow/dags/purchase_analytics_dag.py
[2025-12-21T15:36:01.596+0000] {processor.py:840} INFO - DAG(s) 'purchase_analytics_refresh' retrieved from /opt/airflow/dags/purchase_analytics_dag.py
[2025-12-21T15:36:01.648+0000] {logging_mixin.py:188} INFO - [2025-12-21T15:36:01.648+0000] {dag.py:3033} INFO - Sync 1 DAGs
[2025-12-21T15:36:01.674+0000] {logging_mixin.py:188} INFO - [2025-12-21T15:36:01.674+0000] {dag.py:3820} INFO - Setting next_dagrun for purchase_analytics_refresh to 2025-12-21T02:00:00+00:00, run_after=2025-12-22T02:00:00+00:00
[2025-12-21T15:36:01.691+0000] {processor.py:183} INFO - Processing /opt/airflow/dags/purchase_analytics_dag.py took 0.126 seconds
[2025-12-21T15:36:32.018+0000] {processor.py:161} INFO - Started process (PID=138) to work on /opt/airflow/dags/purchase_analytics_dag.py
[2025-12-21T15:36:32.019+0000] {processor.py:830} INFO - Processing file /opt/airflow/dags/purchase_analytics_dag.py for tasks to queue
[2025-12-21T15:36:32.021+0000] {logging_mixin.py:188} INFO - [2025-12-21T15:36:32.020+0000] {dagbag.py:538} INFO - Filling up the DagBag from /opt/airflow/dags/purchase_analytics_dag.py
[2025-12-21T15:36:32.052+0000] {processor.py:840} INFO - DAG(s) 'purchase_analytics_refresh' retrieved from /opt/airflow/dags/purchase_analytics_dag.py
[2025-12-21T15:36:32.091+0000] {logging_mixin.py:188} INFO - [2025-12-21T15:36:32.091+0000] {dag.py:3033} INFO - Sync 1 DAGs
[2025-12-21T15:36:32.119+0000] {logging_mixin.py:188} INFO - [2025-12-21T15:36:32.119+0000] {dag.py:3820} INFO - Setting next_dagrun for purchase_analytics_refresh to 2025-12-21T02:00:00+00:00, run_after=2025-12-22T02:00:00+00:00
[2025-12-21T15:36:32.135+0000] {processor.py:183} INFO - Processing /opt/airflow/dags/purchase_analytics_dag.py took 0.122 seconds
[2025-12-21T15:37:02.330+0000] {processor.py:161} INFO - Started process (PID=148) to work on /opt/airflow/dags/purchase_analytics_dag.py
[2025-12-21T15:37:02.331+0000] {processor.py:830} INFO - Processing file /opt/airflow/dags/purchase_analytics_dag.py for tasks to queue
[2025-12-21T15:37:02.332+0000] {logging_mixin.py:188} INFO - [2025-12-21T15:37:02.331+0000] {dagbag.py:538} INFO - Filling up the DagBag from /opt/airflow/dags/purchase_analytics_dag.py
[2025-12-21T15:37:02.364+0000] {processor.py:840} INFO - DAG(s) 'purchase_analytics_refresh' retrieved from /opt/airflow/dags/purchase_analytics_dag.py
[2025-12-21T15:37:02.421+0000] {logging_mixin.py:188} INFO - [2025-12-21T15:37:02.421+0000] {dag.py:3033} INFO - Sync 1 DAGs
[2025-12-21T15:37:02.446+0000] {logging_mixin.py:188} INFO - [2025-12-21T15:37:02.446+0000] {dag.py:3820} INFO - Setting next_dagrun for purchase_analytics_refresh to 2025-12-21T02:00:00+00:00, run_after=2025-12-22T02:00:00+00:00
[2025-12-21T15:37:02.463+0000] {processor.py:183} INFO - Processing /opt/airflow/dags/purchase_analytics_dag.py took 0.138 seconds
[2025-12-21T15:37:32.841+0000] {processor.py:161} INFO - Started process (PID=158) to work on /opt/airflow/dags/purchase_analytics_dag.py
[2025-12-21T15:37:32.842+0000] {processor.py:830} INFO - Processing file /opt/airflow/dags/purchase_analytics_dag.py for tasks to queue
[2025-12-21T15:37:32.844+0000] {logging_mixin.py:188} INFO - [2025-12-21T15:37:32.843+0000] {dagbag.py:538} INFO - Filling up the DagBag from /opt/airflow/dags/purchase_analytics_dag.py
[2025-12-21T15:37:32.868+0000] {processor.py:840} INFO - DAG(s) 'purchase_analytics_refresh' retrieved from /opt/airflow/dags/purchase_analytics_dag.py
[2025-12-21T15:37:32.921+0000] {logging_mixin.py:188} INFO - [2025-12-21T15:37:32.920+0000] {dag.py:3033} INFO - Sync 1 DAGs
[2025-12-21T15:37:32.948+0000] {logging_mixin.py:188} INFO - [2025-12-21T15:37:32.948+0000] {dag.py:3820} INFO - Setting next_dagrun for purchase_analytics_refresh to 2025-12-21T02:00:00+00:00, run_after=2025-12-22T02:00:00+00:00
[2025-12-21T15:37:32.979+0000] {processor.py:183} INFO - Processing /opt/airflow/dags/purchase_analytics_dag.py took 0.154 seconds
[2025-12-21T15:38:03.503+0000] {processor.py:161} INFO - Started process (PID=168) to work on /opt/airflow/dags/purchase_analytics_dag.py
[2025-12-21T15:38:03.504+0000] {processor.py:830} INFO - Processing file /opt/airflow/dags/purchase_analytics_dag.py for tasks to queue
[2025-12-21T15:38:03.505+0000] {logging_mixin.py:188} INFO - [2025-12-21T15:38:03.505+0000] {dagbag.py:538} INFO - Filling up the DagBag from /opt/airflow/dags/purchase_analytics_dag.py
[2025-12-21T15:38:03.537+0000] {processor.py:840} INFO - DAG(s) 'purchase_analytics_refresh' retrieved from /opt/airflow/dags/purchase_analytics_dag.py
[2025-12-21T15:38:03.590+0000] {logging_mixin.py:188} INFO - [2025-12-21T15:38:03.590+0000] {dag.py:3033} INFO - Sync 1 DAGs
[2025-12-21T15:38:03.621+0000] {logging_mixin.py:188} INFO - [2025-12-21T15:38:03.620+0000] {dag.py:3820} INFO - Setting next_dagrun for purchase_analytics_refresh to 2025-12-21T02:00:00+00:00, run_after=2025-12-22T02:00:00+00:00
[2025-12-21T15:38:03.647+0000] {processor.py:183} INFO - Processing /opt/airflow/dags/purchase_analytics_dag.py took 0.149 seconds
[2025-12-21T15:38:33.967+0000] {processor.py:161} INFO - Started process (PID=178) to work on /opt/airflow/dags/purchase_analytics_dag.py
[2025-12-21T15:38:33.968+0000] {processor.py:830} INFO - Processing file /opt/airflow/dags/purchase_analytics_dag.py for tasks to queue
[2025-12-21T15:38:33.969+0000] {logging_mixin.py:188} INFO - [2025-12-21T15:38:33.969+0000] {dagbag.py:538} INFO - Filling up the DagBag from /opt/airflow/dags/purchase_analytics_dag.py
[2025-12-21T15:38:33.997+0000] {processor.py:840} INFO - DAG(s) 'purchase_analytics_refresh' retrieved from /opt/airflow/dags/purchase_analytics_dag.py
[2025-12-21T15:38:34.045+0000] {logging_mixin.py:188} INFO - [2025-12-21T15:38:34.045+0000] {dag.py:3033} INFO - Sync 1 DAGs
[2025-12-21T15:38:34.076+0000] {logging_mixin.py:188} INFO - [2025-12-21T15:38:34.076+0000] {dag.py:3820} INFO - Setting next_dagrun for purchase_analytics_refresh to 2025-12-21T02:00:00+00:00, run_after=2025-12-22T02:00:00+00:00
[2025-12-21T15:38:34.095+0000] {processor.py:183} INFO - Processing /opt/airflow/dags/purchase_analytics_dag.py took 0.138 seconds
[2025-12-21T15:39:04.439+0000] {processor.py:161} INFO - Started process (PID=188) to work on /opt/airflow/dags/purchase_analytics_dag.py
[2025-12-21T15:39:04.440+0000] {processor.py:830} INFO - Processing file /opt/airflow/dags/purchase_analytics_dag.py for tasks to queue
[2025-12-21T15:39:04.441+0000] {logging_mixin.py:188} INFO - [2025-12-21T15:39:04.441+0000] {dagbag.py:538} INFO - Filling up the DagBag from /opt/airflow/dags/purchase_analytics_dag.py
[2025-12-21T15:39:04.466+0000] {processor.py:840} INFO - DAG(s) 'purchase_analytics_refresh' retrieved from /opt/airflow/dags/purchase_analytics_dag.py
[2025-12-21T15:39:04.523+0000] {logging_mixin.py:188} INFO - [2025-12-21T15:39:04.523+0000] {dag.py:3033} INFO - Sync 1 DAGs
[2025-12-21T15:39:04.550+0000] {logging_mixin.py:188} INFO - [2025-12-21T15:39:04.550+0000] {dag.py:3820} INFO - Setting next_dagrun for purchase_analytics_refresh to 2025-12-21T02:00:00+00:00, run_after=2025-12-22T02:00:00+00:00
[2025-12-21T15:39:04.567+0000] {processor.py:183} INFO - Processing /opt/airflow/dags/purchase_analytics_dag.py took 0.137 seconds
[2025-12-21T15:45:26.496+0000] {processor.py:161} INFO - Started process (PID=31) to work on /opt/airflow/dags/purchase_analytics_dag.py
[2025-12-21T15:45:26.497+0000] {processor.py:830} INFO - Processing file /opt/airflow/dags/purchase_analytics_dag.py for tasks to queue
[2025-12-21T15:45:26.498+0000] {logging_mixin.py:188} INFO - [2025-12-21T15:45:26.498+0000] {dagbag.py:538} INFO - Filling up the DagBag from /opt/airflow/dags/purchase_analytics_dag.py
[2025-12-21T15:45:26.520+0000] {processor.py:840} INFO - DAG(s) 'purchase_analytics_refresh' retrieved from /opt/airflow/dags/purchase_analytics_dag.py
[2025-12-21T15:45:26.559+0000] {logging_mixin.py:188} INFO - [2025-12-21T15:45:26.558+0000] {dag.py:3033} INFO - Sync 1 DAGs
[2025-12-21T15:45:26.586+0000] {logging_mixin.py:188} INFO - [2025-12-21T15:45:26.586+0000] {dag.py:3820} INFO - Setting next_dagrun for purchase_analytics_refresh to 2025-12-20T02:00:00+00:00, run_after=2025-12-21T02:00:00+00:00
[2025-12-21T15:45:26.606+0000] {processor.py:183} INFO - Processing /opt/airflow/dags/purchase_analytics_dag.py took 0.115 seconds
[2025-12-21T15:45:56.787+0000] {processor.py:161} INFO - Started process (PID=41) to work on /opt/airflow/dags/purchase_analytics_dag.py
[2025-12-21T15:45:56.788+0000] {processor.py:830} INFO - Processing file /opt/airflow/dags/purchase_analytics_dag.py for tasks to queue
[2025-12-21T15:45:56.789+0000] {logging_mixin.py:188} INFO - [2025-12-21T15:45:56.788+0000] {dagbag.py:538} INFO - Filling up the DagBag from /opt/airflow/dags/purchase_analytics_dag.py
[2025-12-21T15:45:56.811+0000] {processor.py:840} INFO - DAG(s) 'purchase_analytics_refresh' retrieved from /opt/airflow/dags/purchase_analytics_dag.py
[2025-12-21T15:45:57.031+0000] {logging_mixin.py:188} INFO - [2025-12-21T15:45:57.031+0000] {dag.py:3033} INFO - Sync 1 DAGs
[2025-12-21T15:45:57.052+0000] {logging_mixin.py:188} INFO - [2025-12-21T15:45:57.052+0000] {dag.py:3820} INFO - Setting next_dagrun for purchase_analytics_refresh to 2025-12-20T02:00:00+00:00, run_after=2025-12-21T02:00:00+00:00
[2025-12-21T15:45:57.071+0000] {processor.py:183} INFO - Processing /opt/airflow/dags/purchase_analytics_dag.py took 0.288 seconds
[2025-12-21T15:46:27.325+0000] {processor.py:161} INFO - Started process (PID=51) to work on /opt/airflow/dags/purchase_analytics_dag.py
[2025-12-21T15:46:27.326+0000] {processor.py:830} INFO - Processing file /opt/airflow/dags/purchase_analytics_dag.py for tasks to queue
[2025-12-21T15:46:27.327+0000] {logging_mixin.py:188} INFO - [2025-12-21T15:46:27.327+0000] {dagbag.py:538} INFO - Filling up the DagBag from /opt/airflow/dags/purchase_analytics_dag.py
[2025-12-21T15:46:27.348+0000] {processor.py:840} INFO - DAG(s) 'purchase_analytics_refresh' retrieved from /opt/airflow/dags/purchase_analytics_dag.py
[2025-12-21T15:46:27.396+0000] {logging_mixin.py:188} INFO - [2025-12-21T15:46:27.395+0000] {dag.py:3033} INFO - Sync 1 DAGs
[2025-12-21T15:46:27.419+0000] {logging_mixin.py:188} INFO - [2025-12-21T15:46:27.418+0000] {dag.py:3820} INFO - Setting next_dagrun for purchase_analytics_refresh to 2025-12-20T02:00:00+00:00, run_after=2025-12-21T02:00:00+00:00
[2025-12-21T15:46:27.442+0000] {processor.py:183} INFO - Processing /opt/airflow/dags/purchase_analytics_dag.py took 0.123 seconds
[2025-12-21T15:46:57.724+0000] {processor.py:161} INFO - Started process (PID=61) to work on /opt/airflow/dags/purchase_analytics_dag.py
[2025-12-21T15:46:57.726+0000] {processor.py:830} INFO - Processing file /opt/airflow/dags/purchase_analytics_dag.py for tasks to queue
[2025-12-21T15:46:57.727+0000] {logging_mixin.py:188} INFO - [2025-12-21T15:46:57.727+0000] {dagbag.py:538} INFO - Filling up the DagBag from /opt/airflow/dags/purchase_analytics_dag.py
[2025-12-21T15:46:57.768+0000] {processor.py:840} INFO - DAG(s) 'purchase_analytics_refresh' retrieved from /opt/airflow/dags/purchase_analytics_dag.py
[2025-12-21T15:46:57.855+0000] {logging_mixin.py:188} INFO - [2025-12-21T15:46:57.854+0000] {dag.py:3033} INFO - Sync 1 DAGs
[2025-12-21T15:46:57.891+0000] {logging_mixin.py:188} INFO - [2025-12-21T15:46:57.891+0000] {dag.py:3820} INFO - Setting next_dagrun for purchase_analytics_refresh to 2025-12-20T02:00:00+00:00, run_after=2025-12-21T02:00:00+00:00
[2025-12-21T15:46:57.909+0000] {processor.py:183} INFO - Processing /opt/airflow/dags/purchase_analytics_dag.py took 0.197 seconds
[2025-12-21T15:47:28.146+0000] {processor.py:161} INFO - Started process (PID=83) to work on /opt/airflow/dags/purchase_analytics_dag.py
[2025-12-21T15:47:28.147+0000] {processor.py:830} INFO - Processing file /opt/airflow/dags/purchase_analytics_dag.py for tasks to queue
[2025-12-21T15:47:28.149+0000] {logging_mixin.py:188} INFO - [2025-12-21T15:47:28.148+0000] {dagbag.py:538} INFO - Filling up the DagBag from /opt/airflow/dags/purchase_analytics_dag.py
[2025-12-21T15:47:28.184+0000] {processor.py:840} INFO - DAG(s) 'purchase_analytics_refresh' retrieved from /opt/airflow/dags/purchase_analytics_dag.py
[2025-12-21T15:47:28.236+0000] {logging_mixin.py:188} INFO - [2025-12-21T15:47:28.236+0000] {dag.py:3033} INFO - Sync 1 DAGs
[2025-12-21T15:47:28.281+0000] {logging_mixin.py:188} INFO - [2025-12-21T15:47:28.281+0000] {dag.py:3820} INFO - Setting next_dagrun for purchase_analytics_refresh to 2025-12-21T02:00:00+00:00, run_after=2025-12-22T02:00:00+00:00
[2025-12-21T15:47:28.310+0000] {processor.py:183} INFO - Processing /opt/airflow/dags/purchase_analytics_dag.py took 0.172 seconds
[2025-12-21T15:47:58.584+0000] {processor.py:161} INFO - Started process (PID=129) to work on /opt/airflow/dags/purchase_analytics_dag.py
[2025-12-21T15:47:58.587+0000] {processor.py:830} INFO - Processing file /opt/airflow/dags/purchase_analytics_dag.py for tasks to queue
[2025-12-21T15:47:58.589+0000] {logging_mixin.py:188} INFO - [2025-12-21T15:47:58.588+0000] {dagbag.py:538} INFO - Filling up the DagBag from /opt/airflow/dags/purchase_analytics_dag.py
[2025-12-21T15:47:58.616+0000] {processor.py:840} INFO - DAG(s) 'purchase_analytics_refresh' retrieved from /opt/airflow/dags/purchase_analytics_dag.py
[2025-12-21T15:47:58.679+0000] {logging_mixin.py:188} INFO - [2025-12-21T15:47:58.678+0000] {dag.py:3033} INFO - Sync 1 DAGs
[2025-12-21T15:47:58.712+0000] {logging_mixin.py:188} INFO - [2025-12-21T15:47:58.712+0000] {dag.py:3820} INFO - Setting next_dagrun for purchase_analytics_refresh to 2025-12-21T02:00:00+00:00, run_after=2025-12-22T02:00:00+00:00
[2025-12-21T15:47:58.729+0000] {processor.py:183} INFO - Processing /opt/airflow/dags/purchase_analytics_dag.py took 0.159 seconds
[2025-12-21T15:48:28.941+0000] {processor.py:161} INFO - Started process (PID=138) to work on /opt/airflow/dags/purchase_analytics_dag.py
[2025-12-21T15:48:28.942+0000] {processor.py:830} INFO - Processing file /opt/airflow/dags/purchase_analytics_dag.py for tasks to queue
[2025-12-21T15:48:28.943+0000] {logging_mixin.py:188} INFO - [2025-12-21T15:48:28.943+0000] {dagbag.py:538} INFO - Filling up the DagBag from /opt/airflow/dags/purchase_analytics_dag.py
[2025-12-21T15:48:28.969+0000] {processor.py:840} INFO - DAG(s) 'purchase_analytics_refresh' retrieved from /opt/airflow/dags/purchase_analytics_dag.py
[2025-12-21T15:48:29.022+0000] {logging_mixin.py:188} INFO - [2025-12-21T15:48:29.022+0000] {dag.py:3033} INFO - Sync 1 DAGs
[2025-12-21T15:48:29.052+0000] {logging_mixin.py:188} INFO - [2025-12-21T15:48:29.052+0000] {dag.py:3820} INFO - Setting next_dagrun for purchase_analytics_refresh to 2025-12-21T02:00:00+00:00, run_after=2025-12-22T02:00:00+00:00
[2025-12-21T15:48:29.072+0000] {processor.py:183} INFO - Processing /opt/airflow/dags/purchase_analytics_dag.py took 0.136 seconds
[2025-12-21T15:48:59.410+0000] {processor.py:161} INFO - Started process (PID=142) to work on /opt/airflow/dags/purchase_analytics_dag.py
[2025-12-21T15:48:59.412+0000] {processor.py:830} INFO - Processing file /opt/airflow/dags/purchase_analytics_dag.py for tasks to queue
[2025-12-21T15:48:59.413+0000] {logging_mixin.py:188} INFO - [2025-12-21T15:48:59.412+0000] {dagbag.py:538} INFO - Filling up the DagBag from /opt/airflow/dags/purchase_analytics_dag.py
[2025-12-21T15:48:59.434+0000] {processor.py:840} INFO - DAG(s) 'purchase_analytics_refresh' retrieved from /opt/airflow/dags/purchase_analytics_dag.py
[2025-12-21T15:48:59.496+0000] {logging_mixin.py:188} INFO - [2025-12-21T15:48:59.496+0000] {dag.py:3033} INFO - Sync 1 DAGs
[2025-12-21T15:48:59.530+0000] {logging_mixin.py:188} INFO - [2025-12-21T15:48:59.530+0000] {dag.py:3820} INFO - Setting next_dagrun for purchase_analytics_refresh to 2025-12-21T02:00:00+00:00, run_after=2025-12-22T02:00:00+00:00
[2025-12-21T15:48:59.556+0000] {processor.py:183} INFO - Processing /opt/airflow/dags/purchase_analytics_dag.py took 0.152 seconds
[2025-12-21T15:49:29.781+0000] {processor.py:161} INFO - Started process (PID=153) to work on /opt/airflow/dags/purchase_analytics_dag.py
[2025-12-21T15:49:29.783+0000] {processor.py:830} INFO - Processing file /opt/airflow/dags/purchase_analytics_dag.py for tasks to queue
[2025-12-21T15:49:29.784+0000] {logging_mixin.py:188} INFO - [2025-12-21T15:49:29.784+0000] {dagbag.py:538} INFO - Filling up the DagBag from /opt/airflow/dags/purchase_analytics_dag.py
[2025-12-21T15:49:29.805+0000] {processor.py:840} INFO - DAG(s) 'purchase_analytics_refresh' retrieved from /opt/airflow/dags/purchase_analytics_dag.py
[2025-12-21T15:49:29.853+0000] {logging_mixin.py:188} INFO - [2025-12-21T15:49:29.852+0000] {dag.py:3033} INFO - Sync 1 DAGs
[2025-12-21T15:49:29.886+0000] {logging_mixin.py:188} INFO - [2025-12-21T15:49:29.886+0000] {dag.py:3820} INFO - Setting next_dagrun for purchase_analytics_refresh to 2025-12-21T02:00:00+00:00, run_after=2025-12-22T02:00:00+00:00
[2025-12-21T15:49:29.907+0000] {processor.py:183} INFO - Processing /opt/airflow/dags/purchase_analytics_dag.py took 0.133 seconds
[2025-12-21T15:50:00.305+0000] {processor.py:161} INFO - Started process (PID=163) to work on /opt/airflow/dags/purchase_analytics_dag.py
[2025-12-21T15:50:00.309+0000] {processor.py:830} INFO - Processing file /opt/airflow/dags/purchase_analytics_dag.py for tasks to queue
[2025-12-21T15:50:00.315+0000] {logging_mixin.py:188} INFO - [2025-12-21T15:50:00.313+0000] {dagbag.py:538} INFO - Filling up the DagBag from /opt/airflow/dags/purchase_analytics_dag.py
[2025-12-21T15:50:00.361+0000] {processor.py:840} INFO - DAG(s) 'purchase_analytics_refresh' retrieved from /opt/airflow/dags/purchase_analytics_dag.py
[2025-12-21T15:50:00.482+0000] {logging_mixin.py:188} INFO - [2025-12-21T15:50:00.482+0000] {dag.py:3033} INFO - Sync 1 DAGs
[2025-12-21T15:50:00.526+0000] {logging_mixin.py:188} INFO - [2025-12-21T15:50:00.526+0000] {dag.py:3820} INFO - Setting next_dagrun for purchase_analytics_refresh to 2025-12-21T02:00:00+00:00, run_after=2025-12-22T02:00:00+00:00
[2025-12-21T15:50:00.551+0000] {processor.py:183} INFO - Processing /opt/airflow/dags/purchase_analytics_dag.py took 0.257 seconds
[2025-12-21T15:50:31.237+0000] {processor.py:161} INFO - Started process (PID=173) to work on /opt/airflow/dags/purchase_analytics_dag.py
[2025-12-21T15:50:31.238+0000] {processor.py:830} INFO - Processing file /opt/airflow/dags/purchase_analytics_dag.py for tasks to queue
[2025-12-21T15:50:31.239+0000] {logging_mixin.py:188} INFO - [2025-12-21T15:50:31.238+0000] {dagbag.py:538} INFO - Filling up the DagBag from /opt/airflow/dags/purchase_analytics_dag.py
[2025-12-21T15:50:31.260+0000] {processor.py:840} INFO - DAG(s) 'purchase_analytics_refresh' retrieved from /opt/airflow/dags/purchase_analytics_dag.py
[2025-12-21T15:50:31.302+0000] {logging_mixin.py:188} INFO - [2025-12-21T15:50:31.302+0000] {dag.py:3033} INFO - Sync 1 DAGs
[2025-12-21T15:50:31.331+0000] {logging_mixin.py:188} INFO - [2025-12-21T15:50:31.331+0000] {dag.py:3820} INFO - Setting next_dagrun for purchase_analytics_refresh to 2025-12-21T02:00:00+00:00, run_after=2025-12-22T02:00:00+00:00
[2025-12-21T15:50:31.354+0000] {processor.py:183} INFO - Processing /opt/airflow/dags/purchase_analytics_dag.py took 0.124 seconds
[2025-12-21T15:56:36.576+0000] {processor.py:161} INFO - Started process (PID=31) to work on /opt/airflow/dags/purchase_analytics_dag.py
[2025-12-21T15:56:36.577+0000] {processor.py:830} INFO - Processing file /opt/airflow/dags/purchase_analytics_dag.py for tasks to queue
[2025-12-21T15:56:36.577+0000] {logging_mixin.py:188} INFO - [2025-12-21T15:56:36.577+0000] {dagbag.py:538} INFO - Filling up the DagBag from /opt/airflow/dags/purchase_analytics_dag.py
[2025-12-21T15:56:36.601+0000] {processor.py:840} INFO - DAG(s) 'purchase_analytics_refresh' retrieved from /opt/airflow/dags/purchase_analytics_dag.py
[2025-12-21T15:56:36.635+0000] {logging_mixin.py:188} INFO - [2025-12-21T15:56:36.635+0000] {dag.py:3033} INFO - Sync 1 DAGs
[2025-12-21T15:56:36.664+0000] {logging_mixin.py:188} INFO - [2025-12-21T15:56:36.664+0000] {dag.py:3820} INFO - Setting next_dagrun for purchase_analytics_refresh to 2025-12-20T02:00:00+00:00, run_after=2025-12-21T02:00:00+00:00
[2025-12-21T15:56:36.687+0000] {processor.py:183} INFO - Processing /opt/airflow/dags/purchase_analytics_dag.py took 0.113 seconds
[2025-12-21T15:57:07.127+0000] {processor.py:161} INFO - Started process (PID=41) to work on /opt/airflow/dags/purchase_analytics_dag.py
[2025-12-21T15:57:07.129+0000] {processor.py:830} INFO - Processing file /opt/airflow/dags/purchase_analytics_dag.py for tasks to queue
[2025-12-21T15:57:07.133+0000] {logging_mixin.py:188} INFO - [2025-12-21T15:57:07.132+0000] {dagbag.py:538} INFO - Filling up the DagBag from /opt/airflow/dags/purchase_analytics_dag.py
[2025-12-21T15:57:07.154+0000] {processor.py:840} INFO - DAG(s) 'purchase_analytics_refresh' retrieved from /opt/airflow/dags/purchase_analytics_dag.py
[2025-12-21T15:57:07.389+0000] {logging_mixin.py:188} INFO - [2025-12-21T15:57:07.389+0000] {dag.py:3033} INFO - Sync 1 DAGs
[2025-12-21T15:57:07.414+0000] {logging_mixin.py:188} INFO - [2025-12-21T15:57:07.414+0000] {dag.py:3820} INFO - Setting next_dagrun for purchase_analytics_refresh to 2025-12-20T02:00:00+00:00, run_after=2025-12-21T02:00:00+00:00
[2025-12-21T15:57:07.432+0000] {processor.py:183} INFO - Processing /opt/airflow/dags/purchase_analytics_dag.py took 0.310 seconds
[2025-12-21T15:57:37.656+0000] {processor.py:161} INFO - Started process (PID=76) to work on /opt/airflow/dags/purchase_analytics_dag.py
[2025-12-21T15:57:37.657+0000] {processor.py:830} INFO - Processing file /opt/airflow/dags/purchase_analytics_dag.py for tasks to queue
[2025-12-21T15:57:37.659+0000] {logging_mixin.py:188} INFO - [2025-12-21T15:57:37.659+0000] {dagbag.py:538} INFO - Filling up the DagBag from /opt/airflow/dags/purchase_analytics_dag.py
[2025-12-21T15:57:37.677+0000] {processor.py:840} INFO - DAG(s) 'purchase_analytics_refresh' retrieved from /opt/airflow/dags/purchase_analytics_dag.py
[2025-12-21T15:57:37.709+0000] {logging_mixin.py:188} INFO - [2025-12-21T15:57:37.709+0000] {dag.py:3033} INFO - Sync 1 DAGs
[2025-12-21T15:57:37.733+0000] {logging_mixin.py:188} INFO - [2025-12-21T15:57:37.733+0000] {dag.py:3820} INFO - Setting next_dagrun for purchase_analytics_refresh to 2025-12-21T02:00:00+00:00, run_after=2025-12-22T02:00:00+00:00
[2025-12-21T15:57:37.748+0000] {processor.py:183} INFO - Processing /opt/airflow/dags/purchase_analytics_dag.py took 0.098 seconds
[2025-12-21T15:58:07.928+0000] {processor.py:161} INFO - Started process (PID=109) to work on /opt/airflow/dags/purchase_analytics_dag.py
[2025-12-21T15:58:07.929+0000] {processor.py:830} INFO - Processing file /opt/airflow/dags/purchase_analytics_dag.py for tasks to queue
[2025-12-21T15:58:07.931+0000] {logging_mixin.py:188} INFO - [2025-12-21T15:58:07.931+0000] {dagbag.py:538} INFO - Filling up the DagBag from /opt/airflow/dags/purchase_analytics_dag.py
[2025-12-21T15:58:07.962+0000] {processor.py:840} INFO - DAG(s) 'purchase_analytics_refresh' retrieved from /opt/airflow/dags/purchase_analytics_dag.py
[2025-12-21T15:58:08.006+0000] {logging_mixin.py:188} INFO - [2025-12-21T15:58:08.006+0000] {dag.py:3033} INFO - Sync 1 DAGs
[2025-12-21T15:58:08.027+0000] {logging_mixin.py:188} INFO - [2025-12-21T15:58:08.027+0000] {dag.py:3820} INFO - Setting next_dagrun for purchase_analytics_refresh to 2025-12-21T02:00:00+00:00, run_after=2025-12-22T02:00:00+00:00
[2025-12-21T15:58:08.050+0000] {processor.py:183} INFO - Processing /opt/airflow/dags/purchase_analytics_dag.py took 0.127 seconds
[2025-12-21T15:58:38.717+0000] {processor.py:161} INFO - Started process (PID=120) to work on /opt/airflow/dags/purchase_analytics_dag.py
[2025-12-21T15:58:38.718+0000] {processor.py:830} INFO - Processing file /opt/airflow/dags/purchase_analytics_dag.py for tasks to queue
[2025-12-21T15:58:38.719+0000] {logging_mixin.py:188} INFO - [2025-12-21T15:58:38.719+0000] {dagbag.py:538} INFO - Filling up the DagBag from /opt/airflow/dags/purchase_analytics_dag.py
[2025-12-21T15:58:38.728+0000] {processor.py:840} INFO - DAG(s) 'purchase_analytics_refresh' retrieved from /opt/airflow/dags/purchase_analytics_dag.py
[2025-12-21T15:58:38.750+0000] {logging_mixin.py:188} INFO - [2025-12-21T15:58:38.750+0000] {dag.py:3033} INFO - Sync 1 DAGs
[2025-12-21T15:58:38.767+0000] {logging_mixin.py:188} INFO - [2025-12-21T15:58:38.767+0000] {dag.py:3820} INFO - Setting next_dagrun for purchase_analytics_refresh to 2025-12-21T02:00:00+00:00, run_after=2025-12-22T02:00:00+00:00
[2025-12-21T15:58:38.790+0000] {processor.py:183} INFO - Processing /opt/airflow/dags/purchase_analytics_dag.py took 0.075 seconds
[2025-12-21T16:05:06.108+0000] {processor.py:161} INFO - Started process (PID=31) to work on /opt/airflow/dags/purchase_analytics_dag.py
[2025-12-21T16:05:06.110+0000] {processor.py:830} INFO - Processing file /opt/airflow/dags/purchase_analytics_dag.py for tasks to queue
[2025-12-21T16:05:06.111+0000] {logging_mixin.py:188} INFO - [2025-12-21T16:05:06.110+0000] {dagbag.py:538} INFO - Filling up the DagBag from /opt/airflow/dags/purchase_analytics_dag.py
[2025-12-21T16:05:06.141+0000] {processor.py:840} INFO - DAG(s) 'purchase_analytics_refresh' retrieved from /opt/airflow/dags/purchase_analytics_dag.py
[2025-12-21T16:05:06.192+0000] {logging_mixin.py:188} INFO - [2025-12-21T16:05:06.192+0000] {dag.py:3033} INFO - Sync 1 DAGs
[2025-12-21T16:05:06.225+0000] {logging_mixin.py:188} INFO - [2025-12-21T16:05:06.225+0000] {dag.py:3820} INFO - Setting next_dagrun for purchase_analytics_refresh to 2025-12-20T02:00:00+00:00, run_after=2025-12-21T02:00:00+00:00
[2025-12-21T16:05:06.243+0000] {processor.py:183} INFO - Processing /opt/airflow/dags/purchase_analytics_dag.py took 0.142 seconds
[2025-12-21T16:05:36.493+0000] {processor.py:161} INFO - Started process (PID=41) to work on /opt/airflow/dags/purchase_analytics_dag.py
[2025-12-21T16:05:36.495+0000] {processor.py:830} INFO - Processing file /opt/airflow/dags/purchase_analytics_dag.py for tasks to queue
[2025-12-21T16:05:36.496+0000] {logging_mixin.py:188} INFO - [2025-12-21T16:05:36.496+0000] {dagbag.py:538} INFO - Filling up the DagBag from /opt/airflow/dags/purchase_analytics_dag.py
[2025-12-21T16:05:36.520+0000] {processor.py:840} INFO - DAG(s) 'purchase_analytics_refresh' retrieved from /opt/airflow/dags/purchase_analytics_dag.py
[2025-12-21T16:05:36.724+0000] {logging_mixin.py:188} INFO - [2025-12-21T16:05:36.724+0000] {dag.py:3033} INFO - Sync 1 DAGs
[2025-12-21T16:05:36.747+0000] {logging_mixin.py:188} INFO - [2025-12-21T16:05:36.747+0000] {dag.py:3820} INFO - Setting next_dagrun for purchase_analytics_refresh to 2025-12-20T02:00:00+00:00, run_after=2025-12-21T02:00:00+00:00
[2025-12-21T16:05:36.766+0000] {processor.py:183} INFO - Processing /opt/airflow/dags/purchase_analytics_dag.py took 0.278 seconds
[2025-12-21T16:06:06.933+0000] {processor.py:161} INFO - Started process (PID=75) to work on /opt/airflow/dags/purchase_analytics_dag.py
[2025-12-21T16:06:06.934+0000] {processor.py:830} INFO - Processing file /opt/airflow/dags/purchase_analytics_dag.py for tasks to queue
[2025-12-21T16:06:06.934+0000] {logging_mixin.py:188} INFO - [2025-12-21T16:06:06.934+0000] {dagbag.py:538} INFO - Filling up the DagBag from /opt/airflow/dags/purchase_analytics_dag.py
[2025-12-21T16:06:06.955+0000] {processor.py:840} INFO - DAG(s) 'purchase_analytics_refresh' retrieved from /opt/airflow/dags/purchase_analytics_dag.py
[2025-12-21T16:06:06.998+0000] {logging_mixin.py:188} INFO - [2025-12-21T16:06:06.998+0000] {dag.py:3033} INFO - Sync 1 DAGs
[2025-12-21T16:06:07.019+0000] {logging_mixin.py:188} INFO - [2025-12-21T16:06:07.018+0000] {dag.py:3820} INFO - Setting next_dagrun for purchase_analytics_refresh to 2025-12-21T02:00:00+00:00, run_after=2025-12-22T02:00:00+00:00
[2025-12-21T16:06:07.036+0000] {processor.py:183} INFO - Processing /opt/airflow/dags/purchase_analytics_dag.py took 0.105 seconds
[2025-12-21T16:06:37.306+0000] {processor.py:161} INFO - Started process (PID=85) to work on /opt/airflow/dags/purchase_analytics_dag.py
[2025-12-21T16:06:37.307+0000] {processor.py:830} INFO - Processing file /opt/airflow/dags/purchase_analytics_dag.py for tasks to queue
[2025-12-21T16:06:37.308+0000] {logging_mixin.py:188} INFO - [2025-12-21T16:06:37.308+0000] {dagbag.py:538} INFO - Filling up the DagBag from /opt/airflow/dags/purchase_analytics_dag.py
[2025-12-21T16:06:37.333+0000] {processor.py:840} INFO - DAG(s) 'purchase_analytics_refresh' retrieved from /opt/airflow/dags/purchase_analytics_dag.py
[2025-12-21T16:06:37.373+0000] {logging_mixin.py:188} INFO - [2025-12-21T16:06:37.373+0000] {dag.py:3033} INFO - Sync 1 DAGs
[2025-12-21T16:06:37.400+0000] {logging_mixin.py:188} INFO - [2025-12-21T16:06:37.400+0000] {dag.py:3820} INFO - Setting next_dagrun for purchase_analytics_refresh to 2025-12-21T02:00:00+00:00, run_after=2025-12-22T02:00:00+00:00
[2025-12-21T16:06:37.416+0000] {processor.py:183} INFO - Processing /opt/airflow/dags/purchase_analytics_dag.py took 0.115 seconds
[2025-12-21T16:07:07.582+0000] {processor.py:161} INFO - Started process (PID=95) to work on /opt/airflow/dags/purchase_analytics_dag.py
[2025-12-21T16:07:07.583+0000] {processor.py:830} INFO - Processing file /opt/airflow/dags/purchase_analytics_dag.py for tasks to queue
[2025-12-21T16:07:07.584+0000] {logging_mixin.py:188} INFO - [2025-12-21T16:07:07.584+0000] {dagbag.py:538} INFO - Filling up the DagBag from /opt/airflow/dags/purchase_analytics_dag.py
[2025-12-21T16:07:07.609+0000] {processor.py:840} INFO - DAG(s) 'purchase_analytics_refresh' retrieved from /opt/airflow/dags/purchase_analytics_dag.py
[2025-12-21T16:07:07.647+0000] {logging_mixin.py:188} INFO - [2025-12-21T16:07:07.647+0000] {dag.py:3033} INFO - Sync 1 DAGs
[2025-12-21T16:07:07.667+0000] {logging_mixin.py:188} INFO - [2025-12-21T16:07:07.667+0000] {dag.py:3820} INFO - Setting next_dagrun for purchase_analytics_refresh to 2025-12-21T02:00:00+00:00, run_after=2025-12-22T02:00:00+00:00
[2025-12-21T16:07:07.685+0000] {processor.py:183} INFO - Processing /opt/airflow/dags/purchase_analytics_dag.py took 0.106 seconds
[2025-12-21T16:07:37.875+0000] {processor.py:161} INFO - Started process (PID=105) to work on /opt/airflow/dags/purchase_analytics_dag.py
[2025-12-21T16:07:37.876+0000] {processor.py:830} INFO - Processing file /opt/airflow/dags/purchase_analytics_dag.py for tasks to queue
[2025-12-21T16:07:37.877+0000] {logging_mixin.py:188} INFO - [2025-12-21T16:07:37.876+0000] {dagbag.py:538} INFO - Filling up the DagBag from /opt/airflow/dags/purchase_analytics_dag.py
[2025-12-21T16:07:37.909+0000] {processor.py:840} INFO - DAG(s) 'purchase_analytics_refresh' retrieved from /opt/airflow/dags/purchase_analytics_dag.py
[2025-12-21T16:07:37.938+0000] {logging_mixin.py:188} INFO - [2025-12-21T16:07:37.938+0000] {dag.py:3033} INFO - Sync 1 DAGs
[2025-12-21T16:07:37.957+0000] {logging_mixin.py:188} INFO - [2025-12-21T16:07:37.957+0000] {dag.py:3820} INFO - Setting next_dagrun for purchase_analytics_refresh to 2025-12-21T02:00:00+00:00, run_after=2025-12-22T02:00:00+00:00
[2025-12-21T16:07:37.971+0000] {processor.py:183} INFO - Processing /opt/airflow/dags/purchase_analytics_dag.py took 0.098 seconds
[2025-12-21T16:08:08.143+0000] {processor.py:161} INFO - Started process (PID=115) to work on /opt/airflow/dags/purchase_analytics_dag.py
[2025-12-21T16:08:08.144+0000] {processor.py:830} INFO - Processing file /opt/airflow/dags/purchase_analytics_dag.py for tasks to queue
[2025-12-21T16:08:08.145+0000] {logging_mixin.py:188} INFO - [2025-12-21T16:08:08.145+0000] {dagbag.py:538} INFO - Filling up the DagBag from /opt/airflow/dags/purchase_analytics_dag.py
[2025-12-21T16:08:08.168+0000] {processor.py:840} INFO - DAG(s) 'purchase_analytics_refresh' retrieved from /opt/airflow/dags/purchase_analytics_dag.py
[2025-12-21T16:08:08.213+0000] {logging_mixin.py:188} INFO - [2025-12-21T16:08:08.213+0000] {dag.py:3033} INFO - Sync 1 DAGs
[2025-12-21T16:08:08.238+0000] {logging_mixin.py:188} INFO - [2025-12-21T16:08:08.238+0000] {dag.py:3820} INFO - Setting next_dagrun for purchase_analytics_refresh to 2025-12-21T02:00:00+00:00, run_after=2025-12-22T02:00:00+00:00
[2025-12-21T16:08:08.256+0000] {processor.py:183} INFO - Processing /opt/airflow/dags/purchase_analytics_dag.py took 0.117 seconds
[2025-12-21T16:08:38.482+0000] {processor.py:161} INFO - Started process (PID=118) to work on /opt/airflow/dags/purchase_analytics_dag.py
[2025-12-21T16:08:38.486+0000] {processor.py:830} INFO - Processing file /opt/airflow/dags/purchase_analytics_dag.py for tasks to queue
[2025-12-21T16:08:38.488+0000] {logging_mixin.py:188} INFO - [2025-12-21T16:08:38.487+0000] {dagbag.py:538} INFO - Filling up the DagBag from /opt/airflow/dags/purchase_analytics_dag.py
[2025-12-21T16:08:38.551+0000] {processor.py:840} INFO - DAG(s) 'purchase_analytics_refresh' retrieved from /opt/airflow/dags/purchase_analytics_dag.py
[2025-12-21T16:08:38.613+0000] {logging_mixin.py:188} INFO - [2025-12-21T16:08:38.613+0000] {dag.py:3033} INFO - Sync 1 DAGs
[2025-12-21T16:08:38.647+0000] {logging_mixin.py:188} INFO - [2025-12-21T16:08:38.647+0000] {dag.py:3820} INFO - Setting next_dagrun for purchase_analytics_refresh to 2025-12-21T02:00:00+00:00, run_after=2025-12-22T02:00:00+00:00
[2025-12-21T16:08:38.679+0000] {processor.py:183} INFO - Processing /opt/airflow/dags/purchase_analytics_dag.py took 0.215 seconds
[2025-12-21T16:09:08.870+0000] {processor.py:161} INFO - Started process (PID=128) to work on /opt/airflow/dags/purchase_analytics_dag.py
[2025-12-21T16:09:08.871+0000] {processor.py:830} INFO - Processing file /opt/airflow/dags/purchase_analytics_dag.py for tasks to queue
[2025-12-21T16:09:08.872+0000] {logging_mixin.py:188} INFO - [2025-12-21T16:09:08.872+0000] {dagbag.py:538} INFO - Filling up the DagBag from /opt/airflow/dags/purchase_analytics_dag.py
[2025-12-21T16:09:08.893+0000] {processor.py:840} INFO - DAG(s) 'purchase_analytics_refresh' retrieved from /opt/airflow/dags/purchase_analytics_dag.py
[2025-12-21T16:09:08.930+0000] {logging_mixin.py:188} INFO - [2025-12-21T16:09:08.930+0000] {dag.py:3033} INFO - Sync 1 DAGs
[2025-12-21T16:09:08.955+0000] {logging_mixin.py:188} INFO - [2025-12-21T16:09:08.955+0000] {dag.py:3820} INFO - Setting next_dagrun for purchase_analytics_refresh to 2025-12-21T02:00:00+00:00, run_after=2025-12-22T02:00:00+00:00
[2025-12-21T16:09:08.971+0000] {processor.py:183} INFO - Processing /opt/airflow/dags/purchase_analytics_dag.py took 0.110 seconds
[2025-12-21T16:09:39.150+0000] {processor.py:161} INFO - Started process (PID=138) to work on /opt/airflow/dags/purchase_analytics_dag.py
[2025-12-21T16:09:39.152+0000] {processor.py:830} INFO - Processing file /opt/airflow/dags/purchase_analytics_dag.py for tasks to queue
[2025-12-21T16:09:39.154+0000] {logging_mixin.py:188} INFO - [2025-12-21T16:09:39.153+0000] {dagbag.py:538} INFO - Filling up the DagBag from /opt/airflow/dags/purchase_analytics_dag.py
[2025-12-21T16:09:39.182+0000] {processor.py:840} INFO - DAG(s) 'purchase_analytics_refresh' retrieved from /opt/airflow/dags/purchase_analytics_dag.py
[2025-12-21T16:09:39.220+0000] {logging_mixin.py:188} INFO - [2025-12-21T16:09:39.220+0000] {dag.py:3033} INFO - Sync 1 DAGs
[2025-12-21T16:09:39.245+0000] {logging_mixin.py:188} INFO - [2025-12-21T16:09:39.245+0000] {dag.py:3820} INFO - Setting next_dagrun for purchase_analytics_refresh to 2025-12-21T02:00:00+00:00, run_after=2025-12-22T02:00:00+00:00
[2025-12-21T16:09:39.263+0000] {processor.py:183} INFO - Processing /opt/airflow/dags/purchase_analytics_dag.py took 0.119 seconds
[2025-12-21T16:10:09.580+0000] {processor.py:161} INFO - Started process (PID=148) to work on /opt/airflow/dags/purchase_analytics_dag.py
[2025-12-21T16:10:09.581+0000] {processor.py:830} INFO - Processing file /opt/airflow/dags/purchase_analytics_dag.py for tasks to queue
[2025-12-21T16:10:09.582+0000] {logging_mixin.py:188} INFO - [2025-12-21T16:10:09.582+0000] {dagbag.py:538} INFO - Filling up the DagBag from /opt/airflow/dags/purchase_analytics_dag.py
[2025-12-21T16:10:09.615+0000] {processor.py:840} INFO - DAG(s) 'purchase_analytics_refresh' retrieved from /opt/airflow/dags/purchase_analytics_dag.py
[2025-12-21T16:10:09.667+0000] {logging_mixin.py:188} INFO - [2025-12-21T16:10:09.667+0000] {dag.py:3033} INFO - Sync 1 DAGs
[2025-12-21T16:10:09.724+0000] {logging_mixin.py:188} INFO - [2025-12-21T16:10:09.724+0000] {dag.py:3820} INFO - Setting next_dagrun for purchase_analytics_refresh to 2025-12-21T02:00:00+00:00, run_after=2025-12-22T02:00:00+00:00
[2025-12-21T16:10:09.741+0000] {processor.py:183} INFO - Processing /opt/airflow/dags/purchase_analytics_dag.py took 0.171 seconds
[2025-12-21T16:10:40.149+0000] {processor.py:161} INFO - Started process (PID=158) to work on /opt/airflow/dags/purchase_analytics_dag.py
[2025-12-21T16:10:40.154+0000] {processor.py:830} INFO - Processing file /opt/airflow/dags/purchase_analytics_dag.py for tasks to queue
[2025-12-21T16:10:40.157+0000] {logging_mixin.py:188} INFO - [2025-12-21T16:10:40.157+0000] {dagbag.py:538} INFO - Filling up the DagBag from /opt/airflow/dags/purchase_analytics_dag.py
[2025-12-21T16:10:40.194+0000] {processor.py:840} INFO - DAG(s) 'purchase_analytics_refresh' retrieved from /opt/airflow/dags/purchase_analytics_dag.py
[2025-12-21T16:10:40.236+0000] {logging_mixin.py:188} INFO - [2025-12-21T16:10:40.236+0000] {dag.py:3033} INFO - Sync 1 DAGs
[2025-12-21T16:10:40.270+0000] {logging_mixin.py:188} INFO - [2025-12-21T16:10:40.270+0000] {dag.py:3820} INFO - Setting next_dagrun for purchase_analytics_refresh to 2025-12-21T02:00:00+00:00, run_after=2025-12-22T02:00:00+00:00
[2025-12-21T16:10:40.286+0000] {processor.py:183} INFO - Processing /opt/airflow/dags/purchase_analytics_dag.py took 0.146 seconds
[2025-12-21T16:11:10.578+0000] {processor.py:161} INFO - Started process (PID=180) to work on /opt/airflow/dags/purchase_analytics_dag.py
[2025-12-21T16:11:10.581+0000] {processor.py:830} INFO - Processing file /opt/airflow/dags/purchase_analytics_dag.py for tasks to queue
[2025-12-21T16:11:10.583+0000] {logging_mixin.py:188} INFO - [2025-12-21T16:11:10.582+0000] {dagbag.py:538} INFO - Filling up the DagBag from /opt/airflow/dags/purchase_analytics_dag.py
[2025-12-21T16:11:10.614+0000] {processor.py:840} INFO - DAG(s) 'purchase_analytics_refresh' retrieved from /opt/airflow/dags/purchase_analytics_dag.py
[2025-12-21T16:11:10.661+0000] {logging_mixin.py:188} INFO - [2025-12-21T16:11:10.661+0000] {dag.py:3033} INFO - Sync 1 DAGs
[2025-12-21T16:11:10.686+0000] {logging_mixin.py:188} INFO - [2025-12-21T16:11:10.685+0000] {dag.py:3820} INFO - Setting next_dagrun for purchase_analytics_refresh to 2025-12-21T02:00:00+00:00, run_after=2025-12-22T02:00:00+00:00
[2025-12-21T16:11:10.705+0000] {processor.py:183} INFO - Processing /opt/airflow/dags/purchase_analytics_dag.py took 0.137 seconds
[2025-12-21T16:11:41.011+0000] {processor.py:161} INFO - Started process (PID=190) to work on /opt/airflow/dags/purchase_analytics_dag.py
[2025-12-21T16:11:41.012+0000] {processor.py:830} INFO - Processing file /opt/airflow/dags/purchase_analytics_dag.py for tasks to queue
[2025-12-21T16:11:41.015+0000] {logging_mixin.py:188} INFO - [2025-12-21T16:11:41.013+0000] {dagbag.py:538} INFO - Filling up the DagBag from /opt/airflow/dags/purchase_analytics_dag.py
[2025-12-21T16:11:41.053+0000] {processor.py:840} INFO - DAG(s) 'purchase_analytics_refresh' retrieved from /opt/airflow/dags/purchase_analytics_dag.py
[2025-12-21T16:11:41.124+0000] {logging_mixin.py:188} INFO - [2025-12-21T16:11:41.123+0000] {dag.py:3033} INFO - Sync 1 DAGs
[2025-12-21T16:11:41.165+0000] {logging_mixin.py:188} INFO - [2025-12-21T16:11:41.165+0000] {dag.py:3820} INFO - Setting next_dagrun for purchase_analytics_refresh to 2025-12-21T02:00:00+00:00, run_after=2025-12-22T02:00:00+00:00
[2025-12-21T16:11:41.188+0000] {processor.py:183} INFO - Processing /opt/airflow/dags/purchase_analytics_dag.py took 0.188 seconds
[2025-12-21T16:12:11.560+0000] {processor.py:161} INFO - Started process (PID=200) to work on /opt/airflow/dags/purchase_analytics_dag.py
[2025-12-21T16:12:11.562+0000] {processor.py:830} INFO - Processing file /opt/airflow/dags/purchase_analytics_dag.py for tasks to queue
[2025-12-21T16:12:11.563+0000] {logging_mixin.py:188} INFO - [2025-12-21T16:12:11.562+0000] {dagbag.py:538} INFO - Filling up the DagBag from /opt/airflow/dags/purchase_analytics_dag.py
[2025-12-21T16:12:11.593+0000] {processor.py:840} INFO - DAG(s) 'purchase_analytics_refresh' retrieved from /opt/airflow/dags/purchase_analytics_dag.py
[2025-12-21T16:12:11.651+0000] {logging_mixin.py:188} INFO - [2025-12-21T16:12:11.651+0000] {dag.py:3033} INFO - Sync 1 DAGs
[2025-12-21T16:12:11.683+0000] {logging_mixin.py:188} INFO - [2025-12-21T16:12:11.682+0000] {dag.py:3820} INFO - Setting next_dagrun for purchase_analytics_refresh to 2025-12-21T02:00:00+00:00, run_after=2025-12-22T02:00:00+00:00
[2025-12-21T16:12:11.713+0000] {processor.py:183} INFO - Processing /opt/airflow/dags/purchase_analytics_dag.py took 0.162 seconds
[2025-12-21T16:12:42.072+0000] {processor.py:161} INFO - Started process (PID=210) to work on /opt/airflow/dags/purchase_analytics_dag.py
[2025-12-21T16:12:42.074+0000] {processor.py:830} INFO - Processing file /opt/airflow/dags/purchase_analytics_dag.py for tasks to queue
[2025-12-21T16:12:42.076+0000] {logging_mixin.py:188} INFO - [2025-12-21T16:12:42.075+0000] {dagbag.py:538} INFO - Filling up the DagBag from /opt/airflow/dags/purchase_analytics_dag.py
[2025-12-21T16:12:42.117+0000] {processor.py:840} INFO - DAG(s) 'purchase_analytics_refresh' retrieved from /opt/airflow/dags/purchase_analytics_dag.py
[2025-12-21T16:12:42.176+0000] {logging_mixin.py:188} INFO - [2025-12-21T16:12:42.176+0000] {dag.py:3033} INFO - Sync 1 DAGs
[2025-12-21T16:12:42.211+0000] {logging_mixin.py:188} INFO - [2025-12-21T16:12:42.211+0000] {dag.py:3820} INFO - Setting next_dagrun for purchase_analytics_refresh to 2025-12-21T02:00:00+00:00, run_after=2025-12-22T02:00:00+00:00
[2025-12-21T16:12:42.230+0000] {processor.py:183} INFO - Processing /opt/airflow/dags/purchase_analytics_dag.py took 0.168 seconds
[2025-12-21T16:18:54.231+0000] {processor.py:161} INFO - Started process (PID=31) to work on /opt/airflow/dags/purchase_analytics_dag.py
[2025-12-21T16:18:54.234+0000] {processor.py:830} INFO - Processing file /opt/airflow/dags/purchase_analytics_dag.py for tasks to queue
[2025-12-21T16:18:54.235+0000] {logging_mixin.py:188} INFO - [2025-12-21T16:18:54.234+0000] {dagbag.py:538} INFO - Filling up the DagBag from /opt/airflow/dags/purchase_analytics_dag.py
[2025-12-21T16:18:54.252+0000] {processor.py:840} INFO - DAG(s) 'purchase_analytics_refresh' retrieved from /opt/airflow/dags/purchase_analytics_dag.py
[2025-12-21T16:18:54.280+0000] {logging_mixin.py:188} INFO - [2025-12-21T16:18:54.280+0000] {dag.py:3033} INFO - Sync 1 DAGs
[2025-12-21T16:18:54.298+0000] {logging_mixin.py:188} INFO - [2025-12-21T16:18:54.298+0000] {dag.py:3820} INFO - Setting next_dagrun for purchase_analytics_refresh to 2025-12-20T02:00:00+00:00, run_after=2025-12-21T02:00:00+00:00
[2025-12-21T16:18:54.313+0000] {processor.py:183} INFO - Processing /opt/airflow/dags/purchase_analytics_dag.py took 0.086 seconds
[2025-12-21T16:19:24.576+0000] {processor.py:161} INFO - Started process (PID=41) to work on /opt/airflow/dags/purchase_analytics_dag.py
[2025-12-21T16:19:24.577+0000] {processor.py:830} INFO - Processing file /opt/airflow/dags/purchase_analytics_dag.py for tasks to queue
[2025-12-21T16:19:24.579+0000] {logging_mixin.py:188} INFO - [2025-12-21T16:19:24.579+0000] {dagbag.py:538} INFO - Filling up the DagBag from /opt/airflow/dags/purchase_analytics_dag.py
[2025-12-21T16:19:24.600+0000] {processor.py:840} INFO - DAG(s) 'purchase_analytics_refresh' retrieved from /opt/airflow/dags/purchase_analytics_dag.py
[2025-12-21T16:19:24.766+0000] {logging_mixin.py:188} INFO - [2025-12-21T16:19:24.766+0000] {dag.py:3033} INFO - Sync 1 DAGs
[2025-12-21T16:19:24.786+0000] {logging_mixin.py:188} INFO - [2025-12-21T16:19:24.786+0000] {dag.py:3820} INFO - Setting next_dagrun for purchase_analytics_refresh to 2025-12-20T02:00:00+00:00, run_after=2025-12-21T02:00:00+00:00
[2025-12-21T16:19:24.799+0000] {processor.py:183} INFO - Processing /opt/airflow/dags/purchase_analytics_dag.py took 0.227 seconds
[2025-12-21T16:19:54.941+0000] {processor.py:161} INFO - Started process (PID=51) to work on /opt/airflow/dags/purchase_analytics_dag.py
[2025-12-21T16:19:54.942+0000] {processor.py:830} INFO - Processing file /opt/airflow/dags/purchase_analytics_dag.py for tasks to queue
[2025-12-21T16:19:54.943+0000] {logging_mixin.py:188} INFO - [2025-12-21T16:19:54.943+0000] {dagbag.py:538} INFO - Filling up the DagBag from /opt/airflow/dags/purchase_analytics_dag.py
[2025-12-21T16:19:54.959+0000] {processor.py:840} INFO - DAG(s) 'purchase_analytics_refresh' retrieved from /opt/airflow/dags/purchase_analytics_dag.py
[2025-12-21T16:19:54.989+0000] {logging_mixin.py:188} INFO - [2025-12-21T16:19:54.989+0000] {dag.py:3033} INFO - Sync 1 DAGs
[2025-12-21T16:19:55.008+0000] {logging_mixin.py:188} INFO - [2025-12-21T16:19:55.008+0000] {dag.py:3820} INFO - Setting next_dagrun for purchase_analytics_refresh to 2025-12-20T02:00:00+00:00, run_after=2025-12-21T02:00:00+00:00
[2025-12-21T16:19:55.021+0000] {processor.py:183} INFO - Processing /opt/airflow/dags/purchase_analytics_dag.py took 0.084 seconds
[2025-12-21T16:20:25.157+0000] {processor.py:161} INFO - Started process (PID=61) to work on /opt/airflow/dags/purchase_analytics_dag.py
[2025-12-21T16:20:25.157+0000] {processor.py:830} INFO - Processing file /opt/airflow/dags/purchase_analytics_dag.py for tasks to queue
[2025-12-21T16:20:25.158+0000] {logging_mixin.py:188} INFO - [2025-12-21T16:20:25.158+0000] {dagbag.py:538} INFO - Filling up the DagBag from /opt/airflow/dags/purchase_analytics_dag.py
[2025-12-21T16:20:25.173+0000] {processor.py:840} INFO - DAG(s) 'purchase_analytics_refresh' retrieved from /opt/airflow/dags/purchase_analytics_dag.py
[2025-12-21T16:20:25.201+0000] {logging_mixin.py:188} INFO - [2025-12-21T16:20:25.201+0000] {dag.py:3033} INFO - Sync 1 DAGs
[2025-12-21T16:20:25.222+0000] {logging_mixin.py:188} INFO - [2025-12-21T16:20:25.222+0000] {dag.py:3820} INFO - Setting next_dagrun for purchase_analytics_refresh to 2025-12-20T02:00:00+00:00, run_after=2025-12-21T02:00:00+00:00
[2025-12-21T16:20:25.236+0000] {processor.py:183} INFO - Processing /opt/airflow/dags/purchase_analytics_dag.py took 0.082 seconds
[2025-12-21T16:20:55.449+0000] {processor.py:161} INFO - Started process (PID=95) to work on /opt/airflow/dags/purchase_analytics_dag.py
[2025-12-21T16:20:55.451+0000] {processor.py:830} INFO - Processing file /opt/airflow/dags/purchase_analytics_dag.py for tasks to queue
[2025-12-21T16:20:55.454+0000] {logging_mixin.py:188} INFO - [2025-12-21T16:20:55.453+0000] {dagbag.py:538} INFO - Filling up the DagBag from /opt/airflow/dags/purchase_analytics_dag.py
[2025-12-21T16:20:55.481+0000] {processor.py:840} INFO - DAG(s) 'purchase_analytics_refresh' retrieved from /opt/airflow/dags/purchase_analytics_dag.py
[2025-12-21T16:20:55.525+0000] {logging_mixin.py:188} INFO - [2025-12-21T16:20:55.525+0000] {dag.py:3033} INFO - Sync 1 DAGs
[2025-12-21T16:20:55.554+0000] {logging_mixin.py:188} INFO - [2025-12-21T16:20:55.554+0000] {dag.py:3820} INFO - Setting next_dagrun for purchase_analytics_refresh to 2025-12-21T02:00:00+00:00, run_after=2025-12-22T02:00:00+00:00
[2025-12-21T16:20:55.583+0000] {processor.py:183} INFO - Processing /opt/airflow/dags/purchase_analytics_dag.py took 0.140 seconds
[2025-12-21T16:21:25.833+0000] {processor.py:161} INFO - Started process (PID=105) to work on /opt/airflow/dags/purchase_analytics_dag.py
[2025-12-21T16:21:25.834+0000] {processor.py:830} INFO - Processing file /opt/airflow/dags/purchase_analytics_dag.py for tasks to queue
[2025-12-21T16:21:25.834+0000] {logging_mixin.py:188} INFO - [2025-12-21T16:21:25.834+0000] {dagbag.py:538} INFO - Filling up the DagBag from /opt/airflow/dags/purchase_analytics_dag.py
[2025-12-21T16:21:25.856+0000] {processor.py:840} INFO - DAG(s) 'purchase_analytics_refresh' retrieved from /opt/airflow/dags/purchase_analytics_dag.py
[2025-12-21T16:21:25.893+0000] {logging_mixin.py:188} INFO - [2025-12-21T16:21:25.893+0000] {dag.py:3033} INFO - Sync 1 DAGs
[2025-12-21T16:21:25.923+0000] {logging_mixin.py:188} INFO - [2025-12-21T16:21:25.923+0000] {dag.py:3820} INFO - Setting next_dagrun for purchase_analytics_refresh to 2025-12-21T02:00:00+00:00, run_after=2025-12-22T02:00:00+00:00
[2025-12-21T16:21:25.939+0000] {processor.py:183} INFO - Processing /opt/airflow/dags/purchase_analytics_dag.py took 0.109 seconds
[2025-12-21T16:21:56.633+0000] {processor.py:161} INFO - Started process (PID=115) to work on /opt/airflow/dags/purchase_analytics_dag.py
[2025-12-21T16:21:56.636+0000] {processor.py:830} INFO - Processing file /opt/airflow/dags/purchase_analytics_dag.py for tasks to queue
[2025-12-21T16:21:56.643+0000] {logging_mixin.py:188} INFO - [2025-12-21T16:21:56.641+0000] {dagbag.py:538} INFO - Filling up the DagBag from /opt/airflow/dags/purchase_analytics_dag.py
[2025-12-21T16:21:56.675+0000] {processor.py:840} INFO - DAG(s) 'purchase_analytics_refresh' retrieved from /opt/airflow/dags/purchase_analytics_dag.py
[2025-12-21T16:21:56.810+0000] {logging_mixin.py:188} INFO - [2025-12-21T16:21:56.810+0000] {dag.py:3033} INFO - Sync 1 DAGs
[2025-12-21T16:21:56.855+0000] {logging_mixin.py:188} INFO - [2025-12-21T16:21:56.855+0000] {dag.py:3820} INFO - Setting next_dagrun for purchase_analytics_refresh to 2025-12-21T02:00:00+00:00, run_after=2025-12-22T02:00:00+00:00
[2025-12-21T16:21:56.896+0000] {processor.py:183} INFO - Processing /opt/airflow/dags/purchase_analytics_dag.py took 0.272 seconds
[2025-12-21T16:22:27.068+0000] {processor.py:161} INFO - Started process (PID=118) to work on /opt/airflow/dags/purchase_analytics_dag.py
[2025-12-21T16:22:27.070+0000] {processor.py:830} INFO - Processing file /opt/airflow/dags/purchase_analytics_dag.py for tasks to queue
[2025-12-21T16:22:27.070+0000] {logging_mixin.py:188} INFO - [2025-12-21T16:22:27.070+0000] {dagbag.py:538} INFO - Filling up the DagBag from /opt/airflow/dags/purchase_analytics_dag.py
[2025-12-21T16:22:27.092+0000] {processor.py:840} INFO - DAG(s) 'purchase_analytics_refresh' retrieved from /opt/airflow/dags/purchase_analytics_dag.py
[2025-12-21T16:22:27.155+0000] {logging_mixin.py:188} INFO - [2025-12-21T16:22:27.155+0000] {dag.py:3033} INFO - Sync 1 DAGs
[2025-12-21T16:22:27.186+0000] {logging_mixin.py:188} INFO - [2025-12-21T16:22:27.186+0000] {dag.py:3820} INFO - Setting next_dagrun for purchase_analytics_refresh to 2025-12-21T02:00:00+00:00, run_after=2025-12-22T02:00:00+00:00
[2025-12-21T16:22:27.210+0000] {processor.py:183} INFO - Processing /opt/airflow/dags/purchase_analytics_dag.py took 0.146 seconds
[2025-12-21T16:22:57.414+0000] {processor.py:161} INFO - Started process (PID=128) to work on /opt/airflow/dags/purchase_analytics_dag.py
[2025-12-21T16:22:57.418+0000] {processor.py:830} INFO - Processing file /opt/airflow/dags/purchase_analytics_dag.py for tasks to queue
[2025-12-21T16:22:57.421+0000] {logging_mixin.py:188} INFO - [2025-12-21T16:22:57.420+0000] {dagbag.py:538} INFO - Filling up the DagBag from /opt/airflow/dags/purchase_analytics_dag.py
[2025-12-21T16:22:57.455+0000] {processor.py:840} INFO - DAG(s) 'purchase_analytics_refresh' retrieved from /opt/airflow/dags/purchase_analytics_dag.py
[2025-12-21T16:22:57.501+0000] {logging_mixin.py:188} INFO - [2025-12-21T16:22:57.500+0000] {dag.py:3033} INFO - Sync 1 DAGs
[2025-12-21T16:22:57.530+0000] {logging_mixin.py:188} INFO - [2025-12-21T16:22:57.530+0000] {dag.py:3820} INFO - Setting next_dagrun for purchase_analytics_refresh to 2025-12-21T02:00:00+00:00, run_after=2025-12-22T02:00:00+00:00
[2025-12-21T16:22:57.551+0000] {processor.py:183} INFO - Processing /opt/airflow/dags/purchase_analytics_dag.py took 0.146 seconds
[2025-12-21T16:23:27.800+0000] {processor.py:161} INFO - Started process (PID=138) to work on /opt/airflow/dags/purchase_analytics_dag.py
[2025-12-21T16:23:27.801+0000] {processor.py:830} INFO - Processing file /opt/airflow/dags/purchase_analytics_dag.py for tasks to queue
[2025-12-21T16:23:27.803+0000] {logging_mixin.py:188} INFO - [2025-12-21T16:23:27.802+0000] {dagbag.py:538} INFO - Filling up the DagBag from /opt/airflow/dags/purchase_analytics_dag.py
[2025-12-21T16:23:27.831+0000] {processor.py:840} INFO - DAG(s) 'purchase_analytics_refresh' retrieved from /opt/airflow/dags/purchase_analytics_dag.py
[2025-12-21T16:23:27.901+0000] {logging_mixin.py:188} INFO - [2025-12-21T16:23:27.901+0000] {dag.py:3033} INFO - Sync 1 DAGs
[2025-12-21T16:23:27.943+0000] {logging_mixin.py:188} INFO - [2025-12-21T16:23:27.943+0000] {dag.py:3820} INFO - Setting next_dagrun for purchase_analytics_refresh to 2025-12-21T02:00:00+00:00, run_after=2025-12-22T02:00:00+00:00
[2025-12-21T16:23:27.965+0000] {processor.py:183} INFO - Processing /opt/airflow/dags/purchase_analytics_dag.py took 0.174 seconds
[2025-12-21T16:23:58.355+0000] {processor.py:161} INFO - Started process (PID=148) to work on /opt/airflow/dags/purchase_analytics_dag.py
[2025-12-21T16:23:58.357+0000] {processor.py:830} INFO - Processing file /opt/airflow/dags/purchase_analytics_dag.py for tasks to queue
[2025-12-21T16:23:58.358+0000] {logging_mixin.py:188} INFO - [2025-12-21T16:23:58.358+0000] {dagbag.py:538} INFO - Filling up the DagBag from /opt/airflow/dags/purchase_analytics_dag.py
[2025-12-21T16:23:58.394+0000] {processor.py:840} INFO - DAG(s) 'purchase_analytics_refresh' retrieved from /opt/airflow/dags/purchase_analytics_dag.py
[2025-12-21T16:23:58.441+0000] {logging_mixin.py:188} INFO - [2025-12-21T16:23:58.441+0000] {dag.py:3033} INFO - Sync 1 DAGs
[2025-12-21T16:23:58.474+0000] {logging_mixin.py:188} INFO - [2025-12-21T16:23:58.474+0000] {dag.py:3820} INFO - Setting next_dagrun for purchase_analytics_refresh to 2025-12-21T02:00:00+00:00, run_after=2025-12-22T02:00:00+00:00
[2025-12-21T16:23:58.491+0000] {processor.py:183} INFO - Processing /opt/airflow/dags/purchase_analytics_dag.py took 0.148 seconds
[2025-12-21T16:24:28.930+0000] {processor.py:161} INFO - Started process (PID=158) to work on /opt/airflow/dags/purchase_analytics_dag.py
[2025-12-21T16:24:28.931+0000] {processor.py:830} INFO - Processing file /opt/airflow/dags/purchase_analytics_dag.py for tasks to queue
[2025-12-21T16:24:28.933+0000] {logging_mixin.py:188} INFO - [2025-12-21T16:24:28.932+0000] {dagbag.py:538} INFO - Filling up the DagBag from /opt/airflow/dags/purchase_analytics_dag.py
[2025-12-21T16:24:28.969+0000] {processor.py:840} INFO - DAG(s) 'purchase_analytics_refresh' retrieved from /opt/airflow/dags/purchase_analytics_dag.py
[2025-12-21T16:24:29.024+0000] {logging_mixin.py:188} INFO - [2025-12-21T16:24:29.024+0000] {dag.py:3033} INFO - Sync 1 DAGs
[2025-12-21T16:24:29.050+0000] {logging_mixin.py:188} INFO - [2025-12-21T16:24:29.049+0000] {dag.py:3820} INFO - Setting next_dagrun for purchase_analytics_refresh to 2025-12-21T02:00:00+00:00, run_after=2025-12-22T02:00:00+00:00
[2025-12-21T16:24:29.077+0000] {processor.py:183} INFO - Processing /opt/airflow/dags/purchase_analytics_dag.py took 0.157 seconds
[2025-12-21T16:24:59.445+0000] {processor.py:161} INFO - Started process (PID=168) to work on /opt/airflow/dags/purchase_analytics_dag.py
[2025-12-21T16:24:59.447+0000] {processor.py:830} INFO - Processing file /opt/airflow/dags/purchase_analytics_dag.py for tasks to queue
[2025-12-21T16:24:59.448+0000] {logging_mixin.py:188} INFO - [2025-12-21T16:24:59.448+0000] {dagbag.py:538} INFO - Filling up the DagBag from /opt/airflow/dags/purchase_analytics_dag.py
[2025-12-21T16:24:59.488+0000] {processor.py:840} INFO - DAG(s) 'purchase_analytics_refresh' retrieved from /opt/airflow/dags/purchase_analytics_dag.py
[2025-12-21T16:24:59.556+0000] {logging_mixin.py:188} INFO - [2025-12-21T16:24:59.556+0000] {dag.py:3033} INFO - Sync 1 DAGs
[2025-12-21T16:24:59.590+0000] {logging_mixin.py:188} INFO - [2025-12-21T16:24:59.590+0000] {dag.py:3820} INFO - Setting next_dagrun for purchase_analytics_refresh to 2025-12-21T02:00:00+00:00, run_after=2025-12-22T02:00:00+00:00
[2025-12-21T16:24:59.606+0000] {processor.py:183} INFO - Processing /opt/airflow/dags/purchase_analytics_dag.py took 0.171 seconds
[2025-12-21T16:31:08.708+0000] {processor.py:161} INFO - Started process (PID=31) to work on /opt/airflow/dags/purchase_analytics_dag.py
[2025-12-21T16:31:08.709+0000] {processor.py:830} INFO - Processing file /opt/airflow/dags/purchase_analytics_dag.py for tasks to queue
[2025-12-21T16:31:08.710+0000] {logging_mixin.py:188} INFO - [2025-12-21T16:31:08.710+0000] {dagbag.py:538} INFO - Filling up the DagBag from /opt/airflow/dags/purchase_analytics_dag.py
[2025-12-21T16:31:08.736+0000] {processor.py:840} INFO - DAG(s) 'purchase_analytics_refresh' retrieved from /opt/airflow/dags/purchase_analytics_dag.py
[2025-12-21T16:31:08.772+0000] {logging_mixin.py:188} INFO - [2025-12-21T16:31:08.772+0000] {dag.py:3033} INFO - Sync 1 DAGs
[2025-12-21T16:31:08.795+0000] {logging_mixin.py:188} INFO - [2025-12-21T16:31:08.795+0000] {dag.py:3820} INFO - Setting next_dagrun for purchase_analytics_refresh to 2025-12-20T02:00:00+00:00, run_after=2025-12-21T02:00:00+00:00
[2025-12-21T16:31:08.810+0000] {processor.py:183} INFO - Processing /opt/airflow/dags/purchase_analytics_dag.py took 0.105 seconds
[2025-12-21T16:31:39.031+0000] {processor.py:161} INFO - Started process (PID=41) to work on /opt/airflow/dags/purchase_analytics_dag.py
[2025-12-21T16:31:39.032+0000] {processor.py:830} INFO - Processing file /opt/airflow/dags/purchase_analytics_dag.py for tasks to queue
[2025-12-21T16:31:39.033+0000] {logging_mixin.py:188} INFO - [2025-12-21T16:31:39.033+0000] {dagbag.py:538} INFO - Filling up the DagBag from /opt/airflow/dags/purchase_analytics_dag.py
[2025-12-21T16:31:39.055+0000] {processor.py:840} INFO - DAG(s) 'purchase_analytics_refresh' retrieved from /opt/airflow/dags/purchase_analytics_dag.py
[2025-12-21T16:31:39.249+0000] {logging_mixin.py:188} INFO - [2025-12-21T16:31:39.249+0000] {dag.py:3033} INFO - Sync 1 DAGs
[2025-12-21T16:31:39.267+0000] {logging_mixin.py:188} INFO - [2025-12-21T16:31:39.267+0000] {dag.py:3820} INFO - Setting next_dagrun for purchase_analytics_refresh to 2025-12-20T02:00:00+00:00, run_after=2025-12-21T02:00:00+00:00
[2025-12-21T16:31:39.282+0000] {processor.py:183} INFO - Processing /opt/airflow/dags/purchase_analytics_dag.py took 0.257 seconds
[2025-12-21T16:32:09.451+0000] {processor.py:161} INFO - Started process (PID=51) to work on /opt/airflow/dags/purchase_analytics_dag.py
[2025-12-21T16:32:09.452+0000] {processor.py:830} INFO - Processing file /opt/airflow/dags/purchase_analytics_dag.py for tasks to queue
[2025-12-21T16:32:09.454+0000] {logging_mixin.py:188} INFO - [2025-12-21T16:32:09.453+0000] {dagbag.py:538} INFO - Filling up the DagBag from /opt/airflow/dags/purchase_analytics_dag.py
[2025-12-21T16:32:09.477+0000] {processor.py:840} INFO - DAG(s) 'purchase_analytics_refresh' retrieved from /opt/airflow/dags/purchase_analytics_dag.py
[2025-12-21T16:32:09.509+0000] {logging_mixin.py:188} INFO - [2025-12-21T16:32:09.508+0000] {dag.py:3033} INFO - Sync 1 DAGs
[2025-12-21T16:32:09.529+0000] {logging_mixin.py:188} INFO - [2025-12-21T16:32:09.529+0000] {dag.py:3820} INFO - Setting next_dagrun for purchase_analytics_refresh to 2025-12-20T02:00:00+00:00, run_after=2025-12-21T02:00:00+00:00
[2025-12-21T16:32:09.543+0000] {processor.py:183} INFO - Processing /opt/airflow/dags/purchase_analytics_dag.py took 0.095 seconds
[2025-12-21T16:32:40.002+0000] {processor.py:161} INFO - Started process (PID=61) to work on /opt/airflow/dags/purchase_analytics_dag.py
[2025-12-21T16:32:40.004+0000] {processor.py:830} INFO - Processing file /opt/airflow/dags/purchase_analytics_dag.py for tasks to queue
[2025-12-21T16:32:40.005+0000] {logging_mixin.py:188} INFO - [2025-12-21T16:32:40.005+0000] {dagbag.py:538} INFO - Filling up the DagBag from /opt/airflow/dags/purchase_analytics_dag.py
[2025-12-21T16:32:40.024+0000] {processor.py:840} INFO - DAG(s) 'purchase_analytics_refresh' retrieved from /opt/airflow/dags/purchase_analytics_dag.py
[2025-12-21T16:32:40.068+0000] {logging_mixin.py:188} INFO - [2025-12-21T16:32:40.068+0000] {dag.py:3033} INFO - Sync 1 DAGs
[2025-12-21T16:32:40.089+0000] {logging_mixin.py:188} INFO - [2025-12-21T16:32:40.088+0000] {dag.py:3820} INFO - Setting next_dagrun for purchase_analytics_refresh to 2025-12-20T02:00:00+00:00, run_after=2025-12-21T02:00:00+00:00
[2025-12-21T16:32:40.106+0000] {processor.py:183} INFO - Processing /opt/airflow/dags/purchase_analytics_dag.py took 0.107 seconds
[2025-12-21T16:33:10.286+0000] {processor.py:161} INFO - Started process (PID=71) to work on /opt/airflow/dags/purchase_analytics_dag.py
[2025-12-21T16:33:10.287+0000] {processor.py:830} INFO - Processing file /opt/airflow/dags/purchase_analytics_dag.py for tasks to queue
[2025-12-21T16:33:10.288+0000] {logging_mixin.py:188} INFO - [2025-12-21T16:33:10.288+0000] {dagbag.py:538} INFO - Filling up the DagBag from /opt/airflow/dags/purchase_analytics_dag.py
[2025-12-21T16:33:10.306+0000] {processor.py:840} INFO - DAG(s) 'purchase_analytics_refresh' retrieved from /opt/airflow/dags/purchase_analytics_dag.py
[2025-12-21T16:33:10.338+0000] {logging_mixin.py:188} INFO - [2025-12-21T16:33:10.338+0000] {dag.py:3033} INFO - Sync 1 DAGs
[2025-12-21T16:33:10.361+0000] {logging_mixin.py:188} INFO - [2025-12-21T16:33:10.361+0000] {dag.py:3820} INFO - Setting next_dagrun for purchase_analytics_refresh to 2025-12-20T02:00:00+00:00, run_after=2025-12-21T02:00:00+00:00
[2025-12-21T16:33:10.380+0000] {processor.py:183} INFO - Processing /opt/airflow/dags/purchase_analytics_dag.py took 0.096 seconds
[2025-12-21T16:33:40.733+0000] {processor.py:161} INFO - Started process (PID=80) to work on /opt/airflow/dags/purchase_analytics_dag.py
[2025-12-21T16:33:40.734+0000] {processor.py:830} INFO - Processing file /opt/airflow/dags/purchase_analytics_dag.py for tasks to queue
[2025-12-21T16:33:40.735+0000] {logging_mixin.py:188} INFO - [2025-12-21T16:33:40.734+0000] {dagbag.py:538} INFO - Filling up the DagBag from /opt/airflow/dags/purchase_analytics_dag.py
[2025-12-21T16:33:40.750+0000] {processor.py:840} INFO - DAG(s) 'purchase_analytics_refresh' retrieved from /opt/airflow/dags/purchase_analytics_dag.py
[2025-12-21T16:33:40.786+0000] {logging_mixin.py:188} INFO - [2025-12-21T16:33:40.786+0000] {dag.py:3033} INFO - Sync 1 DAGs
[2025-12-21T16:33:40.810+0000] {logging_mixin.py:188} INFO - [2025-12-21T16:33:40.810+0000] {dag.py:3820} INFO - Setting next_dagrun for purchase_analytics_refresh to 2025-12-20T02:00:00+00:00, run_after=2025-12-21T02:00:00+00:00
[2025-12-21T16:33:40.827+0000] {processor.py:183} INFO - Processing /opt/airflow/dags/purchase_analytics_dag.py took 0.096 seconds
[2025-12-21T16:34:10.984+0000] {processor.py:161} INFO - Started process (PID=89) to work on /opt/airflow/dags/purchase_analytics_dag.py
[2025-12-21T16:34:10.985+0000] {processor.py:830} INFO - Processing file /opt/airflow/dags/purchase_analytics_dag.py for tasks to queue
[2025-12-21T16:34:10.986+0000] {logging_mixin.py:188} INFO - [2025-12-21T16:34:10.986+0000] {dagbag.py:538} INFO - Filling up the DagBag from /opt/airflow/dags/purchase_analytics_dag.py
[2025-12-21T16:34:11.004+0000] {processor.py:840} INFO - DAG(s) 'purchase_analytics_refresh' retrieved from /opt/airflow/dags/purchase_analytics_dag.py
[2025-12-21T16:34:11.034+0000] {logging_mixin.py:188} INFO - [2025-12-21T16:34:11.034+0000] {dag.py:3033} INFO - Sync 1 DAGs
[2025-12-21T16:34:11.054+0000] {logging_mixin.py:188} INFO - [2025-12-21T16:34:11.054+0000] {dag.py:3820} INFO - Setting next_dagrun for purchase_analytics_refresh to 2025-12-20T02:00:00+00:00, run_after=2025-12-21T02:00:00+00:00
[2025-12-21T16:34:11.070+0000] {processor.py:183} INFO - Processing /opt/airflow/dags/purchase_analytics_dag.py took 0.095 seconds
[2025-12-21T16:34:41.254+0000] {processor.py:161} INFO - Started process (PID=99) to work on /opt/airflow/dags/purchase_analytics_dag.py
[2025-12-21T16:34:41.255+0000] {processor.py:830} INFO - Processing file /opt/airflow/dags/purchase_analytics_dag.py for tasks to queue
[2025-12-21T16:34:41.256+0000] {logging_mixin.py:188} INFO - [2025-12-21T16:34:41.255+0000] {dagbag.py:538} INFO - Filling up the DagBag from /opt/airflow/dags/purchase_analytics_dag.py
[2025-12-21T16:34:41.280+0000] {processor.py:840} INFO - DAG(s) 'purchase_analytics_refresh' retrieved from /opt/airflow/dags/purchase_analytics_dag.py
[2025-12-21T16:34:41.321+0000] {logging_mixin.py:188} INFO - [2025-12-21T16:34:41.321+0000] {dag.py:3033} INFO - Sync 1 DAGs
[2025-12-21T16:34:41.347+0000] {logging_mixin.py:188} INFO - [2025-12-21T16:34:41.347+0000] {dag.py:3820} INFO - Setting next_dagrun for purchase_analytics_refresh to 2025-12-20T02:00:00+00:00, run_after=2025-12-21T02:00:00+00:00
[2025-12-21T16:34:41.364+0000] {processor.py:183} INFO - Processing /opt/airflow/dags/purchase_analytics_dag.py took 0.114 seconds
[2025-12-21T16:35:11.518+0000] {processor.py:161} INFO - Started process (PID=108) to work on /opt/airflow/dags/purchase_analytics_dag.py
[2025-12-21T16:35:11.520+0000] {processor.py:830} INFO - Processing file /opt/airflow/dags/purchase_analytics_dag.py for tasks to queue
[2025-12-21T16:35:11.521+0000] {logging_mixin.py:188} INFO - [2025-12-21T16:35:11.521+0000] {dagbag.py:538} INFO - Filling up the DagBag from /opt/airflow/dags/purchase_analytics_dag.py
[2025-12-21T16:35:11.543+0000] {processor.py:840} INFO - DAG(s) 'purchase_analytics_refresh' retrieved from /opt/airflow/dags/purchase_analytics_dag.py
[2025-12-21T16:35:11.576+0000] {logging_mixin.py:188} INFO - [2025-12-21T16:35:11.576+0000] {dag.py:3033} INFO - Sync 1 DAGs
[2025-12-21T16:35:11.602+0000] {logging_mixin.py:188} INFO - [2025-12-21T16:35:11.602+0000] {dag.py:3820} INFO - Setting next_dagrun for purchase_analytics_refresh to 2025-12-20T02:00:00+00:00, run_after=2025-12-21T02:00:00+00:00
[2025-12-21T16:35:11.619+0000] {processor.py:183} INFO - Processing /opt/airflow/dags/purchase_analytics_dag.py took 0.105 seconds
[2025-12-21T16:35:41.806+0000] {processor.py:161} INFO - Started process (PID=112) to work on /opt/airflow/dags/purchase_analytics_dag.py
[2025-12-21T16:35:41.807+0000] {processor.py:830} INFO - Processing file /opt/airflow/dags/purchase_analytics_dag.py for tasks to queue
[2025-12-21T16:35:41.808+0000] {logging_mixin.py:188} INFO - [2025-12-21T16:35:41.808+0000] {dagbag.py:538} INFO - Filling up the DagBag from /opt/airflow/dags/purchase_analytics_dag.py
[2025-12-21T16:35:41.830+0000] {processor.py:840} INFO - DAG(s) 'purchase_analytics_refresh' retrieved from /opt/airflow/dags/purchase_analytics_dag.py
[2025-12-21T16:35:41.874+0000] {logging_mixin.py:188} INFO - [2025-12-21T16:35:41.874+0000] {dag.py:3033} INFO - Sync 1 DAGs
[2025-12-21T16:35:41.896+0000] {logging_mixin.py:188} INFO - [2025-12-21T16:35:41.896+0000] {dag.py:3820} INFO - Setting next_dagrun for purchase_analytics_refresh to 2025-12-20T02:00:00+00:00, run_after=2025-12-21T02:00:00+00:00
[2025-12-21T16:35:41.912+0000] {processor.py:183} INFO - Processing /opt/airflow/dags/purchase_analytics_dag.py took 0.109 seconds
[2025-12-21T16:36:12.231+0000] {processor.py:161} INFO - Started process (PID=122) to work on /opt/airflow/dags/purchase_analytics_dag.py
[2025-12-21T16:36:12.233+0000] {processor.py:830} INFO - Processing file /opt/airflow/dags/purchase_analytics_dag.py for tasks to queue
[2025-12-21T16:36:12.234+0000] {logging_mixin.py:188} INFO - [2025-12-21T16:36:12.234+0000] {dagbag.py:538} INFO - Filling up the DagBag from /opt/airflow/dags/purchase_analytics_dag.py
[2025-12-21T16:36:12.258+0000] {processor.py:840} INFO - DAG(s) 'purchase_analytics_refresh' retrieved from /opt/airflow/dags/purchase_analytics_dag.py
[2025-12-21T16:36:12.307+0000] {logging_mixin.py:188} INFO - [2025-12-21T16:36:12.307+0000] {dag.py:3033} INFO - Sync 1 DAGs
[2025-12-21T16:36:12.338+0000] {logging_mixin.py:188} INFO - [2025-12-21T16:36:12.338+0000] {dag.py:3820} INFO - Setting next_dagrun for purchase_analytics_refresh to 2025-12-20T02:00:00+00:00, run_after=2025-12-21T02:00:00+00:00
[2025-12-21T16:36:12.357+0000] {processor.py:183} INFO - Processing /opt/airflow/dags/purchase_analytics_dag.py took 0.134 seconds
[2025-12-21T16:36:42.947+0000] {processor.py:161} INFO - Started process (PID=132) to work on /opt/airflow/dags/purchase_analytics_dag.py
[2025-12-21T16:36:42.959+0000] {processor.py:830} INFO - Processing file /opt/airflow/dags/purchase_analytics_dag.py for tasks to queue
[2025-12-21T16:36:42.963+0000] {logging_mixin.py:188} INFO - [2025-12-21T16:36:42.961+0000] {dagbag.py:538} INFO - Filling up the DagBag from /opt/airflow/dags/purchase_analytics_dag.py
[2025-12-21T16:36:43.002+0000] {processor.py:840} INFO - DAG(s) 'purchase_analytics_refresh' retrieved from /opt/airflow/dags/purchase_analytics_dag.py
[2025-12-21T16:36:43.108+0000] {logging_mixin.py:188} INFO - [2025-12-21T16:36:43.108+0000] {dag.py:3033} INFO - Sync 1 DAGs
[2025-12-21T16:36:43.147+0000] {logging_mixin.py:188} INFO - [2025-12-21T16:36:43.147+0000] {dag.py:3820} INFO - Setting next_dagrun for purchase_analytics_refresh to 2025-12-20T02:00:00+00:00, run_after=2025-12-21T02:00:00+00:00
[2025-12-21T16:36:43.164+0000] {processor.py:183} INFO - Processing /opt/airflow/dags/purchase_analytics_dag.py took 0.255 seconds
[2025-12-21T16:37:13.610+0000] {processor.py:161} INFO - Started process (PID=142) to work on /opt/airflow/dags/purchase_analytics_dag.py
[2025-12-21T16:37:13.612+0000] {processor.py:830} INFO - Processing file /opt/airflow/dags/purchase_analytics_dag.py for tasks to queue
[2025-12-21T16:37:13.613+0000] {logging_mixin.py:188} INFO - [2025-12-21T16:37:13.613+0000] {dagbag.py:538} INFO - Filling up the DagBag from /opt/airflow/dags/purchase_analytics_dag.py
[2025-12-21T16:37:13.667+0000] {processor.py:840} INFO - DAG(s) 'purchase_analytics_refresh' retrieved from /opt/airflow/dags/purchase_analytics_dag.py
[2025-12-21T16:37:13.736+0000] {logging_mixin.py:188} INFO - [2025-12-21T16:37:13.736+0000] {dag.py:3033} INFO - Sync 1 DAGs
[2025-12-21T16:37:13.767+0000] {logging_mixin.py:188} INFO - [2025-12-21T16:37:13.767+0000] {dag.py:3820} INFO - Setting next_dagrun for purchase_analytics_refresh to 2025-12-20T02:00:00+00:00, run_after=2025-12-21T02:00:00+00:00
[2025-12-21T16:37:13.790+0000] {processor.py:183} INFO - Processing /opt/airflow/dags/purchase_analytics_dag.py took 0.202 seconds
[2025-12-21T16:37:44.178+0000] {processor.py:161} INFO - Started process (PID=152) to work on /opt/airflow/dags/purchase_analytics_dag.py
[2025-12-21T16:37:44.180+0000] {processor.py:830} INFO - Processing file /opt/airflow/dags/purchase_analytics_dag.py for tasks to queue
[2025-12-21T16:37:44.181+0000] {logging_mixin.py:188} INFO - [2025-12-21T16:37:44.181+0000] {dagbag.py:538} INFO - Filling up the DagBag from /opt/airflow/dags/purchase_analytics_dag.py
[2025-12-21T16:37:44.220+0000] {processor.py:840} INFO - DAG(s) 'purchase_analytics_refresh' retrieved from /opt/airflow/dags/purchase_analytics_dag.py
[2025-12-21T16:37:44.281+0000] {logging_mixin.py:188} INFO - [2025-12-21T16:37:44.281+0000] {dag.py:3033} INFO - Sync 1 DAGs
[2025-12-21T16:37:44.320+0000] {logging_mixin.py:188} INFO - [2025-12-21T16:37:44.320+0000] {dag.py:3820} INFO - Setting next_dagrun for purchase_analytics_refresh to 2025-12-20T02:00:00+00:00, run_after=2025-12-21T02:00:00+00:00
[2025-12-21T16:37:44.340+0000] {processor.py:183} INFO - Processing /opt/airflow/dags/purchase_analytics_dag.py took 0.171 seconds
[2025-12-21T16:38:14.741+0000] {processor.py:161} INFO - Started process (PID=162) to work on /opt/airflow/dags/purchase_analytics_dag.py
[2025-12-21T16:38:14.744+0000] {processor.py:830} INFO - Processing file /opt/airflow/dags/purchase_analytics_dag.py for tasks to queue
[2025-12-21T16:38:14.746+0000] {logging_mixin.py:188} INFO - [2025-12-21T16:38:14.745+0000] {dagbag.py:538} INFO - Filling up the DagBag from /opt/airflow/dags/purchase_analytics_dag.py
[2025-12-21T16:38:14.788+0000] {processor.py:840} INFO - DAG(s) 'purchase_analytics_refresh' retrieved from /opt/airflow/dags/purchase_analytics_dag.py
[2025-12-21T16:38:14.851+0000] {logging_mixin.py:188} INFO - [2025-12-21T16:38:14.851+0000] {dag.py:3033} INFO - Sync 1 DAGs
[2025-12-21T16:38:14.879+0000] {logging_mixin.py:188} INFO - [2025-12-21T16:38:14.878+0000] {dag.py:3820} INFO - Setting next_dagrun for purchase_analytics_refresh to 2025-12-20T02:00:00+00:00, run_after=2025-12-21T02:00:00+00:00
[2025-12-21T16:38:14.902+0000] {processor.py:183} INFO - Processing /opt/airflow/dags/purchase_analytics_dag.py took 0.175 seconds
[2025-12-21T16:38:45.302+0000] {processor.py:161} INFO - Started process (PID=172) to work on /opt/airflow/dags/purchase_analytics_dag.py
[2025-12-21T16:38:45.303+0000] {processor.py:830} INFO - Processing file /opt/airflow/dags/purchase_analytics_dag.py for tasks to queue
[2025-12-21T16:38:45.305+0000] {logging_mixin.py:188} INFO - [2025-12-21T16:38:45.304+0000] {dagbag.py:538} INFO - Filling up the DagBag from /opt/airflow/dags/purchase_analytics_dag.py
[2025-12-21T16:38:45.347+0000] {processor.py:840} INFO - DAG(s) 'purchase_analytics_refresh' retrieved from /opt/airflow/dags/purchase_analytics_dag.py
[2025-12-21T16:38:45.413+0000] {logging_mixin.py:188} INFO - [2025-12-21T16:38:45.413+0000] {dag.py:3033} INFO - Sync 1 DAGs
[2025-12-21T16:38:45.447+0000] {logging_mixin.py:188} INFO - [2025-12-21T16:38:45.447+0000] {dag.py:3820} INFO - Setting next_dagrun for purchase_analytics_refresh to 2025-12-20T02:00:00+00:00, run_after=2025-12-21T02:00:00+00:00
[2025-12-21T16:38:45.465+0000] {processor.py:183} INFO - Processing /opt/airflow/dags/purchase_analytics_dag.py took 0.187 seconds
[2025-12-21T16:39:16.291+0000] {processor.py:161} INFO - Started process (PID=182) to work on /opt/airflow/dags/purchase_analytics_dag.py
[2025-12-21T16:39:16.292+0000] {processor.py:830} INFO - Processing file /opt/airflow/dags/purchase_analytics_dag.py for tasks to queue
[2025-12-21T16:39:16.294+0000] {logging_mixin.py:188} INFO - [2025-12-21T16:39:16.294+0000] {dagbag.py:538} INFO - Filling up the DagBag from /opt/airflow/dags/purchase_analytics_dag.py
[2025-12-21T16:39:16.338+0000] {processor.py:840} INFO - DAG(s) 'purchase_analytics_refresh' retrieved from /opt/airflow/dags/purchase_analytics_dag.py
[2025-12-21T16:39:16.406+0000] {logging_mixin.py:188} INFO - [2025-12-21T16:39:16.406+0000] {dag.py:3033} INFO - Sync 1 DAGs
[2025-12-21T16:39:16.453+0000] {logging_mixin.py:188} INFO - [2025-12-21T16:39:16.453+0000] {dag.py:3820} INFO - Setting next_dagrun for purchase_analytics_refresh to 2025-12-20T02:00:00+00:00, run_after=2025-12-21T02:00:00+00:00
[2025-12-21T16:39:16.471+0000] {processor.py:183} INFO - Processing /opt/airflow/dags/purchase_analytics_dag.py took 0.190 seconds
[2025-12-21T16:39:46.817+0000] {processor.py:161} INFO - Started process (PID=192) to work on /opt/airflow/dags/purchase_analytics_dag.py
[2025-12-21T16:39:46.822+0000] {processor.py:830} INFO - Processing file /opt/airflow/dags/purchase_analytics_dag.py for tasks to queue
[2025-12-21T16:39:46.828+0000] {logging_mixin.py:188} INFO - [2025-12-21T16:39:46.826+0000] {dagbag.py:538} INFO - Filling up the DagBag from /opt/airflow/dags/purchase_analytics_dag.py
[2025-12-21T16:39:46.877+0000] {processor.py:840} INFO - DAG(s) 'purchase_analytics_refresh' retrieved from /opt/airflow/dags/purchase_analytics_dag.py
[2025-12-21T16:39:46.956+0000] {logging_mixin.py:188} INFO - [2025-12-21T16:39:46.955+0000] {dag.py:3033} INFO - Sync 1 DAGs
[2025-12-21T16:39:46.991+0000] {logging_mixin.py:188} INFO - [2025-12-21T16:39:46.991+0000] {dag.py:3820} INFO - Setting next_dagrun for purchase_analytics_refresh to 2025-12-20T02:00:00+00:00, run_after=2025-12-21T02:00:00+00:00
[2025-12-21T16:39:47.015+0000] {processor.py:183} INFO - Processing /opt/airflow/dags/purchase_analytics_dag.py took 0.209 seconds
[2025-12-21T16:40:18.016+0000] {processor.py:161} INFO - Started process (PID=202) to work on /opt/airflow/dags/purchase_analytics_dag.py
[2025-12-21T16:40:18.018+0000] {processor.py:830} INFO - Processing file /opt/airflow/dags/purchase_analytics_dag.py for tasks to queue
[2025-12-21T16:40:18.020+0000] {logging_mixin.py:188} INFO - [2025-12-21T16:40:18.019+0000] {dagbag.py:538} INFO - Filling up the DagBag from /opt/airflow/dags/purchase_analytics_dag.py
[2025-12-21T16:40:18.049+0000] {processor.py:840} INFO - DAG(s) 'purchase_analytics_refresh' retrieved from /opt/airflow/dags/purchase_analytics_dag.py
[2025-12-21T16:40:18.095+0000] {logging_mixin.py:188} INFO - [2025-12-21T16:40:18.095+0000] {dag.py:3033} INFO - Sync 1 DAGs
[2025-12-21T16:40:18.125+0000] {logging_mixin.py:188} INFO - [2025-12-21T16:40:18.125+0000] {dag.py:3820} INFO - Setting next_dagrun for purchase_analytics_refresh to 2025-12-20T02:00:00+00:00, run_after=2025-12-21T02:00:00+00:00
[2025-12-21T16:40:18.146+0000] {processor.py:183} INFO - Processing /opt/airflow/dags/purchase_analytics_dag.py took 0.138 seconds
[2025-12-21T16:46:58.495+0000] {processor.py:161} INFO - Started process (PID=30) to work on /opt/airflow/dags/purchase_analytics_dag.py
[2025-12-21T16:46:58.497+0000] {processor.py:830} INFO - Processing file /opt/airflow/dags/purchase_analytics_dag.py for tasks to queue
[2025-12-21T16:46:58.499+0000] {logging_mixin.py:188} INFO - [2025-12-21T16:46:58.498+0000] {dagbag.py:538} INFO - Filling up the DagBag from /opt/airflow/dags/purchase_analytics_dag.py
[2025-12-21T16:46:58.526+0000] {processor.py:840} INFO - DAG(s) 'purchase_analytics_refresh' retrieved from /opt/airflow/dags/purchase_analytics_dag.py
[2025-12-21T16:46:58.571+0000] {logging_mixin.py:188} INFO - [2025-12-21T16:46:58.571+0000] {dag.py:3033} INFO - Sync 1 DAGs
[2025-12-21T16:46:58.605+0000] {logging_mixin.py:188} INFO - [2025-12-21T16:46:58.605+0000] {dag.py:3820} INFO - Setting next_dagrun for purchase_analytics_refresh to 2025-12-20T02:00:00+00:00, run_after=2025-12-21T02:00:00+00:00
[2025-12-21T16:46:58.631+0000] {processor.py:183} INFO - Processing /opt/airflow/dags/purchase_analytics_dag.py took 0.142 seconds
[2025-12-21T16:47:28.858+0000] {processor.py:161} INFO - Started process (PID=40) to work on /opt/airflow/dags/purchase_analytics_dag.py
[2025-12-21T16:47:28.860+0000] {processor.py:830} INFO - Processing file /opt/airflow/dags/purchase_analytics_dag.py for tasks to queue
[2025-12-21T16:47:28.862+0000] {logging_mixin.py:188} INFO - [2025-12-21T16:47:28.862+0000] {dagbag.py:538} INFO - Filling up the DagBag from /opt/airflow/dags/purchase_analytics_dag.py
[2025-12-21T16:47:28.884+0000] {processor.py:840} INFO - DAG(s) 'purchase_analytics_refresh' retrieved from /opt/airflow/dags/purchase_analytics_dag.py
[2025-12-21T16:47:29.144+0000] {logging_mixin.py:188} INFO - [2025-12-21T16:47:29.144+0000] {dag.py:3033} INFO - Sync 1 DAGs
[2025-12-21T16:47:29.168+0000] {logging_mixin.py:188} INFO - [2025-12-21T16:47:29.167+0000] {dag.py:3820} INFO - Setting next_dagrun for purchase_analytics_refresh to 2025-12-20T02:00:00+00:00, run_after=2025-12-21T02:00:00+00:00
[2025-12-21T16:47:29.185+0000] {processor.py:183} INFO - Processing /opt/airflow/dags/purchase_analytics_dag.py took 0.334 seconds
[2025-12-21T16:47:59.471+0000] {processor.py:161} INFO - Started process (PID=50) to work on /opt/airflow/dags/purchase_analytics_dag.py
[2025-12-21T16:47:59.472+0000] {processor.py:830} INFO - Processing file /opt/airflow/dags/purchase_analytics_dag.py for tasks to queue
[2025-12-21T16:47:59.474+0000] {logging_mixin.py:188} INFO - [2025-12-21T16:47:59.473+0000] {dagbag.py:538} INFO - Filling up the DagBag from /opt/airflow/dags/purchase_analytics_dag.py
[2025-12-21T16:47:59.501+0000] {processor.py:840} INFO - DAG(s) 'purchase_analytics_refresh' retrieved from /opt/airflow/dags/purchase_analytics_dag.py
[2025-12-21T16:47:59.572+0000] {logging_mixin.py:188} INFO - [2025-12-21T16:47:59.571+0000] {dag.py:3033} INFO - Sync 1 DAGs
[2025-12-21T16:47:59.613+0000] {logging_mixin.py:188} INFO - [2025-12-21T16:47:59.613+0000] {dag.py:3820} INFO - Setting next_dagrun for purchase_analytics_refresh to 2025-12-20T02:00:00+00:00, run_after=2025-12-21T02:00:00+00:00
[2025-12-21T16:47:59.634+0000] {processor.py:183} INFO - Processing /opt/airflow/dags/purchase_analytics_dag.py took 0.182 seconds
[2025-12-21T16:48:29.984+0000] {processor.py:161} INFO - Started process (PID=60) to work on /opt/airflow/dags/purchase_analytics_dag.py
[2025-12-21T16:48:29.985+0000] {processor.py:830} INFO - Processing file /opt/airflow/dags/purchase_analytics_dag.py for tasks to queue
[2025-12-21T16:48:29.986+0000] {logging_mixin.py:188} INFO - [2025-12-21T16:48:29.986+0000] {dagbag.py:538} INFO - Filling up the DagBag from /opt/airflow/dags/purchase_analytics_dag.py
[2025-12-21T16:48:30.026+0000] {processor.py:840} INFO - DAG(s) 'purchase_analytics_refresh' retrieved from /opt/airflow/dags/purchase_analytics_dag.py
[2025-12-21T16:48:30.091+0000] {logging_mixin.py:188} INFO - [2025-12-21T16:48:30.091+0000] {dag.py:3033} INFO - Sync 1 DAGs
[2025-12-21T16:48:30.132+0000] {logging_mixin.py:188} INFO - [2025-12-21T16:48:30.131+0000] {dag.py:3820} INFO - Setting next_dagrun for purchase_analytics_refresh to 2025-12-20T02:00:00+00:00, run_after=2025-12-21T02:00:00+00:00
[2025-12-21T16:48:30.154+0000] {processor.py:183} INFO - Processing /opt/airflow/dags/purchase_analytics_dag.py took 0.193 seconds
[2025-12-21T16:49:00.385+0000] {processor.py:161} INFO - Started process (PID=70) to work on /opt/airflow/dags/purchase_analytics_dag.py
[2025-12-21T16:49:00.387+0000] {processor.py:830} INFO - Processing file /opt/airflow/dags/purchase_analytics_dag.py for tasks to queue
[2025-12-21T16:49:00.389+0000] {logging_mixin.py:188} INFO - [2025-12-21T16:49:00.389+0000] {dagbag.py:538} INFO - Filling up the DagBag from /opt/airflow/dags/purchase_analytics_dag.py
[2025-12-21T16:49:00.408+0000] {processor.py:840} INFO - DAG(s) 'purchase_analytics_refresh' retrieved from /opt/airflow/dags/purchase_analytics_dag.py
[2025-12-21T16:49:00.442+0000] {logging_mixin.py:188} INFO - [2025-12-21T16:49:00.441+0000] {dag.py:3033} INFO - Sync 1 DAGs
[2025-12-21T16:49:00.463+0000] {logging_mixin.py:188} INFO - [2025-12-21T16:49:00.462+0000] {dag.py:3820} INFO - Setting next_dagrun for purchase_analytics_refresh to 2025-12-20T02:00:00+00:00, run_after=2025-12-21T02:00:00+00:00
[2025-12-21T16:49:00.477+0000] {processor.py:183} INFO - Processing /opt/airflow/dags/purchase_analytics_dag.py took 0.098 seconds
[2025-12-21T16:49:30.888+0000] {processor.py:161} INFO - Started process (PID=80) to work on /opt/airflow/dags/purchase_analytics_dag.py
[2025-12-21T16:49:30.890+0000] {processor.py:830} INFO - Processing file /opt/airflow/dags/purchase_analytics_dag.py for tasks to queue
[2025-12-21T16:49:30.891+0000] {logging_mixin.py:188} INFO - [2025-12-21T16:49:30.890+0000] {dagbag.py:538} INFO - Filling up the DagBag from /opt/airflow/dags/purchase_analytics_dag.py
[2025-12-21T16:49:30.914+0000] {processor.py:840} INFO - DAG(s) 'purchase_analytics_refresh' retrieved from /opt/airflow/dags/purchase_analytics_dag.py
[2025-12-21T16:49:30.960+0000] {logging_mixin.py:188} INFO - [2025-12-21T16:49:30.960+0000] {dag.py:3033} INFO - Sync 1 DAGs
[2025-12-21T16:49:30.982+0000] {logging_mixin.py:188} INFO - [2025-12-21T16:49:30.982+0000] {dag.py:3820} INFO - Setting next_dagrun for purchase_analytics_refresh to 2025-12-20T02:00:00+00:00, run_after=2025-12-21T02:00:00+00:00
[2025-12-21T16:49:30.999+0000] {processor.py:183} INFO - Processing /opt/airflow/dags/purchase_analytics_dag.py took 0.117 seconds
[2025-12-21T16:50:01.202+0000] {processor.py:161} INFO - Started process (PID=90) to work on /opt/airflow/dags/purchase_analytics_dag.py
[2025-12-21T16:50:01.204+0000] {processor.py:830} INFO - Processing file /opt/airflow/dags/purchase_analytics_dag.py for tasks to queue
[2025-12-21T16:50:01.205+0000] {logging_mixin.py:188} INFO - [2025-12-21T16:50:01.204+0000] {dagbag.py:538} INFO - Filling up the DagBag from /opt/airflow/dags/purchase_analytics_dag.py
[2025-12-21T16:50:01.228+0000] {processor.py:840} INFO - DAG(s) 'purchase_analytics_refresh' retrieved from /opt/airflow/dags/purchase_analytics_dag.py
[2025-12-21T16:50:01.282+0000] {logging_mixin.py:188} INFO - [2025-12-21T16:50:01.282+0000] {dag.py:3033} INFO - Sync 1 DAGs
[2025-12-21T16:50:01.306+0000] {logging_mixin.py:188} INFO - [2025-12-21T16:50:01.306+0000] {dag.py:3820} INFO - Setting next_dagrun for purchase_analytics_refresh to 2025-12-20T02:00:00+00:00, run_after=2025-12-21T02:00:00+00:00
[2025-12-21T16:50:01.327+0000] {processor.py:183} INFO - Processing /opt/airflow/dags/purchase_analytics_dag.py took 0.129 seconds
[2025-12-21T16:50:32.010+0000] {processor.py:161} INFO - Started process (PID=100) to work on /opt/airflow/dags/purchase_analytics_dag.py
[2025-12-21T16:50:32.013+0000] {processor.py:830} INFO - Processing file /opt/airflow/dags/purchase_analytics_dag.py for tasks to queue
[2025-12-21T16:50:32.016+0000] {logging_mixin.py:188} INFO - [2025-12-21T16:50:32.015+0000] {dagbag.py:538} INFO - Filling up the DagBag from /opt/airflow/dags/purchase_analytics_dag.py
[2025-12-21T16:50:32.052+0000] {processor.py:840} INFO - DAG(s) 'purchase_analytics_refresh' retrieved from /opt/airflow/dags/purchase_analytics_dag.py
[2025-12-21T16:50:32.127+0000] {logging_mixin.py:188} INFO - [2025-12-21T16:50:32.127+0000] {dag.py:3033} INFO - Sync 1 DAGs
[2025-12-21T16:50:32.158+0000] {logging_mixin.py:188} INFO - [2025-12-21T16:50:32.158+0000] {dag.py:3820} INFO - Setting next_dagrun for purchase_analytics_refresh to 2025-12-20T02:00:00+00:00, run_after=2025-12-21T02:00:00+00:00
[2025-12-21T16:50:32.184+0000] {processor.py:183} INFO - Processing /opt/airflow/dags/purchase_analytics_dag.py took 0.190 seconds
[2025-12-21T16:51:02.650+0000] {processor.py:161} INFO - Started process (PID=103) to work on /opt/airflow/dags/purchase_analytics_dag.py
[2025-12-21T16:51:02.652+0000] {processor.py:830} INFO - Processing file /opt/airflow/dags/purchase_analytics_dag.py for tasks to queue
[2025-12-21T16:51:02.653+0000] {logging_mixin.py:188} INFO - [2025-12-21T16:51:02.653+0000] {dagbag.py:538} INFO - Filling up the DagBag from /opt/airflow/dags/purchase_analytics_dag.py
[2025-12-21T16:51:02.679+0000] {processor.py:840} INFO - DAG(s) 'purchase_analytics_refresh' retrieved from /opt/airflow/dags/purchase_analytics_dag.py
[2025-12-21T16:51:02.733+0000] {logging_mixin.py:188} INFO - [2025-12-21T16:51:02.733+0000] {dag.py:3033} INFO - Sync 1 DAGs
[2025-12-21T16:51:02.769+0000] {logging_mixin.py:188} INFO - [2025-12-21T16:51:02.769+0000] {dag.py:3820} INFO - Setting next_dagrun for purchase_analytics_refresh to 2025-12-20T02:00:00+00:00, run_after=2025-12-21T02:00:00+00:00
[2025-12-21T16:51:02.794+0000] {processor.py:183} INFO - Processing /opt/airflow/dags/purchase_analytics_dag.py took 0.154 seconds
[2025-12-21T16:51:33.086+0000] {processor.py:161} INFO - Started process (PID=113) to work on /opt/airflow/dags/purchase_analytics_dag.py
[2025-12-21T16:51:33.088+0000] {processor.py:830} INFO - Processing file /opt/airflow/dags/purchase_analytics_dag.py for tasks to queue
[2025-12-21T16:51:33.089+0000] {logging_mixin.py:188} INFO - [2025-12-21T16:51:33.089+0000] {dagbag.py:538} INFO - Filling up the DagBag from /opt/airflow/dags/purchase_analytics_dag.py
[2025-12-21T16:51:33.159+0000] {processor.py:840} INFO - DAG(s) 'purchase_analytics_refresh' retrieved from /opt/airflow/dags/purchase_analytics_dag.py
[2025-12-21T16:51:33.232+0000] {logging_mixin.py:188} INFO - [2025-12-21T16:51:33.232+0000] {dag.py:3033} INFO - Sync 1 DAGs
[2025-12-21T16:51:33.276+0000] {logging_mixin.py:188} INFO - [2025-12-21T16:51:33.276+0000] {dag.py:3820} INFO - Setting next_dagrun for purchase_analytics_refresh to 2025-12-20T02:00:00+00:00, run_after=2025-12-21T02:00:00+00:00
[2025-12-21T16:51:33.312+0000] {processor.py:183} INFO - Processing /opt/airflow/dags/purchase_analytics_dag.py took 0.254 seconds
[2025-12-21T16:52:03.642+0000] {processor.py:161} INFO - Started process (PID=123) to work on /opt/airflow/dags/purchase_analytics_dag.py
[2025-12-21T16:52:03.643+0000] {processor.py:830} INFO - Processing file /opt/airflow/dags/purchase_analytics_dag.py for tasks to queue
[2025-12-21T16:52:03.644+0000] {logging_mixin.py:188} INFO - [2025-12-21T16:52:03.644+0000] {dagbag.py:538} INFO - Filling up the DagBag from /opt/airflow/dags/purchase_analytics_dag.py
[2025-12-21T16:52:03.675+0000] {processor.py:840} INFO - DAG(s) 'purchase_analytics_refresh' retrieved from /opt/airflow/dags/purchase_analytics_dag.py
[2025-12-21T16:52:03.748+0000] {logging_mixin.py:188} INFO - [2025-12-21T16:52:03.748+0000] {dag.py:3033} INFO - Sync 1 DAGs
[2025-12-21T16:52:03.782+0000] {logging_mixin.py:188} INFO - [2025-12-21T16:52:03.782+0000] {dag.py:3820} INFO - Setting next_dagrun for purchase_analytics_refresh to 2025-12-20T02:00:00+00:00, run_after=2025-12-21T02:00:00+00:00
[2025-12-21T16:52:03.805+0000] {processor.py:183} INFO - Processing /opt/airflow/dags/purchase_analytics_dag.py took 0.168 seconds
[2025-12-21T16:52:34.000+0000] {processor.py:161} INFO - Started process (PID=133) to work on /opt/airflow/dags/purchase_analytics_dag.py
[2025-12-21T16:52:34.001+0000] {processor.py:830} INFO - Processing file /opt/airflow/dags/purchase_analytics_dag.py for tasks to queue
[2025-12-21T16:52:34.001+0000] {logging_mixin.py:188} INFO - [2025-12-21T16:52:34.001+0000] {dagbag.py:538} INFO - Filling up the DagBag from /opt/airflow/dags/purchase_analytics_dag.py
[2025-12-21T16:52:34.027+0000] {processor.py:840} INFO - DAG(s) 'purchase_analytics_refresh' retrieved from /opt/airflow/dags/purchase_analytics_dag.py
[2025-12-21T16:52:34.089+0000] {logging_mixin.py:188} INFO - [2025-12-21T16:52:34.089+0000] {dag.py:3033} INFO - Sync 1 DAGs
[2025-12-21T16:52:34.119+0000] {logging_mixin.py:188} INFO - [2025-12-21T16:52:34.119+0000] {dag.py:3820} INFO - Setting next_dagrun for purchase_analytics_refresh to 2025-12-20T02:00:00+00:00, run_after=2025-12-21T02:00:00+00:00
[2025-12-21T16:52:34.138+0000] {processor.py:183} INFO - Processing /opt/airflow/dags/purchase_analytics_dag.py took 0.143 seconds
[2025-12-21T16:53:04.423+0000] {processor.py:161} INFO - Started process (PID=143) to work on /opt/airflow/dags/purchase_analytics_dag.py
[2025-12-21T16:53:04.425+0000] {processor.py:830} INFO - Processing file /opt/airflow/dags/purchase_analytics_dag.py for tasks to queue
[2025-12-21T16:53:04.426+0000] {logging_mixin.py:188} INFO - [2025-12-21T16:53:04.425+0000] {dagbag.py:538} INFO - Filling up the DagBag from /opt/airflow/dags/purchase_analytics_dag.py
[2025-12-21T16:53:04.459+0000] {processor.py:840} INFO - DAG(s) 'purchase_analytics_refresh' retrieved from /opt/airflow/dags/purchase_analytics_dag.py
[2025-12-21T16:53:04.502+0000] {logging_mixin.py:188} INFO - [2025-12-21T16:53:04.502+0000] {dag.py:3033} INFO - Sync 1 DAGs
[2025-12-21T16:53:04.529+0000] {logging_mixin.py:188} INFO - [2025-12-21T16:53:04.529+0000] {dag.py:3820} INFO - Setting next_dagrun for purchase_analytics_refresh to 2025-12-20T02:00:00+00:00, run_after=2025-12-21T02:00:00+00:00
[2025-12-21T16:53:04.546+0000] {processor.py:183} INFO - Processing /opt/airflow/dags/purchase_analytics_dag.py took 0.127 seconds
[2025-12-21T16:53:34.899+0000] {processor.py:161} INFO - Started process (PID=153) to work on /opt/airflow/dags/purchase_analytics_dag.py
[2025-12-21T16:53:34.900+0000] {processor.py:830} INFO - Processing file /opt/airflow/dags/purchase_analytics_dag.py for tasks to queue
[2025-12-21T16:53:34.905+0000] {logging_mixin.py:188} INFO - [2025-12-21T16:53:34.902+0000] {dagbag.py:538} INFO - Filling up the DagBag from /opt/airflow/dags/purchase_analytics_dag.py
[2025-12-21T16:53:34.933+0000] {processor.py:840} INFO - DAG(s) 'purchase_analytics_refresh' retrieved from /opt/airflow/dags/purchase_analytics_dag.py
[2025-12-21T16:53:34.983+0000] {logging_mixin.py:188} INFO - [2025-12-21T16:53:34.983+0000] {dag.py:3033} INFO - Sync 1 DAGs
[2025-12-21T16:53:35.013+0000] {logging_mixin.py:188} INFO - [2025-12-21T16:53:35.013+0000] {dag.py:3820} INFO - Setting next_dagrun for purchase_analytics_refresh to 2025-12-20T02:00:00+00:00, run_after=2025-12-21T02:00:00+00:00
[2025-12-21T16:53:35.036+0000] {processor.py:183} INFO - Processing /opt/airflow/dags/purchase_analytics_dag.py took 0.147 seconds
[2025-12-21T16:54:05.525+0000] {processor.py:161} INFO - Started process (PID=163) to work on /opt/airflow/dags/purchase_analytics_dag.py
[2025-12-21T16:54:05.527+0000] {processor.py:830} INFO - Processing file /opt/airflow/dags/purchase_analytics_dag.py for tasks to queue
[2025-12-21T16:54:05.528+0000] {logging_mixin.py:188} INFO - [2025-12-21T16:54:05.528+0000] {dagbag.py:538} INFO - Filling up the DagBag from /opt/airflow/dags/purchase_analytics_dag.py
[2025-12-21T16:54:05.564+0000] {processor.py:840} INFO - DAG(s) 'purchase_analytics_refresh' retrieved from /opt/airflow/dags/purchase_analytics_dag.py
[2025-12-21T16:54:05.622+0000] {logging_mixin.py:188} INFO - [2025-12-21T16:54:05.622+0000] {dag.py:3033} INFO - Sync 1 DAGs
[2025-12-21T16:54:05.649+0000] {logging_mixin.py:188} INFO - [2025-12-21T16:54:05.648+0000] {dag.py:3820} INFO - Setting next_dagrun for purchase_analytics_refresh to 2025-12-20T02:00:00+00:00, run_after=2025-12-21T02:00:00+00:00
[2025-12-21T16:54:05.674+0000] {processor.py:183} INFO - Processing /opt/airflow/dags/purchase_analytics_dag.py took 0.157 seconds
[2025-12-21T16:54:36.022+0000] {processor.py:161} INFO - Started process (PID=173) to work on /opt/airflow/dags/purchase_analytics_dag.py
[2025-12-21T16:54:36.024+0000] {processor.py:830} INFO - Processing file /opt/airflow/dags/purchase_analytics_dag.py for tasks to queue
[2025-12-21T16:54:36.025+0000] {logging_mixin.py:188} INFO - [2025-12-21T16:54:36.025+0000] {dagbag.py:538} INFO - Filling up the DagBag from /opt/airflow/dags/purchase_analytics_dag.py
[2025-12-21T16:54:36.054+0000] {processor.py:840} INFO - DAG(s) 'purchase_analytics_refresh' retrieved from /opt/airflow/dags/purchase_analytics_dag.py
[2025-12-21T16:54:36.112+0000] {logging_mixin.py:188} INFO - [2025-12-21T16:54:36.112+0000] {dag.py:3033} INFO - Sync 1 DAGs
[2025-12-21T16:54:36.148+0000] {logging_mixin.py:188} INFO - [2025-12-21T16:54:36.148+0000] {dag.py:3820} INFO - Setting next_dagrun for purchase_analytics_refresh to 2025-12-20T02:00:00+00:00, run_after=2025-12-21T02:00:00+00:00
[2025-12-21T16:54:36.165+0000] {processor.py:183} INFO - Processing /opt/airflow/dags/purchase_analytics_dag.py took 0.151 seconds
[2025-12-21T16:55:06.502+0000] {processor.py:161} INFO - Started process (PID=183) to work on /opt/airflow/dags/purchase_analytics_dag.py
[2025-12-21T16:55:06.503+0000] {processor.py:830} INFO - Processing file /opt/airflow/dags/purchase_analytics_dag.py for tasks to queue
[2025-12-21T16:55:06.504+0000] {logging_mixin.py:188} INFO - [2025-12-21T16:55:06.504+0000] {dagbag.py:538} INFO - Filling up the DagBag from /opt/airflow/dags/purchase_analytics_dag.py
[2025-12-21T16:55:06.532+0000] {processor.py:840} INFO - DAG(s) 'purchase_analytics_refresh' retrieved from /opt/airflow/dags/purchase_analytics_dag.py
[2025-12-21T16:55:06.582+0000] {logging_mixin.py:188} INFO - [2025-12-21T16:55:06.582+0000] {dag.py:3033} INFO - Sync 1 DAGs
[2025-12-21T16:55:06.605+0000] {logging_mixin.py:188} INFO - [2025-12-21T16:55:06.605+0000] {dag.py:3820} INFO - Setting next_dagrun for purchase_analytics_refresh to 2025-12-20T02:00:00+00:00, run_after=2025-12-21T02:00:00+00:00
[2025-12-21T16:55:06.621+0000] {processor.py:183} INFO - Processing /opt/airflow/dags/purchase_analytics_dag.py took 0.126 seconds
[2025-12-21T16:55:36.970+0000] {processor.py:161} INFO - Started process (PID=193) to work on /opt/airflow/dags/purchase_analytics_dag.py
[2025-12-21T16:55:36.976+0000] {processor.py:830} INFO - Processing file /opt/airflow/dags/purchase_analytics_dag.py for tasks to queue
[2025-12-21T16:55:36.978+0000] {logging_mixin.py:188} INFO - [2025-12-21T16:55:36.977+0000] {dagbag.py:538} INFO - Filling up the DagBag from /opt/airflow/dags/purchase_analytics_dag.py
[2025-12-21T16:55:37.019+0000] {processor.py:840} INFO - DAG(s) 'purchase_analytics_refresh' retrieved from /opt/airflow/dags/purchase_analytics_dag.py
[2025-12-21T16:55:37.077+0000] {logging_mixin.py:188} INFO - [2025-12-21T16:55:37.077+0000] {dag.py:3033} INFO - Sync 1 DAGs
[2025-12-21T16:55:37.105+0000] {logging_mixin.py:188} INFO - [2025-12-21T16:55:37.105+0000] {dag.py:3820} INFO - Setting next_dagrun for purchase_analytics_refresh to 2025-12-20T02:00:00+00:00, run_after=2025-12-21T02:00:00+00:00
[2025-12-21T16:55:37.122+0000] {processor.py:183} INFO - Processing /opt/airflow/dags/purchase_analytics_dag.py took 0.166 seconds
[2025-12-21T16:56:07.507+0000] {processor.py:161} INFO - Started process (PID=203) to work on /opt/airflow/dags/purchase_analytics_dag.py
[2025-12-21T16:56:07.509+0000] {processor.py:830} INFO - Processing file /opt/airflow/dags/purchase_analytics_dag.py for tasks to queue
[2025-12-21T16:56:07.511+0000] {logging_mixin.py:188} INFO - [2025-12-21T16:56:07.510+0000] {dagbag.py:538} INFO - Filling up the DagBag from /opt/airflow/dags/purchase_analytics_dag.py
[2025-12-21T16:56:07.535+0000] {processor.py:840} INFO - DAG(s) 'purchase_analytics_refresh' retrieved from /opt/airflow/dags/purchase_analytics_dag.py
[2025-12-21T16:56:07.590+0000] {logging_mixin.py:188} INFO - [2025-12-21T16:56:07.590+0000] {dag.py:3033} INFO - Sync 1 DAGs
[2025-12-21T16:56:07.620+0000] {logging_mixin.py:188} INFO - [2025-12-21T16:56:07.620+0000] {dag.py:3820} INFO - Setting next_dagrun for purchase_analytics_refresh to 2025-12-20T02:00:00+00:00, run_after=2025-12-21T02:00:00+00:00
[2025-12-21T16:56:07.643+0000] {processor.py:183} INFO - Processing /opt/airflow/dags/purchase_analytics_dag.py took 0.146 seconds
[2025-12-21T16:56:37.977+0000] {processor.py:161} INFO - Started process (PID=213) to work on /opt/airflow/dags/purchase_analytics_dag.py
[2025-12-21T16:56:37.979+0000] {processor.py:830} INFO - Processing file /opt/airflow/dags/purchase_analytics_dag.py for tasks to queue
[2025-12-21T16:56:37.980+0000] {logging_mixin.py:188} INFO - [2025-12-21T16:56:37.980+0000] {dagbag.py:538} INFO - Filling up the DagBag from /opt/airflow/dags/purchase_analytics_dag.py
[2025-12-21T16:56:38.023+0000] {processor.py:840} INFO - DAG(s) 'purchase_analytics_refresh' retrieved from /opt/airflow/dags/purchase_analytics_dag.py
[2025-12-21T16:56:38.070+0000] {logging_mixin.py:188} INFO - [2025-12-21T16:56:38.070+0000] {dag.py:3033} INFO - Sync 1 DAGs
[2025-12-21T16:56:38.102+0000] {logging_mixin.py:188} INFO - [2025-12-21T16:56:38.101+0000] {dag.py:3820} INFO - Setting next_dagrun for purchase_analytics_refresh to 2025-12-20T02:00:00+00:00, run_after=2025-12-21T02:00:00+00:00
[2025-12-21T16:56:38.120+0000] {processor.py:183} INFO - Processing /opt/airflow/dags/purchase_analytics_dag.py took 0.152 seconds
[2025-12-21T16:57:08.553+0000] {processor.py:161} INFO - Started process (PID=223) to work on /opt/airflow/dags/purchase_analytics_dag.py
[2025-12-21T16:57:08.558+0000] {processor.py:830} INFO - Processing file /opt/airflow/dags/purchase_analytics_dag.py for tasks to queue
[2025-12-21T16:57:08.559+0000] {logging_mixin.py:188} INFO - [2025-12-21T16:57:08.559+0000] {dagbag.py:538} INFO - Filling up the DagBag from /opt/airflow/dags/purchase_analytics_dag.py
[2025-12-21T16:57:08.606+0000] {processor.py:840} INFO - DAG(s) 'purchase_analytics_refresh' retrieved from /opt/airflow/dags/purchase_analytics_dag.py
[2025-12-21T16:57:08.657+0000] {logging_mixin.py:188} INFO - [2025-12-21T16:57:08.657+0000] {dag.py:3033} INFO - Sync 1 DAGs
[2025-12-21T16:57:08.680+0000] {logging_mixin.py:188} INFO - [2025-12-21T16:57:08.679+0000] {dag.py:3820} INFO - Setting next_dagrun for purchase_analytics_refresh to 2025-12-20T02:00:00+00:00, run_after=2025-12-21T02:00:00+00:00
[2025-12-21T16:57:08.694+0000] {processor.py:183} INFO - Processing /opt/airflow/dags/purchase_analytics_dag.py took 0.151 seconds
[2025-12-21T16:57:39.034+0000] {processor.py:161} INFO - Started process (PID=232) to work on /opt/airflow/dags/purchase_analytics_dag.py
[2025-12-21T16:57:39.037+0000] {processor.py:830} INFO - Processing file /opt/airflow/dags/purchase_analytics_dag.py for tasks to queue
[2025-12-21T16:57:39.038+0000] {logging_mixin.py:188} INFO - [2025-12-21T16:57:39.038+0000] {dagbag.py:538} INFO - Filling up the DagBag from /opt/airflow/dags/purchase_analytics_dag.py
[2025-12-21T16:57:39.075+0000] {processor.py:840} INFO - DAG(s) 'purchase_analytics_refresh' retrieved from /opt/airflow/dags/purchase_analytics_dag.py
[2025-12-21T16:57:39.136+0000] {logging_mixin.py:188} INFO - [2025-12-21T16:57:39.136+0000] {dag.py:3033} INFO - Sync 1 DAGs
[2025-12-21T16:57:39.188+0000] {logging_mixin.py:188} INFO - [2025-12-21T16:57:39.188+0000] {dag.py:3820} INFO - Setting next_dagrun for purchase_analytics_refresh to 2025-12-20T02:00:00+00:00, run_after=2025-12-21T02:00:00+00:00
[2025-12-21T16:57:39.211+0000] {processor.py:183} INFO - Processing /opt/airflow/dags/purchase_analytics_dag.py took 0.184 seconds
[2025-12-21T16:58:09.650+0000] {processor.py:161} INFO - Started process (PID=242) to work on /opt/airflow/dags/purchase_analytics_dag.py
[2025-12-21T16:58:09.652+0000] {processor.py:830} INFO - Processing file /opt/airflow/dags/purchase_analytics_dag.py for tasks to queue
[2025-12-21T16:58:09.653+0000] {logging_mixin.py:188} INFO - [2025-12-21T16:58:09.653+0000] {dagbag.py:538} INFO - Filling up the DagBag from /opt/airflow/dags/purchase_analytics_dag.py
[2025-12-21T16:58:09.702+0000] {processor.py:840} INFO - DAG(s) 'purchase_analytics_refresh' retrieved from /opt/airflow/dags/purchase_analytics_dag.py
[2025-12-21T16:58:09.783+0000] {logging_mixin.py:188} INFO - [2025-12-21T16:58:09.783+0000] {dag.py:3033} INFO - Sync 1 DAGs
[2025-12-21T16:58:09.821+0000] {logging_mixin.py:188} INFO - [2025-12-21T16:58:09.820+0000] {dag.py:3820} INFO - Setting next_dagrun for purchase_analytics_refresh to 2025-12-20T02:00:00+00:00, run_after=2025-12-21T02:00:00+00:00
[2025-12-21T16:58:09.841+0000] {processor.py:183} INFO - Processing /opt/airflow/dags/purchase_analytics_dag.py took 0.200 seconds
[2025-12-21T16:58:40.202+0000] {processor.py:161} INFO - Started process (PID=252) to work on /opt/airflow/dags/purchase_analytics_dag.py
[2025-12-21T16:58:40.203+0000] {processor.py:830} INFO - Processing file /opt/airflow/dags/purchase_analytics_dag.py for tasks to queue
[2025-12-21T16:58:40.205+0000] {logging_mixin.py:188} INFO - [2025-12-21T16:58:40.205+0000] {dagbag.py:538} INFO - Filling up the DagBag from /opt/airflow/dags/purchase_analytics_dag.py
[2025-12-21T16:58:40.236+0000] {processor.py:840} INFO - DAG(s) 'purchase_analytics_refresh' retrieved from /opt/airflow/dags/purchase_analytics_dag.py
[2025-12-21T16:58:40.301+0000] {logging_mixin.py:188} INFO - [2025-12-21T16:58:40.301+0000] {dag.py:3033} INFO - Sync 1 DAGs
[2025-12-21T16:58:40.323+0000] {logging_mixin.py:188} INFO - [2025-12-21T16:58:40.323+0000] {dag.py:3820} INFO - Setting next_dagrun for purchase_analytics_refresh to 2025-12-20T02:00:00+00:00, run_after=2025-12-21T02:00:00+00:00
[2025-12-21T16:58:40.339+0000] {processor.py:183} INFO - Processing /opt/airflow/dags/purchase_analytics_dag.py took 0.145 seconds
[2025-12-21T16:59:10.732+0000] {processor.py:161} INFO - Started process (PID=262) to work on /opt/airflow/dags/purchase_analytics_dag.py
[2025-12-21T16:59:10.733+0000] {processor.py:830} INFO - Processing file /opt/airflow/dags/purchase_analytics_dag.py for tasks to queue
[2025-12-21T16:59:10.735+0000] {logging_mixin.py:188} INFO - [2025-12-21T16:59:10.734+0000] {dagbag.py:538} INFO - Filling up the DagBag from /opt/airflow/dags/purchase_analytics_dag.py
[2025-12-21T16:59:10.770+0000] {processor.py:840} INFO - DAG(s) 'purchase_analytics_refresh' retrieved from /opt/airflow/dags/purchase_analytics_dag.py
[2025-12-21T16:59:10.813+0000] {logging_mixin.py:188} INFO - [2025-12-21T16:59:10.813+0000] {dag.py:3033} INFO - Sync 1 DAGs
[2025-12-21T16:59:10.839+0000] {logging_mixin.py:188} INFO - [2025-12-21T16:59:10.839+0000] {dag.py:3820} INFO - Setting next_dagrun for purchase_analytics_refresh to 2025-12-20T02:00:00+00:00, run_after=2025-12-21T02:00:00+00:00
[2025-12-21T16:59:10.856+0000] {processor.py:183} INFO - Processing /opt/airflow/dags/purchase_analytics_dag.py took 0.135 seconds
[2025-12-21T16:59:41.205+0000] {processor.py:161} INFO - Started process (PID=272) to work on /opt/airflow/dags/purchase_analytics_dag.py
[2025-12-21T16:59:41.207+0000] {processor.py:830} INFO - Processing file /opt/airflow/dags/purchase_analytics_dag.py for tasks to queue
[2025-12-21T16:59:41.207+0000] {logging_mixin.py:188} INFO - [2025-12-21T16:59:41.207+0000] {dagbag.py:538} INFO - Filling up the DagBag from /opt/airflow/dags/purchase_analytics_dag.py
[2025-12-21T16:59:41.236+0000] {processor.py:840} INFO - DAG(s) 'purchase_analytics_refresh' retrieved from /opt/airflow/dags/purchase_analytics_dag.py
[2025-12-21T16:59:41.272+0000] {logging_mixin.py:188} INFO - [2025-12-21T16:59:41.272+0000] {dag.py:3033} INFO - Sync 1 DAGs
[2025-12-21T16:59:41.308+0000] {logging_mixin.py:188} INFO - [2025-12-21T16:59:41.308+0000] {dag.py:3820} INFO - Setting next_dagrun for purchase_analytics_refresh to 2025-12-20T02:00:00+00:00, run_after=2025-12-21T02:00:00+00:00
[2025-12-21T16:59:41.325+0000] {processor.py:183} INFO - Processing /opt/airflow/dags/purchase_analytics_dag.py took 0.128 seconds
[2025-12-21T17:00:11.650+0000] {processor.py:161} INFO - Started process (PID=282) to work on /opt/airflow/dags/purchase_analytics_dag.py
[2025-12-21T17:00:11.652+0000] {processor.py:830} INFO - Processing file /opt/airflow/dags/purchase_analytics_dag.py for tasks to queue
[2025-12-21T17:00:11.654+0000] {logging_mixin.py:188} INFO - [2025-12-21T17:00:11.654+0000] {dagbag.py:538} INFO - Filling up the DagBag from /opt/airflow/dags/purchase_analytics_dag.py
[2025-12-21T17:00:11.694+0000] {processor.py:840} INFO - DAG(s) 'purchase_analytics_refresh' retrieved from /opt/airflow/dags/purchase_analytics_dag.py
[2025-12-21T17:00:11.756+0000] {logging_mixin.py:188} INFO - [2025-12-21T17:00:11.756+0000] {dag.py:3033} INFO - Sync 1 DAGs
[2025-12-21T17:00:11.788+0000] {logging_mixin.py:188} INFO - [2025-12-21T17:00:11.788+0000] {dag.py:3820} INFO - Setting next_dagrun for purchase_analytics_refresh to 2025-12-20T02:00:00+00:00, run_after=2025-12-21T02:00:00+00:00
[2025-12-21T17:00:11.811+0000] {processor.py:183} INFO - Processing /opt/airflow/dags/purchase_analytics_dag.py took 0.174 seconds
[2025-12-21T17:00:42.375+0000] {processor.py:161} INFO - Started process (PID=292) to work on /opt/airflow/dags/purchase_analytics_dag.py
[2025-12-21T17:00:42.380+0000] {processor.py:830} INFO - Processing file /opt/airflow/dags/purchase_analytics_dag.py for tasks to queue
[2025-12-21T17:00:42.392+0000] {logging_mixin.py:188} INFO - [2025-12-21T17:00:42.391+0000] {dagbag.py:538} INFO - Filling up the DagBag from /opt/airflow/dags/purchase_analytics_dag.py
[2025-12-21T17:00:42.435+0000] {processor.py:840} INFO - DAG(s) 'purchase_analytics_refresh' retrieved from /opt/airflow/dags/purchase_analytics_dag.py
[2025-12-21T17:00:42.501+0000] {logging_mixin.py:188} INFO - [2025-12-21T17:00:42.501+0000] {dag.py:3033} INFO - Sync 1 DAGs
[2025-12-21T17:00:42.527+0000] {logging_mixin.py:188} INFO - [2025-12-21T17:00:42.527+0000] {dag.py:3820} INFO - Setting next_dagrun for purchase_analytics_refresh to 2025-12-20T02:00:00+00:00, run_after=2025-12-21T02:00:00+00:00
[2025-12-21T17:00:42.547+0000] {processor.py:183} INFO - Processing /opt/airflow/dags/purchase_analytics_dag.py took 0.215 seconds
[2025-12-21T17:01:12.837+0000] {processor.py:161} INFO - Started process (PID=302) to work on /opt/airflow/dags/purchase_analytics_dag.py
[2025-12-21T17:01:12.839+0000] {processor.py:830} INFO - Processing file /opt/airflow/dags/purchase_analytics_dag.py for tasks to queue
[2025-12-21T17:01:12.840+0000] {logging_mixin.py:188} INFO - [2025-12-21T17:01:12.840+0000] {dagbag.py:538} INFO - Filling up the DagBag from /opt/airflow/dags/purchase_analytics_dag.py
[2025-12-21T17:01:12.869+0000] {processor.py:840} INFO - DAG(s) 'purchase_analytics_refresh' retrieved from /opt/airflow/dags/purchase_analytics_dag.py
[2025-12-21T17:01:12.904+0000] {logging_mixin.py:188} INFO - [2025-12-21T17:01:12.904+0000] {dag.py:3033} INFO - Sync 1 DAGs
[2025-12-21T17:01:12.926+0000] {logging_mixin.py:188} INFO - [2025-12-21T17:01:12.926+0000] {dag.py:3820} INFO - Setting next_dagrun for purchase_analytics_refresh to 2025-12-20T02:00:00+00:00, run_after=2025-12-21T02:00:00+00:00
[2025-12-21T17:01:12.944+0000] {processor.py:183} INFO - Processing /opt/airflow/dags/purchase_analytics_dag.py took 0.113 seconds
[2025-12-21T17:01:43.294+0000] {processor.py:161} INFO - Started process (PID=312) to work on /opt/airflow/dags/purchase_analytics_dag.py
[2025-12-21T17:01:43.296+0000] {processor.py:830} INFO - Processing file /opt/airflow/dags/purchase_analytics_dag.py for tasks to queue
[2025-12-21T17:01:43.297+0000] {logging_mixin.py:188} INFO - [2025-12-21T17:01:43.296+0000] {dagbag.py:538} INFO - Filling up the DagBag from /opt/airflow/dags/purchase_analytics_dag.py
[2025-12-21T17:01:43.319+0000] {processor.py:840} INFO - DAG(s) 'purchase_analytics_refresh' retrieved from /opt/airflow/dags/purchase_analytics_dag.py
[2025-12-21T17:01:43.381+0000] {logging_mixin.py:188} INFO - [2025-12-21T17:01:43.380+0000] {dag.py:3033} INFO - Sync 1 DAGs
[2025-12-21T17:01:43.411+0000] {logging_mixin.py:188} INFO - [2025-12-21T17:01:43.411+0000] {dag.py:3820} INFO - Setting next_dagrun for purchase_analytics_refresh to 2025-12-20T02:00:00+00:00, run_after=2025-12-21T02:00:00+00:00
[2025-12-21T17:01:43.429+0000] {processor.py:183} INFO - Processing /opt/airflow/dags/purchase_analytics_dag.py took 0.142 seconds
[2025-12-21T17:02:13.822+0000] {processor.py:161} INFO - Started process (PID=321) to work on /opt/airflow/dags/purchase_analytics_dag.py
[2025-12-21T17:02:13.824+0000] {processor.py:830} INFO - Processing file /opt/airflow/dags/purchase_analytics_dag.py for tasks to queue
[2025-12-21T17:02:13.825+0000] {logging_mixin.py:188} INFO - [2025-12-21T17:02:13.825+0000] {dagbag.py:538} INFO - Filling up the DagBag from /opt/airflow/dags/purchase_analytics_dag.py
[2025-12-21T17:02:13.870+0000] {processor.py:840} INFO - DAG(s) 'purchase_analytics_refresh' retrieved from /opt/airflow/dags/purchase_analytics_dag.py
[2025-12-21T17:02:13.968+0000] {logging_mixin.py:188} INFO - [2025-12-21T17:02:13.967+0000] {dag.py:3033} INFO - Sync 1 DAGs
[2025-12-21T17:02:14.002+0000] {logging_mixin.py:188} INFO - [2025-12-21T17:02:14.002+0000] {dag.py:3820} INFO - Setting next_dagrun for purchase_analytics_refresh to 2025-12-20T02:00:00+00:00, run_after=2025-12-21T02:00:00+00:00
[2025-12-21T17:02:14.028+0000] {processor.py:183} INFO - Processing /opt/airflow/dags/purchase_analytics_dag.py took 0.233 seconds
[2025-12-21T17:02:44.391+0000] {processor.py:161} INFO - Started process (PID=331) to work on /opt/airflow/dags/purchase_analytics_dag.py
[2025-12-21T17:02:44.392+0000] {processor.py:830} INFO - Processing file /opt/airflow/dags/purchase_analytics_dag.py for tasks to queue
[2025-12-21T17:02:44.393+0000] {logging_mixin.py:188} INFO - [2025-12-21T17:02:44.393+0000] {dagbag.py:538} INFO - Filling up the DagBag from /opt/airflow/dags/purchase_analytics_dag.py
[2025-12-21T17:02:44.413+0000] {processor.py:840} INFO - DAG(s) 'purchase_analytics_refresh' retrieved from /opt/airflow/dags/purchase_analytics_dag.py
[2025-12-21T17:02:44.447+0000] {logging_mixin.py:188} INFO - [2025-12-21T17:02:44.446+0000] {dag.py:3033} INFO - Sync 1 DAGs
[2025-12-21T17:02:44.470+0000] {logging_mixin.py:188} INFO - [2025-12-21T17:02:44.469+0000] {dag.py:3820} INFO - Setting next_dagrun for purchase_analytics_refresh to 2025-12-20T02:00:00+00:00, run_after=2025-12-21T02:00:00+00:00
[2025-12-21T17:02:44.485+0000] {processor.py:183} INFO - Processing /opt/airflow/dags/purchase_analytics_dag.py took 0.099 seconds
[2025-12-21T17:03:15.001+0000] {processor.py:161} INFO - Started process (PID=341) to work on /opt/airflow/dags/purchase_analytics_dag.py
[2025-12-21T17:03:15.003+0000] {processor.py:830} INFO - Processing file /opt/airflow/dags/purchase_analytics_dag.py for tasks to queue
[2025-12-21T17:03:15.004+0000] {logging_mixin.py:188} INFO - [2025-12-21T17:03:15.004+0000] {dagbag.py:538} INFO - Filling up the DagBag from /opt/airflow/dags/purchase_analytics_dag.py
[2025-12-21T17:03:15.037+0000] {processor.py:840} INFO - DAG(s) 'purchase_analytics_refresh' retrieved from /opt/airflow/dags/purchase_analytics_dag.py
[2025-12-21T17:03:15.104+0000] {logging_mixin.py:188} INFO - [2025-12-21T17:03:15.104+0000] {dag.py:3033} INFO - Sync 1 DAGs
[2025-12-21T17:03:15.132+0000] {logging_mixin.py:188} INFO - [2025-12-21T17:03:15.132+0000] {dag.py:3820} INFO - Setting next_dagrun for purchase_analytics_refresh to 2025-12-20T02:00:00+00:00, run_after=2025-12-21T02:00:00+00:00
[2025-12-21T17:03:15.161+0000] {processor.py:183} INFO - Processing /opt/airflow/dags/purchase_analytics_dag.py took 0.170 seconds
[2025-12-21T17:03:46.113+0000] {processor.py:161} INFO - Started process (PID=351) to work on /opt/airflow/dags/purchase_analytics_dag.py
[2025-12-21T17:03:46.115+0000] {processor.py:830} INFO - Processing file /opt/airflow/dags/purchase_analytics_dag.py for tasks to queue
[2025-12-21T17:03:46.120+0000] {logging_mixin.py:188} INFO - [2025-12-21T17:03:46.118+0000] {dagbag.py:538} INFO - Filling up the DagBag from /opt/airflow/dags/purchase_analytics_dag.py
[2025-12-21T17:03:46.157+0000] {processor.py:840} INFO - DAG(s) 'purchase_analytics_refresh' retrieved from /opt/airflow/dags/purchase_analytics_dag.py
[2025-12-21T17:03:46.215+0000] {logging_mixin.py:188} INFO - [2025-12-21T17:03:46.215+0000] {dag.py:3033} INFO - Sync 1 DAGs
[2025-12-21T17:03:46.259+0000] {logging_mixin.py:188} INFO - [2025-12-21T17:03:46.259+0000] {dag.py:3820} INFO - Setting next_dagrun for purchase_analytics_refresh to 2025-12-20T02:00:00+00:00, run_after=2025-12-21T02:00:00+00:00
[2025-12-21T17:03:46.283+0000] {processor.py:183} INFO - Processing /opt/airflow/dags/purchase_analytics_dag.py took 0.180 seconds
[2025-12-21T17:10:20.062+0000] {processor.py:161} INFO - Started process (PID=31) to work on /opt/airflow/dags/purchase_analytics_dag.py
[2025-12-21T17:10:20.063+0000] {processor.py:830} INFO - Processing file /opt/airflow/dags/purchase_analytics_dag.py for tasks to queue
[2025-12-21T17:10:20.064+0000] {logging_mixin.py:188} INFO - [2025-12-21T17:10:20.064+0000] {dagbag.py:538} INFO - Filling up the DagBag from /opt/airflow/dags/purchase_analytics_dag.py
[2025-12-21T17:10:20.090+0000] {processor.py:840} INFO - DAG(s) 'purchase_analytics_refresh' retrieved from /opt/airflow/dags/purchase_analytics_dag.py
[2025-12-21T17:10:20.116+0000] {logging_mixin.py:188} INFO - [2025-12-21T17:10:20.116+0000] {dag.py:3033} INFO - Sync 1 DAGs
[2025-12-21T17:10:20.141+0000] {logging_mixin.py:188} INFO - [2025-12-21T17:10:20.141+0000] {dag.py:3820} INFO - Setting next_dagrun for purchase_analytics_refresh to 2025-12-20T02:00:00+00:00, run_after=2025-12-21T02:00:00+00:00
[2025-12-21T17:10:20.160+0000] {processor.py:183} INFO - Processing /opt/airflow/dags/purchase_analytics_dag.py took 0.101 seconds
[2025-12-21T17:10:50.407+0000] {processor.py:161} INFO - Started process (PID=41) to work on /opt/airflow/dags/purchase_analytics_dag.py
[2025-12-21T17:10:50.408+0000] {processor.py:830} INFO - Processing file /opt/airflow/dags/purchase_analytics_dag.py for tasks to queue
[2025-12-21T17:10:50.409+0000] {logging_mixin.py:188} INFO - [2025-12-21T17:10:50.409+0000] {dagbag.py:538} INFO - Filling up the DagBag from /opt/airflow/dags/purchase_analytics_dag.py
[2025-12-21T17:10:50.451+0000] {processor.py:840} INFO - DAG(s) 'purchase_analytics_refresh' retrieved from /opt/airflow/dags/purchase_analytics_dag.py
[2025-12-21T17:10:50.737+0000] {logging_mixin.py:188} INFO - [2025-12-21T17:10:50.736+0000] {dag.py:3033} INFO - Sync 1 DAGs
[2025-12-21T17:10:50.758+0000] {logging_mixin.py:188} INFO - [2025-12-21T17:10:50.757+0000] {dag.py:3820} INFO - Setting next_dagrun for purchase_analytics_refresh to 2025-12-20T02:00:00+00:00, run_after=2025-12-21T02:00:00+00:00
[2025-12-21T17:10:50.773+0000] {processor.py:183} INFO - Processing /opt/airflow/dags/purchase_analytics_dag.py took 0.372 seconds
[2025-12-21T17:11:21.063+0000] {processor.py:161} INFO - Started process (PID=51) to work on /opt/airflow/dags/purchase_analytics_dag.py
[2025-12-21T17:11:21.064+0000] {processor.py:830} INFO - Processing file /opt/airflow/dags/purchase_analytics_dag.py for tasks to queue
[2025-12-21T17:11:21.065+0000] {logging_mixin.py:188} INFO - [2025-12-21T17:11:21.065+0000] {dagbag.py:538} INFO - Filling up the DagBag from /opt/airflow/dags/purchase_analytics_dag.py
[2025-12-21T17:11:21.084+0000] {processor.py:840} INFO - DAG(s) 'purchase_analytics_refresh' retrieved from /opt/airflow/dags/purchase_analytics_dag.py
[2025-12-21T17:11:21.117+0000] {logging_mixin.py:188} INFO - [2025-12-21T17:11:21.117+0000] {dag.py:3033} INFO - Sync 1 DAGs
[2025-12-21T17:11:21.142+0000] {logging_mixin.py:188} INFO - [2025-12-21T17:11:21.142+0000] {dag.py:3820} INFO - Setting next_dagrun for purchase_analytics_refresh to 2025-12-20T02:00:00+00:00, run_after=2025-12-21T02:00:00+00:00
[2025-12-21T17:11:21.156+0000] {processor.py:183} INFO - Processing /opt/airflow/dags/purchase_analytics_dag.py took 0.096 seconds
[2025-12-21T17:11:51.451+0000] {processor.py:161} INFO - Started process (PID=61) to work on /opt/airflow/dags/purchase_analytics_dag.py
[2025-12-21T17:11:51.452+0000] {processor.py:830} INFO - Processing file /opt/airflow/dags/purchase_analytics_dag.py for tasks to queue
[2025-12-21T17:11:51.453+0000] {logging_mixin.py:188} INFO - [2025-12-21T17:11:51.453+0000] {dagbag.py:538} INFO - Filling up the DagBag from /opt/airflow/dags/purchase_analytics_dag.py
[2025-12-21T17:11:51.472+0000] {processor.py:840} INFO - DAG(s) 'purchase_analytics_refresh' retrieved from /opt/airflow/dags/purchase_analytics_dag.py
[2025-12-21T17:11:51.515+0000] {logging_mixin.py:188} INFO - [2025-12-21T17:11:51.515+0000] {dag.py:3033} INFO - Sync 1 DAGs
[2025-12-21T17:11:51.547+0000] {logging_mixin.py:188} INFO - [2025-12-21T17:11:51.547+0000] {dag.py:3820} INFO - Setting next_dagrun for purchase_analytics_refresh to 2025-12-20T02:00:00+00:00, run_after=2025-12-21T02:00:00+00:00
[2025-12-21T17:11:51.565+0000] {processor.py:183} INFO - Processing /opt/airflow/dags/purchase_analytics_dag.py took 0.118 seconds
[2025-12-21T17:12:21.840+0000] {processor.py:161} INFO - Started process (PID=71) to work on /opt/airflow/dags/purchase_analytics_dag.py
[2025-12-21T17:12:21.842+0000] {processor.py:830} INFO - Processing file /opt/airflow/dags/purchase_analytics_dag.py for tasks to queue
[2025-12-21T17:12:21.842+0000] {logging_mixin.py:188} INFO - [2025-12-21T17:12:21.842+0000] {dagbag.py:538} INFO - Filling up the DagBag from /opt/airflow/dags/purchase_analytics_dag.py
[2025-12-21T17:12:21.865+0000] {processor.py:840} INFO - DAG(s) 'purchase_analytics_refresh' retrieved from /opt/airflow/dags/purchase_analytics_dag.py
[2025-12-21T17:12:21.902+0000] {logging_mixin.py:188} INFO - [2025-12-21T17:12:21.902+0000] {dag.py:3033} INFO - Sync 1 DAGs
[2025-12-21T17:12:21.923+0000] {logging_mixin.py:188} INFO - [2025-12-21T17:12:21.923+0000] {dag.py:3820} INFO - Setting next_dagrun for purchase_analytics_refresh to 2025-12-20T02:00:00+00:00, run_after=2025-12-21T02:00:00+00:00
[2025-12-21T17:12:21.938+0000] {processor.py:183} INFO - Processing /opt/airflow/dags/purchase_analytics_dag.py took 0.100 seconds
[2025-12-21T17:12:52.286+0000] {processor.py:161} INFO - Started process (PID=81) to work on /opt/airflow/dags/purchase_analytics_dag.py
[2025-12-21T17:12:52.291+0000] {processor.py:830} INFO - Processing file /opt/airflow/dags/purchase_analytics_dag.py for tasks to queue
[2025-12-21T17:12:52.296+0000] {logging_mixin.py:188} INFO - [2025-12-21T17:12:52.295+0000] {dagbag.py:538} INFO - Filling up the DagBag from /opt/airflow/dags/purchase_analytics_dag.py
[2025-12-21T17:12:52.354+0000] {processor.py:840} INFO - DAG(s) 'purchase_analytics_refresh' retrieved from /opt/airflow/dags/purchase_analytics_dag.py
[2025-12-21T17:12:52.469+0000] {logging_mixin.py:188} INFO - [2025-12-21T17:12:52.469+0000] {dag.py:3033} INFO - Sync 1 DAGs
[2025-12-21T17:12:52.590+0000] {logging_mixin.py:188} INFO - [2025-12-21T17:12:52.589+0000] {dag.py:3820} INFO - Setting next_dagrun for purchase_analytics_refresh to 2025-12-20T02:00:00+00:00, run_after=2025-12-21T02:00:00+00:00
[2025-12-21T17:12:52.713+0000] {processor.py:183} INFO - Processing /opt/airflow/dags/purchase_analytics_dag.py took 0.456 seconds
[2025-12-21T17:13:23.309+0000] {processor.py:161} INFO - Started process (PID=84) to work on /opt/airflow/dags/purchase_analytics_dag.py
[2025-12-21T17:13:23.311+0000] {processor.py:830} INFO - Processing file /opt/airflow/dags/purchase_analytics_dag.py for tasks to queue
[2025-12-21T17:13:23.312+0000] {logging_mixin.py:188} INFO - [2025-12-21T17:13:23.312+0000] {dagbag.py:538} INFO - Filling up the DagBag from /opt/airflow/dags/purchase_analytics_dag.py
[2025-12-21T17:13:23.357+0000] {processor.py:840} INFO - DAG(s) 'purchase_analytics_refresh' retrieved from /opt/airflow/dags/purchase_analytics_dag.py
[2025-12-21T17:13:23.436+0000] {logging_mixin.py:188} INFO - [2025-12-21T17:13:23.436+0000] {dag.py:3033} INFO - Sync 1 DAGs
[2025-12-21T17:13:23.507+0000] {logging_mixin.py:188} INFO - [2025-12-21T17:13:23.507+0000] {dag.py:3820} INFO - Setting next_dagrun for purchase_analytics_refresh to 2025-12-20T02:00:00+00:00, run_after=2025-12-21T02:00:00+00:00
[2025-12-21T17:13:23.623+0000] {processor.py:183} INFO - Processing /opt/airflow/dags/purchase_analytics_dag.py took 0.317 seconds
[2025-12-21T17:19:41.735+0000] {processor.py:161} INFO - Started process (PID=31) to work on /opt/airflow/dags/purchase_analytics_dag.py
[2025-12-21T17:19:41.739+0000] {processor.py:830} INFO - Processing file /opt/airflow/dags/purchase_analytics_dag.py for tasks to queue
[2025-12-21T17:19:41.741+0000] {logging_mixin.py:188} INFO - [2025-12-21T17:19:41.740+0000] {dagbag.py:538} INFO - Filling up the DagBag from /opt/airflow/dags/purchase_analytics_dag.py
[2025-12-21T17:19:41.773+0000] {processor.py:840} INFO - DAG(s) 'purchase_analytics_refresh' retrieved from /opt/airflow/dags/purchase_analytics_dag.py
[2025-12-21T17:19:41.821+0000] {logging_mixin.py:188} INFO - [2025-12-21T17:19:41.821+0000] {dag.py:3033} INFO - Sync 1 DAGs
[2025-12-21T17:19:41.853+0000] {logging_mixin.py:188} INFO - [2025-12-21T17:19:41.852+0000] {dag.py:3820} INFO - Setting next_dagrun for purchase_analytics_refresh to 2025-12-20T02:00:00+00:00, run_after=2025-12-21T02:00:00+00:00
[2025-12-21T17:19:41.879+0000] {processor.py:183} INFO - Processing /opt/airflow/dags/purchase_analytics_dag.py took 0.151 seconds
[2025-12-21T17:20:12.066+0000] {processor.py:161} INFO - Started process (PID=41) to work on /opt/airflow/dags/purchase_analytics_dag.py
[2025-12-21T17:20:12.069+0000] {processor.py:830} INFO - Processing file /opt/airflow/dags/purchase_analytics_dag.py for tasks to queue
[2025-12-21T17:20:12.071+0000] {logging_mixin.py:188} INFO - [2025-12-21T17:20:12.070+0000] {dagbag.py:538} INFO - Filling up the DagBag from /opt/airflow/dags/purchase_analytics_dag.py
[2025-12-21T17:20:12.098+0000] {processor.py:840} INFO - DAG(s) 'purchase_analytics_refresh' retrieved from /opt/airflow/dags/purchase_analytics_dag.py
[2025-12-21T17:20:12.399+0000] {logging_mixin.py:188} INFO - [2025-12-21T17:20:12.399+0000] {dag.py:3033} INFO - Sync 1 DAGs
[2025-12-21T17:20:12.418+0000] {logging_mixin.py:188} INFO - [2025-12-21T17:20:12.418+0000] {dag.py:3820} INFO - Setting next_dagrun for purchase_analytics_refresh to 2025-12-20T02:00:00+00:00, run_after=2025-12-21T02:00:00+00:00
[2025-12-21T17:20:12.435+0000] {processor.py:183} INFO - Processing /opt/airflow/dags/purchase_analytics_dag.py took 0.376 seconds
[2025-12-21T17:20:42.604+0000] {processor.py:161} INFO - Started process (PID=51) to work on /opt/airflow/dags/purchase_analytics_dag.py
[2025-12-21T17:20:42.604+0000] {processor.py:830} INFO - Processing file /opt/airflow/dags/purchase_analytics_dag.py for tasks to queue
[2025-12-21T17:20:42.605+0000] {logging_mixin.py:188} INFO - [2025-12-21T17:20:42.605+0000] {dagbag.py:538} INFO - Filling up the DagBag from /opt/airflow/dags/purchase_analytics_dag.py
[2025-12-21T17:20:42.625+0000] {processor.py:840} INFO - DAG(s) 'purchase_analytics_refresh' retrieved from /opt/airflow/dags/purchase_analytics_dag.py
[2025-12-21T17:20:42.661+0000] {logging_mixin.py:188} INFO - [2025-12-21T17:20:42.661+0000] {dag.py:3033} INFO - Sync 1 DAGs
[2025-12-21T17:20:42.680+0000] {logging_mixin.py:188} INFO - [2025-12-21T17:20:42.680+0000] {dag.py:3820} INFO - Setting next_dagrun for purchase_analytics_refresh to 2025-12-20T02:00:00+00:00, run_after=2025-12-21T02:00:00+00:00
[2025-12-21T17:20:42.696+0000] {processor.py:183} INFO - Processing /opt/airflow/dags/purchase_analytics_dag.py took 0.095 seconds
[2025-12-21T17:21:12.937+0000] {processor.py:161} INFO - Started process (PID=61) to work on /opt/airflow/dags/purchase_analytics_dag.py
[2025-12-21T17:21:12.939+0000] {processor.py:830} INFO - Processing file /opt/airflow/dags/purchase_analytics_dag.py for tasks to queue
[2025-12-21T17:21:12.940+0000] {logging_mixin.py:188} INFO - [2025-12-21T17:21:12.940+0000] {dagbag.py:538} INFO - Filling up the DagBag from /opt/airflow/dags/purchase_analytics_dag.py
[2025-12-21T17:21:12.974+0000] {processor.py:840} INFO - DAG(s) 'purchase_analytics_refresh' retrieved from /opt/airflow/dags/purchase_analytics_dag.py
[2025-12-21T17:21:13.010+0000] {logging_mixin.py:188} INFO - [2025-12-21T17:21:13.009+0000] {dag.py:3033} INFO - Sync 1 DAGs
[2025-12-21T17:21:13.031+0000] {logging_mixin.py:188} INFO - [2025-12-21T17:21:13.031+0000] {dag.py:3820} INFO - Setting next_dagrun for purchase_analytics_refresh to 2025-12-20T02:00:00+00:00, run_after=2025-12-21T02:00:00+00:00
[2025-12-21T17:21:13.055+0000] {processor.py:183} INFO - Processing /opt/airflow/dags/purchase_analytics_dag.py took 0.123 seconds
[2025-12-21T17:21:43.368+0000] {processor.py:161} INFO - Started process (PID=71) to work on /opt/airflow/dags/purchase_analytics_dag.py
[2025-12-21T17:21:43.370+0000] {processor.py:830} INFO - Processing file /opt/airflow/dags/purchase_analytics_dag.py for tasks to queue
[2025-12-21T17:21:43.371+0000] {logging_mixin.py:188} INFO - [2025-12-21T17:21:43.370+0000] {dagbag.py:538} INFO - Filling up the DagBag from /opt/airflow/dags/purchase_analytics_dag.py
[2025-12-21T17:21:43.390+0000] {processor.py:840} INFO - DAG(s) 'purchase_analytics_refresh' retrieved from /opt/airflow/dags/purchase_analytics_dag.py
[2025-12-21T17:21:43.427+0000] {logging_mixin.py:188} INFO - [2025-12-21T17:21:43.427+0000] {dag.py:3033} INFO - Sync 1 DAGs
[2025-12-21T17:21:43.454+0000] {logging_mixin.py:188} INFO - [2025-12-21T17:21:43.454+0000] {dag.py:3820} INFO - Setting next_dagrun for purchase_analytics_refresh to 2025-12-20T02:00:00+00:00, run_after=2025-12-21T02:00:00+00:00
[2025-12-21T17:21:43.468+0000] {processor.py:183} INFO - Processing /opt/airflow/dags/purchase_analytics_dag.py took 0.106 seconds
[2025-12-21T17:22:13.715+0000] {processor.py:161} INFO - Started process (PID=81) to work on /opt/airflow/dags/purchase_analytics_dag.py
[2025-12-21T17:22:13.723+0000] {processor.py:830} INFO - Processing file /opt/airflow/dags/purchase_analytics_dag.py for tasks to queue
[2025-12-21T17:22:13.728+0000] {logging_mixin.py:188} INFO - [2025-12-21T17:22:13.724+0000] {dagbag.py:538} INFO - Filling up the DagBag from /opt/airflow/dags/purchase_analytics_dag.py
[2025-12-21T17:22:13.778+0000] {processor.py:840} INFO - DAG(s) 'purchase_analytics_refresh' retrieved from /opt/airflow/dags/purchase_analytics_dag.py
[2025-12-21T17:22:13.884+0000] {logging_mixin.py:188} INFO - [2025-12-21T17:22:13.883+0000] {dag.py:3033} INFO - Sync 1 DAGs
[2025-12-21T17:22:13.954+0000] {logging_mixin.py:188} INFO - [2025-12-21T17:22:13.954+0000] {dag.py:3820} INFO - Setting next_dagrun for purchase_analytics_refresh to 2025-12-20T02:00:00+00:00, run_after=2025-12-21T02:00:00+00:00
[2025-12-21T17:22:14.019+0000] {processor.py:183} INFO - Processing /opt/airflow/dags/purchase_analytics_dag.py took 0.317 seconds
[2025-12-21T17:22:44.341+0000] {processor.py:161} INFO - Started process (PID=84) to work on /opt/airflow/dags/purchase_analytics_dag.py
[2025-12-21T17:22:44.342+0000] {processor.py:830} INFO - Processing file /opt/airflow/dags/purchase_analytics_dag.py for tasks to queue
[2025-12-21T17:22:44.343+0000] {logging_mixin.py:188} INFO - [2025-12-21T17:22:44.343+0000] {dagbag.py:538} INFO - Filling up the DagBag from /opt/airflow/dags/purchase_analytics_dag.py
[2025-12-21T17:22:44.368+0000] {processor.py:840} INFO - DAG(s) 'purchase_analytics_refresh' retrieved from /opt/airflow/dags/purchase_analytics_dag.py
[2025-12-21T17:22:44.412+0000] {logging_mixin.py:188} INFO - [2025-12-21T17:22:44.412+0000] {dag.py:3033} INFO - Sync 1 DAGs
[2025-12-21T17:22:44.446+0000] {logging_mixin.py:188} INFO - [2025-12-21T17:22:44.446+0000] {dag.py:3820} INFO - Setting next_dagrun for purchase_analytics_refresh to 2025-12-20T02:00:00+00:00, run_after=2025-12-21T02:00:00+00:00
[2025-12-21T17:22:44.466+0000] {processor.py:183} INFO - Processing /opt/airflow/dags/purchase_analytics_dag.py took 0.132 seconds
[2025-12-21T17:26:15.958+0000] {processor.py:161} INFO - Started process (PID=31) to work on /opt/airflow/dags/purchase_analytics_dag.py
[2025-12-21T17:26:15.960+0000] {processor.py:830} INFO - Processing file /opt/airflow/dags/purchase_analytics_dag.py for tasks to queue
[2025-12-21T17:26:15.961+0000] {logging_mixin.py:188} INFO - [2025-12-21T17:26:15.961+0000] {dagbag.py:538} INFO - Filling up the DagBag from /opt/airflow/dags/purchase_analytics_dag.py
[2025-12-21T17:26:15.979+0000] {processor.py:840} INFO - DAG(s) 'purchase_analytics_refresh' retrieved from /opt/airflow/dags/purchase_analytics_dag.py
[2025-12-21T17:26:16.012+0000] {logging_mixin.py:188} INFO - [2025-12-21T17:26:16.011+0000] {dag.py:3033} INFO - Sync 1 DAGs
[2025-12-21T17:26:16.031+0000] {logging_mixin.py:188} INFO - [2025-12-21T17:26:16.031+0000] {dag.py:3820} INFO - Setting next_dagrun for purchase_analytics_refresh to 2025-12-20T02:00:00+00:00, run_after=2025-12-21T02:00:00+00:00
[2025-12-21T17:26:16.044+0000] {processor.py:183} INFO - Processing /opt/airflow/dags/purchase_analytics_dag.py took 0.091 seconds
[2025-12-21T17:26:46.534+0000] {processor.py:161} INFO - Started process (PID=41) to work on /opt/airflow/dags/purchase_analytics_dag.py
[2025-12-21T17:26:46.535+0000] {processor.py:830} INFO - Processing file /opt/airflow/dags/purchase_analytics_dag.py for tasks to queue
[2025-12-21T17:26:46.537+0000] {logging_mixin.py:188} INFO - [2025-12-21T17:26:46.536+0000] {dagbag.py:538} INFO - Filling up the DagBag from /opt/airflow/dags/purchase_analytics_dag.py
[2025-12-21T17:26:46.557+0000] {processor.py:840} INFO - DAG(s) 'purchase_analytics_refresh' retrieved from /opt/airflow/dags/purchase_analytics_dag.py
[2025-12-21T17:26:46.788+0000] {logging_mixin.py:188} INFO - [2025-12-21T17:26:46.788+0000] {dag.py:3033} INFO - Sync 1 DAGs
[2025-12-21T17:26:46.807+0000] {logging_mixin.py:188} INFO - [2025-12-21T17:26:46.807+0000] {dag.py:3820} INFO - Setting next_dagrun for purchase_analytics_refresh to 2025-12-20T02:00:00+00:00, run_after=2025-12-21T02:00:00+00:00
[2025-12-21T17:26:46.903+0000] {processor.py:183} INFO - Processing /opt/airflow/dags/purchase_analytics_dag.py took 0.375 seconds
[2025-12-21T17:27:17.242+0000] {processor.py:161} INFO - Started process (PID=51) to work on /opt/airflow/dags/purchase_analytics_dag.py
[2025-12-21T17:27:17.244+0000] {processor.py:830} INFO - Processing file /opt/airflow/dags/purchase_analytics_dag.py for tasks to queue
[2025-12-21T17:27:17.245+0000] {logging_mixin.py:188} INFO - [2025-12-21T17:27:17.245+0000] {dagbag.py:538} INFO - Filling up the DagBag from /opt/airflow/dags/purchase_analytics_dag.py
[2025-12-21T17:27:17.258+0000] {processor.py:840} INFO - DAG(s) 'purchase_analytics_refresh' retrieved from /opt/airflow/dags/purchase_analytics_dag.py
[2025-12-21T17:27:17.293+0000] {logging_mixin.py:188} INFO - [2025-12-21T17:27:17.293+0000] {dag.py:3033} INFO - Sync 1 DAGs
[2025-12-21T17:27:17.312+0000] {logging_mixin.py:188} INFO - [2025-12-21T17:27:17.312+0000] {dag.py:3820} INFO - Setting next_dagrun for purchase_analytics_refresh to 2025-12-20T02:00:00+00:00, run_after=2025-12-21T02:00:00+00:00
[2025-12-21T17:27:17.330+0000] {processor.py:183} INFO - Processing /opt/airflow/dags/purchase_analytics_dag.py took 0.092 seconds
[2025-12-21T17:27:47.747+0000] {processor.py:161} INFO - Started process (PID=61) to work on /opt/airflow/dags/purchase_analytics_dag.py
[2025-12-21T17:27:47.748+0000] {processor.py:830} INFO - Processing file /opt/airflow/dags/purchase_analytics_dag.py for tasks to queue
[2025-12-21T17:27:47.750+0000] {logging_mixin.py:188} INFO - [2025-12-21T17:27:47.750+0000] {dagbag.py:538} INFO - Filling up the DagBag from /opt/airflow/dags/purchase_analytics_dag.py
[2025-12-21T17:27:47.779+0000] {processor.py:840} INFO - DAG(s) 'purchase_analytics_refresh' retrieved from /opt/airflow/dags/purchase_analytics_dag.py
[2025-12-21T17:27:47.820+0000] {logging_mixin.py:188} INFO - [2025-12-21T17:27:47.820+0000] {dag.py:3033} INFO - Sync 1 DAGs
[2025-12-21T17:27:47.851+0000] {logging_mixin.py:188} INFO - [2025-12-21T17:27:47.851+0000] {dag.py:3820} INFO - Setting next_dagrun for purchase_analytics_refresh to 2025-12-20T02:00:00+00:00, run_after=2025-12-21T02:00:00+00:00
[2025-12-21T17:27:47.871+0000] {processor.py:183} INFO - Processing /opt/airflow/dags/purchase_analytics_dag.py took 0.133 seconds
[2025-12-21T17:28:18.170+0000] {processor.py:161} INFO - Started process (PID=71) to work on /opt/airflow/dags/purchase_analytics_dag.py
[2025-12-21T17:28:18.170+0000] {processor.py:830} INFO - Processing file /opt/airflow/dags/purchase_analytics_dag.py for tasks to queue
[2025-12-21T17:28:18.171+0000] {logging_mixin.py:188} INFO - [2025-12-21T17:28:18.171+0000] {dagbag.py:538} INFO - Filling up the DagBag from /opt/airflow/dags/purchase_analytics_dag.py
[2025-12-21T17:28:18.184+0000] {processor.py:840} INFO - DAG(s) 'purchase_analytics_refresh' retrieved from /opt/airflow/dags/purchase_analytics_dag.py
[2025-12-21T17:28:18.219+0000] {logging_mixin.py:188} INFO - [2025-12-21T17:28:18.219+0000] {dag.py:3033} INFO - Sync 1 DAGs
[2025-12-21T17:28:18.243+0000] {logging_mixin.py:188} INFO - [2025-12-21T17:28:18.242+0000] {dag.py:3820} INFO - Setting next_dagrun for purchase_analytics_refresh to 2025-12-20T02:00:00+00:00, run_after=2025-12-21T02:00:00+00:00
[2025-12-21T17:28:18.258+0000] {processor.py:183} INFO - Processing /opt/airflow/dags/purchase_analytics_dag.py took 0.095 seconds
[2025-12-21T17:28:48.544+0000] {processor.py:161} INFO - Started process (PID=81) to work on /opt/airflow/dags/purchase_analytics_dag.py
[2025-12-21T17:28:48.545+0000] {processor.py:830} INFO - Processing file /opt/airflow/dags/purchase_analytics_dag.py for tasks to queue
[2025-12-21T17:28:48.545+0000] {logging_mixin.py:188} INFO - [2025-12-21T17:28:48.545+0000] {dagbag.py:538} INFO - Filling up the DagBag from /opt/airflow/dags/purchase_analytics_dag.py
[2025-12-21T17:28:48.555+0000] {processor.py:840} INFO - DAG(s) 'purchase_analytics_refresh' retrieved from /opt/airflow/dags/purchase_analytics_dag.py
[2025-12-21T17:28:48.576+0000] {logging_mixin.py:188} INFO - [2025-12-21T17:28:48.576+0000] {dag.py:3033} INFO - Sync 1 DAGs
[2025-12-21T17:28:48.592+0000] {logging_mixin.py:188} INFO - [2025-12-21T17:28:48.592+0000] {dag.py:3820} INFO - Setting next_dagrun for purchase_analytics_refresh to 2025-12-20T02:00:00+00:00, run_after=2025-12-21T02:00:00+00:00
[2025-12-21T17:28:48.604+0000] {processor.py:183} INFO - Processing /opt/airflow/dags/purchase_analytics_dag.py took 0.063 seconds
[2025-12-21T17:29:18.930+0000] {processor.py:161} INFO - Started process (PID=91) to work on /opt/airflow/dags/purchase_analytics_dag.py
[2025-12-21T17:29:18.931+0000] {processor.py:830} INFO - Processing file /opt/airflow/dags/purchase_analytics_dag.py for tasks to queue
[2025-12-21T17:29:18.932+0000] {logging_mixin.py:188} INFO - [2025-12-21T17:29:18.931+0000] {dagbag.py:538} INFO - Filling up the DagBag from /opt/airflow/dags/purchase_analytics_dag.py
[2025-12-21T17:29:18.955+0000] {processor.py:840} INFO - DAG(s) 'purchase_analytics_refresh' retrieved from /opt/airflow/dags/purchase_analytics_dag.py
[2025-12-21T17:29:19.009+0000] {logging_mixin.py:188} INFO - [2025-12-21T17:29:19.009+0000] {dag.py:3033} INFO - Sync 1 DAGs
[2025-12-21T17:29:19.040+0000] {logging_mixin.py:188} INFO - [2025-12-21T17:29:19.040+0000] {dag.py:3820} INFO - Setting next_dagrun for purchase_analytics_refresh to 2025-12-20T02:00:00+00:00, run_after=2025-12-21T02:00:00+00:00
[2025-12-21T17:29:19.058+0000] {processor.py:183} INFO - Processing /opt/airflow/dags/purchase_analytics_dag.py took 0.138 seconds
[2025-12-21T17:29:49.400+0000] {processor.py:161} INFO - Started process (PID=100) to work on /opt/airflow/dags/purchase_analytics_dag.py
[2025-12-21T17:29:49.401+0000] {processor.py:830} INFO - Processing file /opt/airflow/dags/purchase_analytics_dag.py for tasks to queue
[2025-12-21T17:29:49.406+0000] {logging_mixin.py:188} INFO - [2025-12-21T17:29:49.403+0000] {dagbag.py:538} INFO - Filling up the DagBag from /opt/airflow/dags/purchase_analytics_dag.py
[2025-12-21T17:29:49.440+0000] {processor.py:840} INFO - DAG(s) 'purchase_analytics_refresh' retrieved from /opt/airflow/dags/purchase_analytics_dag.py
[2025-12-21T17:29:49.483+0000] {logging_mixin.py:188} INFO - [2025-12-21T17:29:49.483+0000] {dag.py:3033} INFO - Sync 1 DAGs
[2025-12-21T17:29:49.511+0000] {logging_mixin.py:188} INFO - [2025-12-21T17:29:49.511+0000] {dag.py:3820} INFO - Setting next_dagrun for purchase_analytics_refresh to 2025-12-20T02:00:00+00:00, run_after=2025-12-21T02:00:00+00:00
[2025-12-21T17:29:49.527+0000] {processor.py:183} INFO - Processing /opt/airflow/dags/purchase_analytics_dag.py took 0.131 seconds
[2025-12-21T17:30:19.863+0000] {processor.py:161} INFO - Started process (PID=104) to work on /opt/airflow/dags/purchase_analytics_dag.py
[2025-12-21T17:30:19.867+0000] {processor.py:830} INFO - Processing file /opt/airflow/dags/purchase_analytics_dag.py for tasks to queue
[2025-12-21T17:30:19.870+0000] {logging_mixin.py:188} INFO - [2025-12-21T17:30:19.869+0000] {dagbag.py:538} INFO - Filling up the DagBag from /opt/airflow/dags/purchase_analytics_dag.py
[2025-12-21T17:30:19.902+0000] {processor.py:840} INFO - DAG(s) 'purchase_analytics_refresh' retrieved from /opt/airflow/dags/purchase_analytics_dag.py
[2025-12-21T17:30:19.955+0000] {logging_mixin.py:188} INFO - [2025-12-21T17:30:19.955+0000] {dag.py:3033} INFO - Sync 1 DAGs
[2025-12-21T17:30:19.991+0000] {logging_mixin.py:188} INFO - [2025-12-21T17:30:19.991+0000] {dag.py:3820} INFO - Setting next_dagrun for purchase_analytics_refresh to 2025-12-20T02:00:00+00:00, run_after=2025-12-21T02:00:00+00:00
[2025-12-21T17:30:20.009+0000] {processor.py:183} INFO - Processing /opt/airflow/dags/purchase_analytics_dag.py took 0.151 seconds
[2025-12-21T17:30:50.438+0000] {processor.py:161} INFO - Started process (PID=114) to work on /opt/airflow/dags/purchase_analytics_dag.py
[2025-12-21T17:30:50.441+0000] {processor.py:830} INFO - Processing file /opt/airflow/dags/purchase_analytics_dag.py for tasks to queue
[2025-12-21T17:30:50.446+0000] {logging_mixin.py:188} INFO - [2025-12-21T17:30:50.444+0000] {dagbag.py:538} INFO - Filling up the DagBag from /opt/airflow/dags/purchase_analytics_dag.py
[2025-12-21T17:30:50.475+0000] {processor.py:840} INFO - DAG(s) 'purchase_analytics_refresh' retrieved from /opt/airflow/dags/purchase_analytics_dag.py
[2025-12-21T17:30:50.527+0000] {logging_mixin.py:188} INFO - [2025-12-21T17:30:50.526+0000] {dag.py:3033} INFO - Sync 1 DAGs
[2025-12-21T17:30:50.558+0000] {logging_mixin.py:188} INFO - [2025-12-21T17:30:50.558+0000] {dag.py:3820} INFO - Setting next_dagrun for purchase_analytics_refresh to 2025-12-20T02:00:00+00:00, run_after=2025-12-21T02:00:00+00:00
[2025-12-21T17:30:50.574+0000] {processor.py:183} INFO - Processing /opt/airflow/dags/purchase_analytics_dag.py took 0.141 seconds
[2025-12-21T17:31:21.013+0000] {processor.py:161} INFO - Started process (PID=124) to work on /opt/airflow/dags/purchase_analytics_dag.py
[2025-12-21T17:31:21.016+0000] {processor.py:830} INFO - Processing file /opt/airflow/dags/purchase_analytics_dag.py for tasks to queue
[2025-12-21T17:31:21.018+0000] {logging_mixin.py:188} INFO - [2025-12-21T17:31:21.017+0000] {dagbag.py:538} INFO - Filling up the DagBag from /opt/airflow/dags/purchase_analytics_dag.py
[2025-12-21T17:31:21.044+0000] {processor.py:840} INFO - DAG(s) 'purchase_analytics_refresh' retrieved from /opt/airflow/dags/purchase_analytics_dag.py
[2025-12-21T17:31:21.086+0000] {logging_mixin.py:188} INFO - [2025-12-21T17:31:21.085+0000] {dag.py:3033} INFO - Sync 1 DAGs
[2025-12-21T17:31:21.109+0000] {logging_mixin.py:188} INFO - [2025-12-21T17:31:21.109+0000] {dag.py:3820} INFO - Setting next_dagrun for purchase_analytics_refresh to 2025-12-20T02:00:00+00:00, run_after=2025-12-21T02:00:00+00:00
[2025-12-21T17:31:21.131+0000] {processor.py:183} INFO - Processing /opt/airflow/dags/purchase_analytics_dag.py took 0.123 seconds
[2025-12-21T17:31:51.429+0000] {processor.py:161} INFO - Started process (PID=134) to work on /opt/airflow/dags/purchase_analytics_dag.py
[2025-12-21T17:31:51.430+0000] {processor.py:830} INFO - Processing file /opt/airflow/dags/purchase_analytics_dag.py for tasks to queue
[2025-12-21T17:31:51.431+0000] {logging_mixin.py:188} INFO - [2025-12-21T17:31:51.430+0000] {dagbag.py:538} INFO - Filling up the DagBag from /opt/airflow/dags/purchase_analytics_dag.py
[2025-12-21T17:31:51.462+0000] {processor.py:840} INFO - DAG(s) 'purchase_analytics_refresh' retrieved from /opt/airflow/dags/purchase_analytics_dag.py
[2025-12-21T17:31:51.507+0000] {logging_mixin.py:188} INFO - [2025-12-21T17:31:51.507+0000] {dag.py:3033} INFO - Sync 1 DAGs
[2025-12-21T17:31:51.532+0000] {logging_mixin.py:188} INFO - [2025-12-21T17:31:51.532+0000] {dag.py:3820} INFO - Setting next_dagrun for purchase_analytics_refresh to 2025-12-20T02:00:00+00:00, run_after=2025-12-21T02:00:00+00:00
[2025-12-21T17:31:51.555+0000] {processor.py:183} INFO - Processing /opt/airflow/dags/purchase_analytics_dag.py took 0.135 seconds
[2025-12-21T17:32:21.964+0000] {processor.py:161} INFO - Started process (PID=144) to work on /opt/airflow/dags/purchase_analytics_dag.py
[2025-12-21T17:32:21.966+0000] {processor.py:830} INFO - Processing file /opt/airflow/dags/purchase_analytics_dag.py for tasks to queue
[2025-12-21T17:32:21.968+0000] {logging_mixin.py:188} INFO - [2025-12-21T17:32:21.967+0000] {dagbag.py:538} INFO - Filling up the DagBag from /opt/airflow/dags/purchase_analytics_dag.py
[2025-12-21T17:32:21.993+0000] {processor.py:840} INFO - DAG(s) 'purchase_analytics_refresh' retrieved from /opt/airflow/dags/purchase_analytics_dag.py
[2025-12-21T17:32:22.039+0000] {logging_mixin.py:188} INFO - [2025-12-21T17:32:22.039+0000] {dag.py:3033} INFO - Sync 1 DAGs
[2025-12-21T17:32:22.063+0000] {logging_mixin.py:188} INFO - [2025-12-21T17:32:22.063+0000] {dag.py:3820} INFO - Setting next_dagrun for purchase_analytics_refresh to 2025-12-20T02:00:00+00:00, run_after=2025-12-21T02:00:00+00:00
[2025-12-21T17:32:22.077+0000] {processor.py:183} INFO - Processing /opt/airflow/dags/purchase_analytics_dag.py took 0.122 seconds
[2025-12-21T17:32:52.378+0000] {processor.py:161} INFO - Started process (PID=154) to work on /opt/airflow/dags/purchase_analytics_dag.py
[2025-12-21T17:32:52.380+0000] {processor.py:830} INFO - Processing file /opt/airflow/dags/purchase_analytics_dag.py for tasks to queue
[2025-12-21T17:32:52.383+0000] {logging_mixin.py:188} INFO - [2025-12-21T17:32:52.381+0000] {dagbag.py:538} INFO - Filling up the DagBag from /opt/airflow/dags/purchase_analytics_dag.py
[2025-12-21T17:32:52.419+0000] {processor.py:840} INFO - DAG(s) 'purchase_analytics_refresh' retrieved from /opt/airflow/dags/purchase_analytics_dag.py
[2025-12-21T17:32:52.467+0000] {logging_mixin.py:188} INFO - [2025-12-21T17:32:52.467+0000] {dag.py:3033} INFO - Sync 1 DAGs
[2025-12-21T17:32:52.492+0000] {logging_mixin.py:188} INFO - [2025-12-21T17:32:52.492+0000] {dag.py:3820} INFO - Setting next_dagrun for purchase_analytics_refresh to 2025-12-20T02:00:00+00:00, run_after=2025-12-21T02:00:00+00:00
[2025-12-21T17:32:52.508+0000] {processor.py:183} INFO - Processing /opt/airflow/dags/purchase_analytics_dag.py took 0.136 seconds
[2025-12-21T17:33:22.978+0000] {processor.py:161} INFO - Started process (PID=164) to work on /opt/airflow/dags/purchase_analytics_dag.py
[2025-12-21T17:33:22.980+0000] {processor.py:830} INFO - Processing file /opt/airflow/dags/purchase_analytics_dag.py for tasks to queue
[2025-12-21T17:33:22.981+0000] {logging_mixin.py:188} INFO - [2025-12-21T17:33:22.981+0000] {dagbag.py:538} INFO - Filling up the DagBag from /opt/airflow/dags/purchase_analytics_dag.py
[2025-12-21T17:33:23.012+0000] {processor.py:840} INFO - DAG(s) 'purchase_analytics_refresh' retrieved from /opt/airflow/dags/purchase_analytics_dag.py
[2025-12-21T17:33:23.061+0000] {logging_mixin.py:188} INFO - [2025-12-21T17:33:23.060+0000] {dag.py:3033} INFO - Sync 1 DAGs
[2025-12-21T17:33:23.095+0000] {logging_mixin.py:188} INFO - [2025-12-21T17:33:23.095+0000] {dag.py:3820} INFO - Setting next_dagrun for purchase_analytics_refresh to 2025-12-20T02:00:00+00:00, run_after=2025-12-21T02:00:00+00:00
[2025-12-21T17:33:23.116+0000] {processor.py:183} INFO - Processing /opt/airflow/dags/purchase_analytics_dag.py took 0.149 seconds
[2025-12-21T17:33:53.495+0000] {processor.py:161} INFO - Started process (PID=174) to work on /opt/airflow/dags/purchase_analytics_dag.py
[2025-12-21T17:33:53.497+0000] {processor.py:830} INFO - Processing file /opt/airflow/dags/purchase_analytics_dag.py for tasks to queue
[2025-12-21T17:33:53.500+0000] {logging_mixin.py:188} INFO - [2025-12-21T17:33:53.499+0000] {dagbag.py:538} INFO - Filling up the DagBag from /opt/airflow/dags/purchase_analytics_dag.py
[2025-12-21T17:33:53.525+0000] {processor.py:840} INFO - DAG(s) 'purchase_analytics_refresh' retrieved from /opt/airflow/dags/purchase_analytics_dag.py
[2025-12-21T17:33:53.573+0000] {logging_mixin.py:188} INFO - [2025-12-21T17:33:53.573+0000] {dag.py:3033} INFO - Sync 1 DAGs
[2025-12-21T17:33:53.604+0000] {logging_mixin.py:188} INFO - [2025-12-21T17:33:53.604+0000] {dag.py:3820} INFO - Setting next_dagrun for purchase_analytics_refresh to 2025-12-20T02:00:00+00:00, run_after=2025-12-21T02:00:00+00:00
[2025-12-21T17:33:53.623+0000] {processor.py:183} INFO - Processing /opt/airflow/dags/purchase_analytics_dag.py took 0.135 seconds
[2025-12-21T17:34:24.150+0000] {processor.py:161} INFO - Started process (PID=187) to work on /opt/airflow/dags/purchase_analytics_dag.py
[2025-12-21T17:34:24.151+0000] {processor.py:830} INFO - Processing file /opt/airflow/dags/purchase_analytics_dag.py for tasks to queue
[2025-12-21T17:34:24.152+0000] {logging_mixin.py:188} INFO - [2025-12-21T17:34:24.152+0000] {dagbag.py:538} INFO - Filling up the DagBag from /opt/airflow/dags/purchase_analytics_dag.py
[2025-12-21T17:34:24.170+0000] {processor.py:840} INFO - DAG(s) 'purchase_analytics_refresh' retrieved from /opt/airflow/dags/purchase_analytics_dag.py
[2025-12-21T17:34:24.204+0000] {logging_mixin.py:188} INFO - [2025-12-21T17:34:24.204+0000] {dag.py:3033} INFO - Sync 1 DAGs
[2025-12-21T17:34:24.227+0000] {logging_mixin.py:188} INFO - [2025-12-21T17:34:24.227+0000] {dag.py:3820} INFO - Setting next_dagrun for purchase_analytics_refresh to 2025-12-20T02:00:00+00:00, run_after=2025-12-21T02:00:00+00:00
[2025-12-21T17:34:24.241+0000] {processor.py:183} INFO - Processing /opt/airflow/dags/purchase_analytics_dag.py took 0.100 seconds
[2025-12-21T17:34:54.563+0000] {processor.py:161} INFO - Started process (PID=197) to work on /opt/airflow/dags/purchase_analytics_dag.py
[2025-12-21T17:34:54.567+0000] {processor.py:830} INFO - Processing file /opt/airflow/dags/purchase_analytics_dag.py for tasks to queue
[2025-12-21T17:34:54.567+0000] {logging_mixin.py:188} INFO - [2025-12-21T17:34:54.567+0000] {dagbag.py:538} INFO - Filling up the DagBag from /opt/airflow/dags/purchase_analytics_dag.py
[2025-12-21T17:34:54.580+0000] {processor.py:840} INFO - DAG(s) 'purchase_analytics_refresh' retrieved from /opt/airflow/dags/purchase_analytics_dag.py
[2025-12-21T17:34:54.605+0000] {logging_mixin.py:188} INFO - [2025-12-21T17:34:54.605+0000] {dag.py:3033} INFO - Sync 1 DAGs
[2025-12-21T17:34:54.626+0000] {logging_mixin.py:188} INFO - [2025-12-21T17:34:54.626+0000] {dag.py:3820} INFO - Setting next_dagrun for purchase_analytics_refresh to 2025-12-20T02:00:00+00:00, run_after=2025-12-21T02:00:00+00:00
[2025-12-21T17:34:54.639+0000] {processor.py:183} INFO - Processing /opt/airflow/dags/purchase_analytics_dag.py took 0.082 seconds
[2025-12-21T17:35:24.963+0000] {processor.py:161} INFO - Started process (PID=208) to work on /opt/airflow/dags/purchase_analytics_dag.py
[2025-12-21T17:35:24.964+0000] {processor.py:830} INFO - Processing file /opt/airflow/dags/purchase_analytics_dag.py for tasks to queue
[2025-12-21T17:35:24.965+0000] {logging_mixin.py:188} INFO - [2025-12-21T17:35:24.964+0000] {dagbag.py:538} INFO - Filling up the DagBag from /opt/airflow/dags/purchase_analytics_dag.py
[2025-12-21T17:35:24.976+0000] {processor.py:840} INFO - DAG(s) 'purchase_analytics_refresh' retrieved from /opt/airflow/dags/purchase_analytics_dag.py
[2025-12-21T17:35:25.004+0000] {logging_mixin.py:188} INFO - [2025-12-21T17:35:25.004+0000] {dag.py:3033} INFO - Sync 1 DAGs
[2025-12-21T17:35:25.026+0000] {logging_mixin.py:188} INFO - [2025-12-21T17:35:25.025+0000] {dag.py:3820} INFO - Setting next_dagrun for purchase_analytics_refresh to 2025-12-20T02:00:00+00:00, run_after=2025-12-21T02:00:00+00:00
[2025-12-21T17:35:25.038+0000] {processor.py:183} INFO - Processing /opt/airflow/dags/purchase_analytics_dag.py took 0.078 seconds
[2025-12-21T17:38:52.040+0000] {processor.py:161} INFO - Started process (PID=30) to work on /opt/airflow/dags/purchase_analytics_dag.py
[2025-12-21T17:38:52.042+0000] {processor.py:830} INFO - Processing file /opt/airflow/dags/purchase_analytics_dag.py for tasks to queue
[2025-12-21T17:38:52.045+0000] {logging_mixin.py:188} INFO - [2025-12-21T17:38:52.044+0000] {dagbag.py:538} INFO - Filling up the DagBag from /opt/airflow/dags/purchase_analytics_dag.py
[2025-12-21T17:38:52.067+0000] {processor.py:840} INFO - DAG(s) 'purchase_analytics_refresh' retrieved from /opt/airflow/dags/purchase_analytics_dag.py
[2025-12-21T17:38:52.091+0000] {logging_mixin.py:188} INFO - [2025-12-21T17:38:52.090+0000] {dag.py:3033} INFO - Sync 1 DAGs
[2025-12-21T17:38:52.111+0000] {logging_mixin.py:188} INFO - [2025-12-21T17:38:52.111+0000] {dag.py:3820} INFO - Setting next_dagrun for purchase_analytics_refresh to 2025-12-20T02:00:00+00:00, run_after=2025-12-21T02:00:00+00:00
[2025-12-21T17:38:52.126+0000] {processor.py:183} INFO - Processing /opt/airflow/dags/purchase_analytics_dag.py took 0.097 seconds
[2025-12-21T17:39:22.341+0000] {processor.py:161} INFO - Started process (PID=41) to work on /opt/airflow/dags/purchase_analytics_dag.py
[2025-12-21T17:39:22.343+0000] {processor.py:830} INFO - Processing file /opt/airflow/dags/purchase_analytics_dag.py for tasks to queue
[2025-12-21T17:39:22.344+0000] {logging_mixin.py:188} INFO - [2025-12-21T17:39:22.343+0000] {dagbag.py:538} INFO - Filling up the DagBag from /opt/airflow/dags/purchase_analytics_dag.py
[2025-12-21T17:39:22.361+0000] {processor.py:840} INFO - DAG(s) 'purchase_analytics_refresh' retrieved from /opt/airflow/dags/purchase_analytics_dag.py
[2025-12-21T17:39:22.532+0000] {logging_mixin.py:188} INFO - [2025-12-21T17:39:22.531+0000] {dag.py:3033} INFO - Sync 1 DAGs
[2025-12-21T17:39:22.546+0000] {logging_mixin.py:188} INFO - [2025-12-21T17:39:22.546+0000] {dag.py:3820} INFO - Setting next_dagrun for purchase_analytics_refresh to 2025-12-20T02:00:00+00:00, run_after=2025-12-21T02:00:00+00:00
[2025-12-21T17:39:22.559+0000] {processor.py:183} INFO - Processing /opt/airflow/dags/purchase_analytics_dag.py took 0.222 seconds
[2025-12-21T17:39:52.943+0000] {processor.py:161} INFO - Started process (PID=51) to work on /opt/airflow/dags/purchase_analytics_dag.py
[2025-12-21T17:39:52.945+0000] {processor.py:830} INFO - Processing file /opt/airflow/dags/purchase_analytics_dag.py for tasks to queue
[2025-12-21T17:39:52.947+0000] {logging_mixin.py:188} INFO - [2025-12-21T17:39:52.946+0000] {dagbag.py:538} INFO - Filling up the DagBag from /opt/airflow/dags/purchase_analytics_dag.py
[2025-12-21T17:39:52.984+0000] {processor.py:840} INFO - DAG(s) 'purchase_analytics_refresh' retrieved from /opt/airflow/dags/purchase_analytics_dag.py
[2025-12-21T17:39:53.044+0000] {logging_mixin.py:188} INFO - [2025-12-21T17:39:53.044+0000] {dag.py:3033} INFO - Sync 1 DAGs
[2025-12-21T17:39:53.075+0000] {logging_mixin.py:188} INFO - [2025-12-21T17:39:53.075+0000] {dag.py:3820} INFO - Setting next_dagrun for purchase_analytics_refresh to 2025-12-20T02:00:00+00:00, run_after=2025-12-21T02:00:00+00:00
[2025-12-21T17:39:53.092+0000] {processor.py:183} INFO - Processing /opt/airflow/dags/purchase_analytics_dag.py took 0.158 seconds
[2025-12-21T17:40:23.394+0000] {processor.py:161} INFO - Started process (PID=61) to work on /opt/airflow/dags/purchase_analytics_dag.py
[2025-12-21T17:40:23.395+0000] {processor.py:830} INFO - Processing file /opt/airflow/dags/purchase_analytics_dag.py for tasks to queue
[2025-12-21T17:40:23.396+0000] {logging_mixin.py:188} INFO - [2025-12-21T17:40:23.396+0000] {dagbag.py:538} INFO - Filling up the DagBag from /opt/airflow/dags/purchase_analytics_dag.py
[2025-12-21T17:40:23.410+0000] {processor.py:840} INFO - DAG(s) 'purchase_analytics_refresh' retrieved from /opt/airflow/dags/purchase_analytics_dag.py
[2025-12-21T17:40:23.441+0000] {logging_mixin.py:188} INFO - [2025-12-21T17:40:23.441+0000] {dag.py:3033} INFO - Sync 1 DAGs
[2025-12-21T17:40:23.462+0000] {logging_mixin.py:188} INFO - [2025-12-21T17:40:23.462+0000] {dag.py:3820} INFO - Setting next_dagrun for purchase_analytics_refresh to 2025-12-20T02:00:00+00:00, run_after=2025-12-21T02:00:00+00:00
[2025-12-21T17:40:23.475+0000] {processor.py:183} INFO - Processing /opt/airflow/dags/purchase_analytics_dag.py took 0.085 seconds
[2025-12-21T17:40:53.781+0000] {processor.py:161} INFO - Started process (PID=71) to work on /opt/airflow/dags/purchase_analytics_dag.py
[2025-12-21T17:40:53.783+0000] {processor.py:830} INFO - Processing file /opt/airflow/dags/purchase_analytics_dag.py for tasks to queue
[2025-12-21T17:40:53.784+0000] {logging_mixin.py:188} INFO - [2025-12-21T17:40:53.784+0000] {dagbag.py:538} INFO - Filling up the DagBag from /opt/airflow/dags/purchase_analytics_dag.py
[2025-12-21T17:40:53.797+0000] {processor.py:840} INFO - DAG(s) 'purchase_analytics_refresh' retrieved from /opt/airflow/dags/purchase_analytics_dag.py
[2025-12-21T17:40:53.824+0000] {logging_mixin.py:188} INFO - [2025-12-21T17:40:53.824+0000] {dag.py:3033} INFO - Sync 1 DAGs
[2025-12-21T17:40:53.844+0000] {logging_mixin.py:188} INFO - [2025-12-21T17:40:53.843+0000] {dag.py:3820} INFO - Setting next_dagrun for purchase_analytics_refresh to 2025-12-20T02:00:00+00:00, run_after=2025-12-21T02:00:00+00:00
[2025-12-21T17:40:53.857+0000] {processor.py:183} INFO - Processing /opt/airflow/dags/purchase_analytics_dag.py took 0.079 seconds
[2025-12-21T17:41:24.107+0000] {processor.py:161} INFO - Started process (PID=81) to work on /opt/airflow/dags/purchase_analytics_dag.py
[2025-12-21T17:41:24.108+0000] {processor.py:830} INFO - Processing file /opt/airflow/dags/purchase_analytics_dag.py for tasks to queue
[2025-12-21T17:41:24.108+0000] {logging_mixin.py:188} INFO - [2025-12-21T17:41:24.108+0000] {dagbag.py:538} INFO - Filling up the DagBag from /opt/airflow/dags/purchase_analytics_dag.py
[2025-12-21T17:41:24.123+0000] {processor.py:840} INFO - DAG(s) 'purchase_analytics_refresh' retrieved from /opt/airflow/dags/purchase_analytics_dag.py
[2025-12-21T17:41:24.154+0000] {logging_mixin.py:188} INFO - [2025-12-21T17:41:24.153+0000] {dag.py:3033} INFO - Sync 1 DAGs
[2025-12-21T17:41:24.180+0000] {logging_mixin.py:188} INFO - [2025-12-21T17:41:24.179+0000] {dag.py:3820} INFO - Setting next_dagrun for purchase_analytics_refresh to 2025-12-20T02:00:00+00:00, run_after=2025-12-21T02:00:00+00:00
[2025-12-21T17:41:24.194+0000] {processor.py:183} INFO - Processing /opt/airflow/dags/purchase_analytics_dag.py took 0.093 seconds
[2025-12-21T17:41:54.506+0000] {processor.py:161} INFO - Started process (PID=91) to work on /opt/airflow/dags/purchase_analytics_dag.py
[2025-12-21T17:41:54.508+0000] {processor.py:830} INFO - Processing file /opt/airflow/dags/purchase_analytics_dag.py for tasks to queue
[2025-12-21T17:41:54.510+0000] {logging_mixin.py:188} INFO - [2025-12-21T17:41:54.509+0000] {dagbag.py:538} INFO - Filling up the DagBag from /opt/airflow/dags/purchase_analytics_dag.py
[2025-12-21T17:41:54.542+0000] {processor.py:840} INFO - DAG(s) 'purchase_analytics_refresh' retrieved from /opt/airflow/dags/purchase_analytics_dag.py
[2025-12-21T17:41:54.605+0000] {logging_mixin.py:188} INFO - [2025-12-21T17:41:54.604+0000] {dag.py:3033} INFO - Sync 1 DAGs
[2025-12-21T17:41:54.633+0000] {logging_mixin.py:188} INFO - [2025-12-21T17:41:54.633+0000] {dag.py:3820} INFO - Setting next_dagrun for purchase_analytics_refresh to 2025-12-20T02:00:00+00:00, run_after=2025-12-21T02:00:00+00:00
[2025-12-21T17:41:54.649+0000] {processor.py:183} INFO - Processing /opt/airflow/dags/purchase_analytics_dag.py took 0.147 seconds
[2025-12-21T17:42:24.952+0000] {processor.py:161} INFO - Started process (PID=101) to work on /opt/airflow/dags/purchase_analytics_dag.py
[2025-12-21T17:42:24.953+0000] {processor.py:830} INFO - Processing file /opt/airflow/dags/purchase_analytics_dag.py for tasks to queue
[2025-12-21T17:42:24.954+0000] {logging_mixin.py:188} INFO - [2025-12-21T17:42:24.954+0000] {dagbag.py:538} INFO - Filling up the DagBag from /opt/airflow/dags/purchase_analytics_dag.py
[2025-12-21T17:42:24.983+0000] {processor.py:840} INFO - DAG(s) 'purchase_analytics_refresh' retrieved from /opt/airflow/dags/purchase_analytics_dag.py
[2025-12-21T17:42:25.047+0000] {logging_mixin.py:188} INFO - [2025-12-21T17:42:25.047+0000] {dag.py:3033} INFO - Sync 1 DAGs
[2025-12-21T17:42:25.075+0000] {logging_mixin.py:188} INFO - [2025-12-21T17:42:25.075+0000] {dag.py:3820} INFO - Setting next_dagrun for purchase_analytics_refresh to 2025-12-20T02:00:00+00:00, run_after=2025-12-21T02:00:00+00:00
[2025-12-21T17:42:25.090+0000] {processor.py:183} INFO - Processing /opt/airflow/dags/purchase_analytics_dag.py took 0.149 seconds
[2025-12-21T17:42:55.451+0000] {processor.py:161} INFO - Started process (PID=104) to work on /opt/airflow/dags/purchase_analytics_dag.py
[2025-12-21T17:42:55.452+0000] {processor.py:830} INFO - Processing file /opt/airflow/dags/purchase_analytics_dag.py for tasks to queue
[2025-12-21T17:42:55.453+0000] {logging_mixin.py:188} INFO - [2025-12-21T17:42:55.452+0000] {dagbag.py:538} INFO - Filling up the DagBag from /opt/airflow/dags/purchase_analytics_dag.py
[2025-12-21T17:42:55.471+0000] {processor.py:840} INFO - DAG(s) 'purchase_analytics_refresh' retrieved from /opt/airflow/dags/purchase_analytics_dag.py
[2025-12-21T17:42:55.546+0000] {logging_mixin.py:188} INFO - [2025-12-21T17:42:55.546+0000] {dag.py:3033} INFO - Sync 1 DAGs
[2025-12-21T17:42:55.589+0000] {logging_mixin.py:188} INFO - [2025-12-21T17:42:55.589+0000] {dag.py:3820} INFO - Setting next_dagrun for purchase_analytics_refresh to 2025-12-20T02:00:00+00:00, run_after=2025-12-21T02:00:00+00:00
[2025-12-21T17:42:55.608+0000] {processor.py:183} INFO - Processing /opt/airflow/dags/purchase_analytics_dag.py took 0.163 seconds
[2025-12-21T17:43:26.038+0000] {processor.py:161} INFO - Started process (PID=114) to work on /opt/airflow/dags/purchase_analytics_dag.py
[2025-12-21T17:43:26.040+0000] {processor.py:830} INFO - Processing file /opt/airflow/dags/purchase_analytics_dag.py for tasks to queue
[2025-12-21T17:43:26.041+0000] {logging_mixin.py:188} INFO - [2025-12-21T17:43:26.040+0000] {dagbag.py:538} INFO - Filling up the DagBag from /opt/airflow/dags/purchase_analytics_dag.py
[2025-12-21T17:43:26.074+0000] {processor.py:840} INFO - DAG(s) 'purchase_analytics_refresh' retrieved from /opt/airflow/dags/purchase_analytics_dag.py
[2025-12-21T17:43:26.140+0000] {logging_mixin.py:188} INFO - [2025-12-21T17:43:26.140+0000] {dag.py:3033} INFO - Sync 1 DAGs
[2025-12-21T17:43:26.185+0000] {logging_mixin.py:188} INFO - [2025-12-21T17:43:26.184+0000] {dag.py:3820} INFO - Setting next_dagrun for purchase_analytics_refresh to 2025-12-20T02:00:00+00:00, run_after=2025-12-21T02:00:00+00:00
[2025-12-21T17:43:26.200+0000] {processor.py:183} INFO - Processing /opt/airflow/dags/purchase_analytics_dag.py took 0.170 seconds
[2025-12-21T17:43:56.853+0000] {processor.py:161} INFO - Started process (PID=124) to work on /opt/airflow/dags/purchase_analytics_dag.py
[2025-12-21T17:43:56.854+0000] {processor.py:830} INFO - Processing file /opt/airflow/dags/purchase_analytics_dag.py for tasks to queue
[2025-12-21T17:43:56.856+0000] {logging_mixin.py:188} INFO - [2025-12-21T17:43:56.855+0000] {dagbag.py:538} INFO - Filling up the DagBag from /opt/airflow/dags/purchase_analytics_dag.py
[2025-12-21T17:43:56.879+0000] {processor.py:840} INFO - DAG(s) 'purchase_analytics_refresh' retrieved from /opt/airflow/dags/purchase_analytics_dag.py
[2025-12-21T17:43:56.934+0000] {logging_mixin.py:188} INFO - [2025-12-21T17:43:56.934+0000] {dag.py:3033} INFO - Sync 1 DAGs
[2025-12-21T17:43:56.960+0000] {logging_mixin.py:188} INFO - [2025-12-21T17:43:56.960+0000] {dag.py:3820} INFO - Setting next_dagrun for purchase_analytics_refresh to 2025-12-20T02:00:00+00:00, run_after=2025-12-21T02:00:00+00:00
[2025-12-21T17:43:56.977+0000] {processor.py:183} INFO - Processing /opt/airflow/dags/purchase_analytics_dag.py took 0.141 seconds
[2025-12-21T17:44:27.388+0000] {processor.py:161} INFO - Started process (PID=134) to work on /opt/airflow/dags/purchase_analytics_dag.py
[2025-12-21T17:44:27.389+0000] {processor.py:830} INFO - Processing file /opt/airflow/dags/purchase_analytics_dag.py for tasks to queue
[2025-12-21T17:44:27.390+0000] {logging_mixin.py:188} INFO - [2025-12-21T17:44:27.390+0000] {dagbag.py:538} INFO - Filling up the DagBag from /opt/airflow/dags/purchase_analytics_dag.py
[2025-12-21T17:44:27.419+0000] {processor.py:840} INFO - DAG(s) 'purchase_analytics_refresh' retrieved from /opt/airflow/dags/purchase_analytics_dag.py
[2025-12-21T17:44:27.461+0000] {logging_mixin.py:188} INFO - [2025-12-21T17:44:27.460+0000] {dag.py:3033} INFO - Sync 1 DAGs
[2025-12-21T17:44:27.485+0000] {logging_mixin.py:188} INFO - [2025-12-21T17:44:27.484+0000] {dag.py:3820} INFO - Setting next_dagrun for purchase_analytics_refresh to 2025-12-20T02:00:00+00:00, run_after=2025-12-21T02:00:00+00:00
[2025-12-21T17:44:27.498+0000] {processor.py:183} INFO - Processing /opt/airflow/dags/purchase_analytics_dag.py took 0.117 seconds
[2025-12-21T17:44:57.920+0000] {processor.py:161} INFO - Started process (PID=144) to work on /opt/airflow/dags/purchase_analytics_dag.py
[2025-12-21T17:44:57.923+0000] {processor.py:830} INFO - Processing file /opt/airflow/dags/purchase_analytics_dag.py for tasks to queue
[2025-12-21T17:44:57.924+0000] {logging_mixin.py:188} INFO - [2025-12-21T17:44:57.924+0000] {dagbag.py:538} INFO - Filling up the DagBag from /opt/airflow/dags/purchase_analytics_dag.py
[2025-12-21T17:44:57.959+0000] {processor.py:840} INFO - DAG(s) 'purchase_analytics_refresh' retrieved from /opt/airflow/dags/purchase_analytics_dag.py
[2025-12-21T17:44:58.024+0000] {logging_mixin.py:188} INFO - [2025-12-21T17:44:58.023+0000] {dag.py:3033} INFO - Sync 1 DAGs
[2025-12-21T17:44:58.051+0000] {logging_mixin.py:188} INFO - [2025-12-21T17:44:58.050+0000] {dag.py:3820} INFO - Setting next_dagrun for purchase_analytics_refresh to 2025-12-20T02:00:00+00:00, run_after=2025-12-21T02:00:00+00:00
[2025-12-21T17:44:58.071+0000] {processor.py:183} INFO - Processing /opt/airflow/dags/purchase_analytics_dag.py took 0.158 seconds
[2025-12-21T17:45:28.497+0000] {processor.py:161} INFO - Started process (PID=154) to work on /opt/airflow/dags/purchase_analytics_dag.py
[2025-12-21T17:45:28.498+0000] {processor.py:830} INFO - Processing file /opt/airflow/dags/purchase_analytics_dag.py for tasks to queue
[2025-12-21T17:45:28.499+0000] {logging_mixin.py:188} INFO - [2025-12-21T17:45:28.499+0000] {dagbag.py:538} INFO - Filling up the DagBag from /opt/airflow/dags/purchase_analytics_dag.py
[2025-12-21T17:45:28.539+0000] {processor.py:840} INFO - DAG(s) 'purchase_analytics_refresh' retrieved from /opt/airflow/dags/purchase_analytics_dag.py
[2025-12-21T17:45:28.605+0000] {logging_mixin.py:188} INFO - [2025-12-21T17:45:28.604+0000] {dag.py:3033} INFO - Sync 1 DAGs
[2025-12-21T17:45:28.644+0000] {logging_mixin.py:188} INFO - [2025-12-21T17:45:28.644+0000] {dag.py:3820} INFO - Setting next_dagrun for purchase_analytics_refresh to 2025-12-20T02:00:00+00:00, run_after=2025-12-21T02:00:00+00:00
[2025-12-21T17:45:28.664+0000] {processor.py:183} INFO - Processing /opt/airflow/dags/purchase_analytics_dag.py took 0.177 seconds
[2025-12-21T17:45:59.060+0000] {processor.py:161} INFO - Started process (PID=164) to work on /opt/airflow/dags/purchase_analytics_dag.py
[2025-12-21T17:45:59.062+0000] {processor.py:830} INFO - Processing file /opt/airflow/dags/purchase_analytics_dag.py for tasks to queue
[2025-12-21T17:45:59.063+0000] {logging_mixin.py:188} INFO - [2025-12-21T17:45:59.062+0000] {dagbag.py:538} INFO - Filling up the DagBag from /opt/airflow/dags/purchase_analytics_dag.py
[2025-12-21T17:45:59.101+0000] {processor.py:840} INFO - DAG(s) 'purchase_analytics_refresh' retrieved from /opt/airflow/dags/purchase_analytics_dag.py
[2025-12-21T17:45:59.152+0000] {logging_mixin.py:188} INFO - [2025-12-21T17:45:59.151+0000] {dag.py:3033} INFO - Sync 1 DAGs
[2025-12-21T17:45:59.175+0000] {logging_mixin.py:188} INFO - [2025-12-21T17:45:59.175+0000] {dag.py:3820} INFO - Setting next_dagrun for purchase_analytics_refresh to 2025-12-20T02:00:00+00:00, run_after=2025-12-21T02:00:00+00:00
[2025-12-21T17:45:59.192+0000] {processor.py:183} INFO - Processing /opt/airflow/dags/purchase_analytics_dag.py took 0.149 seconds
[2025-12-21T17:46:29.624+0000] {processor.py:161} INFO - Started process (PID=174) to work on /opt/airflow/dags/purchase_analytics_dag.py
[2025-12-21T17:46:29.628+0000] {processor.py:830} INFO - Processing file /opt/airflow/dags/purchase_analytics_dag.py for tasks to queue
[2025-12-21T17:46:29.630+0000] {logging_mixin.py:188} INFO - [2025-12-21T17:46:29.630+0000] {dagbag.py:538} INFO - Filling up the DagBag from /opt/airflow/dags/purchase_analytics_dag.py
[2025-12-21T17:46:29.663+0000] {processor.py:840} INFO - DAG(s) 'purchase_analytics_refresh' retrieved from /opt/airflow/dags/purchase_analytics_dag.py
[2025-12-21T17:46:29.731+0000] {logging_mixin.py:188} INFO - [2025-12-21T17:46:29.731+0000] {dag.py:3033} INFO - Sync 1 DAGs
[2025-12-21T17:46:29.769+0000] {logging_mixin.py:188} INFO - [2025-12-21T17:46:29.769+0000] {dag.py:3820} INFO - Setting next_dagrun for purchase_analytics_refresh to 2025-12-20T02:00:00+00:00, run_after=2025-12-21T02:00:00+00:00
[2025-12-21T17:46:29.792+0000] {processor.py:183} INFO - Processing /opt/airflow/dags/purchase_analytics_dag.py took 0.175 seconds
[2025-12-21T17:47:00.250+0000] {processor.py:161} INFO - Started process (PID=184) to work on /opt/airflow/dags/purchase_analytics_dag.py
[2025-12-21T17:47:00.252+0000] {processor.py:830} INFO - Processing file /opt/airflow/dags/purchase_analytics_dag.py for tasks to queue
[2025-12-21T17:47:00.253+0000] {logging_mixin.py:188} INFO - [2025-12-21T17:47:00.253+0000] {dagbag.py:538} INFO - Filling up the DagBag from /opt/airflow/dags/purchase_analytics_dag.py
[2025-12-21T17:47:00.290+0000] {processor.py:840} INFO - DAG(s) 'purchase_analytics_refresh' retrieved from /opt/airflow/dags/purchase_analytics_dag.py
[2025-12-21T17:47:00.350+0000] {logging_mixin.py:188} INFO - [2025-12-21T17:47:00.349+0000] {dag.py:3033} INFO - Sync 1 DAGs
[2025-12-21T17:47:00.383+0000] {logging_mixin.py:188} INFO - [2025-12-21T17:47:00.383+0000] {dag.py:3820} INFO - Setting next_dagrun for purchase_analytics_refresh to 2025-12-20T02:00:00+00:00, run_after=2025-12-21T02:00:00+00:00
[2025-12-21T17:47:00.401+0000] {processor.py:183} INFO - Processing /opt/airflow/dags/purchase_analytics_dag.py took 0.160 seconds
[2025-12-21T17:50:29.017+0000] {processor.py:161} INFO - Started process (PID=31) to work on /opt/airflow/dags/purchase_analytics_dag.py
[2025-12-21T17:50:29.019+0000] {processor.py:830} INFO - Processing file /opt/airflow/dags/purchase_analytics_dag.py for tasks to queue
[2025-12-21T17:50:29.020+0000] {logging_mixin.py:188} INFO - [2025-12-21T17:50:29.020+0000] {dagbag.py:538} INFO - Filling up the DagBag from /opt/airflow/dags/purchase_analytics_dag.py
[2025-12-21T17:50:29.042+0000] {processor.py:840} INFO - DAG(s) 'purchase_analytics_refresh' retrieved from /opt/airflow/dags/purchase_analytics_dag.py
[2025-12-21T17:50:29.067+0000] {logging_mixin.py:188} INFO - [2025-12-21T17:50:29.067+0000] {dag.py:3033} INFO - Sync 1 DAGs
[2025-12-21T17:50:29.088+0000] {logging_mixin.py:188} INFO - [2025-12-21T17:50:29.088+0000] {dag.py:3820} INFO - Setting next_dagrun for purchase_analytics_refresh to 2025-12-20T02:00:00+00:00, run_after=2025-12-21T02:00:00+00:00
[2025-12-21T17:50:29.102+0000] {processor.py:183} INFO - Processing /opt/airflow/dags/purchase_analytics_dag.py took 0.091 seconds
[2025-12-21T17:50:59.360+0000] {processor.py:161} INFO - Started process (PID=41) to work on /opt/airflow/dags/purchase_analytics_dag.py
[2025-12-21T17:50:59.361+0000] {processor.py:830} INFO - Processing file /opt/airflow/dags/purchase_analytics_dag.py for tasks to queue
[2025-12-21T17:50:59.362+0000] {logging_mixin.py:188} INFO - [2025-12-21T17:50:59.362+0000] {dagbag.py:538} INFO - Filling up the DagBag from /opt/airflow/dags/purchase_analytics_dag.py
[2025-12-21T17:50:59.384+0000] {processor.py:840} INFO - DAG(s) 'purchase_analytics_refresh' retrieved from /opt/airflow/dags/purchase_analytics_dag.py
[2025-12-21T17:50:59.561+0000] {logging_mixin.py:188} INFO - [2025-12-21T17:50:59.561+0000] {dag.py:3033} INFO - Sync 1 DAGs
[2025-12-21T17:50:59.575+0000] {logging_mixin.py:188} INFO - [2025-12-21T17:50:59.575+0000] {dag.py:3820} INFO - Setting next_dagrun for purchase_analytics_refresh to 2025-12-20T02:00:00+00:00, run_after=2025-12-21T02:00:00+00:00
[2025-12-21T17:50:59.588+0000] {processor.py:183} INFO - Processing /opt/airflow/dags/purchase_analytics_dag.py took 0.232 seconds
[2025-12-21T17:51:30.001+0000] {processor.py:161} INFO - Started process (PID=51) to work on /opt/airflow/dags/purchase_analytics_dag.py
[2025-12-21T17:51:30.002+0000] {processor.py:830} INFO - Processing file /opt/airflow/dags/purchase_analytics_dag.py for tasks to queue
[2025-12-21T17:51:30.003+0000] {logging_mixin.py:188} INFO - [2025-12-21T17:51:30.002+0000] {dagbag.py:538} INFO - Filling up the DagBag from /opt/airflow/dags/purchase_analytics_dag.py
[2025-12-21T17:51:30.043+0000] {processor.py:840} INFO - DAG(s) 'purchase_analytics_refresh' retrieved from /opt/airflow/dags/purchase_analytics_dag.py
[2025-12-21T17:51:30.095+0000] {logging_mixin.py:188} INFO - [2025-12-21T17:51:30.095+0000] {dag.py:3033} INFO - Sync 1 DAGs
[2025-12-21T17:51:30.117+0000] {logging_mixin.py:188} INFO - [2025-12-21T17:51:30.117+0000] {dag.py:3820} INFO - Setting next_dagrun for purchase_analytics_refresh to 2025-12-20T02:00:00+00:00, run_after=2025-12-21T02:00:00+00:00
[2025-12-21T17:51:30.135+0000] {processor.py:183} INFO - Processing /opt/airflow/dags/purchase_analytics_dag.py took 0.145 seconds
[2025-12-21T17:52:00.443+0000] {processor.py:161} INFO - Started process (PID=61) to work on /opt/airflow/dags/purchase_analytics_dag.py
[2025-12-21T17:52:00.444+0000] {processor.py:830} INFO - Processing file /opt/airflow/dags/purchase_analytics_dag.py for tasks to queue
[2025-12-21T17:52:00.445+0000] {logging_mixin.py:188} INFO - [2025-12-21T17:52:00.445+0000] {dagbag.py:538} INFO - Filling up the DagBag from /opt/airflow/dags/purchase_analytics_dag.py
[2025-12-21T17:52:00.468+0000] {processor.py:840} INFO - DAG(s) 'purchase_analytics_refresh' retrieved from /opt/airflow/dags/purchase_analytics_dag.py
[2025-12-21T17:52:00.510+0000] {logging_mixin.py:188} INFO - [2025-12-21T17:52:00.510+0000] {dag.py:3033} INFO - Sync 1 DAGs
[2025-12-21T17:52:00.528+0000] {logging_mixin.py:188} INFO - [2025-12-21T17:52:00.528+0000] {dag.py:3820} INFO - Setting next_dagrun for purchase_analytics_refresh to 2025-12-20T02:00:00+00:00, run_after=2025-12-21T02:00:00+00:00
[2025-12-21T17:52:00.542+0000] {processor.py:183} INFO - Processing /opt/airflow/dags/purchase_analytics_dag.py took 0.103 seconds
[2025-12-21T17:52:31.003+0000] {processor.py:161} INFO - Started process (PID=71) to work on /opt/airflow/dags/purchase_analytics_dag.py
[2025-12-21T17:52:31.005+0000] {processor.py:830} INFO - Processing file /opt/airflow/dags/purchase_analytics_dag.py for tasks to queue
[2025-12-21T17:52:31.009+0000] {logging_mixin.py:188} INFO - [2025-12-21T17:52:31.009+0000] {dagbag.py:538} INFO - Filling up the DagBag from /opt/airflow/dags/purchase_analytics_dag.py
[2025-12-21T17:52:31.028+0000] {processor.py:840} INFO - DAG(s) 'purchase_analytics_refresh' retrieved from /opt/airflow/dags/purchase_analytics_dag.py
[2025-12-21T17:52:31.070+0000] {logging_mixin.py:188} INFO - [2025-12-21T17:52:31.070+0000] {dag.py:3033} INFO - Sync 1 DAGs
[2025-12-21T17:52:31.091+0000] {logging_mixin.py:188} INFO - [2025-12-21T17:52:31.091+0000] {dag.py:3820} INFO - Setting next_dagrun for purchase_analytics_refresh to 2025-12-20T02:00:00+00:00, run_after=2025-12-21T02:00:00+00:00
[2025-12-21T17:52:31.105+0000] {processor.py:183} INFO - Processing /opt/airflow/dags/purchase_analytics_dag.py took 0.104 seconds
[2025-12-21T17:53:01.370+0000] {processor.py:161} INFO - Started process (PID=81) to work on /opt/airflow/dags/purchase_analytics_dag.py
[2025-12-21T17:53:01.371+0000] {processor.py:830} INFO - Processing file /opt/airflow/dags/purchase_analytics_dag.py for tasks to queue
[2025-12-21T17:53:01.372+0000] {logging_mixin.py:188} INFO - [2025-12-21T17:53:01.371+0000] {dagbag.py:538} INFO - Filling up the DagBag from /opt/airflow/dags/purchase_analytics_dag.py
[2025-12-21T17:53:01.386+0000] {processor.py:840} INFO - DAG(s) 'purchase_analytics_refresh' retrieved from /opt/airflow/dags/purchase_analytics_dag.py
[2025-12-21T17:53:01.416+0000] {logging_mixin.py:188} INFO - [2025-12-21T17:53:01.416+0000] {dag.py:3033} INFO - Sync 1 DAGs
[2025-12-21T17:53:01.440+0000] {logging_mixin.py:188} INFO - [2025-12-21T17:53:01.440+0000] {dag.py:3820} INFO - Setting next_dagrun for purchase_analytics_refresh to 2025-12-20T02:00:00+00:00, run_after=2025-12-21T02:00:00+00:00
[2025-12-21T17:53:01.460+0000] {processor.py:183} INFO - Processing /opt/airflow/dags/purchase_analytics_dag.py took 0.096 seconds
[2025-12-21T17:53:31.777+0000] {processor.py:161} INFO - Started process (PID=91) to work on /opt/airflow/dags/purchase_analytics_dag.py
[2025-12-21T17:53:31.779+0000] {processor.py:830} INFO - Processing file /opt/airflow/dags/purchase_analytics_dag.py for tasks to queue
[2025-12-21T17:53:31.780+0000] {logging_mixin.py:188} INFO - [2025-12-21T17:53:31.779+0000] {dagbag.py:538} INFO - Filling up the DagBag from /opt/airflow/dags/purchase_analytics_dag.py
[2025-12-21T17:53:31.803+0000] {processor.py:840} INFO - DAG(s) 'purchase_analytics_refresh' retrieved from /opt/airflow/dags/purchase_analytics_dag.py
[2025-12-21T17:53:31.852+0000] {logging_mixin.py:188} INFO - [2025-12-21T17:53:31.852+0000] {dag.py:3033} INFO - Sync 1 DAGs
[2025-12-21T17:53:31.871+0000] {logging_mixin.py:188} INFO - [2025-12-21T17:53:31.871+0000] {dag.py:3820} INFO - Setting next_dagrun for purchase_analytics_refresh to 2025-12-20T02:00:00+00:00, run_after=2025-12-21T02:00:00+00:00
[2025-12-21T17:53:31.888+0000] {processor.py:183} INFO - Processing /opt/airflow/dags/purchase_analytics_dag.py took 0.116 seconds
[2025-12-21T17:54:02.170+0000] {processor.py:161} INFO - Started process (PID=101) to work on /opt/airflow/dags/purchase_analytics_dag.py
[2025-12-21T17:54:02.171+0000] {processor.py:830} INFO - Processing file /opt/airflow/dags/purchase_analytics_dag.py for tasks to queue
[2025-12-21T17:54:02.172+0000] {logging_mixin.py:188} INFO - [2025-12-21T17:54:02.172+0000] {dagbag.py:538} INFO - Filling up the DagBag from /opt/airflow/dags/purchase_analytics_dag.py
[2025-12-21T17:54:02.195+0000] {processor.py:840} INFO - DAG(s) 'purchase_analytics_refresh' retrieved from /opt/airflow/dags/purchase_analytics_dag.py
[2025-12-21T17:54:02.237+0000] {logging_mixin.py:188} INFO - [2025-12-21T17:54:02.236+0000] {dag.py:3033} INFO - Sync 1 DAGs
[2025-12-21T17:54:02.265+0000] {logging_mixin.py:188} INFO - [2025-12-21T17:54:02.265+0000] {dag.py:3820} INFO - Setting next_dagrun for purchase_analytics_refresh to 2025-12-20T02:00:00+00:00, run_after=2025-12-21T02:00:00+00:00
[2025-12-21T17:54:02.283+0000] {processor.py:183} INFO - Processing /opt/airflow/dags/purchase_analytics_dag.py took 0.118 seconds
[2025-12-21T17:54:32.659+0000] {processor.py:161} INFO - Started process (PID=110) to work on /opt/airflow/dags/purchase_analytics_dag.py
[2025-12-21T17:54:32.661+0000] {processor.py:830} INFO - Processing file /opt/airflow/dags/purchase_analytics_dag.py for tasks to queue
[2025-12-21T17:54:32.662+0000] {logging_mixin.py:188} INFO - [2025-12-21T17:54:32.662+0000] {dagbag.py:538} INFO - Filling up the DagBag from /opt/airflow/dags/purchase_analytics_dag.py
[2025-12-21T17:54:32.701+0000] {processor.py:840} INFO - DAG(s) 'purchase_analytics_refresh' retrieved from /opt/airflow/dags/purchase_analytics_dag.py
[2025-12-21T17:54:32.754+0000] {logging_mixin.py:188} INFO - [2025-12-21T17:54:32.754+0000] {dag.py:3033} INFO - Sync 1 DAGs
[2025-12-21T17:54:32.787+0000] {logging_mixin.py:188} INFO - [2025-12-21T17:54:32.787+0000] {dag.py:3820} INFO - Setting next_dagrun for purchase_analytics_refresh to 2025-12-20T02:00:00+00:00, run_after=2025-12-21T02:00:00+00:00
[2025-12-21T17:54:32.808+0000] {processor.py:183} INFO - Processing /opt/airflow/dags/purchase_analytics_dag.py took 0.162 seconds
[2025-12-21T17:55:03.093+0000] {processor.py:161} INFO - Started process (PID=114) to work on /opt/airflow/dags/purchase_analytics_dag.py
[2025-12-21T17:55:03.094+0000] {processor.py:830} INFO - Processing file /opt/airflow/dags/purchase_analytics_dag.py for tasks to queue
[2025-12-21T17:55:03.095+0000] {logging_mixin.py:188} INFO - [2025-12-21T17:55:03.095+0000] {dagbag.py:538} INFO - Filling up the DagBag from /opt/airflow/dags/purchase_analytics_dag.py
[2025-12-21T17:55:03.131+0000] {processor.py:840} INFO - DAG(s) 'purchase_analytics_refresh' retrieved from /opt/airflow/dags/purchase_analytics_dag.py
[2025-12-21T17:55:03.189+0000] {logging_mixin.py:188} INFO - [2025-12-21T17:55:03.189+0000] {dag.py:3033} INFO - Sync 1 DAGs
[2025-12-21T17:55:03.210+0000] {logging_mixin.py:188} INFO - [2025-12-21T17:55:03.210+0000] {dag.py:3820} INFO - Setting next_dagrun for purchase_analytics_refresh to 2025-12-20T02:00:00+00:00, run_after=2025-12-21T02:00:00+00:00
[2025-12-21T17:55:03.228+0000] {processor.py:183} INFO - Processing /opt/airflow/dags/purchase_analytics_dag.py took 0.143 seconds
[2025-12-21T17:55:33.638+0000] {processor.py:161} INFO - Started process (PID=124) to work on /opt/airflow/dags/purchase_analytics_dag.py
[2025-12-21T17:55:33.639+0000] {processor.py:830} INFO - Processing file /opt/airflow/dags/purchase_analytics_dag.py for tasks to queue
[2025-12-21T17:55:33.641+0000] {logging_mixin.py:188} INFO - [2025-12-21T17:55:33.640+0000] {dagbag.py:538} INFO - Filling up the DagBag from /opt/airflow/dags/purchase_analytics_dag.py
[2025-12-21T17:55:33.670+0000] {processor.py:840} INFO - DAG(s) 'purchase_analytics_refresh' retrieved from /opt/airflow/dags/purchase_analytics_dag.py
[2025-12-21T17:55:33.719+0000] {logging_mixin.py:188} INFO - [2025-12-21T17:55:33.719+0000] {dag.py:3033} INFO - Sync 1 DAGs
[2025-12-21T17:55:33.740+0000] {logging_mixin.py:188} INFO - [2025-12-21T17:55:33.740+0000] {dag.py:3820} INFO - Setting next_dagrun for purchase_analytics_refresh to 2025-12-20T02:00:00+00:00, run_after=2025-12-21T02:00:00+00:00
[2025-12-21T17:55:33.756+0000] {processor.py:183} INFO - Processing /opt/airflow/dags/purchase_analytics_dag.py took 0.124 seconds
[2025-12-21T17:56:04.120+0000] {processor.py:161} INFO - Started process (PID=134) to work on /opt/airflow/dags/purchase_analytics_dag.py
[2025-12-21T17:56:04.121+0000] {processor.py:830} INFO - Processing file /opt/airflow/dags/purchase_analytics_dag.py for tasks to queue
[2025-12-21T17:56:04.122+0000] {logging_mixin.py:188} INFO - [2025-12-21T17:56:04.122+0000] {dagbag.py:538} INFO - Filling up the DagBag from /opt/airflow/dags/purchase_analytics_dag.py
[2025-12-21T17:56:04.155+0000] {processor.py:840} INFO - DAG(s) 'purchase_analytics_refresh' retrieved from /opt/airflow/dags/purchase_analytics_dag.py
[2025-12-21T17:56:04.200+0000] {logging_mixin.py:188} INFO - [2025-12-21T17:56:04.200+0000] {dag.py:3033} INFO - Sync 1 DAGs
[2025-12-21T17:56:04.226+0000] {logging_mixin.py:188} INFO - [2025-12-21T17:56:04.226+0000] {dag.py:3820} INFO - Setting next_dagrun for purchase_analytics_refresh to 2025-12-20T02:00:00+00:00, run_after=2025-12-21T02:00:00+00:00
[2025-12-21T17:56:04.245+0000] {processor.py:183} INFO - Processing /opt/airflow/dags/purchase_analytics_dag.py took 0.135 seconds
[2025-12-21T17:56:34.572+0000] {processor.py:161} INFO - Started process (PID=144) to work on /opt/airflow/dags/purchase_analytics_dag.py
[2025-12-21T17:56:34.574+0000] {processor.py:830} INFO - Processing file /opt/airflow/dags/purchase_analytics_dag.py for tasks to queue
[2025-12-21T17:56:34.575+0000] {logging_mixin.py:188} INFO - [2025-12-21T17:56:34.575+0000] {dagbag.py:538} INFO - Filling up the DagBag from /opt/airflow/dags/purchase_analytics_dag.py
[2025-12-21T17:56:34.632+0000] {processor.py:840} INFO - DAG(s) 'purchase_analytics_refresh' retrieved from /opt/airflow/dags/purchase_analytics_dag.py
[2025-12-21T17:56:34.719+0000] {logging_mixin.py:188} INFO - [2025-12-21T17:56:34.719+0000] {dag.py:3033} INFO - Sync 1 DAGs
[2025-12-21T17:56:34.750+0000] {logging_mixin.py:188} INFO - [2025-12-21T17:56:34.750+0000] {dag.py:3820} INFO - Setting next_dagrun for purchase_analytics_refresh to 2025-12-20T02:00:00+00:00, run_after=2025-12-21T02:00:00+00:00
[2025-12-21T17:56:34.781+0000] {processor.py:183} INFO - Processing /opt/airflow/dags/purchase_analytics_dag.py took 0.217 seconds
[2025-12-21T17:57:05.126+0000] {processor.py:161} INFO - Started process (PID=153) to work on /opt/airflow/dags/purchase_analytics_dag.py
[2025-12-21T17:57:05.130+0000] {processor.py:830} INFO - Processing file /opt/airflow/dags/purchase_analytics_dag.py for tasks to queue
[2025-12-21T17:57:05.132+0000] {logging_mixin.py:188} INFO - [2025-12-21T17:57:05.132+0000] {dagbag.py:538} INFO - Filling up the DagBag from /opt/airflow/dags/purchase_analytics_dag.py
[2025-12-21T17:57:05.176+0000] {processor.py:840} INFO - DAG(s) 'purchase_analytics_refresh' retrieved from /opt/airflow/dags/purchase_analytics_dag.py
[2025-12-21T17:57:05.237+0000] {logging_mixin.py:188} INFO - [2025-12-21T17:57:05.237+0000] {dag.py:3033} INFO - Sync 1 DAGs
[2025-12-21T17:57:05.278+0000] {logging_mixin.py:188} INFO - [2025-12-21T17:57:05.278+0000] {dag.py:3820} INFO - Setting next_dagrun for purchase_analytics_refresh to 2025-12-20T02:00:00+00:00, run_after=2025-12-21T02:00:00+00:00
[2025-12-21T17:57:05.297+0000] {processor.py:183} INFO - Processing /opt/airflow/dags/purchase_analytics_dag.py took 0.202 seconds
[2025-12-21T17:57:35.700+0000] {processor.py:161} INFO - Started process (PID=163) to work on /opt/airflow/dags/purchase_analytics_dag.py
[2025-12-21T17:57:35.702+0000] {processor.py:830} INFO - Processing file /opt/airflow/dags/purchase_analytics_dag.py for tasks to queue
[2025-12-21T17:57:35.703+0000] {logging_mixin.py:188} INFO - [2025-12-21T17:57:35.703+0000] {dagbag.py:538} INFO - Filling up the DagBag from /opt/airflow/dags/purchase_analytics_dag.py
[2025-12-21T17:57:35.743+0000] {processor.py:840} INFO - DAG(s) 'purchase_analytics_refresh' retrieved from /opt/airflow/dags/purchase_analytics_dag.py
[2025-12-21T17:57:35.800+0000] {logging_mixin.py:188} INFO - [2025-12-21T17:57:35.800+0000] {dag.py:3033} INFO - Sync 1 DAGs
[2025-12-21T17:57:35.823+0000] {logging_mixin.py:188} INFO - [2025-12-21T17:57:35.823+0000] {dag.py:3820} INFO - Setting next_dagrun for purchase_analytics_refresh to 2025-12-20T02:00:00+00:00, run_after=2025-12-21T02:00:00+00:00
[2025-12-21T17:57:35.838+0000] {processor.py:183} INFO - Processing /opt/airflow/dags/purchase_analytics_dag.py took 0.145 seconds
[2025-12-21T17:58:06.188+0000] {processor.py:161} INFO - Started process (PID=173) to work on /opt/airflow/dags/purchase_analytics_dag.py
[2025-12-21T17:58:06.194+0000] {processor.py:830} INFO - Processing file /opt/airflow/dags/purchase_analytics_dag.py for tasks to queue
[2025-12-21T17:58:06.196+0000] {logging_mixin.py:188} INFO - [2025-12-21T17:58:06.195+0000] {dagbag.py:538} INFO - Filling up the DagBag from /opt/airflow/dags/purchase_analytics_dag.py
[2025-12-21T17:58:06.228+0000] {processor.py:840} INFO - DAG(s) 'purchase_analytics_refresh' retrieved from /opt/airflow/dags/purchase_analytics_dag.py
[2025-12-21T17:58:06.282+0000] {logging_mixin.py:188} INFO - [2025-12-21T17:58:06.281+0000] {dag.py:3033} INFO - Sync 1 DAGs
[2025-12-21T17:58:06.318+0000] {logging_mixin.py:188} INFO - [2025-12-21T17:58:06.318+0000] {dag.py:3820} INFO - Setting next_dagrun for purchase_analytics_refresh to 2025-12-20T02:00:00+00:00, run_after=2025-12-21T02:00:00+00:00
[2025-12-21T17:58:06.337+0000] {processor.py:183} INFO - Processing /opt/airflow/dags/purchase_analytics_dag.py took 0.164 seconds
[2025-12-21T17:58:36.682+0000] {processor.py:161} INFO - Started process (PID=183) to work on /opt/airflow/dags/purchase_analytics_dag.py
[2025-12-21T17:58:36.683+0000] {processor.py:830} INFO - Processing file /opt/airflow/dags/purchase_analytics_dag.py for tasks to queue
[2025-12-21T17:58:36.684+0000] {logging_mixin.py:188} INFO - [2025-12-21T17:58:36.684+0000] {dagbag.py:538} INFO - Filling up the DagBag from /opt/airflow/dags/purchase_analytics_dag.py
[2025-12-21T17:58:36.713+0000] {processor.py:840} INFO - DAG(s) 'purchase_analytics_refresh' retrieved from /opt/airflow/dags/purchase_analytics_dag.py
[2025-12-21T17:58:36.761+0000] {logging_mixin.py:188} INFO - [2025-12-21T17:58:36.761+0000] {dag.py:3033} INFO - Sync 1 DAGs
[2025-12-21T17:58:36.782+0000] {logging_mixin.py:188} INFO - [2025-12-21T17:58:36.782+0000] {dag.py:3820} INFO - Setting next_dagrun for purchase_analytics_refresh to 2025-12-20T02:00:00+00:00, run_after=2025-12-21T02:00:00+00:00
[2025-12-21T17:58:36.798+0000] {processor.py:183} INFO - Processing /opt/airflow/dags/purchase_analytics_dag.py took 0.122 seconds
[2025-12-21T18:01:57.444+0000] {processor.py:161} INFO - Started process (PID=32) to work on /opt/airflow/dags/purchase_analytics_dag.py
[2025-12-21T18:01:57.445+0000] {processor.py:830} INFO - Processing file /opt/airflow/dags/purchase_analytics_dag.py for tasks to queue
[2025-12-21T18:01:57.446+0000] {logging_mixin.py:188} INFO - [2025-12-21T18:01:57.446+0000] {dagbag.py:538} INFO - Filling up the DagBag from /opt/airflow/dags/purchase_analytics_dag.py
[2025-12-21T18:01:57.468+0000] {processor.py:840} INFO - DAG(s) 'purchase_analytics_refresh' retrieved from /opt/airflow/dags/purchase_analytics_dag.py
[2025-12-21T18:01:57.495+0000] {logging_mixin.py:188} INFO - [2025-12-21T18:01:57.495+0000] {dag.py:3033} INFO - Sync 1 DAGs
[2025-12-21T18:01:57.523+0000] {logging_mixin.py:188} INFO - [2025-12-21T18:01:57.523+0000] {dag.py:3820} INFO - Setting next_dagrun for purchase_analytics_refresh to 2025-12-20T02:00:00+00:00, run_after=2025-12-21T02:00:00+00:00
[2025-12-21T18:01:57.541+0000] {processor.py:183} INFO - Processing /opt/airflow/dags/purchase_analytics_dag.py took 0.101 seconds
[2025-12-21T18:02:27.873+0000] {processor.py:161} INFO - Started process (PID=42) to work on /opt/airflow/dags/purchase_analytics_dag.py
[2025-12-21T18:02:27.879+0000] {processor.py:830} INFO - Processing file /opt/airflow/dags/purchase_analytics_dag.py for tasks to queue
[2025-12-21T18:02:27.880+0000] {logging_mixin.py:188} INFO - [2025-12-21T18:02:27.880+0000] {dagbag.py:538} INFO - Filling up the DagBag from /opt/airflow/dags/purchase_analytics_dag.py
[2025-12-21T18:02:27.911+0000] {processor.py:840} INFO - DAG(s) 'purchase_analytics_refresh' retrieved from /opt/airflow/dags/purchase_analytics_dag.py
[2025-12-21T18:02:28.168+0000] {logging_mixin.py:188} INFO - [2025-12-21T18:02:28.168+0000] {dag.py:3033} INFO - Sync 1 DAGs
[2025-12-21T18:02:28.187+0000] {logging_mixin.py:188} INFO - [2025-12-21T18:02:28.187+0000] {dag.py:3820} INFO - Setting next_dagrun for purchase_analytics_refresh to 2025-12-20T02:00:00+00:00, run_after=2025-12-21T02:00:00+00:00
[2025-12-21T18:02:28.205+0000] {processor.py:183} INFO - Processing /opt/airflow/dags/purchase_analytics_dag.py took 0.340 seconds
[2025-12-21T18:02:58.518+0000] {processor.py:161} INFO - Started process (PID=52) to work on /opt/airflow/dags/purchase_analytics_dag.py
[2025-12-21T18:02:58.519+0000] {processor.py:830} INFO - Processing file /opt/airflow/dags/purchase_analytics_dag.py for tasks to queue
[2025-12-21T18:02:58.520+0000] {logging_mixin.py:188} INFO - [2025-12-21T18:02:58.520+0000] {dagbag.py:538} INFO - Filling up the DagBag from /opt/airflow/dags/purchase_analytics_dag.py
[2025-12-21T18:02:58.533+0000] {processor.py:840} INFO - DAG(s) 'purchase_analytics_refresh' retrieved from /opt/airflow/dags/purchase_analytics_dag.py
[2025-12-21T18:02:58.565+0000] {logging_mixin.py:188} INFO - [2025-12-21T18:02:58.565+0000] {dag.py:3033} INFO - Sync 1 DAGs
[2025-12-21T18:02:58.586+0000] {logging_mixin.py:188} INFO - [2025-12-21T18:02:58.586+0000] {dag.py:3820} INFO - Setting next_dagrun for purchase_analytics_refresh to 2025-12-20T02:00:00+00:00, run_after=2025-12-21T02:00:00+00:00
[2025-12-21T18:02:58.601+0000] {processor.py:183} INFO - Processing /opt/airflow/dags/purchase_analytics_dag.py took 0.086 seconds
[2025-12-21T18:03:28.956+0000] {processor.py:161} INFO - Started process (PID=62) to work on /opt/airflow/dags/purchase_analytics_dag.py
[2025-12-21T18:03:28.957+0000] {processor.py:830} INFO - Processing file /opt/airflow/dags/purchase_analytics_dag.py for tasks to queue
[2025-12-21T18:03:28.958+0000] {logging_mixin.py:188} INFO - [2025-12-21T18:03:28.958+0000] {dagbag.py:538} INFO - Filling up the DagBag from /opt/airflow/dags/purchase_analytics_dag.py
[2025-12-21T18:03:28.973+0000] {processor.py:840} INFO - DAG(s) 'purchase_analytics_refresh' retrieved from /opt/airflow/dags/purchase_analytics_dag.py
[2025-12-21T18:03:29.017+0000] {logging_mixin.py:188} INFO - [2025-12-21T18:03:29.017+0000] {dag.py:3033} INFO - Sync 1 DAGs
[2025-12-21T18:03:29.044+0000] {logging_mixin.py:188} INFO - [2025-12-21T18:03:29.044+0000] {dag.py:3820} INFO - Setting next_dagrun for purchase_analytics_refresh to 2025-12-20T02:00:00+00:00, run_after=2025-12-21T02:00:00+00:00
[2025-12-21T18:03:29.063+0000] {processor.py:183} INFO - Processing /opt/airflow/dags/purchase_analytics_dag.py took 0.110 seconds
[2025-12-21T18:03:59.279+0000] {processor.py:161} INFO - Started process (PID=72) to work on /opt/airflow/dags/purchase_analytics_dag.py
[2025-12-21T18:03:59.279+0000] {processor.py:830} INFO - Processing file /opt/airflow/dags/purchase_analytics_dag.py for tasks to queue
[2025-12-21T18:03:59.280+0000] {logging_mixin.py:188} INFO - [2025-12-21T18:03:59.280+0000] {dagbag.py:538} INFO - Filling up the DagBag from /opt/airflow/dags/purchase_analytics_dag.py
[2025-12-21T18:03:59.292+0000] {processor.py:840} INFO - DAG(s) 'purchase_analytics_refresh' retrieved from /opt/airflow/dags/purchase_analytics_dag.py
[2025-12-21T18:03:59.323+0000] {logging_mixin.py:188} INFO - [2025-12-21T18:03:59.322+0000] {dag.py:3033} INFO - Sync 1 DAGs
[2025-12-21T18:03:59.343+0000] {logging_mixin.py:188} INFO - [2025-12-21T18:03:59.343+0000] {dag.py:3820} INFO - Setting next_dagrun for purchase_analytics_refresh to 2025-12-20T02:00:00+00:00, run_after=2025-12-21T02:00:00+00:00
[2025-12-21T18:03:59.360+0000] {processor.py:183} INFO - Processing /opt/airflow/dags/purchase_analytics_dag.py took 0.083 seconds
[2025-12-21T18:04:29.683+0000] {processor.py:161} INFO - Started process (PID=82) to work on /opt/airflow/dags/purchase_analytics_dag.py
[2025-12-21T18:04:29.685+0000] {processor.py:830} INFO - Processing file /opt/airflow/dags/purchase_analytics_dag.py for tasks to queue
[2025-12-21T18:04:29.685+0000] {logging_mixin.py:188} INFO - [2025-12-21T18:04:29.685+0000] {dagbag.py:538} INFO - Filling up the DagBag from /opt/airflow/dags/purchase_analytics_dag.py
[2025-12-21T18:04:29.702+0000] {processor.py:840} INFO - DAG(s) 'purchase_analytics_refresh' retrieved from /opt/airflow/dags/purchase_analytics_dag.py
[2025-12-21T18:04:29.740+0000] {logging_mixin.py:188} INFO - [2025-12-21T18:04:29.739+0000] {dag.py:3033} INFO - Sync 1 DAGs
[2025-12-21T18:04:29.759+0000] {logging_mixin.py:188} INFO - [2025-12-21T18:04:29.759+0000] {dag.py:3820} INFO - Setting next_dagrun for purchase_analytics_refresh to 2025-12-20T02:00:00+00:00, run_after=2025-12-21T02:00:00+00:00
[2025-12-21T18:04:29.773+0000] {processor.py:183} INFO - Processing /opt/airflow/dags/purchase_analytics_dag.py took 0.095 seconds
[2025-12-21T18:05:00.213+0000] {processor.py:161} INFO - Started process (PID=92) to work on /opt/airflow/dags/purchase_analytics_dag.py
[2025-12-21T18:05:00.214+0000] {processor.py:830} INFO - Processing file /opt/airflow/dags/purchase_analytics_dag.py for tasks to queue
[2025-12-21T18:05:00.215+0000] {logging_mixin.py:188} INFO - [2025-12-21T18:05:00.215+0000] {dagbag.py:538} INFO - Filling up the DagBag from /opt/airflow/dags/purchase_analytics_dag.py
[2025-12-21T18:05:00.236+0000] {processor.py:840} INFO - DAG(s) 'purchase_analytics_refresh' retrieved from /opt/airflow/dags/purchase_analytics_dag.py
[2025-12-21T18:05:00.287+0000] {logging_mixin.py:188} INFO - [2025-12-21T18:05:00.287+0000] {dag.py:3033} INFO - Sync 1 DAGs
[2025-12-21T18:05:00.317+0000] {logging_mixin.py:188} INFO - [2025-12-21T18:05:00.317+0000] {dag.py:3820} INFO - Setting next_dagrun for purchase_analytics_refresh to 2025-12-20T02:00:00+00:00, run_after=2025-12-21T02:00:00+00:00
[2025-12-21T18:05:00.336+0000] {processor.py:183} INFO - Processing /opt/airflow/dags/purchase_analytics_dag.py took 0.132 seconds
[2025-12-21T18:05:30.727+0000] {processor.py:161} INFO - Started process (PID=102) to work on /opt/airflow/dags/purchase_analytics_dag.py
[2025-12-21T18:05:30.729+0000] {processor.py:830} INFO - Processing file /opt/airflow/dags/purchase_analytics_dag.py for tasks to queue
[2025-12-21T18:05:30.730+0000] {logging_mixin.py:188} INFO - [2025-12-21T18:05:30.729+0000] {dagbag.py:538} INFO - Filling up the DagBag from /opt/airflow/dags/purchase_analytics_dag.py
[2025-12-21T18:05:30.759+0000] {processor.py:840} INFO - DAG(s) 'purchase_analytics_refresh' retrieved from /opt/airflow/dags/purchase_analytics_dag.py
[2025-12-21T18:05:30.842+0000] {logging_mixin.py:188} INFO - [2025-12-21T18:05:30.842+0000] {dag.py:3033} INFO - Sync 1 DAGs
[2025-12-21T18:05:30.874+0000] {logging_mixin.py:188} INFO - [2025-12-21T18:05:30.874+0000] {dag.py:3820} INFO - Setting next_dagrun for purchase_analytics_refresh to 2025-12-20T02:00:00+00:00, run_after=2025-12-21T02:00:00+00:00
[2025-12-21T18:05:30.895+0000] {processor.py:183} INFO - Processing /opt/airflow/dags/purchase_analytics_dag.py took 0.172 seconds
[2025-12-21T18:06:01.264+0000] {processor.py:161} INFO - Started process (PID=105) to work on /opt/airflow/dags/purchase_analytics_dag.py
[2025-12-21T18:06:01.265+0000] {processor.py:830} INFO - Processing file /opt/airflow/dags/purchase_analytics_dag.py for tasks to queue
[2025-12-21T18:06:01.266+0000] {logging_mixin.py:188} INFO - [2025-12-21T18:06:01.266+0000] {dagbag.py:538} INFO - Filling up the DagBag from /opt/airflow/dags/purchase_analytics_dag.py
[2025-12-21T18:06:01.309+0000] {processor.py:840} INFO - DAG(s) 'purchase_analytics_refresh' retrieved from /opt/airflow/dags/purchase_analytics_dag.py
[2025-12-21T18:06:01.374+0000] {logging_mixin.py:188} INFO - [2025-12-21T18:06:01.373+0000] {dag.py:3033} INFO - Sync 1 DAGs
[2025-12-21T18:06:01.409+0000] {logging_mixin.py:188} INFO - [2025-12-21T18:06:01.409+0000] {dag.py:3820} INFO - Setting next_dagrun for purchase_analytics_refresh to 2025-12-20T02:00:00+00:00, run_after=2025-12-21T02:00:00+00:00
[2025-12-21T18:06:01.425+0000] {processor.py:183} INFO - Processing /opt/airflow/dags/purchase_analytics_dag.py took 0.172 seconds
[2025-12-21T18:06:31.897+0000] {processor.py:161} INFO - Started process (PID=115) to work on /opt/airflow/dags/purchase_analytics_dag.py
[2025-12-21T18:06:31.898+0000] {processor.py:830} INFO - Processing file /opt/airflow/dags/purchase_analytics_dag.py for tasks to queue
[2025-12-21T18:06:31.899+0000] {logging_mixin.py:188} INFO - [2025-12-21T18:06:31.899+0000] {dagbag.py:538} INFO - Filling up the DagBag from /opt/airflow/dags/purchase_analytics_dag.py
[2025-12-21T18:06:31.929+0000] {processor.py:840} INFO - DAG(s) 'purchase_analytics_refresh' retrieved from /opt/airflow/dags/purchase_analytics_dag.py
[2025-12-21T18:06:31.979+0000] {logging_mixin.py:188} INFO - [2025-12-21T18:06:31.979+0000] {dag.py:3033} INFO - Sync 1 DAGs
[2025-12-21T18:06:32.002+0000] {logging_mixin.py:188} INFO - [2025-12-21T18:06:32.001+0000] {dag.py:3820} INFO - Setting next_dagrun for purchase_analytics_refresh to 2025-12-20T02:00:00+00:00, run_after=2025-12-21T02:00:00+00:00
[2025-12-21T18:06:32.016+0000] {processor.py:183} INFO - Processing /opt/airflow/dags/purchase_analytics_dag.py took 0.127 seconds
[2025-12-21T18:09:59.663+0000] {processor.py:161} INFO - Started process (PID=31) to work on /opt/airflow/dags/purchase_analytics_dag.py
[2025-12-21T18:09:59.665+0000] {processor.py:830} INFO - Processing file /opt/airflow/dags/purchase_analytics_dag.py for tasks to queue
[2025-12-21T18:09:59.665+0000] {logging_mixin.py:188} INFO - [2025-12-21T18:09:59.665+0000] {dagbag.py:538} INFO - Filling up the DagBag from /opt/airflow/dags/purchase_analytics_dag.py
[2025-12-21T18:09:59.681+0000] {processor.py:840} INFO - DAG(s) 'purchase_analytics_refresh' retrieved from /opt/airflow/dags/purchase_analytics_dag.py
[2025-12-21T18:09:59.701+0000] {logging_mixin.py:188} INFO - [2025-12-21T18:09:59.701+0000] {dag.py:3033} INFO - Sync 1 DAGs
[2025-12-21T18:09:59.728+0000] {logging_mixin.py:188} INFO - [2025-12-21T18:09:59.728+0000] {dag.py:3820} INFO - Setting next_dagrun for purchase_analytics_refresh to 2025-12-20T02:00:00+00:00, run_after=2025-12-21T02:00:00+00:00
[2025-12-21T18:09:59.742+0000] {processor.py:183} INFO - Processing /opt/airflow/dags/purchase_analytics_dag.py took 0.085 seconds
[2025-12-21T18:10:30.050+0000] {processor.py:161} INFO - Started process (PID=41) to work on /opt/airflow/dags/purchase_analytics_dag.py
[2025-12-21T18:10:30.052+0000] {processor.py:830} INFO - Processing file /opt/airflow/dags/purchase_analytics_dag.py for tasks to queue
[2025-12-21T18:10:30.052+0000] {logging_mixin.py:188} INFO - [2025-12-21T18:10:30.052+0000] {dagbag.py:538} INFO - Filling up the DagBag from /opt/airflow/dags/purchase_analytics_dag.py
[2025-12-21T18:10:30.084+0000] {processor.py:840} INFO - DAG(s) 'purchase_analytics_refresh' retrieved from /opt/airflow/dags/purchase_analytics_dag.py
[2025-12-21T18:10:30.302+0000] {logging_mixin.py:188} INFO - [2025-12-21T18:10:30.302+0000] {dag.py:3033} INFO - Sync 1 DAGs
[2025-12-21T18:10:30.320+0000] {logging_mixin.py:188} INFO - [2025-12-21T18:10:30.320+0000] {dag.py:3820} INFO - Setting next_dagrun for purchase_analytics_refresh to 2025-12-20T02:00:00+00:00, run_after=2025-12-21T02:00:00+00:00
[2025-12-21T18:10:30.336+0000] {processor.py:183} INFO - Processing /opt/airflow/dags/purchase_analytics_dag.py took 0.288 seconds
[2025-12-21T18:11:00.650+0000] {processor.py:161} INFO - Started process (PID=51) to work on /opt/airflow/dags/purchase_analytics_dag.py
[2025-12-21T18:11:00.651+0000] {processor.py:830} INFO - Processing file /opt/airflow/dags/purchase_analytics_dag.py for tasks to queue
[2025-12-21T18:11:00.652+0000] {logging_mixin.py:188} INFO - [2025-12-21T18:11:00.651+0000] {dagbag.py:538} INFO - Filling up the DagBag from /opt/airflow/dags/purchase_analytics_dag.py
[2025-12-21T18:11:00.665+0000] {processor.py:840} INFO - DAG(s) 'purchase_analytics_refresh' retrieved from /opt/airflow/dags/purchase_analytics_dag.py
[2025-12-21T18:11:00.706+0000] {logging_mixin.py:188} INFO - [2025-12-21T18:11:00.705+0000] {dag.py:3033} INFO - Sync 1 DAGs
[2025-12-21T18:11:00.727+0000] {logging_mixin.py:188} INFO - [2025-12-21T18:11:00.727+0000] {dag.py:3820} INFO - Setting next_dagrun for purchase_analytics_refresh to 2025-12-20T02:00:00+00:00, run_after=2025-12-21T02:00:00+00:00
[2025-12-21T18:11:00.741+0000] {processor.py:183} INFO - Processing /opt/airflow/dags/purchase_analytics_dag.py took 0.093 seconds
[2025-12-21T18:11:31.081+0000] {processor.py:161} INFO - Started process (PID=61) to work on /opt/airflow/dags/purchase_analytics_dag.py
[2025-12-21T18:11:31.082+0000] {processor.py:830} INFO - Processing file /opt/airflow/dags/purchase_analytics_dag.py for tasks to queue
[2025-12-21T18:11:31.083+0000] {logging_mixin.py:188} INFO - [2025-12-21T18:11:31.083+0000] {dagbag.py:538} INFO - Filling up the DagBag from /opt/airflow/dags/purchase_analytics_dag.py
[2025-12-21T18:11:31.102+0000] {processor.py:840} INFO - DAG(s) 'purchase_analytics_refresh' retrieved from /opt/airflow/dags/purchase_analytics_dag.py
[2025-12-21T18:11:31.142+0000] {logging_mixin.py:188} INFO - [2025-12-21T18:11:31.142+0000] {dag.py:3033} INFO - Sync 1 DAGs
[2025-12-21T18:11:31.161+0000] {logging_mixin.py:188} INFO - [2025-12-21T18:11:31.161+0000] {dag.py:3820} INFO - Setting next_dagrun for purchase_analytics_refresh to 2025-12-20T02:00:00+00:00, run_after=2025-12-21T02:00:00+00:00
[2025-12-21T18:11:31.177+0000] {processor.py:183} INFO - Processing /opt/airflow/dags/purchase_analytics_dag.py took 0.100 seconds
[2025-12-21T18:12:01.525+0000] {processor.py:161} INFO - Started process (PID=71) to work on /opt/airflow/dags/purchase_analytics_dag.py
[2025-12-21T18:12:01.527+0000] {processor.py:830} INFO - Processing file /opt/airflow/dags/purchase_analytics_dag.py for tasks to queue
[2025-12-21T18:12:01.529+0000] {logging_mixin.py:188} INFO - [2025-12-21T18:12:01.528+0000] {dagbag.py:538} INFO - Filling up the DagBag from /opt/airflow/dags/purchase_analytics_dag.py
[2025-12-21T18:12:01.549+0000] {processor.py:840} INFO - DAG(s) 'purchase_analytics_refresh' retrieved from /opt/airflow/dags/purchase_analytics_dag.py
[2025-12-21T18:12:01.592+0000] {logging_mixin.py:188} INFO - [2025-12-21T18:12:01.592+0000] {dag.py:3033} INFO - Sync 1 DAGs
[2025-12-21T18:12:01.614+0000] {logging_mixin.py:188} INFO - [2025-12-21T18:12:01.614+0000] {dag.py:3820} INFO - Setting next_dagrun for purchase_analytics_refresh to 2025-12-20T02:00:00+00:00, run_after=2025-12-21T02:00:00+00:00
[2025-12-21T18:12:01.630+0000] {processor.py:183} INFO - Processing /opt/airflow/dags/purchase_analytics_dag.py took 0.118 seconds
[2025-12-21T18:12:31.935+0000] {processor.py:161} INFO - Started process (PID=81) to work on /opt/airflow/dags/purchase_analytics_dag.py
[2025-12-21T18:12:31.936+0000] {processor.py:830} INFO - Processing file /opt/airflow/dags/purchase_analytics_dag.py for tasks to queue
[2025-12-21T18:12:31.937+0000] {logging_mixin.py:188} INFO - [2025-12-21T18:12:31.936+0000] {dagbag.py:538} INFO - Filling up the DagBag from /opt/airflow/dags/purchase_analytics_dag.py
[2025-12-21T18:12:31.952+0000] {processor.py:840} INFO - DAG(s) 'purchase_analytics_refresh' retrieved from /opt/airflow/dags/purchase_analytics_dag.py
[2025-12-21T18:12:31.982+0000] {logging_mixin.py:188} INFO - [2025-12-21T18:12:31.982+0000] {dag.py:3033} INFO - Sync 1 DAGs
[2025-12-21T18:12:32.002+0000] {logging_mixin.py:188} INFO - [2025-12-21T18:12:32.002+0000] {dag.py:3820} INFO - Setting next_dagrun for purchase_analytics_refresh to 2025-12-20T02:00:00+00:00, run_after=2025-12-21T02:00:00+00:00
[2025-12-21T18:12:32.016+0000] {processor.py:183} INFO - Processing /opt/airflow/dags/purchase_analytics_dag.py took 0.086 seconds
[2025-12-21T18:13:02.408+0000] {processor.py:161} INFO - Started process (PID=91) to work on /opt/airflow/dags/purchase_analytics_dag.py
[2025-12-21T18:13:02.410+0000] {processor.py:830} INFO - Processing file /opt/airflow/dags/purchase_analytics_dag.py for tasks to queue
[2025-12-21T18:13:02.411+0000] {logging_mixin.py:188} INFO - [2025-12-21T18:13:02.411+0000] {dagbag.py:538} INFO - Filling up the DagBag from /opt/airflow/dags/purchase_analytics_dag.py
[2025-12-21T18:13:02.440+0000] {processor.py:840} INFO - DAG(s) 'purchase_analytics_refresh' retrieved from /opt/airflow/dags/purchase_analytics_dag.py
[2025-12-21T18:13:02.481+0000] {logging_mixin.py:188} INFO - [2025-12-21T18:13:02.481+0000] {dag.py:3033} INFO - Sync 1 DAGs
[2025-12-21T18:13:02.513+0000] {logging_mixin.py:188} INFO - [2025-12-21T18:13:02.512+0000] {dag.py:3820} INFO - Setting next_dagrun for purchase_analytics_refresh to 2025-12-20T02:00:00+00:00, run_after=2025-12-21T02:00:00+00:00
[2025-12-21T18:13:02.531+0000] {processor.py:183} INFO - Processing /opt/airflow/dags/purchase_analytics_dag.py took 0.131 seconds
[2025-12-21T18:13:32.885+0000] {processor.py:161} INFO - Started process (PID=94) to work on /opt/airflow/dags/purchase_analytics_dag.py
[2025-12-21T18:13:32.886+0000] {processor.py:830} INFO - Processing file /opt/airflow/dags/purchase_analytics_dag.py for tasks to queue
[2025-12-21T18:13:32.889+0000] {logging_mixin.py:188} INFO - [2025-12-21T18:13:32.887+0000] {dagbag.py:538} INFO - Filling up the DagBag from /opt/airflow/dags/purchase_analytics_dag.py
[2025-12-21T18:13:32.921+0000] {processor.py:840} INFO - DAG(s) 'purchase_analytics_refresh' retrieved from /opt/airflow/dags/purchase_analytics_dag.py
[2025-12-21T18:13:32.972+0000] {logging_mixin.py:188} INFO - [2025-12-21T18:13:32.971+0000] {dag.py:3033} INFO - Sync 1 DAGs
[2025-12-21T18:13:33.007+0000] {logging_mixin.py:188} INFO - [2025-12-21T18:13:33.006+0000] {dag.py:3820} INFO - Setting next_dagrun for purchase_analytics_refresh to 2025-12-20T02:00:00+00:00, run_after=2025-12-21T02:00:00+00:00
[2025-12-21T18:13:33.024+0000] {processor.py:183} INFO - Processing /opt/airflow/dags/purchase_analytics_dag.py took 0.143 seconds
[2025-12-21T18:14:03.673+0000] {processor.py:161} INFO - Started process (PID=104) to work on /opt/airflow/dags/purchase_analytics_dag.py
[2025-12-21T18:14:03.674+0000] {processor.py:830} INFO - Processing file /opt/airflow/dags/purchase_analytics_dag.py for tasks to queue
[2025-12-21T18:14:03.676+0000] {logging_mixin.py:188} INFO - [2025-12-21T18:14:03.675+0000] {dagbag.py:538} INFO - Filling up the DagBag from /opt/airflow/dags/purchase_analytics_dag.py
[2025-12-21T18:14:03.701+0000] {processor.py:840} INFO - DAG(s) 'purchase_analytics_refresh' retrieved from /opt/airflow/dags/purchase_analytics_dag.py
[2025-12-21T18:14:03.758+0000] {logging_mixin.py:188} INFO - [2025-12-21T18:14:03.758+0000] {dag.py:3033} INFO - Sync 1 DAGs
[2025-12-21T18:14:03.787+0000] {logging_mixin.py:188} INFO - [2025-12-21T18:14:03.787+0000] {dag.py:3820} INFO - Setting next_dagrun for purchase_analytics_refresh to 2025-12-20T02:00:00+00:00, run_after=2025-12-21T02:00:00+00:00
[2025-12-21T18:14:03.802+0000] {processor.py:183} INFO - Processing /opt/airflow/dags/purchase_analytics_dag.py took 0.138 seconds
[2025-12-21T18:14:34.122+0000] {processor.py:161} INFO - Started process (PID=114) to work on /opt/airflow/dags/purchase_analytics_dag.py
[2025-12-21T18:14:34.124+0000] {processor.py:830} INFO - Processing file /opt/airflow/dags/purchase_analytics_dag.py for tasks to queue
[2025-12-21T18:14:34.125+0000] {logging_mixin.py:188} INFO - [2025-12-21T18:14:34.124+0000] {dagbag.py:538} INFO - Filling up the DagBag from /opt/airflow/dags/purchase_analytics_dag.py
[2025-12-21T18:14:34.148+0000] {processor.py:840} INFO - DAG(s) 'purchase_analytics_refresh' retrieved from /opt/airflow/dags/purchase_analytics_dag.py
[2025-12-21T18:14:34.197+0000] {logging_mixin.py:188} INFO - [2025-12-21T18:14:34.196+0000] {dag.py:3033} INFO - Sync 1 DAGs
[2025-12-21T18:14:34.219+0000] {logging_mixin.py:188} INFO - [2025-12-21T18:14:34.219+0000] {dag.py:3820} INFO - Setting next_dagrun for purchase_analytics_refresh to 2025-12-20T02:00:00+00:00, run_after=2025-12-21T02:00:00+00:00
[2025-12-21T18:14:34.236+0000] {processor.py:183} INFO - Processing /opt/airflow/dags/purchase_analytics_dag.py took 0.120 seconds
[2025-12-21T18:15:04.569+0000] {processor.py:161} INFO - Started process (PID=124) to work on /opt/airflow/dags/purchase_analytics_dag.py
[2025-12-21T18:15:04.573+0000] {processor.py:830} INFO - Processing file /opt/airflow/dags/purchase_analytics_dag.py for tasks to queue
[2025-12-21T18:15:04.574+0000] {logging_mixin.py:188} INFO - [2025-12-21T18:15:04.573+0000] {dagbag.py:538} INFO - Filling up the DagBag from /opt/airflow/dags/purchase_analytics_dag.py
[2025-12-21T18:15:04.593+0000] {processor.py:840} INFO - DAG(s) 'purchase_analytics_refresh' retrieved from /opt/airflow/dags/purchase_analytics_dag.py
[2025-12-21T18:15:04.638+0000] {logging_mixin.py:188} INFO - [2025-12-21T18:15:04.638+0000] {dag.py:3033} INFO - Sync 1 DAGs
[2025-12-21T18:15:04.665+0000] {logging_mixin.py:188} INFO - [2025-12-21T18:15:04.665+0000] {dag.py:3820} INFO - Setting next_dagrun for purchase_analytics_refresh to 2025-12-20T02:00:00+00:00, run_after=2025-12-21T02:00:00+00:00
[2025-12-21T18:15:04.682+0000] {processor.py:183} INFO - Processing /opt/airflow/dags/purchase_analytics_dag.py took 0.120 seconds
[2025-12-21T18:15:35.137+0000] {processor.py:161} INFO - Started process (PID=134) to work on /opt/airflow/dags/purchase_analytics_dag.py
[2025-12-21T18:15:35.138+0000] {processor.py:830} INFO - Processing file /opt/airflow/dags/purchase_analytics_dag.py for tasks to queue
[2025-12-21T18:15:35.139+0000] {logging_mixin.py:188} INFO - [2025-12-21T18:15:35.139+0000] {dagbag.py:538} INFO - Filling up the DagBag from /opt/airflow/dags/purchase_analytics_dag.py
[2025-12-21T18:15:35.165+0000] {processor.py:840} INFO - DAG(s) 'purchase_analytics_refresh' retrieved from /opt/airflow/dags/purchase_analytics_dag.py
[2025-12-21T18:15:35.230+0000] {logging_mixin.py:188} INFO - [2025-12-21T18:15:35.230+0000] {dag.py:3033} INFO - Sync 1 DAGs
[2025-12-21T18:15:35.261+0000] {logging_mixin.py:188} INFO - [2025-12-21T18:15:35.260+0000] {dag.py:3820} INFO - Setting next_dagrun for purchase_analytics_refresh to 2025-12-20T02:00:00+00:00, run_after=2025-12-21T02:00:00+00:00
[2025-12-21T18:15:35.280+0000] {processor.py:183} INFO - Processing /opt/airflow/dags/purchase_analytics_dag.py took 0.153 seconds
[2025-12-21T18:16:05.677+0000] {processor.py:161} INFO - Started process (PID=144) to work on /opt/airflow/dags/purchase_analytics_dag.py
[2025-12-21T18:16:05.678+0000] {processor.py:830} INFO - Processing file /opt/airflow/dags/purchase_analytics_dag.py for tasks to queue
[2025-12-21T18:16:05.679+0000] {logging_mixin.py:188} INFO - [2025-12-21T18:16:05.679+0000] {dagbag.py:538} INFO - Filling up the DagBag from /opt/airflow/dags/purchase_analytics_dag.py
[2025-12-21T18:16:05.708+0000] {processor.py:840} INFO - DAG(s) 'purchase_analytics_refresh' retrieved from /opt/airflow/dags/purchase_analytics_dag.py
[2025-12-21T18:16:05.762+0000] {logging_mixin.py:188} INFO - [2025-12-21T18:16:05.762+0000] {dag.py:3033} INFO - Sync 1 DAGs
[2025-12-21T18:16:05.794+0000] {logging_mixin.py:188} INFO - [2025-12-21T18:16:05.794+0000] {dag.py:3820} INFO - Setting next_dagrun for purchase_analytics_refresh to 2025-12-20T02:00:00+00:00, run_after=2025-12-21T02:00:00+00:00
[2025-12-21T18:16:05.813+0000] {processor.py:183} INFO - Processing /opt/airflow/dags/purchase_analytics_dag.py took 0.147 seconds
[2025-12-21T18:16:36.156+0000] {processor.py:161} INFO - Started process (PID=154) to work on /opt/airflow/dags/purchase_analytics_dag.py
[2025-12-21T18:16:36.160+0000] {processor.py:830} INFO - Processing file /opt/airflow/dags/purchase_analytics_dag.py for tasks to queue
[2025-12-21T18:16:36.163+0000] {logging_mixin.py:188} INFO - [2025-12-21T18:16:36.161+0000] {dagbag.py:538} INFO - Filling up the DagBag from /opt/airflow/dags/purchase_analytics_dag.py
[2025-12-21T18:16:36.198+0000] {processor.py:840} INFO - DAG(s) 'purchase_analytics_refresh' retrieved from /opt/airflow/dags/purchase_analytics_dag.py
[2025-12-21T18:16:36.256+0000] {logging_mixin.py:188} INFO - [2025-12-21T18:16:36.256+0000] {dag.py:3033} INFO - Sync 1 DAGs
[2025-12-21T18:16:36.292+0000] {logging_mixin.py:188} INFO - [2025-12-21T18:16:36.292+0000] {dag.py:3820} INFO - Setting next_dagrun for purchase_analytics_refresh to 2025-12-20T02:00:00+00:00, run_after=2025-12-21T02:00:00+00:00
[2025-12-21T18:16:36.321+0000] {processor.py:183} INFO - Processing /opt/airflow/dags/purchase_analytics_dag.py took 0.171 seconds
[2025-12-21T18:17:06.687+0000] {processor.py:161} INFO - Started process (PID=163) to work on /opt/airflow/dags/purchase_analytics_dag.py
[2025-12-21T18:17:06.689+0000] {processor.py:830} INFO - Processing file /opt/airflow/dags/purchase_analytics_dag.py for tasks to queue
[2025-12-21T18:17:06.690+0000] {logging_mixin.py:188} INFO - [2025-12-21T18:17:06.689+0000] {dagbag.py:538} INFO - Filling up the DagBag from /opt/airflow/dags/purchase_analytics_dag.py
[2025-12-21T18:17:06.724+0000] {processor.py:840} INFO - DAG(s) 'purchase_analytics_refresh' retrieved from /opt/airflow/dags/purchase_analytics_dag.py
[2025-12-21T18:17:06.778+0000] {logging_mixin.py:188} INFO - [2025-12-21T18:17:06.777+0000] {dag.py:3033} INFO - Sync 1 DAGs
[2025-12-21T18:17:06.801+0000] {logging_mixin.py:188} INFO - [2025-12-21T18:17:06.801+0000] {dag.py:3820} INFO - Setting next_dagrun for purchase_analytics_refresh to 2025-12-20T02:00:00+00:00, run_after=2025-12-21T02:00:00+00:00
[2025-12-21T18:17:06.817+0000] {processor.py:183} INFO - Processing /opt/airflow/dags/purchase_analytics_dag.py took 0.136 seconds
[2025-12-21T18:17:37.125+0000] {processor.py:161} INFO - Started process (PID=198) to work on /opt/airflow/dags/purchase_analytics_dag.py
[2025-12-21T18:17:37.126+0000] {processor.py:830} INFO - Processing file /opt/airflow/dags/purchase_analytics_dag.py for tasks to queue
[2025-12-21T18:17:37.127+0000] {logging_mixin.py:188} INFO - [2025-12-21T18:17:37.127+0000] {dagbag.py:538} INFO - Filling up the DagBag from /opt/airflow/dags/purchase_analytics_dag.py
[2025-12-21T18:17:37.143+0000] {processor.py:840} INFO - DAG(s) 'purchase_analytics_refresh' retrieved from /opt/airflow/dags/purchase_analytics_dag.py
[2025-12-21T18:17:37.178+0000] {logging_mixin.py:188} INFO - [2025-12-21T18:17:37.178+0000] {dag.py:3033} INFO - Sync 1 DAGs
[2025-12-21T18:17:37.199+0000] {logging_mixin.py:188} INFO - [2025-12-21T18:17:37.199+0000] {dag.py:3820} INFO - Setting next_dagrun for purchase_analytics_refresh to 2025-12-21T02:00:00+00:00, run_after=2025-12-22T02:00:00+00:00
[2025-12-21T18:17:37.214+0000] {processor.py:183} INFO - Processing /opt/airflow/dags/purchase_analytics_dag.py took 0.093 seconds
[2025-12-21T18:18:07.620+0000] {processor.py:161} INFO - Started process (PID=231) to work on /opt/airflow/dags/purchase_analytics_dag.py
[2025-12-21T18:18:07.621+0000] {processor.py:830} INFO - Processing file /opt/airflow/dags/purchase_analytics_dag.py for tasks to queue
[2025-12-21T18:18:07.623+0000] {logging_mixin.py:188} INFO - [2025-12-21T18:18:07.622+0000] {dagbag.py:538} INFO - Filling up the DagBag from /opt/airflow/dags/purchase_analytics_dag.py
[2025-12-21T18:18:07.645+0000] {processor.py:840} INFO - DAG(s) 'purchase_analytics_refresh' retrieved from /opt/airflow/dags/purchase_analytics_dag.py
[2025-12-21T18:18:07.705+0000] {logging_mixin.py:188} INFO - [2025-12-21T18:18:07.705+0000] {dag.py:3033} INFO - Sync 1 DAGs
[2025-12-21T18:18:07.728+0000] {logging_mixin.py:188} INFO - [2025-12-21T18:18:07.728+0000] {dag.py:3820} INFO - Setting next_dagrun for purchase_analytics_refresh to 2025-12-21T02:00:00+00:00, run_after=2025-12-22T02:00:00+00:00
[2025-12-21T18:18:07.744+0000] {processor.py:183} INFO - Processing /opt/airflow/dags/purchase_analytics_dag.py took 0.129 seconds
[2025-12-21T18:18:38.258+0000] {processor.py:161} INFO - Started process (PID=241) to work on /opt/airflow/dags/purchase_analytics_dag.py
[2025-12-21T18:18:38.261+0000] {processor.py:830} INFO - Processing file /opt/airflow/dags/purchase_analytics_dag.py for tasks to queue
[2025-12-21T18:18:38.263+0000] {logging_mixin.py:188} INFO - [2025-12-21T18:18:38.262+0000] {dagbag.py:538} INFO - Filling up the DagBag from /opt/airflow/dags/purchase_analytics_dag.py
[2025-12-21T18:18:38.302+0000] {processor.py:840} INFO - DAG(s) 'purchase_analytics_refresh' retrieved from /opt/airflow/dags/purchase_analytics_dag.py
[2025-12-21T18:18:38.350+0000] {logging_mixin.py:188} INFO - [2025-12-21T18:18:38.350+0000] {dag.py:3033} INFO - Sync 1 DAGs
[2025-12-21T18:18:38.375+0000] {logging_mixin.py:188} INFO - [2025-12-21T18:18:38.375+0000] {dag.py:3820} INFO - Setting next_dagrun for purchase_analytics_refresh to 2025-12-21T02:00:00+00:00, run_after=2025-12-22T02:00:00+00:00
[2025-12-21T18:18:38.390+0000] {processor.py:183} INFO - Processing /opt/airflow/dags/purchase_analytics_dag.py took 0.151 seconds
[2025-12-21T18:19:08.791+0000] {processor.py:161} INFO - Started process (PID=251) to work on /opt/airflow/dags/purchase_analytics_dag.py
[2025-12-21T18:19:08.793+0000] {processor.py:830} INFO - Processing file /opt/airflow/dags/purchase_analytics_dag.py for tasks to queue
[2025-12-21T18:19:08.794+0000] {logging_mixin.py:188} INFO - [2025-12-21T18:19:08.794+0000] {dagbag.py:538} INFO - Filling up the DagBag from /opt/airflow/dags/purchase_analytics_dag.py
[2025-12-21T18:19:08.821+0000] {processor.py:840} INFO - DAG(s) 'purchase_analytics_refresh' retrieved from /opt/airflow/dags/purchase_analytics_dag.py
[2025-12-21T18:19:08.868+0000] {logging_mixin.py:188} INFO - [2025-12-21T18:19:08.868+0000] {dag.py:3033} INFO - Sync 1 DAGs
[2025-12-21T18:19:08.902+0000] {logging_mixin.py:188} INFO - [2025-12-21T18:19:08.902+0000] {dag.py:3820} INFO - Setting next_dagrun for purchase_analytics_refresh to 2025-12-21T02:00:00+00:00, run_after=2025-12-22T02:00:00+00:00
[2025-12-21T18:19:08.918+0000] {processor.py:183} INFO - Processing /opt/airflow/dags/purchase_analytics_dag.py took 0.139 seconds
[2025-12-21T18:19:39.322+0000] {processor.py:161} INFO - Started process (PID=261) to work on /opt/airflow/dags/purchase_analytics_dag.py
[2025-12-21T18:19:39.325+0000] {processor.py:830} INFO - Processing file /opt/airflow/dags/purchase_analytics_dag.py for tasks to queue
[2025-12-21T18:19:39.326+0000] {logging_mixin.py:188} INFO - [2025-12-21T18:19:39.326+0000] {dagbag.py:538} INFO - Filling up the DagBag from /opt/airflow/dags/purchase_analytics_dag.py
[2025-12-21T18:19:39.359+0000] {processor.py:840} INFO - DAG(s) 'purchase_analytics_refresh' retrieved from /opt/airflow/dags/purchase_analytics_dag.py
[2025-12-21T18:19:39.413+0000] {logging_mixin.py:188} INFO - [2025-12-21T18:19:39.412+0000] {dag.py:3033} INFO - Sync 1 DAGs
[2025-12-21T18:19:39.438+0000] {logging_mixin.py:188} INFO - [2025-12-21T18:19:39.437+0000] {dag.py:3820} INFO - Setting next_dagrun for purchase_analytics_refresh to 2025-12-21T02:00:00+00:00, run_after=2025-12-22T02:00:00+00:00
[2025-12-21T18:19:39.453+0000] {processor.py:183} INFO - Processing /opt/airflow/dags/purchase_analytics_dag.py took 0.143 seconds
[2025-12-21T18:20:09.864+0000] {processor.py:161} INFO - Started process (PID=271) to work on /opt/airflow/dags/purchase_analytics_dag.py
[2025-12-21T18:20:09.865+0000] {processor.py:830} INFO - Processing file /opt/airflow/dags/purchase_analytics_dag.py for tasks to queue
[2025-12-21T18:20:09.866+0000] {logging_mixin.py:188} INFO - [2025-12-21T18:20:09.866+0000] {dagbag.py:538} INFO - Filling up the DagBag from /opt/airflow/dags/purchase_analytics_dag.py
[2025-12-21T18:20:09.898+0000] {processor.py:840} INFO - DAG(s) 'purchase_analytics_refresh' retrieved from /opt/airflow/dags/purchase_analytics_dag.py
[2025-12-21T18:20:09.952+0000] {logging_mixin.py:188} INFO - [2025-12-21T18:20:09.952+0000] {dag.py:3033} INFO - Sync 1 DAGs
[2025-12-21T18:20:09.977+0000] {logging_mixin.py:188} INFO - [2025-12-21T18:20:09.976+0000] {dag.py:3820} INFO - Setting next_dagrun for purchase_analytics_refresh to 2025-12-21T02:00:00+00:00, run_after=2025-12-22T02:00:00+00:00
[2025-12-21T18:20:09.993+0000] {processor.py:183} INFO - Processing /opt/airflow/dags/purchase_analytics_dag.py took 0.136 seconds
[2025-12-21T18:20:40.313+0000] {processor.py:161} INFO - Started process (PID=281) to work on /opt/airflow/dags/purchase_analytics_dag.py
[2025-12-21T18:20:40.314+0000] {processor.py:830} INFO - Processing file /opt/airflow/dags/purchase_analytics_dag.py for tasks to queue
[2025-12-21T18:20:40.316+0000] {logging_mixin.py:188} INFO - [2025-12-21T18:20:40.315+0000] {dagbag.py:538} INFO - Filling up the DagBag from /opt/airflow/dags/purchase_analytics_dag.py
[2025-12-21T18:20:40.349+0000] {processor.py:840} INFO - DAG(s) 'purchase_analytics_refresh' retrieved from /opt/airflow/dags/purchase_analytics_dag.py
[2025-12-21T18:20:40.400+0000] {logging_mixin.py:188} INFO - [2025-12-21T18:20:40.400+0000] {dag.py:3033} INFO - Sync 1 DAGs
[2025-12-21T18:20:40.427+0000] {logging_mixin.py:188} INFO - [2025-12-21T18:20:40.427+0000] {dag.py:3820} INFO - Setting next_dagrun for purchase_analytics_refresh to 2025-12-21T02:00:00+00:00, run_after=2025-12-22T02:00:00+00:00
[2025-12-21T18:20:40.444+0000] {processor.py:183} INFO - Processing /opt/airflow/dags/purchase_analytics_dag.py took 0.141 seconds
[2025-12-21T18:21:10.834+0000] {processor.py:161} INFO - Started process (PID=291) to work on /opt/airflow/dags/purchase_analytics_dag.py
[2025-12-21T18:21:10.835+0000] {processor.py:830} INFO - Processing file /opt/airflow/dags/purchase_analytics_dag.py for tasks to queue
[2025-12-21T18:21:10.836+0000] {logging_mixin.py:188} INFO - [2025-12-21T18:21:10.836+0000] {dagbag.py:538} INFO - Filling up the DagBag from /opt/airflow/dags/purchase_analytics_dag.py
[2025-12-21T18:21:10.858+0000] {processor.py:840} INFO - DAG(s) 'purchase_analytics_refresh' retrieved from /opt/airflow/dags/purchase_analytics_dag.py
[2025-12-21T18:21:10.922+0000] {logging_mixin.py:188} INFO - [2025-12-21T18:21:10.922+0000] {dag.py:3033} INFO - Sync 1 DAGs
[2025-12-21T18:21:10.950+0000] {logging_mixin.py:188} INFO - [2025-12-21T18:21:10.950+0000] {dag.py:3820} INFO - Setting next_dagrun for purchase_analytics_refresh to 2025-12-21T02:00:00+00:00, run_after=2025-12-22T02:00:00+00:00
[2025-12-21T18:21:10.966+0000] {processor.py:183} INFO - Processing /opt/airflow/dags/purchase_analytics_dag.py took 0.142 seconds
[2025-12-21T18:21:41.361+0000] {processor.py:161} INFO - Started process (PID=301) to work on /opt/airflow/dags/purchase_analytics_dag.py
[2025-12-21T18:21:41.362+0000] {processor.py:830} INFO - Processing file /opt/airflow/dags/purchase_analytics_dag.py for tasks to queue
[2025-12-21T18:21:41.364+0000] {logging_mixin.py:188} INFO - [2025-12-21T18:21:41.363+0000] {dagbag.py:538} INFO - Filling up the DagBag from /opt/airflow/dags/purchase_analytics_dag.py
[2025-12-21T18:21:41.434+0000] {processor.py:840} INFO - DAG(s) 'purchase_analytics_refresh' retrieved from /opt/airflow/dags/purchase_analytics_dag.py
[2025-12-21T18:21:41.489+0000] {logging_mixin.py:188} INFO - [2025-12-21T18:21:41.489+0000] {dag.py:3033} INFO - Sync 1 DAGs
[2025-12-21T18:21:41.514+0000] {logging_mixin.py:188} INFO - [2025-12-21T18:21:41.514+0000] {dag.py:3820} INFO - Setting next_dagrun for purchase_analytics_refresh to 2025-12-21T02:00:00+00:00, run_after=2025-12-22T02:00:00+00:00
[2025-12-21T18:21:41.530+0000] {processor.py:183} INFO - Processing /opt/airflow/dags/purchase_analytics_dag.py took 0.179 seconds
[2025-12-21T18:22:11.853+0000] {processor.py:161} INFO - Started process (PID=311) to work on /opt/airflow/dags/purchase_analytics_dag.py
[2025-12-21T18:22:11.855+0000] {processor.py:830} INFO - Processing file /opt/airflow/dags/purchase_analytics_dag.py for tasks to queue
[2025-12-21T18:22:11.858+0000] {logging_mixin.py:188} INFO - [2025-12-21T18:22:11.857+0000] {dagbag.py:538} INFO - Filling up the DagBag from /opt/airflow/dags/purchase_analytics_dag.py
[2025-12-21T18:22:11.882+0000] {processor.py:840} INFO - DAG(s) 'purchase_analytics_refresh' retrieved from /opt/airflow/dags/purchase_analytics_dag.py
[2025-12-21T18:22:11.927+0000] {logging_mixin.py:188} INFO - [2025-12-21T18:22:11.927+0000] {dag.py:3033} INFO - Sync 1 DAGs
[2025-12-21T18:22:11.962+0000] {logging_mixin.py:188} INFO - [2025-12-21T18:22:11.962+0000] {dag.py:3820} INFO - Setting next_dagrun for purchase_analytics_refresh to 2025-12-21T02:00:00+00:00, run_after=2025-12-22T02:00:00+00:00
[2025-12-21T18:22:11.977+0000] {processor.py:183} INFO - Processing /opt/airflow/dags/purchase_analytics_dag.py took 0.130 seconds
[2025-12-21T18:22:42.157+0000] {processor.py:161} INFO - Started process (PID=321) to work on /opt/airflow/dags/purchase_analytics_dag.py
[2025-12-21T18:22:42.158+0000] {processor.py:830} INFO - Processing file /opt/airflow/dags/purchase_analytics_dag.py for tasks to queue
[2025-12-21T18:22:42.160+0000] {logging_mixin.py:188} INFO - [2025-12-21T18:22:42.159+0000] {dagbag.py:538} INFO - Filling up the DagBag from /opt/airflow/dags/purchase_analytics_dag.py
[2025-12-21T18:22:42.185+0000] {processor.py:840} INFO - DAG(s) 'purchase_analytics_refresh' retrieved from /opt/airflow/dags/purchase_analytics_dag.py
[2025-12-21T18:22:42.233+0000] {logging_mixin.py:188} INFO - [2025-12-21T18:22:42.233+0000] {dag.py:3033} INFO - Sync 1 DAGs
[2025-12-21T18:22:42.255+0000] {logging_mixin.py:188} INFO - [2025-12-21T18:22:42.255+0000] {dag.py:3820} INFO - Setting next_dagrun for purchase_analytics_refresh to 2025-12-21T02:00:00+00:00, run_after=2025-12-22T02:00:00+00:00
[2025-12-21T18:22:42.271+0000] {processor.py:183} INFO - Processing /opt/airflow/dags/purchase_analytics_dag.py took 0.123 seconds
[2025-12-21T18:23:12.628+0000] {processor.py:161} INFO - Started process (PID=331) to work on /opt/airflow/dags/purchase_analytics_dag.py
[2025-12-21T18:23:12.629+0000] {processor.py:830} INFO - Processing file /opt/airflow/dags/purchase_analytics_dag.py for tasks to queue
[2025-12-21T18:23:12.630+0000] {logging_mixin.py:188} INFO - [2025-12-21T18:23:12.630+0000] {dagbag.py:538} INFO - Filling up the DagBag from /opt/airflow/dags/purchase_analytics_dag.py
[2025-12-21T18:23:12.657+0000] {processor.py:840} INFO - DAG(s) 'purchase_analytics_refresh' retrieved from /opt/airflow/dags/purchase_analytics_dag.py
[2025-12-21T18:23:12.714+0000] {logging_mixin.py:188} INFO - [2025-12-21T18:23:12.714+0000] {dag.py:3033} INFO - Sync 1 DAGs
[2025-12-21T18:23:12.742+0000] {logging_mixin.py:188} INFO - [2025-12-21T18:23:12.742+0000] {dag.py:3820} INFO - Setting next_dagrun for purchase_analytics_refresh to 2025-12-21T02:00:00+00:00, run_after=2025-12-22T02:00:00+00:00
[2025-12-21T18:23:12.760+0000] {processor.py:183} INFO - Processing /opt/airflow/dags/purchase_analytics_dag.py took 0.138 seconds
[2025-12-21T18:23:43.164+0000] {processor.py:161} INFO - Started process (PID=340) to work on /opt/airflow/dags/purchase_analytics_dag.py
[2025-12-21T18:23:43.166+0000] {processor.py:830} INFO - Processing file /opt/airflow/dags/purchase_analytics_dag.py for tasks to queue
[2025-12-21T18:23:43.167+0000] {logging_mixin.py:188} INFO - [2025-12-21T18:23:43.167+0000] {dagbag.py:538} INFO - Filling up the DagBag from /opt/airflow/dags/purchase_analytics_dag.py
[2025-12-21T18:23:43.203+0000] {processor.py:840} INFO - DAG(s) 'purchase_analytics_refresh' retrieved from /opt/airflow/dags/purchase_analytics_dag.py
[2025-12-21T18:23:43.268+0000] {logging_mixin.py:188} INFO - [2025-12-21T18:23:43.268+0000] {dag.py:3033} INFO - Sync 1 DAGs
[2025-12-21T18:23:43.312+0000] {logging_mixin.py:188} INFO - [2025-12-21T18:23:43.312+0000] {dag.py:3820} INFO - Setting next_dagrun for purchase_analytics_refresh to 2025-12-21T02:00:00+00:00, run_after=2025-12-22T02:00:00+00:00
[2025-12-21T18:23:43.345+0000] {processor.py:183} INFO - Processing /opt/airflow/dags/purchase_analytics_dag.py took 0.195 seconds
[2025-12-21T18:24:13.572+0000] {processor.py:161} INFO - Started process (PID=350) to work on /opt/airflow/dags/purchase_analytics_dag.py
[2025-12-21T18:24:13.573+0000] {processor.py:830} INFO - Processing file /opt/airflow/dags/purchase_analytics_dag.py for tasks to queue
[2025-12-21T18:24:13.574+0000] {logging_mixin.py:188} INFO - [2025-12-21T18:24:13.573+0000] {dagbag.py:538} INFO - Filling up the DagBag from /opt/airflow/dags/purchase_analytics_dag.py
[2025-12-21T18:24:13.596+0000] {processor.py:840} INFO - DAG(s) 'purchase_analytics_refresh' retrieved from /opt/airflow/dags/purchase_analytics_dag.py
[2025-12-21T18:24:13.640+0000] {logging_mixin.py:188} INFO - [2025-12-21T18:24:13.640+0000] {dag.py:3033} INFO - Sync 1 DAGs
[2025-12-21T18:24:13.674+0000] {logging_mixin.py:188} INFO - [2025-12-21T18:24:13.674+0000] {dag.py:3820} INFO - Setting next_dagrun for purchase_analytics_refresh to 2025-12-21T02:00:00+00:00, run_after=2025-12-22T02:00:00+00:00
[2025-12-21T18:24:13.694+0000] {processor.py:183} INFO - Processing /opt/airflow/dags/purchase_analytics_dag.py took 0.127 seconds
[2025-12-21T18:27:43.959+0000] {processor.py:161} INFO - Started process (PID=31) to work on /opt/airflow/dags/purchase_analytics_dag.py
[2025-12-21T18:27:43.960+0000] {processor.py:830} INFO - Processing file /opt/airflow/dags/purchase_analytics_dag.py for tasks to queue
[2025-12-21T18:27:43.961+0000] {logging_mixin.py:188} INFO - [2025-12-21T18:27:43.960+0000] {dagbag.py:538} INFO - Filling up the DagBag from /opt/airflow/dags/purchase_analytics_dag.py
[2025-12-21T18:27:43.980+0000] {processor.py:840} INFO - DAG(s) 'purchase_analytics_refresh' retrieved from /opt/airflow/dags/purchase_analytics_dag.py
[2025-12-21T18:27:44.028+0000] {logging_mixin.py:188} INFO - [2025-12-21T18:27:44.027+0000] {dag.py:3033} INFO - Sync 1 DAGs
[2025-12-21T18:27:44.088+0000] {logging_mixin.py:188} INFO - [2025-12-21T18:27:44.088+0000] {dag.py:3820} INFO - Setting next_dagrun for purchase_analytics_refresh to 2025-12-20T02:00:00+00:00, run_after=2025-12-21T02:00:00+00:00
[2025-12-21T18:27:44.114+0000] {processor.py:183} INFO - Processing /opt/airflow/dags/purchase_analytics_dag.py took 0.159 seconds
[2025-12-21T18:28:14.293+0000] {processor.py:161} INFO - Started process (PID=41) to work on /opt/airflow/dags/purchase_analytics_dag.py
[2025-12-21T18:28:14.294+0000] {processor.py:830} INFO - Processing file /opt/airflow/dags/purchase_analytics_dag.py for tasks to queue
[2025-12-21T18:28:14.296+0000] {logging_mixin.py:188} INFO - [2025-12-21T18:28:14.295+0000] {dagbag.py:538} INFO - Filling up the DagBag from /opt/airflow/dags/purchase_analytics_dag.py
[2025-12-21T18:28:14.334+0000] {processor.py:840} INFO - DAG(s) 'purchase_analytics_refresh' retrieved from /opt/airflow/dags/purchase_analytics_dag.py
[2025-12-21T18:28:14.490+0000] {logging_mixin.py:188} INFO - [2025-12-21T18:28:14.490+0000] {dag.py:3033} INFO - Sync 1 DAGs
[2025-12-21T18:28:14.506+0000] {logging_mixin.py:188} INFO - [2025-12-21T18:28:14.506+0000] {dag.py:3820} INFO - Setting next_dagrun for purchase_analytics_refresh to 2025-12-20T02:00:00+00:00, run_after=2025-12-21T02:00:00+00:00
[2025-12-21T18:28:14.519+0000] {processor.py:183} INFO - Processing /opt/airflow/dags/purchase_analytics_dag.py took 0.235 seconds
[2025-12-21T18:28:44.819+0000] {processor.py:161} INFO - Started process (PID=51) to work on /opt/airflow/dags/purchase_analytics_dag.py
[2025-12-21T18:28:44.821+0000] {processor.py:830} INFO - Processing file /opt/airflow/dags/purchase_analytics_dag.py for tasks to queue
[2025-12-21T18:28:44.822+0000] {logging_mixin.py:188} INFO - [2025-12-21T18:28:44.821+0000] {dagbag.py:538} INFO - Filling up the DagBag from /opt/airflow/dags/purchase_analytics_dag.py
[2025-12-21T18:28:44.855+0000] {processor.py:840} INFO - DAG(s) 'purchase_analytics_refresh' retrieved from /opt/airflow/dags/purchase_analytics_dag.py
[2025-12-21T18:28:44.917+0000] {logging_mixin.py:188} INFO - [2025-12-21T18:28:44.917+0000] {dag.py:3033} INFO - Sync 1 DAGs
[2025-12-21T18:28:44.940+0000] {logging_mixin.py:188} INFO - [2025-12-21T18:28:44.940+0000] {dag.py:3820} INFO - Setting next_dagrun for purchase_analytics_refresh to 2025-12-20T02:00:00+00:00, run_after=2025-12-21T02:00:00+00:00
[2025-12-21T18:28:44.962+0000] {processor.py:183} INFO - Processing /opt/airflow/dags/purchase_analytics_dag.py took 0.149 seconds
[2025-12-21T18:29:15.208+0000] {processor.py:161} INFO - Started process (PID=61) to work on /opt/airflow/dags/purchase_analytics_dag.py
[2025-12-21T18:29:15.211+0000] {processor.py:830} INFO - Processing file /opt/airflow/dags/purchase_analytics_dag.py for tasks to queue
[2025-12-21T18:29:15.212+0000] {logging_mixin.py:188} INFO - [2025-12-21T18:29:15.212+0000] {dagbag.py:538} INFO - Filling up the DagBag from /opt/airflow/dags/purchase_analytics_dag.py
[2025-12-21T18:29:15.232+0000] {processor.py:840} INFO - DAG(s) 'purchase_analytics_refresh' retrieved from /opt/airflow/dags/purchase_analytics_dag.py
[2025-12-21T18:29:15.282+0000] {logging_mixin.py:188} INFO - [2025-12-21T18:29:15.282+0000] {dag.py:3033} INFO - Sync 1 DAGs
[2025-12-21T18:29:15.311+0000] {logging_mixin.py:188} INFO - [2025-12-21T18:29:15.310+0000] {dag.py:3820} INFO - Setting next_dagrun for purchase_analytics_refresh to 2025-12-20T02:00:00+00:00, run_after=2025-12-21T02:00:00+00:00
[2025-12-21T18:29:15.325+0000] {processor.py:183} INFO - Processing /opt/airflow/dags/purchase_analytics_dag.py took 0.124 seconds
[2025-12-21T18:29:45.523+0000] {processor.py:161} INFO - Started process (PID=120) to work on /opt/airflow/dags/purchase_analytics_dag.py
[2025-12-21T18:29:45.524+0000] {processor.py:830} INFO - Processing file /opt/airflow/dags/purchase_analytics_dag.py for tasks to queue
[2025-12-21T18:29:45.525+0000] {logging_mixin.py:188} INFO - [2025-12-21T18:29:45.524+0000] {dagbag.py:538} INFO - Filling up the DagBag from /opt/airflow/dags/purchase_analytics_dag.py
[2025-12-21T18:29:45.551+0000] {processor.py:840} INFO - DAG(s) 'purchase_analytics_refresh' retrieved from /opt/airflow/dags/purchase_analytics_dag.py
[2025-12-21T18:29:45.589+0000] {logging_mixin.py:188} INFO - [2025-12-21T18:29:45.588+0000] {dag.py:3033} INFO - Sync 1 DAGs
[2025-12-21T18:29:45.611+0000] {logging_mixin.py:188} INFO - [2025-12-21T18:29:45.611+0000] {dag.py:3820} INFO - Setting next_dagrun for purchase_analytics_refresh to 2025-12-21T02:00:00+00:00, run_after=2025-12-22T02:00:00+00:00
[2025-12-21T18:29:45.626+0000] {processor.py:183} INFO - Processing /opt/airflow/dags/purchase_analytics_dag.py took 0.107 seconds
[2025-12-21T18:30:15.815+0000] {processor.py:161} INFO - Started process (PID=130) to work on /opt/airflow/dags/purchase_analytics_dag.py
[2025-12-21T18:30:15.816+0000] {processor.py:830} INFO - Processing file /opt/airflow/dags/purchase_analytics_dag.py for tasks to queue
[2025-12-21T18:30:15.818+0000] {logging_mixin.py:188} INFO - [2025-12-21T18:30:15.817+0000] {dagbag.py:538} INFO - Filling up the DagBag from /opt/airflow/dags/purchase_analytics_dag.py
[2025-12-21T18:30:15.846+0000] {processor.py:840} INFO - DAG(s) 'purchase_analytics_refresh' retrieved from /opt/airflow/dags/purchase_analytics_dag.py
[2025-12-21T18:30:15.907+0000] {logging_mixin.py:188} INFO - [2025-12-21T18:30:15.907+0000] {dag.py:3033} INFO - Sync 1 DAGs
[2025-12-21T18:30:15.930+0000] {logging_mixin.py:188} INFO - [2025-12-21T18:30:15.929+0000] {dag.py:3820} INFO - Setting next_dagrun for purchase_analytics_refresh to 2025-12-21T02:00:00+00:00, run_after=2025-12-22T02:00:00+00:00
[2025-12-21T18:30:15.947+0000] {processor.py:183} INFO - Processing /opt/airflow/dags/purchase_analytics_dag.py took 0.136 seconds
[2025-12-21T18:30:46.252+0000] {processor.py:161} INFO - Started process (PID=141) to work on /opt/airflow/dags/purchase_analytics_dag.py
[2025-12-21T18:30:46.253+0000] {processor.py:830} INFO - Processing file /opt/airflow/dags/purchase_analytics_dag.py for tasks to queue
[2025-12-21T18:30:46.254+0000] {logging_mixin.py:188} INFO - [2025-12-21T18:30:46.254+0000] {dagbag.py:538} INFO - Filling up the DagBag from /opt/airflow/dags/purchase_analytics_dag.py
[2025-12-21T18:30:46.267+0000] {processor.py:840} INFO - DAG(s) 'purchase_analytics_refresh' retrieved from /opt/airflow/dags/purchase_analytics_dag.py
[2025-12-21T18:30:46.295+0000] {logging_mixin.py:188} INFO - [2025-12-21T18:30:46.295+0000] {dag.py:3033} INFO - Sync 1 DAGs
[2025-12-21T18:30:46.317+0000] {logging_mixin.py:188} INFO - [2025-12-21T18:30:46.316+0000] {dag.py:3820} INFO - Setting next_dagrun for purchase_analytics_refresh to 2025-12-21T02:00:00+00:00, run_after=2025-12-22T02:00:00+00:00
[2025-12-21T18:30:46.329+0000] {processor.py:183} INFO - Processing /opt/airflow/dags/purchase_analytics_dag.py took 0.079 seconds
[2025-12-21T18:31:16.604+0000] {processor.py:161} INFO - Started process (PID=151) to work on /opt/airflow/dags/purchase_analytics_dag.py
[2025-12-21T18:31:16.605+0000] {processor.py:830} INFO - Processing file /opt/airflow/dags/purchase_analytics_dag.py for tasks to queue
[2025-12-21T18:31:16.606+0000] {logging_mixin.py:188} INFO - [2025-12-21T18:31:16.605+0000] {dagbag.py:538} INFO - Filling up the DagBag from /opt/airflow/dags/purchase_analytics_dag.py
[2025-12-21T18:31:16.629+0000] {processor.py:840} INFO - DAG(s) 'purchase_analytics_refresh' retrieved from /opt/airflow/dags/purchase_analytics_dag.py
[2025-12-21T18:31:16.680+0000] {logging_mixin.py:188} INFO - [2025-12-21T18:31:16.680+0000] {dag.py:3033} INFO - Sync 1 DAGs
[2025-12-21T18:31:16.717+0000] {logging_mixin.py:188} INFO - [2025-12-21T18:31:16.717+0000] {dag.py:3820} INFO - Setting next_dagrun for purchase_analytics_refresh to 2025-12-21T02:00:00+00:00, run_after=2025-12-22T02:00:00+00:00
[2025-12-21T18:31:16.740+0000] {processor.py:183} INFO - Processing /opt/airflow/dags/purchase_analytics_dag.py took 0.141 seconds
[2025-12-21T18:31:47.044+0000] {processor.py:161} INFO - Started process (PID=154) to work on /opt/airflow/dags/purchase_analytics_dag.py
[2025-12-21T18:31:47.045+0000] {processor.py:830} INFO - Processing file /opt/airflow/dags/purchase_analytics_dag.py for tasks to queue
[2025-12-21T18:31:47.045+0000] {logging_mixin.py:188} INFO - [2025-12-21T18:31:47.045+0000] {dagbag.py:538} INFO - Filling up the DagBag from /opt/airflow/dags/purchase_analytics_dag.py
[2025-12-21T18:31:47.068+0000] {processor.py:840} INFO - DAG(s) 'purchase_analytics_refresh' retrieved from /opt/airflow/dags/purchase_analytics_dag.py
[2025-12-21T18:31:47.113+0000] {logging_mixin.py:188} INFO - [2025-12-21T18:31:47.113+0000] {dag.py:3033} INFO - Sync 1 DAGs
[2025-12-21T18:31:47.140+0000] {logging_mixin.py:188} INFO - [2025-12-21T18:31:47.140+0000] {dag.py:3820} INFO - Setting next_dagrun for purchase_analytics_refresh to 2025-12-21T02:00:00+00:00, run_after=2025-12-22T02:00:00+00:00
[2025-12-21T18:31:47.158+0000] {processor.py:183} INFO - Processing /opt/airflow/dags/purchase_analytics_dag.py took 0.118 seconds
[2025-12-21T18:32:17.466+0000] {processor.py:161} INFO - Started process (PID=164) to work on /opt/airflow/dags/purchase_analytics_dag.py
[2025-12-21T18:32:17.467+0000] {processor.py:830} INFO - Processing file /opt/airflow/dags/purchase_analytics_dag.py for tasks to queue
[2025-12-21T18:32:17.468+0000] {logging_mixin.py:188} INFO - [2025-12-21T18:32:17.468+0000] {dagbag.py:538} INFO - Filling up the DagBag from /opt/airflow/dags/purchase_analytics_dag.py
[2025-12-21T18:32:17.498+0000] {processor.py:840} INFO - DAG(s) 'purchase_analytics_refresh' retrieved from /opt/airflow/dags/purchase_analytics_dag.py
[2025-12-21T18:32:17.565+0000] {logging_mixin.py:188} INFO - [2025-12-21T18:32:17.564+0000] {dag.py:3033} INFO - Sync 1 DAGs
[2025-12-21T18:32:17.610+0000] {logging_mixin.py:188} INFO - [2025-12-21T18:32:17.610+0000] {dag.py:3820} INFO - Setting next_dagrun for purchase_analytics_refresh to 2025-12-21T02:00:00+00:00, run_after=2025-12-22T02:00:00+00:00
[2025-12-21T18:32:17.633+0000] {processor.py:183} INFO - Processing /opt/airflow/dags/purchase_analytics_dag.py took 0.177 seconds
[2025-12-21T18:32:47.989+0000] {processor.py:161} INFO - Started process (PID=174) to work on /opt/airflow/dags/purchase_analytics_dag.py
[2025-12-21T18:32:47.990+0000] {processor.py:830} INFO - Processing file /opt/airflow/dags/purchase_analytics_dag.py for tasks to queue
[2025-12-21T18:32:47.991+0000] {logging_mixin.py:188} INFO - [2025-12-21T18:32:47.991+0000] {dagbag.py:538} INFO - Filling up the DagBag from /opt/airflow/dags/purchase_analytics_dag.py
[2025-12-21T18:32:48.011+0000] {processor.py:840} INFO - DAG(s) 'purchase_analytics_refresh' retrieved from /opt/airflow/dags/purchase_analytics_dag.py
[2025-12-21T18:32:48.083+0000] {logging_mixin.py:188} INFO - [2025-12-21T18:32:48.083+0000] {dag.py:3033} INFO - Sync 1 DAGs
[2025-12-21T18:32:48.117+0000] {logging_mixin.py:188} INFO - [2025-12-21T18:32:48.117+0000] {dag.py:3820} INFO - Setting next_dagrun for purchase_analytics_refresh to 2025-12-21T02:00:00+00:00, run_after=2025-12-22T02:00:00+00:00
[2025-12-21T18:32:48.136+0000] {processor.py:183} INFO - Processing /opt/airflow/dags/purchase_analytics_dag.py took 0.150 seconds
[2025-12-21T18:33:18.625+0000] {processor.py:161} INFO - Started process (PID=184) to work on /opt/airflow/dags/purchase_analytics_dag.py
[2025-12-21T18:33:18.627+0000] {processor.py:830} INFO - Processing file /opt/airflow/dags/purchase_analytics_dag.py for tasks to queue
[2025-12-21T18:33:18.628+0000] {logging_mixin.py:188} INFO - [2025-12-21T18:33:18.627+0000] {dagbag.py:538} INFO - Filling up the DagBag from /opt/airflow/dags/purchase_analytics_dag.py
[2025-12-21T18:33:18.663+0000] {processor.py:840} INFO - DAG(s) 'purchase_analytics_refresh' retrieved from /opt/airflow/dags/purchase_analytics_dag.py
[2025-12-21T18:33:18.714+0000] {logging_mixin.py:188} INFO - [2025-12-21T18:33:18.714+0000] {dag.py:3033} INFO - Sync 1 DAGs
[2025-12-21T18:33:18.738+0000] {logging_mixin.py:188} INFO - [2025-12-21T18:33:18.738+0000] {dag.py:3820} INFO - Setting next_dagrun for purchase_analytics_refresh to 2025-12-21T02:00:00+00:00, run_after=2025-12-22T02:00:00+00:00
[2025-12-21T18:33:18.774+0000] {processor.py:183} INFO - Processing /opt/airflow/dags/purchase_analytics_dag.py took 0.156 seconds
[2025-12-21T18:33:49.135+0000] {processor.py:161} INFO - Started process (PID=194) to work on /opt/airflow/dags/purchase_analytics_dag.py
[2025-12-21T18:33:49.137+0000] {processor.py:830} INFO - Processing file /opt/airflow/dags/purchase_analytics_dag.py for tasks to queue
[2025-12-21T18:33:49.138+0000] {logging_mixin.py:188} INFO - [2025-12-21T18:33:49.137+0000] {dagbag.py:538} INFO - Filling up the DagBag from /opt/airflow/dags/purchase_analytics_dag.py
[2025-12-21T18:33:49.171+0000] {processor.py:840} INFO - DAG(s) 'purchase_analytics_refresh' retrieved from /opt/airflow/dags/purchase_analytics_dag.py
[2025-12-21T18:33:49.223+0000] {logging_mixin.py:188} INFO - [2025-12-21T18:33:49.223+0000] {dag.py:3033} INFO - Sync 1 DAGs
[2025-12-21T18:33:49.249+0000] {logging_mixin.py:188} INFO - [2025-12-21T18:33:49.249+0000] {dag.py:3820} INFO - Setting next_dagrun for purchase_analytics_refresh to 2025-12-21T02:00:00+00:00, run_after=2025-12-22T02:00:00+00:00
[2025-12-21T18:33:49.266+0000] {processor.py:183} INFO - Processing /opt/airflow/dags/purchase_analytics_dag.py took 0.137 seconds
[2025-12-21T18:34:19.652+0000] {processor.py:161} INFO - Started process (PID=204) to work on /opt/airflow/dags/purchase_analytics_dag.py
[2025-12-21T18:34:19.654+0000] {processor.py:830} INFO - Processing file /opt/airflow/dags/purchase_analytics_dag.py for tasks to queue
[2025-12-21T18:34:19.655+0000] {logging_mixin.py:188} INFO - [2025-12-21T18:34:19.655+0000] {dagbag.py:538} INFO - Filling up the DagBag from /opt/airflow/dags/purchase_analytics_dag.py
[2025-12-21T18:34:19.672+0000] {processor.py:840} INFO - DAG(s) 'purchase_analytics_refresh' retrieved from /opt/airflow/dags/purchase_analytics_dag.py
[2025-12-21T18:34:19.730+0000] {logging_mixin.py:188} INFO - [2025-12-21T18:34:19.730+0000] {dag.py:3033} INFO - Sync 1 DAGs
[2025-12-21T18:34:19.760+0000] {logging_mixin.py:188} INFO - [2025-12-21T18:34:19.760+0000] {dag.py:3820} INFO - Setting next_dagrun for purchase_analytics_refresh to 2025-12-21T02:00:00+00:00, run_after=2025-12-22T02:00:00+00:00
[2025-12-21T18:34:19.779+0000] {processor.py:183} INFO - Processing /opt/airflow/dags/purchase_analytics_dag.py took 0.135 seconds
[2025-12-21T18:34:50.072+0000] {processor.py:161} INFO - Started process (PID=214) to work on /opt/airflow/dags/purchase_analytics_dag.py
[2025-12-21T18:34:50.073+0000] {processor.py:830} INFO - Processing file /opt/airflow/dags/purchase_analytics_dag.py for tasks to queue
[2025-12-21T18:34:50.074+0000] {logging_mixin.py:188} INFO - [2025-12-21T18:34:50.074+0000] {dagbag.py:538} INFO - Filling up the DagBag from /opt/airflow/dags/purchase_analytics_dag.py
[2025-12-21T18:34:50.108+0000] {processor.py:840} INFO - DAG(s) 'purchase_analytics_refresh' retrieved from /opt/airflow/dags/purchase_analytics_dag.py
[2025-12-21T18:34:50.159+0000] {logging_mixin.py:188} INFO - [2025-12-21T18:34:50.159+0000] {dag.py:3033} INFO - Sync 1 DAGs
[2025-12-21T18:34:50.191+0000] {logging_mixin.py:188} INFO - [2025-12-21T18:34:50.191+0000] {dag.py:3820} INFO - Setting next_dagrun for purchase_analytics_refresh to 2025-12-21T02:00:00+00:00, run_after=2025-12-22T02:00:00+00:00
[2025-12-21T18:34:50.207+0000] {processor.py:183} INFO - Processing /opt/airflow/dags/purchase_analytics_dag.py took 0.146 seconds
[2025-12-21T18:35:20.547+0000] {processor.py:161} INFO - Started process (PID=224) to work on /opt/airflow/dags/purchase_analytics_dag.py
[2025-12-21T18:35:20.550+0000] {processor.py:830} INFO - Processing file /opt/airflow/dags/purchase_analytics_dag.py for tasks to queue
[2025-12-21T18:35:20.552+0000] {logging_mixin.py:188} INFO - [2025-12-21T18:35:20.551+0000] {dagbag.py:538} INFO - Filling up the DagBag from /opt/airflow/dags/purchase_analytics_dag.py
[2025-12-21T18:35:20.584+0000] {processor.py:840} INFO - DAG(s) 'purchase_analytics_refresh' retrieved from /opt/airflow/dags/purchase_analytics_dag.py
[2025-12-21T18:35:20.635+0000] {logging_mixin.py:188} INFO - [2025-12-21T18:35:20.635+0000] {dag.py:3033} INFO - Sync 1 DAGs
[2025-12-21T18:35:20.676+0000] {logging_mixin.py:188} INFO - [2025-12-21T18:35:20.675+0000] {dag.py:3820} INFO - Setting next_dagrun for purchase_analytics_refresh to 2025-12-21T02:00:00+00:00, run_after=2025-12-22T02:00:00+00:00
[2025-12-21T18:35:20.693+0000] {processor.py:183} INFO - Processing /opt/airflow/dags/purchase_analytics_dag.py took 0.152 seconds
[2025-12-21T18:35:51.028+0000] {processor.py:161} INFO - Started process (PID=234) to work on /opt/airflow/dags/purchase_analytics_dag.py
[2025-12-21T18:35:51.030+0000] {processor.py:830} INFO - Processing file /opt/airflow/dags/purchase_analytics_dag.py for tasks to queue
[2025-12-21T18:35:51.031+0000] {logging_mixin.py:188} INFO - [2025-12-21T18:35:51.031+0000] {dagbag.py:538} INFO - Filling up the DagBag from /opt/airflow/dags/purchase_analytics_dag.py
[2025-12-21T18:35:51.064+0000] {processor.py:840} INFO - DAG(s) 'purchase_analytics_refresh' retrieved from /opt/airflow/dags/purchase_analytics_dag.py
[2025-12-21T18:35:51.119+0000] {logging_mixin.py:188} INFO - [2025-12-21T18:35:51.119+0000] {dag.py:3033} INFO - Sync 1 DAGs
[2025-12-21T18:35:51.153+0000] {logging_mixin.py:188} INFO - [2025-12-21T18:35:51.152+0000] {dag.py:3820} INFO - Setting next_dagrun for purchase_analytics_refresh to 2025-12-21T02:00:00+00:00, run_after=2025-12-22T02:00:00+00:00
[2025-12-21T18:35:51.175+0000] {processor.py:183} INFO - Processing /opt/airflow/dags/purchase_analytics_dag.py took 0.157 seconds
[2025-12-21T18:36:21.722+0000] {processor.py:161} INFO - Started process (PID=244) to work on /opt/airflow/dags/purchase_analytics_dag.py
[2025-12-21T18:36:21.723+0000] {processor.py:830} INFO - Processing file /opt/airflow/dags/purchase_analytics_dag.py for tasks to queue
[2025-12-21T18:36:21.724+0000] {logging_mixin.py:188} INFO - [2025-12-21T18:36:21.724+0000] {dagbag.py:538} INFO - Filling up the DagBag from /opt/airflow/dags/purchase_analytics_dag.py
[2025-12-21T18:36:21.753+0000] {processor.py:840} INFO - DAG(s) 'purchase_analytics_refresh' retrieved from /opt/airflow/dags/purchase_analytics_dag.py
[2025-12-21T18:36:21.804+0000] {logging_mixin.py:188} INFO - [2025-12-21T18:36:21.803+0000] {dag.py:3033} INFO - Sync 1 DAGs
[2025-12-21T18:36:21.841+0000] {logging_mixin.py:188} INFO - [2025-12-21T18:36:21.841+0000] {dag.py:3820} INFO - Setting next_dagrun for purchase_analytics_refresh to 2025-12-21T02:00:00+00:00, run_after=2025-12-22T02:00:00+00:00
[2025-12-21T18:36:21.860+0000] {processor.py:183} INFO - Processing /opt/airflow/dags/purchase_analytics_dag.py took 0.146 seconds
[2025-12-21T18:36:52.191+0000] {processor.py:161} INFO - Started process (PID=254) to work on /opt/airflow/dags/purchase_analytics_dag.py
[2025-12-21T18:36:52.194+0000] {processor.py:830} INFO - Processing file /opt/airflow/dags/purchase_analytics_dag.py for tasks to queue
[2025-12-21T18:36:52.195+0000] {logging_mixin.py:188} INFO - [2025-12-21T18:36:52.195+0000] {dagbag.py:538} INFO - Filling up the DagBag from /opt/airflow/dags/purchase_analytics_dag.py
[2025-12-21T18:36:52.220+0000] {processor.py:840} INFO - DAG(s) 'purchase_analytics_refresh' retrieved from /opt/airflow/dags/purchase_analytics_dag.py
[2025-12-21T18:36:52.284+0000] {logging_mixin.py:188} INFO - [2025-12-21T18:36:52.284+0000] {dag.py:3033} INFO - Sync 1 DAGs
[2025-12-21T18:36:52.312+0000] {logging_mixin.py:188} INFO - [2025-12-21T18:36:52.312+0000] {dag.py:3820} INFO - Setting next_dagrun for purchase_analytics_refresh to 2025-12-21T02:00:00+00:00, run_after=2025-12-22T02:00:00+00:00
[2025-12-21T18:36:52.334+0000] {processor.py:183} INFO - Processing /opt/airflow/dags/purchase_analytics_dag.py took 0.159 seconds
[2025-12-21T18:37:22.681+0000] {processor.py:161} INFO - Started process (PID=264) to work on /opt/airflow/dags/purchase_analytics_dag.py
[2025-12-21T18:37:22.682+0000] {processor.py:830} INFO - Processing file /opt/airflow/dags/purchase_analytics_dag.py for tasks to queue
[2025-12-21T18:37:22.684+0000] {logging_mixin.py:188} INFO - [2025-12-21T18:37:22.684+0000] {dagbag.py:538} INFO - Filling up the DagBag from /opt/airflow/dags/purchase_analytics_dag.py
[2025-12-21T18:37:22.730+0000] {processor.py:840} INFO - DAG(s) 'purchase_analytics_refresh' retrieved from /opt/airflow/dags/purchase_analytics_dag.py
[2025-12-21T18:37:22.792+0000] {logging_mixin.py:188} INFO - [2025-12-21T18:37:22.792+0000] {dag.py:3033} INFO - Sync 1 DAGs
[2025-12-21T18:37:22.839+0000] {logging_mixin.py:188} INFO - [2025-12-21T18:37:22.838+0000] {dag.py:3820} INFO - Setting next_dagrun for purchase_analytics_refresh to 2025-12-21T02:00:00+00:00, run_after=2025-12-22T02:00:00+00:00
[2025-12-21T18:37:22.866+0000] {processor.py:183} INFO - Processing /opt/airflow/dags/purchase_analytics_dag.py took 0.192 seconds
[2025-12-21T18:37:53.263+0000] {processor.py:161} INFO - Started process (PID=274) to work on /opt/airflow/dags/purchase_analytics_dag.py
[2025-12-21T18:37:53.265+0000] {processor.py:830} INFO - Processing file /opt/airflow/dags/purchase_analytics_dag.py for tasks to queue
[2025-12-21T18:37:53.266+0000] {logging_mixin.py:188} INFO - [2025-12-21T18:37:53.266+0000] {dagbag.py:538} INFO - Filling up the DagBag from /opt/airflow/dags/purchase_analytics_dag.py
[2025-12-21T18:37:53.289+0000] {processor.py:840} INFO - DAG(s) 'purchase_analytics_refresh' retrieved from /opt/airflow/dags/purchase_analytics_dag.py
[2025-12-21T18:37:53.349+0000] {logging_mixin.py:188} INFO - [2025-12-21T18:37:53.349+0000] {dag.py:3033} INFO - Sync 1 DAGs
[2025-12-21T18:37:53.379+0000] {logging_mixin.py:188} INFO - [2025-12-21T18:37:53.379+0000] {dag.py:3820} INFO - Setting next_dagrun for purchase_analytics_refresh to 2025-12-21T02:00:00+00:00, run_after=2025-12-22T02:00:00+00:00
[2025-12-21T18:37:53.398+0000] {processor.py:183} INFO - Processing /opt/airflow/dags/purchase_analytics_dag.py took 0.144 seconds
[2025-12-21T18:38:24.007+0000] {processor.py:161} INFO - Started process (PID=284) to work on /opt/airflow/dags/purchase_analytics_dag.py
[2025-12-21T18:38:24.009+0000] {processor.py:830} INFO - Processing file /opt/airflow/dags/purchase_analytics_dag.py for tasks to queue
[2025-12-21T18:38:24.010+0000] {logging_mixin.py:188} INFO - [2025-12-21T18:38:24.009+0000] {dagbag.py:538} INFO - Filling up the DagBag from /opt/airflow/dags/purchase_analytics_dag.py
[2025-12-21T18:38:24.046+0000] {processor.py:840} INFO - DAG(s) 'purchase_analytics_refresh' retrieved from /opt/airflow/dags/purchase_analytics_dag.py
[2025-12-21T18:38:24.107+0000] {logging_mixin.py:188} INFO - [2025-12-21T18:38:24.107+0000] {dag.py:3033} INFO - Sync 1 DAGs
[2025-12-21T18:38:24.134+0000] {logging_mixin.py:188} INFO - [2025-12-21T18:38:24.134+0000] {dag.py:3820} INFO - Setting next_dagrun for purchase_analytics_refresh to 2025-12-21T02:00:00+00:00, run_after=2025-12-22T02:00:00+00:00
[2025-12-21T18:38:24.161+0000] {processor.py:183} INFO - Processing /opt/airflow/dags/purchase_analytics_dag.py took 0.163 seconds
[2025-12-21T18:38:54.524+0000] {processor.py:161} INFO - Started process (PID=294) to work on /opt/airflow/dags/purchase_analytics_dag.py
[2025-12-21T18:38:54.527+0000] {processor.py:830} INFO - Processing file /opt/airflow/dags/purchase_analytics_dag.py for tasks to queue
[2025-12-21T18:38:54.529+0000] {logging_mixin.py:188} INFO - [2025-12-21T18:38:54.529+0000] {dagbag.py:538} INFO - Filling up the DagBag from /opt/airflow/dags/purchase_analytics_dag.py
[2025-12-21T18:38:54.579+0000] {processor.py:840} INFO - DAG(s) 'purchase_analytics_refresh' retrieved from /opt/airflow/dags/purchase_analytics_dag.py
[2025-12-21T18:38:54.648+0000] {logging_mixin.py:188} INFO - [2025-12-21T18:38:54.647+0000] {dag.py:3033} INFO - Sync 1 DAGs
[2025-12-21T18:38:54.685+0000] {logging_mixin.py:188} INFO - [2025-12-21T18:38:54.685+0000] {dag.py:3820} INFO - Setting next_dagrun for purchase_analytics_refresh to 2025-12-21T02:00:00+00:00, run_after=2025-12-22T02:00:00+00:00
[2025-12-21T18:38:54.707+0000] {processor.py:183} INFO - Processing /opt/airflow/dags/purchase_analytics_dag.py took 0.194 seconds
[2025-12-21T18:39:25.308+0000] {processor.py:161} INFO - Started process (PID=304) to work on /opt/airflow/dags/purchase_analytics_dag.py
[2025-12-21T18:39:25.310+0000] {processor.py:830} INFO - Processing file /opt/airflow/dags/purchase_analytics_dag.py for tasks to queue
[2025-12-21T18:39:25.312+0000] {logging_mixin.py:188} INFO - [2025-12-21T18:39:25.311+0000] {dagbag.py:538} INFO - Filling up the DagBag from /opt/airflow/dags/purchase_analytics_dag.py
[2025-12-21T18:39:25.346+0000] {processor.py:840} INFO - DAG(s) 'purchase_analytics_refresh' retrieved from /opt/airflow/dags/purchase_analytics_dag.py
[2025-12-21T18:39:25.418+0000] {logging_mixin.py:188} INFO - [2025-12-21T18:39:25.418+0000] {dag.py:3033} INFO - Sync 1 DAGs
[2025-12-21T18:39:25.449+0000] {logging_mixin.py:188} INFO - [2025-12-21T18:39:25.449+0000] {dag.py:3820} INFO - Setting next_dagrun for purchase_analytics_refresh to 2025-12-21T02:00:00+00:00, run_after=2025-12-22T02:00:00+00:00
[2025-12-21T18:39:25.476+0000] {processor.py:183} INFO - Processing /opt/airflow/dags/purchase_analytics_dag.py took 0.181 seconds
[2025-12-21T18:42:37.228+0000] {processor.py:161} INFO - Started process (PID=30) to work on /opt/airflow/dags/purchase_analytics_dag.py
[2025-12-21T18:42:37.230+0000] {processor.py:830} INFO - Processing file /opt/airflow/dags/purchase_analytics_dag.py for tasks to queue
[2025-12-21T18:42:37.233+0000] {logging_mixin.py:188} INFO - [2025-12-21T18:42:37.232+0000] {dagbag.py:538} INFO - Filling up the DagBag from /opt/airflow/dags/purchase_analytics_dag.py
[2025-12-21T18:42:37.273+0000] {processor.py:840} INFO - DAG(s) 'purchase_analytics_refresh' retrieved from /opt/airflow/dags/purchase_analytics_dag.py
[2025-12-21T18:42:37.301+0000] {logging_mixin.py:188} INFO - [2025-12-21T18:42:37.301+0000] {dag.py:3033} INFO - Sync 1 DAGs
[2025-12-21T18:42:37.322+0000] {logging_mixin.py:188} INFO - [2025-12-21T18:42:37.322+0000] {dag.py:3820} INFO - Setting next_dagrun for purchase_analytics_refresh to 2025-12-20T02:00:00+00:00, run_after=2025-12-21T02:00:00+00:00
[2025-12-21T18:42:37.353+0000] {processor.py:183} INFO - Processing /opt/airflow/dags/purchase_analytics_dag.py took 0.140 seconds
[2025-12-21T18:43:07.690+0000] {processor.py:161} INFO - Started process (PID=40) to work on /opt/airflow/dags/purchase_analytics_dag.py
[2025-12-21T18:43:07.692+0000] {processor.py:830} INFO - Processing file /opt/airflow/dags/purchase_analytics_dag.py for tasks to queue
[2025-12-21T18:43:07.694+0000] {logging_mixin.py:188} INFO - [2025-12-21T18:43:07.693+0000] {dagbag.py:538} INFO - Filling up the DagBag from /opt/airflow/dags/purchase_analytics_dag.py
[2025-12-21T18:43:07.740+0000] {processor.py:840} INFO - DAG(s) 'purchase_analytics_refresh' retrieved from /opt/airflow/dags/purchase_analytics_dag.py
[2025-12-21T18:43:08.036+0000] {logging_mixin.py:188} INFO - [2025-12-21T18:43:08.036+0000] {dag.py:3033} INFO - Sync 1 DAGs
[2025-12-21T18:43:08.062+0000] {logging_mixin.py:188} INFO - [2025-12-21T18:43:08.062+0000] {dag.py:3820} INFO - Setting next_dagrun for purchase_analytics_refresh to 2025-12-20T02:00:00+00:00, run_after=2025-12-21T02:00:00+00:00
[2025-12-21T18:43:08.087+0000] {processor.py:183} INFO - Processing /opt/airflow/dags/purchase_analytics_dag.py took 0.404 seconds
[2025-12-21T18:43:38.311+0000] {processor.py:161} INFO - Started process (PID=49) to work on /opt/airflow/dags/purchase_analytics_dag.py
[2025-12-21T18:43:38.312+0000] {processor.py:830} INFO - Processing file /opt/airflow/dags/purchase_analytics_dag.py for tasks to queue
[2025-12-21T18:43:38.312+0000] {logging_mixin.py:188} INFO - [2025-12-21T18:43:38.312+0000] {dagbag.py:538} INFO - Filling up the DagBag from /opt/airflow/dags/purchase_analytics_dag.py
[2025-12-21T18:43:38.329+0000] {processor.py:840} INFO - DAG(s) 'purchase_analytics_refresh' retrieved from /opt/airflow/dags/purchase_analytics_dag.py
[2025-12-21T18:43:38.385+0000] {logging_mixin.py:188} INFO - [2025-12-21T18:43:38.385+0000] {dag.py:3033} INFO - Sync 1 DAGs
[2025-12-21T18:43:38.407+0000] {logging_mixin.py:188} INFO - [2025-12-21T18:43:38.407+0000] {dag.py:3820} INFO - Setting next_dagrun for purchase_analytics_refresh to 2025-12-20T02:00:00+00:00, run_after=2025-12-21T02:00:00+00:00
[2025-12-21T18:43:38.422+0000] {processor.py:183} INFO - Processing /opt/airflow/dags/purchase_analytics_dag.py took 0.114 seconds
[2025-12-21T18:44:08.789+0000] {processor.py:161} INFO - Started process (PID=59) to work on /opt/airflow/dags/purchase_analytics_dag.py
[2025-12-21T18:44:08.790+0000] {processor.py:830} INFO - Processing file /opt/airflow/dags/purchase_analytics_dag.py for tasks to queue
[2025-12-21T18:44:08.791+0000] {logging_mixin.py:188} INFO - [2025-12-21T18:44:08.790+0000] {dagbag.py:538} INFO - Filling up the DagBag from /opt/airflow/dags/purchase_analytics_dag.py
[2025-12-21T18:44:08.816+0000] {processor.py:840} INFO - DAG(s) 'purchase_analytics_refresh' retrieved from /opt/airflow/dags/purchase_analytics_dag.py
[2025-12-21T18:44:08.871+0000] {logging_mixin.py:188} INFO - [2025-12-21T18:44:08.871+0000] {dag.py:3033} INFO - Sync 1 DAGs
[2025-12-21T18:44:08.891+0000] {logging_mixin.py:188} INFO - [2025-12-21T18:44:08.891+0000] {dag.py:3820} INFO - Setting next_dagrun for purchase_analytics_refresh to 2025-12-20T02:00:00+00:00, run_after=2025-12-21T02:00:00+00:00
[2025-12-21T18:44:08.913+0000] {processor.py:183} INFO - Processing /opt/airflow/dags/purchase_analytics_dag.py took 0.126 seconds
[2025-12-21T18:44:39.454+0000] {processor.py:161} INFO - Started process (PID=69) to work on /opt/airflow/dags/purchase_analytics_dag.py
[2025-12-21T18:44:39.454+0000] {processor.py:830} INFO - Processing file /opt/airflow/dags/purchase_analytics_dag.py for tasks to queue
[2025-12-21T18:44:39.455+0000] {logging_mixin.py:188} INFO - [2025-12-21T18:44:39.455+0000] {dagbag.py:538} INFO - Filling up the DagBag from /opt/airflow/dags/purchase_analytics_dag.py
[2025-12-21T18:44:39.471+0000] {processor.py:840} INFO - DAG(s) 'purchase_analytics_refresh' retrieved from /opt/airflow/dags/purchase_analytics_dag.py
[2025-12-21T18:44:39.507+0000] {logging_mixin.py:188} INFO - [2025-12-21T18:44:39.507+0000] {dag.py:3033} INFO - Sync 1 DAGs
[2025-12-21T18:44:39.529+0000] {logging_mixin.py:188} INFO - [2025-12-21T18:44:39.528+0000] {dag.py:3820} INFO - Setting next_dagrun for purchase_analytics_refresh to 2025-12-20T02:00:00+00:00, run_after=2025-12-21T02:00:00+00:00
[2025-12-21T18:44:39.552+0000] {processor.py:183} INFO - Processing /opt/airflow/dags/purchase_analytics_dag.py took 0.101 seconds
[2025-12-21T18:45:09.838+0000] {processor.py:161} INFO - Started process (PID=79) to work on /opt/airflow/dags/purchase_analytics_dag.py
[2025-12-21T18:45:09.839+0000] {processor.py:830} INFO - Processing file /opt/airflow/dags/purchase_analytics_dag.py for tasks to queue
[2025-12-21T18:45:09.841+0000] {logging_mixin.py:188} INFO - [2025-12-21T18:45:09.841+0000] {dagbag.py:538} INFO - Filling up the DagBag from /opt/airflow/dags/purchase_analytics_dag.py
[2025-12-21T18:45:09.891+0000] {processor.py:840} INFO - DAG(s) 'purchase_analytics_refresh' retrieved from /opt/airflow/dags/purchase_analytics_dag.py
[2025-12-21T18:45:09.947+0000] {logging_mixin.py:188} INFO - [2025-12-21T18:45:09.947+0000] {dag.py:3033} INFO - Sync 1 DAGs
[2025-12-21T18:45:09.983+0000] {logging_mixin.py:188} INFO - [2025-12-21T18:45:09.982+0000] {dag.py:3820} INFO - Setting next_dagrun for purchase_analytics_refresh to 2025-12-20T02:00:00+00:00, run_after=2025-12-21T02:00:00+00:00
[2025-12-21T18:45:10.014+0000] {processor.py:183} INFO - Processing /opt/airflow/dags/purchase_analytics_dag.py took 0.193 seconds
[2025-12-21T18:45:40.604+0000] {processor.py:161} INFO - Started process (PID=82) to work on /opt/airflow/dags/purchase_analytics_dag.py
[2025-12-21T18:45:40.606+0000] {processor.py:830} INFO - Processing file /opt/airflow/dags/purchase_analytics_dag.py for tasks to queue
[2025-12-21T18:45:40.608+0000] {logging_mixin.py:188} INFO - [2025-12-21T18:45:40.608+0000] {dagbag.py:538} INFO - Filling up the DagBag from /opt/airflow/dags/purchase_analytics_dag.py
[2025-12-21T18:45:40.655+0000] {processor.py:840} INFO - DAG(s) 'purchase_analytics_refresh' retrieved from /opt/airflow/dags/purchase_analytics_dag.py
[2025-12-21T18:45:40.715+0000] {logging_mixin.py:188} INFO - [2025-12-21T18:45:40.714+0000] {dag.py:3033} INFO - Sync 1 DAGs
[2025-12-21T18:45:40.760+0000] {logging_mixin.py:188} INFO - [2025-12-21T18:45:40.760+0000] {dag.py:3820} INFO - Setting next_dagrun for purchase_analytics_refresh to 2025-12-20T02:00:00+00:00, run_after=2025-12-21T02:00:00+00:00
[2025-12-21T18:45:40.804+0000] {processor.py:183} INFO - Processing /opt/airflow/dags/purchase_analytics_dag.py took 0.210 seconds
[2025-12-21T18:46:11.176+0000] {processor.py:161} INFO - Started process (PID=92) to work on /opt/airflow/dags/purchase_analytics_dag.py
[2025-12-21T18:46:11.177+0000] {processor.py:830} INFO - Processing file /opt/airflow/dags/purchase_analytics_dag.py for tasks to queue
[2025-12-21T18:46:11.177+0000] {logging_mixin.py:188} INFO - [2025-12-21T18:46:11.177+0000] {dagbag.py:538} INFO - Filling up the DagBag from /opt/airflow/dags/purchase_analytics_dag.py
[2025-12-21T18:46:11.194+0000] {processor.py:840} INFO - DAG(s) 'purchase_analytics_refresh' retrieved from /opt/airflow/dags/purchase_analytics_dag.py
[2025-12-21T18:46:11.237+0000] {logging_mixin.py:188} INFO - [2025-12-21T18:46:11.237+0000] {dag.py:3033} INFO - Sync 1 DAGs
[2025-12-21T18:46:11.263+0000] {logging_mixin.py:188} INFO - [2025-12-21T18:46:11.262+0000] {dag.py:3820} INFO - Setting next_dagrun for purchase_analytics_refresh to 2025-12-20T02:00:00+00:00, run_after=2025-12-21T02:00:00+00:00
[2025-12-21T18:46:11.278+0000] {processor.py:183} INFO - Processing /opt/airflow/dags/purchase_analytics_dag.py took 0.110 seconds
[2025-12-21T18:46:41.611+0000] {processor.py:161} INFO - Started process (PID=102) to work on /opt/airflow/dags/purchase_analytics_dag.py
[2025-12-21T18:46:41.612+0000] {processor.py:830} INFO - Processing file /opt/airflow/dags/purchase_analytics_dag.py for tasks to queue
[2025-12-21T18:46:41.613+0000] {logging_mixin.py:188} INFO - [2025-12-21T18:46:41.613+0000] {dagbag.py:538} INFO - Filling up the DagBag from /opt/airflow/dags/purchase_analytics_dag.py
[2025-12-21T18:46:41.633+0000] {processor.py:840} INFO - DAG(s) 'purchase_analytics_refresh' retrieved from /opt/airflow/dags/purchase_analytics_dag.py
[2025-12-21T18:46:41.679+0000] {logging_mixin.py:188} INFO - [2025-12-21T18:46:41.679+0000] {dag.py:3033} INFO - Sync 1 DAGs
[2025-12-21T18:46:41.703+0000] {logging_mixin.py:188} INFO - [2025-12-21T18:46:41.703+0000] {dag.py:3820} INFO - Setting next_dagrun for purchase_analytics_refresh to 2025-12-20T02:00:00+00:00, run_after=2025-12-21T02:00:00+00:00
[2025-12-21T18:46:41.725+0000] {processor.py:183} INFO - Processing /opt/airflow/dags/purchase_analytics_dag.py took 0.122 seconds
[2025-12-21T18:47:12.082+0000] {processor.py:161} INFO - Started process (PID=112) to work on /opt/airflow/dags/purchase_analytics_dag.py
[2025-12-21T18:47:12.084+0000] {processor.py:830} INFO - Processing file /opt/airflow/dags/purchase_analytics_dag.py for tasks to queue
[2025-12-21T18:47:12.086+0000] {logging_mixin.py:188} INFO - [2025-12-21T18:47:12.085+0000] {dagbag.py:538} INFO - Filling up the DagBag from /opt/airflow/dags/purchase_analytics_dag.py
[2025-12-21T18:47:12.111+0000] {processor.py:840} INFO - DAG(s) 'purchase_analytics_refresh' retrieved from /opt/airflow/dags/purchase_analytics_dag.py
[2025-12-21T18:47:12.151+0000] {logging_mixin.py:188} INFO - [2025-12-21T18:47:12.151+0000] {dag.py:3033} INFO - Sync 1 DAGs
[2025-12-21T18:47:12.179+0000] {logging_mixin.py:188} INFO - [2025-12-21T18:47:12.178+0000] {dag.py:3820} INFO - Setting next_dagrun for purchase_analytics_refresh to 2025-12-20T02:00:00+00:00, run_after=2025-12-21T02:00:00+00:00
[2025-12-21T18:47:12.197+0000] {processor.py:183} INFO - Processing /opt/airflow/dags/purchase_analytics_dag.py took 0.122 seconds
[2025-12-21T18:47:42.635+0000] {processor.py:161} INFO - Started process (PID=122) to work on /opt/airflow/dags/purchase_analytics_dag.py
[2025-12-21T18:47:42.636+0000] {processor.py:830} INFO - Processing file /opt/airflow/dags/purchase_analytics_dag.py for tasks to queue
[2025-12-21T18:47:42.637+0000] {logging_mixin.py:188} INFO - [2025-12-21T18:47:42.637+0000] {dagbag.py:538} INFO - Filling up the DagBag from /opt/airflow/dags/purchase_analytics_dag.py
[2025-12-21T18:47:42.660+0000] {processor.py:840} INFO - DAG(s) 'purchase_analytics_refresh' retrieved from /opt/airflow/dags/purchase_analytics_dag.py
[2025-12-21T18:47:42.715+0000] {logging_mixin.py:188} INFO - [2025-12-21T18:47:42.714+0000] {dag.py:3033} INFO - Sync 1 DAGs
[2025-12-21T18:47:42.751+0000] {logging_mixin.py:188} INFO - [2025-12-21T18:47:42.750+0000] {dag.py:3820} INFO - Setting next_dagrun for purchase_analytics_refresh to 2025-12-20T02:00:00+00:00, run_after=2025-12-21T02:00:00+00:00
[2025-12-21T18:47:42.767+0000] {processor.py:183} INFO - Processing /opt/airflow/dags/purchase_analytics_dag.py took 0.138 seconds
[2025-12-21T18:48:13.084+0000] {processor.py:161} INFO - Started process (PID=132) to work on /opt/airflow/dags/purchase_analytics_dag.py
[2025-12-21T18:48:13.085+0000] {processor.py:830} INFO - Processing file /opt/airflow/dags/purchase_analytics_dag.py for tasks to queue
[2025-12-21T18:48:13.088+0000] {logging_mixin.py:188} INFO - [2025-12-21T18:48:13.087+0000] {dagbag.py:538} INFO - Filling up the DagBag from /opt/airflow/dags/purchase_analytics_dag.py
[2025-12-21T18:48:13.112+0000] {processor.py:840} INFO - DAG(s) 'purchase_analytics_refresh' retrieved from /opt/airflow/dags/purchase_analytics_dag.py
[2025-12-21T18:48:13.158+0000] {logging_mixin.py:188} INFO - [2025-12-21T18:48:13.158+0000] {dag.py:3033} INFO - Sync 1 DAGs
[2025-12-21T18:48:13.181+0000] {logging_mixin.py:188} INFO - [2025-12-21T18:48:13.180+0000] {dag.py:3820} INFO - Setting next_dagrun for purchase_analytics_refresh to 2025-12-20T02:00:00+00:00, run_after=2025-12-21T02:00:00+00:00
[2025-12-21T18:48:13.200+0000] {processor.py:183} INFO - Processing /opt/airflow/dags/purchase_analytics_dag.py took 0.120 seconds
[2025-12-21T18:48:43.536+0000] {processor.py:161} INFO - Started process (PID=142) to work on /opt/airflow/dags/purchase_analytics_dag.py
[2025-12-21T18:48:43.538+0000] {processor.py:830} INFO - Processing file /opt/airflow/dags/purchase_analytics_dag.py for tasks to queue
[2025-12-21T18:48:43.539+0000] {logging_mixin.py:188} INFO - [2025-12-21T18:48:43.539+0000] {dagbag.py:538} INFO - Filling up the DagBag from /opt/airflow/dags/purchase_analytics_dag.py
[2025-12-21T18:48:43.566+0000] {processor.py:840} INFO - DAG(s) 'purchase_analytics_refresh' retrieved from /opt/airflow/dags/purchase_analytics_dag.py
[2025-12-21T18:48:43.610+0000] {logging_mixin.py:188} INFO - [2025-12-21T18:48:43.610+0000] {dag.py:3033} INFO - Sync 1 DAGs
[2025-12-21T18:48:43.647+0000] {logging_mixin.py:188} INFO - [2025-12-21T18:48:43.647+0000] {dag.py:3820} INFO - Setting next_dagrun for purchase_analytics_refresh to 2025-12-20T02:00:00+00:00, run_after=2025-12-21T02:00:00+00:00
[2025-12-21T18:48:43.662+0000] {processor.py:183} INFO - Processing /opt/airflow/dags/purchase_analytics_dag.py took 0.136 seconds
[2025-12-21T18:49:14.194+0000] {processor.py:161} INFO - Started process (PID=151) to work on /opt/airflow/dags/purchase_analytics_dag.py
[2025-12-21T18:49:14.196+0000] {processor.py:830} INFO - Processing file /opt/airflow/dags/purchase_analytics_dag.py for tasks to queue
[2025-12-21T18:49:14.199+0000] {logging_mixin.py:188} INFO - [2025-12-21T18:49:14.197+0000] {dagbag.py:538} INFO - Filling up the DagBag from /opt/airflow/dags/purchase_analytics_dag.py
[2025-12-21T18:49:14.277+0000] {processor.py:840} INFO - DAG(s) 'purchase_analytics_refresh' retrieved from /opt/airflow/dags/purchase_analytics_dag.py
[2025-12-21T18:49:14.343+0000] {logging_mixin.py:188} INFO - [2025-12-21T18:49:14.342+0000] {dag.py:3033} INFO - Sync 1 DAGs
[2025-12-21T18:49:14.382+0000] {logging_mixin.py:188} INFO - [2025-12-21T18:49:14.382+0000] {dag.py:3820} INFO - Setting next_dagrun for purchase_analytics_refresh to 2025-12-20T02:00:00+00:00, run_after=2025-12-21T02:00:00+00:00
[2025-12-21T18:49:14.403+0000] {processor.py:183} INFO - Processing /opt/airflow/dags/purchase_analytics_dag.py took 0.225 seconds
[2025-12-21T18:49:44.741+0000] {processor.py:161} INFO - Started process (PID=161) to work on /opt/airflow/dags/purchase_analytics_dag.py
[2025-12-21T18:49:44.742+0000] {processor.py:830} INFO - Processing file /opt/airflow/dags/purchase_analytics_dag.py for tasks to queue
[2025-12-21T18:49:44.743+0000] {logging_mixin.py:188} INFO - [2025-12-21T18:49:44.743+0000] {dagbag.py:538} INFO - Filling up the DagBag from /opt/airflow/dags/purchase_analytics_dag.py
[2025-12-21T18:49:44.773+0000] {processor.py:840} INFO - DAG(s) 'purchase_analytics_refresh' retrieved from /opt/airflow/dags/purchase_analytics_dag.py
[2025-12-21T18:49:44.833+0000] {logging_mixin.py:188} INFO - [2025-12-21T18:49:44.833+0000] {dag.py:3033} INFO - Sync 1 DAGs
[2025-12-21T18:49:44.874+0000] {logging_mixin.py:188} INFO - [2025-12-21T18:49:44.874+0000] {dag.py:3820} INFO - Setting next_dagrun for purchase_analytics_refresh to 2025-12-20T02:00:00+00:00, run_after=2025-12-21T02:00:00+00:00
[2025-12-21T18:49:44.894+0000] {processor.py:183} INFO - Processing /opt/airflow/dags/purchase_analytics_dag.py took 0.160 seconds
[2025-12-21T18:50:15.339+0000] {processor.py:161} INFO - Started process (PID=171) to work on /opt/airflow/dags/purchase_analytics_dag.py
[2025-12-21T18:50:15.340+0000] {processor.py:830} INFO - Processing file /opt/airflow/dags/purchase_analytics_dag.py for tasks to queue
[2025-12-21T18:50:15.341+0000] {logging_mixin.py:188} INFO - [2025-12-21T18:50:15.341+0000] {dagbag.py:538} INFO - Filling up the DagBag from /opt/airflow/dags/purchase_analytics_dag.py
[2025-12-21T18:50:15.374+0000] {processor.py:840} INFO - DAG(s) 'purchase_analytics_refresh' retrieved from /opt/airflow/dags/purchase_analytics_dag.py
[2025-12-21T18:50:15.429+0000] {logging_mixin.py:188} INFO - [2025-12-21T18:50:15.429+0000] {dag.py:3033} INFO - Sync 1 DAGs
[2025-12-21T18:50:15.461+0000] {logging_mixin.py:188} INFO - [2025-12-21T18:50:15.461+0000] {dag.py:3820} INFO - Setting next_dagrun for purchase_analytics_refresh to 2025-12-20T02:00:00+00:00, run_after=2025-12-21T02:00:00+00:00
[2025-12-21T18:50:15.490+0000] {processor.py:183} INFO - Processing /opt/airflow/dags/purchase_analytics_dag.py took 0.158 seconds
[2025-12-21T18:50:45.908+0000] {processor.py:161} INFO - Started process (PID=181) to work on /opt/airflow/dags/purchase_analytics_dag.py
[2025-12-21T18:50:45.909+0000] {processor.py:830} INFO - Processing file /opt/airflow/dags/purchase_analytics_dag.py for tasks to queue
[2025-12-21T18:50:45.909+0000] {logging_mixin.py:188} INFO - [2025-12-21T18:50:45.909+0000] {dagbag.py:538} INFO - Filling up the DagBag from /opt/airflow/dags/purchase_analytics_dag.py
[2025-12-21T18:50:45.934+0000] {processor.py:840} INFO - DAG(s) 'purchase_analytics_refresh' retrieved from /opt/airflow/dags/purchase_analytics_dag.py
[2025-12-21T18:50:45.981+0000] {logging_mixin.py:188} INFO - [2025-12-21T18:50:45.981+0000] {dag.py:3033} INFO - Sync 1 DAGs
[2025-12-21T18:50:46.012+0000] {logging_mixin.py:188} INFO - [2025-12-21T18:50:46.011+0000] {dag.py:3820} INFO - Setting next_dagrun for purchase_analytics_refresh to 2025-12-20T02:00:00+00:00, run_after=2025-12-21T02:00:00+00:00
[2025-12-21T18:50:46.030+0000] {processor.py:183} INFO - Processing /opt/airflow/dags/purchase_analytics_dag.py took 0.129 seconds
[2025-12-21T18:54:05.962+0000] {processor.py:161} INFO - Started process (PID=31) to work on /opt/airflow/dags/purchase_analytics_dag.py
[2025-12-21T18:54:05.963+0000] {processor.py:830} INFO - Processing file /opt/airflow/dags/purchase_analytics_dag.py for tasks to queue
[2025-12-21T18:54:05.964+0000] {logging_mixin.py:188} INFO - [2025-12-21T18:54:05.964+0000] {dagbag.py:538} INFO - Filling up the DagBag from /opt/airflow/dags/purchase_analytics_dag.py
[2025-12-21T18:54:05.982+0000] {processor.py:840} INFO - DAG(s) 'purchase_analytics_refresh' retrieved from /opt/airflow/dags/purchase_analytics_dag.py
[2025-12-21T18:54:06.006+0000] {logging_mixin.py:188} INFO - [2025-12-21T18:54:06.005+0000] {dag.py:3033} INFO - Sync 1 DAGs
[2025-12-21T18:54:06.038+0000] {logging_mixin.py:188} INFO - [2025-12-21T18:54:06.038+0000] {dag.py:3820} INFO - Setting next_dagrun for purchase_analytics_refresh to 2025-12-20T02:00:00+00:00, run_after=2025-12-21T02:00:00+00:00
[2025-12-21T18:54:06.052+0000] {processor.py:183} INFO - Processing /opt/airflow/dags/purchase_analytics_dag.py took 0.093 seconds
[2025-12-21T18:54:36.500+0000] {processor.py:161} INFO - Started process (PID=41) to work on /opt/airflow/dags/purchase_analytics_dag.py
[2025-12-21T18:54:36.501+0000] {processor.py:830} INFO - Processing file /opt/airflow/dags/purchase_analytics_dag.py for tasks to queue
[2025-12-21T18:54:36.502+0000] {logging_mixin.py:188} INFO - [2025-12-21T18:54:36.502+0000] {dagbag.py:538} INFO - Filling up the DagBag from /opt/airflow/dags/purchase_analytics_dag.py
[2025-12-21T18:54:36.526+0000] {processor.py:840} INFO - DAG(s) 'purchase_analytics_refresh' retrieved from /opt/airflow/dags/purchase_analytics_dag.py
[2025-12-21T18:54:36.756+0000] {logging_mixin.py:188} INFO - [2025-12-21T18:54:36.756+0000] {dag.py:3033} INFO - Sync 1 DAGs
[2025-12-21T18:54:36.783+0000] {logging_mixin.py:188} INFO - [2025-12-21T18:54:36.783+0000] {dag.py:3820} INFO - Setting next_dagrun for purchase_analytics_refresh to 2025-12-20T02:00:00+00:00, run_after=2025-12-21T02:00:00+00:00
[2025-12-21T18:54:36.798+0000] {processor.py:183} INFO - Processing /opt/airflow/dags/purchase_analytics_dag.py took 0.301 seconds
[2025-12-21T18:55:07.097+0000] {processor.py:161} INFO - Started process (PID=51) to work on /opt/airflow/dags/purchase_analytics_dag.py
[2025-12-21T18:55:07.098+0000] {processor.py:830} INFO - Processing file /opt/airflow/dags/purchase_analytics_dag.py for tasks to queue
[2025-12-21T18:55:07.099+0000] {logging_mixin.py:188} INFO - [2025-12-21T18:55:07.099+0000] {dagbag.py:538} INFO - Filling up the DagBag from /opt/airflow/dags/purchase_analytics_dag.py
[2025-12-21T18:55:07.123+0000] {processor.py:840} INFO - DAG(s) 'purchase_analytics_refresh' retrieved from /opt/airflow/dags/purchase_analytics_dag.py
[2025-12-21T18:55:07.158+0000] {logging_mixin.py:188} INFO - [2025-12-21T18:55:07.158+0000] {dag.py:3033} INFO - Sync 1 DAGs
[2025-12-21T18:55:07.180+0000] {logging_mixin.py:188} INFO - [2025-12-21T18:55:07.180+0000] {dag.py:3820} INFO - Setting next_dagrun for purchase_analytics_refresh to 2025-12-20T02:00:00+00:00, run_after=2025-12-21T02:00:00+00:00
[2025-12-21T18:55:07.246+0000] {processor.py:183} INFO - Processing /opt/airflow/dags/purchase_analytics_dag.py took 0.157 seconds
[2025-12-21T18:55:37.877+0000] {processor.py:161} INFO - Started process (PID=61) to work on /opt/airflow/dags/purchase_analytics_dag.py
[2025-12-21T18:55:37.878+0000] {processor.py:830} INFO - Processing file /opt/airflow/dags/purchase_analytics_dag.py for tasks to queue
[2025-12-21T18:55:37.879+0000] {logging_mixin.py:188} INFO - [2025-12-21T18:55:37.878+0000] {dagbag.py:538} INFO - Filling up the DagBag from /opt/airflow/dags/purchase_analytics_dag.py
[2025-12-21T18:55:37.897+0000] {processor.py:840} INFO - DAG(s) 'purchase_analytics_refresh' retrieved from /opt/airflow/dags/purchase_analytics_dag.py
[2025-12-21T18:55:37.931+0000] {logging_mixin.py:188} INFO - [2025-12-21T18:55:37.931+0000] {dag.py:3033} INFO - Sync 1 DAGs
[2025-12-21T18:55:37.954+0000] {logging_mixin.py:188} INFO - [2025-12-21T18:55:37.954+0000] {dag.py:3820} INFO - Setting next_dagrun for purchase_analytics_refresh to 2025-12-20T02:00:00+00:00, run_after=2025-12-21T02:00:00+00:00
[2025-12-21T18:55:37.966+0000] {processor.py:183} INFO - Processing /opt/airflow/dags/purchase_analytics_dag.py took 0.096 seconds
[2025-12-21T18:56:08.265+0000] {processor.py:161} INFO - Started process (PID=71) to work on /opt/airflow/dags/purchase_analytics_dag.py
[2025-12-21T18:56:08.266+0000] {processor.py:830} INFO - Processing file /opt/airflow/dags/purchase_analytics_dag.py for tasks to queue
[2025-12-21T18:56:08.267+0000] {logging_mixin.py:188} INFO - [2025-12-21T18:56:08.267+0000] {dagbag.py:538} INFO - Filling up the DagBag from /opt/airflow/dags/purchase_analytics_dag.py
[2025-12-21T18:56:08.290+0000] {processor.py:840} INFO - DAG(s) 'purchase_analytics_refresh' retrieved from /opt/airflow/dags/purchase_analytics_dag.py
[2025-12-21T18:56:08.329+0000] {logging_mixin.py:188} INFO - [2025-12-21T18:56:08.329+0000] {dag.py:3033} INFO - Sync 1 DAGs
[2025-12-21T18:56:08.352+0000] {logging_mixin.py:188} INFO - [2025-12-21T18:56:08.352+0000] {dag.py:3820} INFO - Setting next_dagrun for purchase_analytics_refresh to 2025-12-20T02:00:00+00:00, run_after=2025-12-21T02:00:00+00:00
[2025-12-21T18:56:08.371+0000] {processor.py:183} INFO - Processing /opt/airflow/dags/purchase_analytics_dag.py took 0.114 seconds
[2025-12-21T18:56:38.763+0000] {processor.py:161} INFO - Started process (PID=81) to work on /opt/airflow/dags/purchase_analytics_dag.py
[2025-12-21T18:56:38.765+0000] {processor.py:830} INFO - Processing file /opt/airflow/dags/purchase_analytics_dag.py for tasks to queue
[2025-12-21T18:56:38.766+0000] {logging_mixin.py:188} INFO - [2025-12-21T18:56:38.765+0000] {dagbag.py:538} INFO - Filling up the DagBag from /opt/airflow/dags/purchase_analytics_dag.py
[2025-12-21T18:56:38.793+0000] {processor.py:840} INFO - DAG(s) 'purchase_analytics_refresh' retrieved from /opt/airflow/dags/purchase_analytics_dag.py
[2025-12-21T18:56:38.829+0000] {logging_mixin.py:188} INFO - [2025-12-21T18:56:38.829+0000] {dag.py:3033} INFO - Sync 1 DAGs
[2025-12-21T18:56:38.861+0000] {logging_mixin.py:188} INFO - [2025-12-21T18:56:38.860+0000] {dag.py:3820} INFO - Setting next_dagrun for purchase_analytics_refresh to 2025-12-20T02:00:00+00:00, run_after=2025-12-21T02:00:00+00:00
[2025-12-21T18:56:38.885+0000] {processor.py:183} INFO - Processing /opt/airflow/dags/purchase_analytics_dag.py took 0.134 seconds
[2025-12-21T18:57:09.262+0000] {processor.py:161} INFO - Started process (PID=91) to work on /opt/airflow/dags/purchase_analytics_dag.py
[2025-12-21T18:57:09.264+0000] {processor.py:830} INFO - Processing file /opt/airflow/dags/purchase_analytics_dag.py for tasks to queue
[2025-12-21T18:57:09.266+0000] {logging_mixin.py:188} INFO - [2025-12-21T18:57:09.265+0000] {dagbag.py:538} INFO - Filling up the DagBag from /opt/airflow/dags/purchase_analytics_dag.py
[2025-12-21T18:57:09.283+0000] {processor.py:840} INFO - DAG(s) 'purchase_analytics_refresh' retrieved from /opt/airflow/dags/purchase_analytics_dag.py
[2025-12-21T18:57:09.323+0000] {logging_mixin.py:188} INFO - [2025-12-21T18:57:09.322+0000] {dag.py:3033} INFO - Sync 1 DAGs
[2025-12-21T18:57:09.349+0000] {logging_mixin.py:188} INFO - [2025-12-21T18:57:09.349+0000] {dag.py:3820} INFO - Setting next_dagrun for purchase_analytics_refresh to 2025-12-20T02:00:00+00:00, run_after=2025-12-21T02:00:00+00:00
[2025-12-21T18:57:09.366+0000] {processor.py:183} INFO - Processing /opt/airflow/dags/purchase_analytics_dag.py took 0.116 seconds
[2025-12-21T18:57:40.207+0000] {processor.py:161} INFO - Started process (PID=101) to work on /opt/airflow/dags/purchase_analytics_dag.py
[2025-12-21T18:57:40.209+0000] {processor.py:830} INFO - Processing file /opt/airflow/dags/purchase_analytics_dag.py for tasks to queue
[2025-12-21T18:57:40.210+0000] {logging_mixin.py:188} INFO - [2025-12-21T18:57:40.209+0000] {dagbag.py:538} INFO - Filling up the DagBag from /opt/airflow/dags/purchase_analytics_dag.py
[2025-12-21T18:57:40.235+0000] {processor.py:840} INFO - DAG(s) 'purchase_analytics_refresh' retrieved from /opt/airflow/dags/purchase_analytics_dag.py
[2025-12-21T18:57:40.283+0000] {logging_mixin.py:188} INFO - [2025-12-21T18:57:40.283+0000] {dag.py:3033} INFO - Sync 1 DAGs
[2025-12-21T18:57:40.309+0000] {logging_mixin.py:188} INFO - [2025-12-21T18:57:40.309+0000] {dag.py:3820} INFO - Setting next_dagrun for purchase_analytics_refresh to 2025-12-20T02:00:00+00:00, run_after=2025-12-21T02:00:00+00:00
[2025-12-21T18:57:40.324+0000] {processor.py:183} INFO - Processing /opt/airflow/dags/purchase_analytics_dag.py took 0.123 seconds
[2025-12-21T18:58:10.704+0000] {processor.py:161} INFO - Started process (PID=110) to work on /opt/airflow/dags/purchase_analytics_dag.py
[2025-12-21T18:58:10.705+0000] {processor.py:830} INFO - Processing file /opt/airflow/dags/purchase_analytics_dag.py for tasks to queue
[2025-12-21T18:58:10.706+0000] {logging_mixin.py:188} INFO - [2025-12-21T18:58:10.706+0000] {dagbag.py:538} INFO - Filling up the DagBag from /opt/airflow/dags/purchase_analytics_dag.py
[2025-12-21T18:58:10.736+0000] {processor.py:840} INFO - DAG(s) 'purchase_analytics_refresh' retrieved from /opt/airflow/dags/purchase_analytics_dag.py
[2025-12-21T18:58:10.780+0000] {logging_mixin.py:188} INFO - [2025-12-21T18:58:10.780+0000] {dag.py:3033} INFO - Sync 1 DAGs
[2025-12-21T18:58:10.805+0000] {logging_mixin.py:188} INFO - [2025-12-21T18:58:10.805+0000] {dag.py:3820} INFO - Setting next_dagrun for purchase_analytics_refresh to 2025-12-20T02:00:00+00:00, run_after=2025-12-21T02:00:00+00:00
[2025-12-21T18:58:10.823+0000] {processor.py:183} INFO - Processing /opt/airflow/dags/purchase_analytics_dag.py took 0.128 seconds
[2025-12-21T18:58:41.213+0000] {processor.py:161} INFO - Started process (PID=114) to work on /opt/airflow/dags/purchase_analytics_dag.py
[2025-12-21T18:58:41.216+0000] {processor.py:830} INFO - Processing file /opt/airflow/dags/purchase_analytics_dag.py for tasks to queue
[2025-12-21T18:58:41.220+0000] {logging_mixin.py:188} INFO - [2025-12-21T18:58:41.218+0000] {dagbag.py:538} INFO - Filling up the DagBag from /opt/airflow/dags/purchase_analytics_dag.py
[2025-12-21T18:58:41.272+0000] {processor.py:840} INFO - DAG(s) 'purchase_analytics_refresh' retrieved from /opt/airflow/dags/purchase_analytics_dag.py
[2025-12-21T18:58:41.334+0000] {logging_mixin.py:188} INFO - [2025-12-21T18:58:41.334+0000] {dag.py:3033} INFO - Sync 1 DAGs
[2025-12-21T18:58:41.367+0000] {logging_mixin.py:188} INFO - [2025-12-21T18:58:41.367+0000] {dag.py:3820} INFO - Setting next_dagrun for purchase_analytics_refresh to 2025-12-20T02:00:00+00:00, run_after=2025-12-21T02:00:00+00:00
[2025-12-21T18:58:41.394+0000] {processor.py:183} INFO - Processing /opt/airflow/dags/purchase_analytics_dag.py took 0.197 seconds
[2025-12-21T18:59:11.904+0000] {processor.py:161} INFO - Started process (PID=124) to work on /opt/airflow/dags/purchase_analytics_dag.py
[2025-12-21T18:59:11.909+0000] {processor.py:830} INFO - Processing file /opt/airflow/dags/purchase_analytics_dag.py for tasks to queue
[2025-12-21T18:59:11.912+0000] {logging_mixin.py:188} INFO - [2025-12-21T18:59:11.912+0000] {dagbag.py:538} INFO - Filling up the DagBag from /opt/airflow/dags/purchase_analytics_dag.py
[2025-12-21T18:59:11.971+0000] {processor.py:840} INFO - DAG(s) 'purchase_analytics_refresh' retrieved from /opt/airflow/dags/purchase_analytics_dag.py
[2025-12-21T18:59:12.053+0000] {logging_mixin.py:188} INFO - [2025-12-21T18:59:12.053+0000] {dag.py:3033} INFO - Sync 1 DAGs
[2025-12-21T18:59:12.110+0000] {logging_mixin.py:188} INFO - [2025-12-21T18:59:12.110+0000] {dag.py:3820} INFO - Setting next_dagrun for purchase_analytics_refresh to 2025-12-20T02:00:00+00:00, run_after=2025-12-21T02:00:00+00:00
[2025-12-21T18:59:12.152+0000] {processor.py:183} INFO - Processing /opt/airflow/dags/purchase_analytics_dag.py took 0.277 seconds
[2025-12-21T18:59:42.504+0000] {processor.py:161} INFO - Started process (PID=134) to work on /opt/airflow/dags/purchase_analytics_dag.py
[2025-12-21T18:59:42.505+0000] {processor.py:830} INFO - Processing file /opt/airflow/dags/purchase_analytics_dag.py for tasks to queue
[2025-12-21T18:59:42.508+0000] {logging_mixin.py:188} INFO - [2025-12-21T18:59:42.506+0000] {dagbag.py:538} INFO - Filling up the DagBag from /opt/airflow/dags/purchase_analytics_dag.py
[2025-12-21T18:59:42.547+0000] {processor.py:840} INFO - DAG(s) 'purchase_analytics_refresh' retrieved from /opt/airflow/dags/purchase_analytics_dag.py
[2025-12-21T18:59:42.613+0000] {logging_mixin.py:188} INFO - [2025-12-21T18:59:42.613+0000] {dag.py:3033} INFO - Sync 1 DAGs
[2025-12-21T18:59:42.651+0000] {logging_mixin.py:188} INFO - [2025-12-21T18:59:42.651+0000] {dag.py:3820} INFO - Setting next_dagrun for purchase_analytics_refresh to 2025-12-20T02:00:00+00:00, run_after=2025-12-21T02:00:00+00:00
[2025-12-21T18:59:42.671+0000] {processor.py:183} INFO - Processing /opt/airflow/dags/purchase_analytics_dag.py took 0.177 seconds
[2025-12-21T19:00:13.138+0000] {processor.py:161} INFO - Started process (PID=144) to work on /opt/airflow/dags/purchase_analytics_dag.py
[2025-12-21T19:00:13.142+0000] {processor.py:830} INFO - Processing file /opt/airflow/dags/purchase_analytics_dag.py for tasks to queue
[2025-12-21T19:00:13.144+0000] {logging_mixin.py:188} INFO - [2025-12-21T19:00:13.144+0000] {dagbag.py:538} INFO - Filling up the DagBag from /opt/airflow/dags/purchase_analytics_dag.py
[2025-12-21T19:00:13.192+0000] {processor.py:840} INFO - DAG(s) 'purchase_analytics_refresh' retrieved from /opt/airflow/dags/purchase_analytics_dag.py
[2025-12-21T19:00:13.273+0000] {logging_mixin.py:188} INFO - [2025-12-21T19:00:13.273+0000] {dag.py:3033} INFO - Sync 1 DAGs
[2025-12-21T19:00:13.300+0000] {logging_mixin.py:188} INFO - [2025-12-21T19:00:13.299+0000] {dag.py:3820} INFO - Setting next_dagrun for purchase_analytics_refresh to 2025-12-20T02:00:00+00:00, run_after=2025-12-21T02:00:00+00:00
[2025-12-21T19:00:13.325+0000] {processor.py:183} INFO - Processing /opt/airflow/dags/purchase_analytics_dag.py took 0.200 seconds
[2025-12-21T19:00:43.920+0000] {processor.py:161} INFO - Started process (PID=154) to work on /opt/airflow/dags/purchase_analytics_dag.py
[2025-12-21T19:00:43.922+0000] {processor.py:830} INFO - Processing file /opt/airflow/dags/purchase_analytics_dag.py for tasks to queue
[2025-12-21T19:00:43.923+0000] {logging_mixin.py:188} INFO - [2025-12-21T19:00:43.923+0000] {dagbag.py:538} INFO - Filling up the DagBag from /opt/airflow/dags/purchase_analytics_dag.py
[2025-12-21T19:00:43.956+0000] {processor.py:840} INFO - DAG(s) 'purchase_analytics_refresh' retrieved from /opt/airflow/dags/purchase_analytics_dag.py
[2025-12-21T19:00:44.020+0000] {logging_mixin.py:188} INFO - [2025-12-21T19:00:44.020+0000] {dag.py:3033} INFO - Sync 1 DAGs
[2025-12-21T19:00:44.053+0000] {logging_mixin.py:188} INFO - [2025-12-21T19:00:44.053+0000] {dag.py:3820} INFO - Setting next_dagrun for purchase_analytics_refresh to 2025-12-20T02:00:00+00:00, run_after=2025-12-21T02:00:00+00:00
[2025-12-21T19:00:44.073+0000] {processor.py:183} INFO - Processing /opt/airflow/dags/purchase_analytics_dag.py took 0.165 seconds
[2025-12-21T19:01:14.512+0000] {processor.py:161} INFO - Started process (PID=164) to work on /opt/airflow/dags/purchase_analytics_dag.py
[2025-12-21T19:01:14.516+0000] {processor.py:830} INFO - Processing file /opt/airflow/dags/purchase_analytics_dag.py for tasks to queue
[2025-12-21T19:01:14.517+0000] {logging_mixin.py:188} INFO - [2025-12-21T19:01:14.517+0000] {dagbag.py:538} INFO - Filling up the DagBag from /opt/airflow/dags/purchase_analytics_dag.py
[2025-12-21T19:01:14.581+0000] {processor.py:840} INFO - DAG(s) 'purchase_analytics_refresh' retrieved from /opt/airflow/dags/purchase_analytics_dag.py
[2025-12-21T19:01:14.660+0000] {logging_mixin.py:188} INFO - [2025-12-21T19:01:14.660+0000] {dag.py:3033} INFO - Sync 1 DAGs
[2025-12-21T19:01:14.704+0000] {logging_mixin.py:188} INFO - [2025-12-21T19:01:14.704+0000] {dag.py:3820} INFO - Setting next_dagrun for purchase_analytics_refresh to 2025-12-20T02:00:00+00:00, run_after=2025-12-21T02:00:00+00:00
[2025-12-21T19:01:14.731+0000] {processor.py:183} INFO - Processing /opt/airflow/dags/purchase_analytics_dag.py took 0.230 seconds
[2025-12-21T19:01:45.112+0000] {processor.py:161} INFO - Started process (PID=174) to work on /opt/airflow/dags/purchase_analytics_dag.py
[2025-12-21T19:01:45.114+0000] {processor.py:830} INFO - Processing file /opt/airflow/dags/purchase_analytics_dag.py for tasks to queue
[2025-12-21T19:01:45.120+0000] {logging_mixin.py:188} INFO - [2025-12-21T19:01:45.115+0000] {dagbag.py:538} INFO - Filling up the DagBag from /opt/airflow/dags/purchase_analytics_dag.py
[2025-12-21T19:01:45.160+0000] {processor.py:840} INFO - DAG(s) 'purchase_analytics_refresh' retrieved from /opt/airflow/dags/purchase_analytics_dag.py
[2025-12-21T19:01:45.223+0000] {logging_mixin.py:188} INFO - [2025-12-21T19:01:45.223+0000] {dag.py:3033} INFO - Sync 1 DAGs
[2025-12-21T19:01:45.256+0000] {logging_mixin.py:188} INFO - [2025-12-21T19:01:45.256+0000] {dag.py:3820} INFO - Setting next_dagrun for purchase_analytics_refresh to 2025-12-20T02:00:00+00:00, run_after=2025-12-21T02:00:00+00:00
[2025-12-21T19:01:45.276+0000] {processor.py:183} INFO - Processing /opt/airflow/dags/purchase_analytics_dag.py took 0.175 seconds
[2025-12-21T19:05:11.804+0000] {processor.py:161} INFO - Started process (PID=31) to work on /opt/airflow/dags/purchase_analytics_dag.py
[2025-12-21T19:05:11.805+0000] {processor.py:830} INFO - Processing file /opt/airflow/dags/purchase_analytics_dag.py for tasks to queue
[2025-12-21T19:05:11.806+0000] {logging_mixin.py:188} INFO - [2025-12-21T19:05:11.805+0000] {dagbag.py:538} INFO - Filling up the DagBag from /opt/airflow/dags/purchase_analytics_dag.py
[2025-12-21T19:05:11.828+0000] {processor.py:840} INFO - DAG(s) 'purchase_analytics_refresh' retrieved from /opt/airflow/dags/purchase_analytics_dag.py
[2025-12-21T19:05:11.874+0000] {logging_mixin.py:188} INFO - [2025-12-21T19:05:11.874+0000] {dag.py:3033} INFO - Sync 1 DAGs
[2025-12-21T19:05:11.916+0000] {logging_mixin.py:188} INFO - [2025-12-21T19:05:11.916+0000] {dag.py:3820} INFO - Setting next_dagrun for purchase_analytics_refresh to 2025-12-20T02:00:00+00:00, run_after=2025-12-21T02:00:00+00:00
[2025-12-21T19:05:11.947+0000] {processor.py:183} INFO - Processing /opt/airflow/dags/purchase_analytics_dag.py took 0.147 seconds
[2025-12-21T19:05:42.399+0000] {processor.py:161} INFO - Started process (PID=41) to work on /opt/airflow/dags/purchase_analytics_dag.py
[2025-12-21T19:05:42.401+0000] {processor.py:830} INFO - Processing file /opt/airflow/dags/purchase_analytics_dag.py for tasks to queue
[2025-12-21T19:05:42.401+0000] {logging_mixin.py:188} INFO - [2025-12-21T19:05:42.401+0000] {dagbag.py:538} INFO - Filling up the DagBag from /opt/airflow/dags/purchase_analytics_dag.py
[2025-12-21T19:05:42.433+0000] {processor.py:840} INFO - DAG(s) 'purchase_analytics_refresh' retrieved from /opt/airflow/dags/purchase_analytics_dag.py
[2025-12-21T19:05:42.749+0000] {logging_mixin.py:188} INFO - [2025-12-21T19:05:42.749+0000] {dag.py:3033} INFO - Sync 1 DAGs
[2025-12-21T19:05:42.814+0000] {logging_mixin.py:188} INFO - [2025-12-21T19:05:42.814+0000] {dag.py:3820} INFO - Setting next_dagrun for purchase_analytics_refresh to 2025-12-20T02:00:00+00:00, run_after=2025-12-21T02:00:00+00:00
[2025-12-21T19:05:42.838+0000] {processor.py:183} INFO - Processing /opt/airflow/dags/purchase_analytics_dag.py took 0.445 seconds
[2025-12-21T19:06:13.173+0000] {processor.py:161} INFO - Started process (PID=51) to work on /opt/airflow/dags/purchase_analytics_dag.py
[2025-12-21T19:06:13.175+0000] {processor.py:830} INFO - Processing file /opt/airflow/dags/purchase_analytics_dag.py for tasks to queue
[2025-12-21T19:06:13.176+0000] {logging_mixin.py:188} INFO - [2025-12-21T19:06:13.176+0000] {dagbag.py:538} INFO - Filling up the DagBag from /opt/airflow/dags/purchase_analytics_dag.py
[2025-12-21T19:06:13.202+0000] {processor.py:840} INFO - DAG(s) 'purchase_analytics_refresh' retrieved from /opt/airflow/dags/purchase_analytics_dag.py
[2025-12-21T19:06:13.270+0000] {logging_mixin.py:188} INFO - [2025-12-21T19:06:13.270+0000] {dag.py:3033} INFO - Sync 1 DAGs
[2025-12-21T19:06:13.307+0000] {logging_mixin.py:188} INFO - [2025-12-21T19:06:13.307+0000] {dag.py:3820} INFO - Setting next_dagrun for purchase_analytics_refresh to 2025-12-20T02:00:00+00:00, run_after=2025-12-21T02:00:00+00:00
[2025-12-21T19:06:13.341+0000] {processor.py:183} INFO - Processing /opt/airflow/dags/purchase_analytics_dag.py took 0.176 seconds
[2025-12-21T19:06:43.654+0000] {processor.py:161} INFO - Started process (PID=61) to work on /opt/airflow/dags/purchase_analytics_dag.py
[2025-12-21T19:06:43.656+0000] {processor.py:830} INFO - Processing file /opt/airflow/dags/purchase_analytics_dag.py for tasks to queue
[2025-12-21T19:06:43.658+0000] {logging_mixin.py:188} INFO - [2025-12-21T19:06:43.657+0000] {dagbag.py:538} INFO - Filling up the DagBag from /opt/airflow/dags/purchase_analytics_dag.py
[2025-12-21T19:06:43.679+0000] {processor.py:840} INFO - DAG(s) 'purchase_analytics_refresh' retrieved from /opt/airflow/dags/purchase_analytics_dag.py
[2025-12-21T19:06:43.736+0000] {logging_mixin.py:188} INFO - [2025-12-21T19:06:43.736+0000] {dag.py:3033} INFO - Sync 1 DAGs
[2025-12-21T19:06:43.764+0000] {logging_mixin.py:188} INFO - [2025-12-21T19:06:43.763+0000] {dag.py:3820} INFO - Setting next_dagrun for purchase_analytics_refresh to 2025-12-20T02:00:00+00:00, run_after=2025-12-21T02:00:00+00:00
[2025-12-21T19:06:43.779+0000] {processor.py:183} INFO - Processing /opt/airflow/dags/purchase_analytics_dag.py took 0.137 seconds
[2025-12-21T19:07:14.248+0000] {processor.py:161} INFO - Started process (PID=71) to work on /opt/airflow/dags/purchase_analytics_dag.py
[2025-12-21T19:07:14.249+0000] {processor.py:830} INFO - Processing file /opt/airflow/dags/purchase_analytics_dag.py for tasks to queue
[2025-12-21T19:07:14.251+0000] {logging_mixin.py:188} INFO - [2025-12-21T19:07:14.250+0000] {dagbag.py:538} INFO - Filling up the DagBag from /opt/airflow/dags/purchase_analytics_dag.py
[2025-12-21T19:07:14.279+0000] {processor.py:840} INFO - DAG(s) 'purchase_analytics_refresh' retrieved from /opt/airflow/dags/purchase_analytics_dag.py
[2025-12-21T19:07:14.315+0000] {logging_mixin.py:188} INFO - [2025-12-21T19:07:14.315+0000] {dag.py:3033} INFO - Sync 1 DAGs
[2025-12-21T19:07:14.338+0000] {logging_mixin.py:188} INFO - [2025-12-21T19:07:14.338+0000] {dag.py:3820} INFO - Setting next_dagrun for purchase_analytics_refresh to 2025-12-20T02:00:00+00:00, run_after=2025-12-21T02:00:00+00:00
[2025-12-21T19:07:14.354+0000] {processor.py:183} INFO - Processing /opt/airflow/dags/purchase_analytics_dag.py took 0.112 seconds
[2025-12-21T19:07:44.635+0000] {processor.py:161} INFO - Started process (PID=80) to work on /opt/airflow/dags/purchase_analytics_dag.py
[2025-12-21T19:07:44.637+0000] {processor.py:830} INFO - Processing file /opt/airflow/dags/purchase_analytics_dag.py for tasks to queue
[2025-12-21T19:07:44.640+0000] {logging_mixin.py:188} INFO - [2025-12-21T19:07:44.640+0000] {dagbag.py:538} INFO - Filling up the DagBag from /opt/airflow/dags/purchase_analytics_dag.py
[2025-12-21T19:07:44.679+0000] {processor.py:840} INFO - DAG(s) 'purchase_analytics_refresh' retrieved from /opt/airflow/dags/purchase_analytics_dag.py
[2025-12-21T19:07:44.762+0000] {logging_mixin.py:188} INFO - [2025-12-21T19:07:44.762+0000] {dag.py:3033} INFO - Sync 1 DAGs
[2025-12-21T19:07:44.820+0000] {logging_mixin.py:188} INFO - [2025-12-21T19:07:44.819+0000] {dag.py:3820} INFO - Setting next_dagrun for purchase_analytics_refresh to 2025-12-20T02:00:00+00:00, run_after=2025-12-21T02:00:00+00:00
[2025-12-21T19:07:44.847+0000] {processor.py:183} INFO - Processing /opt/airflow/dags/purchase_analytics_dag.py took 0.218 seconds
[2025-12-21T19:08:15.188+0000] {processor.py:161} INFO - Started process (PID=83) to work on /opt/airflow/dags/purchase_analytics_dag.py
[2025-12-21T19:08:15.189+0000] {processor.py:830} INFO - Processing file /opt/airflow/dags/purchase_analytics_dag.py for tasks to queue
[2025-12-21T19:08:15.191+0000] {logging_mixin.py:188} INFO - [2025-12-21T19:08:15.190+0000] {dagbag.py:538} INFO - Filling up the DagBag from /opt/airflow/dags/purchase_analytics_dag.py
[2025-12-21T19:08:15.246+0000] {processor.py:840} INFO - DAG(s) 'purchase_analytics_refresh' retrieved from /opt/airflow/dags/purchase_analytics_dag.py
[2025-12-21T19:08:15.302+0000] {logging_mixin.py:188} INFO - [2025-12-21T19:08:15.301+0000] {dag.py:3033} INFO - Sync 1 DAGs
[2025-12-21T19:08:15.353+0000] {logging_mixin.py:188} INFO - [2025-12-21T19:08:15.353+0000] {dag.py:3820} INFO - Setting next_dagrun for purchase_analytics_refresh to 2025-12-20T02:00:00+00:00, run_after=2025-12-21T02:00:00+00:00
[2025-12-21T19:08:15.375+0000] {processor.py:183} INFO - Processing /opt/airflow/dags/purchase_analytics_dag.py took 0.200 seconds
[2025-12-21T19:08:45.610+0000] {processor.py:161} INFO - Started process (PID=93) to work on /opt/airflow/dags/purchase_analytics_dag.py
[2025-12-21T19:08:45.612+0000] {processor.py:830} INFO - Processing file /opt/airflow/dags/purchase_analytics_dag.py for tasks to queue
[2025-12-21T19:08:45.613+0000] {logging_mixin.py:188} INFO - [2025-12-21T19:08:45.613+0000] {dagbag.py:538} INFO - Filling up the DagBag from /opt/airflow/dags/purchase_analytics_dag.py
[2025-12-21T19:08:45.641+0000] {processor.py:840} INFO - DAG(s) 'purchase_analytics_refresh' retrieved from /opt/airflow/dags/purchase_analytics_dag.py
[2025-12-21T19:08:45.737+0000] {logging_mixin.py:188} INFO - [2025-12-21T19:08:45.737+0000] {dag.py:3033} INFO - Sync 1 DAGs
[2025-12-21T19:08:45.795+0000] {logging_mixin.py:188} INFO - [2025-12-21T19:08:45.795+0000] {dag.py:3820} INFO - Setting next_dagrun for purchase_analytics_refresh to 2025-12-20T02:00:00+00:00, run_after=2025-12-21T02:00:00+00:00
[2025-12-21T19:08:45.825+0000] {processor.py:183} INFO - Processing /opt/airflow/dags/purchase_analytics_dag.py took 0.233 seconds
[2025-12-21T19:09:16.119+0000] {processor.py:161} INFO - Started process (PID=103) to work on /opt/airflow/dags/purchase_analytics_dag.py
[2025-12-21T19:09:16.121+0000] {processor.py:830} INFO - Processing file /opt/airflow/dags/purchase_analytics_dag.py for tasks to queue
[2025-12-21T19:09:16.121+0000] {logging_mixin.py:188} INFO - [2025-12-21T19:09:16.121+0000] {dagbag.py:538} INFO - Filling up the DagBag from /opt/airflow/dags/purchase_analytics_dag.py
[2025-12-21T19:09:16.144+0000] {processor.py:840} INFO - DAG(s) 'purchase_analytics_refresh' retrieved from /opt/airflow/dags/purchase_analytics_dag.py
[2025-12-21T19:09:16.200+0000] {logging_mixin.py:188} INFO - [2025-12-21T19:09:16.200+0000] {dag.py:3033} INFO - Sync 1 DAGs
[2025-12-21T19:09:16.233+0000] {logging_mixin.py:188} INFO - [2025-12-21T19:09:16.233+0000] {dag.py:3820} INFO - Setting next_dagrun for purchase_analytics_refresh to 2025-12-20T02:00:00+00:00, run_after=2025-12-21T02:00:00+00:00
[2025-12-21T19:09:16.252+0000] {processor.py:183} INFO - Processing /opt/airflow/dags/purchase_analytics_dag.py took 0.139 seconds
[2025-12-21T19:09:46.537+0000] {processor.py:161} INFO - Started process (PID=113) to work on /opt/airflow/dags/purchase_analytics_dag.py
[2025-12-21T19:09:46.539+0000] {processor.py:830} INFO - Processing file /opt/airflow/dags/purchase_analytics_dag.py for tasks to queue
[2025-12-21T19:09:46.540+0000] {logging_mixin.py:188} INFO - [2025-12-21T19:09:46.539+0000] {dagbag.py:538} INFO - Filling up the DagBag from /opt/airflow/dags/purchase_analytics_dag.py
[2025-12-21T19:09:46.573+0000] {processor.py:840} INFO - DAG(s) 'purchase_analytics_refresh' retrieved from /opt/airflow/dags/purchase_analytics_dag.py
[2025-12-21T19:09:46.624+0000] {logging_mixin.py:188} INFO - [2025-12-21T19:09:46.624+0000] {dag.py:3033} INFO - Sync 1 DAGs
[2025-12-21T19:09:46.657+0000] {logging_mixin.py:188} INFO - [2025-12-21T19:09:46.657+0000] {dag.py:3820} INFO - Setting next_dagrun for purchase_analytics_refresh to 2025-12-20T02:00:00+00:00, run_after=2025-12-21T02:00:00+00:00
[2025-12-21T19:09:46.686+0000] {processor.py:183} INFO - Processing /opt/airflow/dags/purchase_analytics_dag.py took 0.158 seconds
[2025-12-21T19:13:24.642+0000] {processor.py:161} INFO - Started process (PID=31) to work on /opt/airflow/dags/purchase_analytics_dag.py
[2025-12-21T19:13:24.643+0000] {processor.py:830} INFO - Processing file /opt/airflow/dags/purchase_analytics_dag.py for tasks to queue
[2025-12-21T19:13:24.644+0000] {logging_mixin.py:188} INFO - [2025-12-21T19:13:24.644+0000] {dagbag.py:538} INFO - Filling up the DagBag from /opt/airflow/dags/purchase_analytics_dag.py
[2025-12-21T19:13:24.664+0000] {processor.py:840} INFO - DAG(s) 'purchase_analytics_refresh' retrieved from /opt/airflow/dags/purchase_analytics_dag.py
[2025-12-21T19:13:24.691+0000] {logging_mixin.py:188} INFO - [2025-12-21T19:13:24.691+0000] {dag.py:3033} INFO - Sync 1 DAGs
[2025-12-21T19:13:24.710+0000] {logging_mixin.py:188} INFO - [2025-12-21T19:13:24.709+0000] {dag.py:3820} INFO - Setting next_dagrun for purchase_analytics_refresh to 2025-12-20T02:00:00+00:00, run_after=2025-12-21T02:00:00+00:00
[2025-12-21T19:13:24.734+0000] {processor.py:183} INFO - Processing /opt/airflow/dags/purchase_analytics_dag.py took 0.096 seconds
[2025-12-21T19:13:54.974+0000] {processor.py:161} INFO - Started process (PID=41) to work on /opt/airflow/dags/purchase_analytics_dag.py
[2025-12-21T19:13:54.975+0000] {processor.py:830} INFO - Processing file /opt/airflow/dags/purchase_analytics_dag.py for tasks to queue
[2025-12-21T19:13:54.976+0000] {logging_mixin.py:188} INFO - [2025-12-21T19:13:54.976+0000] {dagbag.py:538} INFO - Filling up the DagBag from /opt/airflow/dags/purchase_analytics_dag.py
[2025-12-21T19:13:55.009+0000] {processor.py:840} INFO - DAG(s) 'purchase_analytics_refresh' retrieved from /opt/airflow/dags/purchase_analytics_dag.py
[2025-12-21T19:13:55.213+0000] {logging_mixin.py:188} INFO - [2025-12-21T19:13:55.213+0000] {dag.py:3033} INFO - Sync 1 DAGs
[2025-12-21T19:13:55.231+0000] {logging_mixin.py:188} INFO - [2025-12-21T19:13:55.230+0000] {dag.py:3820} INFO - Setting next_dagrun for purchase_analytics_refresh to 2025-12-20T02:00:00+00:00, run_after=2025-12-21T02:00:00+00:00
[2025-12-21T19:13:55.246+0000] {processor.py:183} INFO - Processing /opt/airflow/dags/purchase_analytics_dag.py took 0.274 seconds
[2025-12-21T19:14:25.501+0000] {processor.py:161} INFO - Started process (PID=51) to work on /opt/airflow/dags/purchase_analytics_dag.py
[2025-12-21T19:14:25.502+0000] {processor.py:830} INFO - Processing file /opt/airflow/dags/purchase_analytics_dag.py for tasks to queue
[2025-12-21T19:14:25.503+0000] {logging_mixin.py:188} INFO - [2025-12-21T19:14:25.503+0000] {dagbag.py:538} INFO - Filling up the DagBag from /opt/airflow/dags/purchase_analytics_dag.py
[2025-12-21T19:14:25.527+0000] {processor.py:840} INFO - DAG(s) 'purchase_analytics_refresh' retrieved from /opt/airflow/dags/purchase_analytics_dag.py
[2025-12-21T19:14:25.584+0000] {logging_mixin.py:188} INFO - [2025-12-21T19:14:25.584+0000] {dag.py:3033} INFO - Sync 1 DAGs
[2025-12-21T19:14:25.607+0000] {logging_mixin.py:188} INFO - [2025-12-21T19:14:25.607+0000] {dag.py:3820} INFO - Setting next_dagrun for purchase_analytics_refresh to 2025-12-20T02:00:00+00:00, run_after=2025-12-21T02:00:00+00:00
[2025-12-21T19:14:25.628+0000] {processor.py:183} INFO - Processing /opt/airflow/dags/purchase_analytics_dag.py took 0.130 seconds
[2025-12-21T19:14:56.190+0000] {processor.py:161} INFO - Started process (PID=61) to work on /opt/airflow/dags/purchase_analytics_dag.py
[2025-12-21T19:14:56.192+0000] {processor.py:830} INFO - Processing file /opt/airflow/dags/purchase_analytics_dag.py for tasks to queue
[2025-12-21T19:14:56.195+0000] {logging_mixin.py:188} INFO - [2025-12-21T19:14:56.195+0000] {dagbag.py:538} INFO - Filling up the DagBag from /opt/airflow/dags/purchase_analytics_dag.py
[2025-12-21T19:14:56.242+0000] {processor.py:840} INFO - DAG(s) 'purchase_analytics_refresh' retrieved from /opt/airflow/dags/purchase_analytics_dag.py
[2025-12-21T19:14:56.304+0000] {logging_mixin.py:188} INFO - [2025-12-21T19:14:56.304+0000] {dag.py:3033} INFO - Sync 1 DAGs
[2025-12-21T19:14:56.338+0000] {logging_mixin.py:188} INFO - [2025-12-21T19:14:56.338+0000] {dag.py:3820} INFO - Setting next_dagrun for purchase_analytics_refresh to 2025-12-20T02:00:00+00:00, run_after=2025-12-21T02:00:00+00:00
[2025-12-21T19:14:56.360+0000] {processor.py:183} INFO - Processing /opt/airflow/dags/purchase_analytics_dag.py took 0.175 seconds
[2025-12-21T19:15:26.604+0000] {processor.py:161} INFO - Started process (PID=71) to work on /opt/airflow/dags/purchase_analytics_dag.py
[2025-12-21T19:15:26.606+0000] {processor.py:830} INFO - Processing file /opt/airflow/dags/purchase_analytics_dag.py for tasks to queue
[2025-12-21T19:15:26.607+0000] {logging_mixin.py:188} INFO - [2025-12-21T19:15:26.606+0000] {dagbag.py:538} INFO - Filling up the DagBag from /opt/airflow/dags/purchase_analytics_dag.py
[2025-12-21T19:15:26.640+0000] {processor.py:840} INFO - DAG(s) 'purchase_analytics_refresh' retrieved from /opt/airflow/dags/purchase_analytics_dag.py
[2025-12-21T19:15:26.677+0000] {logging_mixin.py:188} INFO - [2025-12-21T19:15:26.677+0000] {dag.py:3033} INFO - Sync 1 DAGs
[2025-12-21T19:15:26.699+0000] {logging_mixin.py:188} INFO - [2025-12-21T19:15:26.698+0000] {dag.py:3820} INFO - Setting next_dagrun for purchase_analytics_refresh to 2025-12-20T02:00:00+00:00, run_after=2025-12-21T02:00:00+00:00
[2025-12-21T19:15:26.719+0000] {processor.py:183} INFO - Processing /opt/airflow/dags/purchase_analytics_dag.py took 0.118 seconds
[2025-12-21T19:15:56.929+0000] {processor.py:161} INFO - Started process (PID=81) to work on /opt/airflow/dags/purchase_analytics_dag.py
[2025-12-21T19:15:56.930+0000] {processor.py:830} INFO - Processing file /opt/airflow/dags/purchase_analytics_dag.py for tasks to queue
[2025-12-21T19:15:56.932+0000] {logging_mixin.py:188} INFO - [2025-12-21T19:15:56.932+0000] {dagbag.py:538} INFO - Filling up the DagBag from /opt/airflow/dags/purchase_analytics_dag.py
[2025-12-21T19:15:56.953+0000] {processor.py:840} INFO - DAG(s) 'purchase_analytics_refresh' retrieved from /opt/airflow/dags/purchase_analytics_dag.py
[2025-12-21T19:15:56.991+0000] {logging_mixin.py:188} INFO - [2025-12-21T19:15:56.991+0000] {dag.py:3033} INFO - Sync 1 DAGs
[2025-12-21T19:15:57.012+0000] {logging_mixin.py:188} INFO - [2025-12-21T19:15:57.012+0000] {dag.py:3820} INFO - Setting next_dagrun for purchase_analytics_refresh to 2025-12-20T02:00:00+00:00, run_after=2025-12-21T02:00:00+00:00
[2025-12-21T19:15:57.027+0000] {processor.py:183} INFO - Processing /opt/airflow/dags/purchase_analytics_dag.py took 0.100 seconds
[2025-12-21T19:16:27.391+0000] {processor.py:161} INFO - Started process (PID=91) to work on /opt/airflow/dags/purchase_analytics_dag.py
[2025-12-21T19:16:27.393+0000] {processor.py:830} INFO - Processing file /opt/airflow/dags/purchase_analytics_dag.py for tasks to queue
[2025-12-21T19:16:27.395+0000] {logging_mixin.py:188} INFO - [2025-12-21T19:16:27.395+0000] {dagbag.py:538} INFO - Filling up the DagBag from /opt/airflow/dags/purchase_analytics_dag.py
[2025-12-21T19:16:27.445+0000] {processor.py:840} INFO - DAG(s) 'purchase_analytics_refresh' retrieved from /opt/airflow/dags/purchase_analytics_dag.py
[2025-12-21T19:16:27.518+0000] {logging_mixin.py:188} INFO - [2025-12-21T19:16:27.518+0000] {dag.py:3033} INFO - Sync 1 DAGs
[2025-12-21T19:16:27.570+0000] {logging_mixin.py:188} INFO - [2025-12-21T19:16:27.569+0000] {dag.py:3820} INFO - Setting next_dagrun for purchase_analytics_refresh to 2025-12-20T02:00:00+00:00, run_after=2025-12-21T02:00:00+00:00
[2025-12-21T19:16:27.602+0000] {processor.py:183} INFO - Processing /opt/airflow/dags/purchase_analytics_dag.py took 0.231 seconds
[2025-12-21T19:16:57.867+0000] {processor.py:161} INFO - Started process (PID=94) to work on /opt/airflow/dags/purchase_analytics_dag.py
[2025-12-21T19:16:57.868+0000] {processor.py:830} INFO - Processing file /opt/airflow/dags/purchase_analytics_dag.py for tasks to queue
[2025-12-21T19:16:57.870+0000] {logging_mixin.py:188} INFO - [2025-12-21T19:16:57.870+0000] {dagbag.py:538} INFO - Filling up the DagBag from /opt/airflow/dags/purchase_analytics_dag.py
[2025-12-21T19:16:57.984+0000] {processor.py:840} INFO - DAG(s) 'purchase_analytics_refresh' retrieved from /opt/airflow/dags/purchase_analytics_dag.py
[2025-12-21T19:16:58.044+0000] {logging_mixin.py:188} INFO - [2025-12-21T19:16:58.044+0000] {dag.py:3033} INFO - Sync 1 DAGs
[2025-12-21T19:16:58.097+0000] {logging_mixin.py:188} INFO - [2025-12-21T19:16:58.097+0000] {dag.py:3820} INFO - Setting next_dagrun for purchase_analytics_refresh to 2025-12-20T02:00:00+00:00, run_after=2025-12-21T02:00:00+00:00
[2025-12-21T19:16:58.127+0000] {processor.py:183} INFO - Processing /opt/airflow/dags/purchase_analytics_dag.py took 0.267 seconds
[2025-12-21T19:17:28.701+0000] {processor.py:161} INFO - Started process (PID=104) to work on /opt/airflow/dags/purchase_analytics_dag.py
[2025-12-21T19:17:28.702+0000] {processor.py:830} INFO - Processing file /opt/airflow/dags/purchase_analytics_dag.py for tasks to queue
[2025-12-21T19:17:28.703+0000] {logging_mixin.py:188} INFO - [2025-12-21T19:17:28.703+0000] {dagbag.py:538} INFO - Filling up the DagBag from /opt/airflow/dags/purchase_analytics_dag.py
[2025-12-21T19:17:28.734+0000] {processor.py:840} INFO - DAG(s) 'purchase_analytics_refresh' retrieved from /opt/airflow/dags/purchase_analytics_dag.py
[2025-12-21T19:17:28.788+0000] {logging_mixin.py:188} INFO - [2025-12-21T19:17:28.787+0000] {dag.py:3033} INFO - Sync 1 DAGs
[2025-12-21T19:17:28.833+0000] {logging_mixin.py:188} INFO - [2025-12-21T19:17:28.833+0000] {dag.py:3820} INFO - Setting next_dagrun for purchase_analytics_refresh to 2025-12-20T02:00:00+00:00, run_after=2025-12-21T02:00:00+00:00
[2025-12-21T19:17:28.863+0000] {processor.py:183} INFO - Processing /opt/airflow/dags/purchase_analytics_dag.py took 0.168 seconds
[2025-12-21T19:17:59.239+0000] {processor.py:161} INFO - Started process (PID=114) to work on /opt/airflow/dags/purchase_analytics_dag.py
[2025-12-21T19:17:59.241+0000] {processor.py:830} INFO - Processing file /opt/airflow/dags/purchase_analytics_dag.py for tasks to queue
[2025-12-21T19:17:59.242+0000] {logging_mixin.py:188} INFO - [2025-12-21T19:17:59.242+0000] {dagbag.py:538} INFO - Filling up the DagBag from /opt/airflow/dags/purchase_analytics_dag.py
[2025-12-21T19:17:59.277+0000] {processor.py:840} INFO - DAG(s) 'purchase_analytics_refresh' retrieved from /opt/airflow/dags/purchase_analytics_dag.py
[2025-12-21T19:17:59.340+0000] {logging_mixin.py:188} INFO - [2025-12-21T19:17:59.340+0000] {dag.py:3033} INFO - Sync 1 DAGs
[2025-12-21T19:17:59.367+0000] {logging_mixin.py:188} INFO - [2025-12-21T19:17:59.367+0000] {dag.py:3820} INFO - Setting next_dagrun for purchase_analytics_refresh to 2025-12-20T02:00:00+00:00, run_after=2025-12-21T02:00:00+00:00
[2025-12-21T19:17:59.398+0000] {processor.py:183} INFO - Processing /opt/airflow/dags/purchase_analytics_dag.py took 0.165 seconds
[2025-12-21T19:18:29.895+0000] {processor.py:161} INFO - Started process (PID=124) to work on /opt/airflow/dags/purchase_analytics_dag.py
[2025-12-21T19:18:29.896+0000] {processor.py:830} INFO - Processing file /opt/airflow/dags/purchase_analytics_dag.py for tasks to queue
[2025-12-21T19:18:29.897+0000] {logging_mixin.py:188} INFO - [2025-12-21T19:18:29.896+0000] {dagbag.py:538} INFO - Filling up the DagBag from /opt/airflow/dags/purchase_analytics_dag.py
[2025-12-21T19:18:29.939+0000] {processor.py:840} INFO - DAG(s) 'purchase_analytics_refresh' retrieved from /opt/airflow/dags/purchase_analytics_dag.py
[2025-12-21T19:18:29.995+0000] {logging_mixin.py:188} INFO - [2025-12-21T19:18:29.995+0000] {dag.py:3033} INFO - Sync 1 DAGs
[2025-12-21T19:18:30.023+0000] {logging_mixin.py:188} INFO - [2025-12-21T19:18:30.023+0000] {dag.py:3820} INFO - Setting next_dagrun for purchase_analytics_refresh to 2025-12-20T02:00:00+00:00, run_after=2025-12-21T02:00:00+00:00
[2025-12-21T19:18:30.040+0000] {processor.py:183} INFO - Processing /opt/airflow/dags/purchase_analytics_dag.py took 0.157 seconds
[2025-12-21T19:21:53.916+0000] {processor.py:161} INFO - Started process (PID=31) to work on /opt/airflow/dags/purchase_analytics_dag.py
[2025-12-21T19:21:53.925+0000] {processor.py:830} INFO - Processing file /opt/airflow/dags/purchase_analytics_dag.py for tasks to queue
[2025-12-21T19:21:53.927+0000] {logging_mixin.py:188} INFO - [2025-12-21T19:21:53.926+0000] {dagbag.py:538} INFO - Filling up the DagBag from /opt/airflow/dags/purchase_analytics_dag.py
[2025-12-21T19:21:53.952+0000] {processor.py:840} INFO - DAG(s) 'purchase_analytics_refresh' retrieved from /opt/airflow/dags/purchase_analytics_dag.py
[2025-12-21T19:21:53.982+0000] {logging_mixin.py:188} INFO - [2025-12-21T19:21:53.982+0000] {dag.py:3033} INFO - Sync 1 DAGs
[2025-12-21T19:21:54.009+0000] {logging_mixin.py:188} INFO - [2025-12-21T19:21:54.009+0000] {dag.py:3820} INFO - Setting next_dagrun for purchase_analytics_refresh to 2025-12-20T02:00:00+00:00, run_after=2025-12-21T02:00:00+00:00
[2025-12-21T19:21:54.037+0000] {processor.py:183} INFO - Processing /opt/airflow/dags/purchase_analytics_dag.py took 0.132 seconds
[2025-12-21T19:22:24.333+0000] {processor.py:161} INFO - Started process (PID=41) to work on /opt/airflow/dags/purchase_analytics_dag.py
[2025-12-21T19:22:24.335+0000] {processor.py:830} INFO - Processing file /opt/airflow/dags/purchase_analytics_dag.py for tasks to queue
[2025-12-21T19:22:24.337+0000] {logging_mixin.py:188} INFO - [2025-12-21T19:22:24.337+0000] {dagbag.py:538} INFO - Filling up the DagBag from /opt/airflow/dags/purchase_analytics_dag.py
[2025-12-21T19:22:24.372+0000] {processor.py:840} INFO - DAG(s) 'purchase_analytics_refresh' retrieved from /opt/airflow/dags/purchase_analytics_dag.py
[2025-12-21T19:22:24.637+0000] {logging_mixin.py:188} INFO - [2025-12-21T19:22:24.637+0000] {dag.py:3033} INFO - Sync 1 DAGs
[2025-12-21T19:22:24.659+0000] {logging_mixin.py:188} INFO - [2025-12-21T19:22:24.659+0000] {dag.py:3820} INFO - Setting next_dagrun for purchase_analytics_refresh to 2025-12-20T02:00:00+00:00, run_after=2025-12-21T02:00:00+00:00
[2025-12-21T19:22:24.676+0000] {processor.py:183} INFO - Processing /opt/airflow/dags/purchase_analytics_dag.py took 0.353 seconds
[2025-12-21T19:22:54.981+0000] {processor.py:161} INFO - Started process (PID=51) to work on /opt/airflow/dags/purchase_analytics_dag.py
[2025-12-21T19:22:54.982+0000] {processor.py:830} INFO - Processing file /opt/airflow/dags/purchase_analytics_dag.py for tasks to queue
[2025-12-21T19:22:54.984+0000] {logging_mixin.py:188} INFO - [2025-12-21T19:22:54.983+0000] {dagbag.py:538} INFO - Filling up the DagBag from /opt/airflow/dags/purchase_analytics_dag.py
[2025-12-21T19:22:55.014+0000] {processor.py:840} INFO - DAG(s) 'purchase_analytics_refresh' retrieved from /opt/airflow/dags/purchase_analytics_dag.py
[2025-12-21T19:22:55.086+0000] {logging_mixin.py:188} INFO - [2025-12-21T19:22:55.086+0000] {dag.py:3033} INFO - Sync 1 DAGs
[2025-12-21T19:22:55.121+0000] {logging_mixin.py:188} INFO - [2025-12-21T19:22:55.121+0000] {dag.py:3820} INFO - Setting next_dagrun for purchase_analytics_refresh to 2025-12-20T02:00:00+00:00, run_after=2025-12-21T02:00:00+00:00
[2025-12-21T19:22:55.146+0000] {processor.py:183} INFO - Processing /opt/airflow/dags/purchase_analytics_dag.py took 0.171 seconds
[2025-12-21T19:23:25.407+0000] {processor.py:161} INFO - Started process (PID=61) to work on /opt/airflow/dags/purchase_analytics_dag.py
[2025-12-21T19:23:25.409+0000] {processor.py:830} INFO - Processing file /opt/airflow/dags/purchase_analytics_dag.py for tasks to queue
[2025-12-21T19:23:25.411+0000] {logging_mixin.py:188} INFO - [2025-12-21T19:23:25.411+0000] {dagbag.py:538} INFO - Filling up the DagBag from /opt/airflow/dags/purchase_analytics_dag.py
[2025-12-21T19:23:25.443+0000] {processor.py:840} INFO - DAG(s) 'purchase_analytics_refresh' retrieved from /opt/airflow/dags/purchase_analytics_dag.py
[2025-12-21T19:23:25.509+0000] {logging_mixin.py:188} INFO - [2025-12-21T19:23:25.509+0000] {dag.py:3033} INFO - Sync 1 DAGs
[2025-12-21T19:23:25.538+0000] {logging_mixin.py:188} INFO - [2025-12-21T19:23:25.538+0000] {dag.py:3820} INFO - Setting next_dagrun for purchase_analytics_refresh to 2025-12-20T02:00:00+00:00, run_after=2025-12-21T02:00:00+00:00
[2025-12-21T19:23:25.566+0000] {processor.py:183} INFO - Processing /opt/airflow/dags/purchase_analytics_dag.py took 0.163 seconds
[2025-12-21T19:23:55.899+0000] {processor.py:161} INFO - Started process (PID=70) to work on /opt/airflow/dags/purchase_analytics_dag.py
[2025-12-21T19:23:55.900+0000] {processor.py:830} INFO - Processing file /opt/airflow/dags/purchase_analytics_dag.py for tasks to queue
[2025-12-21T19:23:55.901+0000] {logging_mixin.py:188} INFO - [2025-12-21T19:23:55.901+0000] {dagbag.py:538} INFO - Filling up the DagBag from /opt/airflow/dags/purchase_analytics_dag.py
[2025-12-21T19:23:55.935+0000] {processor.py:840} INFO - DAG(s) 'purchase_analytics_refresh' retrieved from /opt/airflow/dags/purchase_analytics_dag.py
[2025-12-21T19:23:55.977+0000] {logging_mixin.py:188} INFO - [2025-12-21T19:23:55.976+0000] {dag.py:3033} INFO - Sync 1 DAGs
[2025-12-21T19:23:56.000+0000] {logging_mixin.py:188} INFO - [2025-12-21T19:23:56.000+0000] {dag.py:3820} INFO - Setting next_dagrun for purchase_analytics_refresh to 2025-12-20T02:00:00+00:00, run_after=2025-12-21T02:00:00+00:00
[2025-12-21T19:23:56.016+0000] {processor.py:183} INFO - Processing /opt/airflow/dags/purchase_analytics_dag.py took 0.121 seconds
[2025-12-21T19:24:26.768+0000] {processor.py:161} INFO - Started process (PID=80) to work on /opt/airflow/dags/purchase_analytics_dag.py
[2025-12-21T19:24:26.769+0000] {processor.py:830} INFO - Processing file /opt/airflow/dags/purchase_analytics_dag.py for tasks to queue
[2025-12-21T19:24:26.770+0000] {logging_mixin.py:188} INFO - [2025-12-21T19:24:26.770+0000] {dagbag.py:538} INFO - Filling up the DagBag from /opt/airflow/dags/purchase_analytics_dag.py
[2025-12-21T19:24:26.790+0000] {processor.py:840} INFO - DAG(s) 'purchase_analytics_refresh' retrieved from /opt/airflow/dags/purchase_analytics_dag.py
[2025-12-21T19:24:26.847+0000] {logging_mixin.py:188} INFO - [2025-12-21T19:24:26.847+0000] {dag.py:3033} INFO - Sync 1 DAGs
[2025-12-21T19:24:26.874+0000] {logging_mixin.py:188} INFO - [2025-12-21T19:24:26.874+0000] {dag.py:3820} INFO - Setting next_dagrun for purchase_analytics_refresh to 2025-12-20T02:00:00+00:00, run_after=2025-12-21T02:00:00+00:00
[2025-12-21T19:24:26.893+0000] {processor.py:183} INFO - Processing /opt/airflow/dags/purchase_analytics_dag.py took 0.127 seconds
[2025-12-21T19:24:57.316+0000] {processor.py:161} INFO - Started process (PID=90) to work on /opt/airflow/dags/purchase_analytics_dag.py
[2025-12-21T19:24:57.316+0000] {processor.py:830} INFO - Processing file /opt/airflow/dags/purchase_analytics_dag.py for tasks to queue
[2025-12-21T19:24:57.317+0000] {logging_mixin.py:188} INFO - [2025-12-21T19:24:57.317+0000] {dagbag.py:538} INFO - Filling up the DagBag from /opt/airflow/dags/purchase_analytics_dag.py
[2025-12-21T19:24:57.333+0000] {processor.py:840} INFO - DAG(s) 'purchase_analytics_refresh' retrieved from /opt/airflow/dags/purchase_analytics_dag.py
[2025-12-21T19:24:57.383+0000] {logging_mixin.py:188} INFO - [2025-12-21T19:24:57.383+0000] {dag.py:3033} INFO - Sync 1 DAGs
[2025-12-21T19:24:57.424+0000] {logging_mixin.py:188} INFO - [2025-12-21T19:24:57.424+0000] {dag.py:3820} INFO - Setting next_dagrun for purchase_analytics_refresh to 2025-12-20T02:00:00+00:00, run_after=2025-12-21T02:00:00+00:00
[2025-12-21T19:24:57.443+0000] {processor.py:183} INFO - Processing /opt/airflow/dags/purchase_analytics_dag.py took 0.131 seconds
[2025-12-21T19:25:28.022+0000] {processor.py:161} INFO - Started process (PID=100) to work on /opt/airflow/dags/purchase_analytics_dag.py
[2025-12-21T19:25:28.024+0000] {processor.py:830} INFO - Processing file /opt/airflow/dags/purchase_analytics_dag.py for tasks to queue
[2025-12-21T19:25:28.025+0000] {logging_mixin.py:188} INFO - [2025-12-21T19:25:28.025+0000] {dagbag.py:538} INFO - Filling up the DagBag from /opt/airflow/dags/purchase_analytics_dag.py
[2025-12-21T19:25:28.058+0000] {processor.py:840} INFO - DAG(s) 'purchase_analytics_refresh' retrieved from /opt/airflow/dags/purchase_analytics_dag.py
[2025-12-21T19:25:28.139+0000] {logging_mixin.py:188} INFO - [2025-12-21T19:25:28.139+0000] {dag.py:3033} INFO - Sync 1 DAGs
[2025-12-21T19:25:28.178+0000] {logging_mixin.py:188} INFO - [2025-12-21T19:25:28.178+0000] {dag.py:3820} INFO - Setting next_dagrun for purchase_analytics_refresh to 2025-12-20T02:00:00+00:00, run_after=2025-12-21T02:00:00+00:00
[2025-12-21T19:25:28.210+0000] {processor.py:183} INFO - Processing /opt/airflow/dags/purchase_analytics_dag.py took 0.196 seconds
[2025-12-21T19:25:58.556+0000] {processor.py:161} INFO - Started process (PID=109) to work on /opt/airflow/dags/purchase_analytics_dag.py
[2025-12-21T19:25:58.559+0000] {processor.py:830} INFO - Processing file /opt/airflow/dags/purchase_analytics_dag.py for tasks to queue
[2025-12-21T19:25:58.563+0000] {logging_mixin.py:188} INFO - [2025-12-21T19:25:58.563+0000] {dagbag.py:538} INFO - Filling up the DagBag from /opt/airflow/dags/purchase_analytics_dag.py
[2025-12-21T19:25:58.587+0000] {processor.py:840} INFO - DAG(s) 'purchase_analytics_refresh' retrieved from /opt/airflow/dags/purchase_analytics_dag.py
[2025-12-21T19:25:58.682+0000] {logging_mixin.py:188} INFO - [2025-12-21T19:25:58.682+0000] {dag.py:3033} INFO - Sync 1 DAGs
[2025-12-21T19:25:58.736+0000] {logging_mixin.py:188} INFO - [2025-12-21T19:25:58.736+0000] {dag.py:3820} INFO - Setting next_dagrun for purchase_analytics_refresh to 2025-12-20T02:00:00+00:00, run_after=2025-12-21T02:00:00+00:00
[2025-12-21T19:25:58.769+0000] {processor.py:183} INFO - Processing /opt/airflow/dags/purchase_analytics_dag.py took 0.218 seconds
[2025-12-21T19:29:19.167+0000] {processor.py:161} INFO - Started process (PID=31) to work on /opt/airflow/dags/purchase_analytics_dag.py
[2025-12-21T19:29:19.168+0000] {processor.py:830} INFO - Processing file /opt/airflow/dags/purchase_analytics_dag.py for tasks to queue
[2025-12-21T19:29:19.169+0000] {logging_mixin.py:188} INFO - [2025-12-21T19:29:19.169+0000] {dagbag.py:538} INFO - Filling up the DagBag from /opt/airflow/dags/purchase_analytics_dag.py
[2025-12-21T19:29:19.192+0000] {processor.py:840} INFO - DAG(s) 'purchase_analytics_refresh' retrieved from /opt/airflow/dags/purchase_analytics_dag.py
[2025-12-21T19:29:19.223+0000] {logging_mixin.py:188} INFO - [2025-12-21T19:29:19.223+0000] {dag.py:3033} INFO - Sync 1 DAGs
[2025-12-21T19:29:19.246+0000] {logging_mixin.py:188} INFO - [2025-12-21T19:29:19.246+0000] {dag.py:3820} INFO - Setting next_dagrun for purchase_analytics_refresh to 2025-12-20T02:00:00+00:00, run_after=2025-12-21T02:00:00+00:00
[2025-12-21T19:29:19.264+0000] {processor.py:183} INFO - Processing /opt/airflow/dags/purchase_analytics_dag.py took 0.100 seconds
[2025-12-21T19:29:49.416+0000] {processor.py:161} INFO - Started process (PID=41) to work on /opt/airflow/dags/purchase_analytics_dag.py
[2025-12-21T19:29:49.417+0000] {processor.py:830} INFO - Processing file /opt/airflow/dags/purchase_analytics_dag.py for tasks to queue
[2025-12-21T19:29:49.418+0000] {logging_mixin.py:188} INFO - [2025-12-21T19:29:49.418+0000] {dagbag.py:538} INFO - Filling up the DagBag from /opt/airflow/dags/purchase_analytics_dag.py
[2025-12-21T19:29:49.433+0000] {processor.py:840} INFO - DAG(s) 'purchase_analytics_refresh' retrieved from /opt/airflow/dags/purchase_analytics_dag.py
[2025-12-21T19:29:49.615+0000] {logging_mixin.py:188} INFO - [2025-12-21T19:29:49.615+0000] {dag.py:3033} INFO - Sync 1 DAGs
[2025-12-21T19:29:49.632+0000] {logging_mixin.py:188} INFO - [2025-12-21T19:29:49.632+0000] {dag.py:3820} INFO - Setting next_dagrun for purchase_analytics_refresh to 2025-12-20T02:00:00+00:00, run_after=2025-12-21T02:00:00+00:00
[2025-12-21T19:29:49.648+0000] {processor.py:183} INFO - Processing /opt/airflow/dags/purchase_analytics_dag.py took 0.239 seconds
[2025-12-21T19:30:20.023+0000] {processor.py:161} INFO - Started process (PID=50) to work on /opt/airflow/dags/purchase_analytics_dag.py
[2025-12-21T19:30:20.024+0000] {processor.py:830} INFO - Processing file /opt/airflow/dags/purchase_analytics_dag.py for tasks to queue
[2025-12-21T19:30:20.025+0000] {logging_mixin.py:188} INFO - [2025-12-21T19:30:20.025+0000] {dagbag.py:538} INFO - Filling up the DagBag from /opt/airflow/dags/purchase_analytics_dag.py
[2025-12-21T19:30:20.061+0000] {processor.py:840} INFO - DAG(s) 'purchase_analytics_refresh' retrieved from /opt/airflow/dags/purchase_analytics_dag.py
[2025-12-21T19:30:20.137+0000] {logging_mixin.py:188} INFO - [2025-12-21T19:30:20.137+0000] {dag.py:3033} INFO - Sync 1 DAGs
[2025-12-21T19:30:20.168+0000] {logging_mixin.py:188} INFO - [2025-12-21T19:30:20.168+0000] {dag.py:3820} INFO - Setting next_dagrun for purchase_analytics_refresh to 2025-12-20T02:00:00+00:00, run_after=2025-12-21T02:00:00+00:00
[2025-12-21T19:30:20.190+0000] {processor.py:183} INFO - Processing /opt/airflow/dags/purchase_analytics_dag.py took 0.172 seconds
[2025-12-21T19:30:50.561+0000] {processor.py:161} INFO - Started process (PID=60) to work on /opt/airflow/dags/purchase_analytics_dag.py
[2025-12-21T19:30:50.562+0000] {processor.py:830} INFO - Processing file /opt/airflow/dags/purchase_analytics_dag.py for tasks to queue
[2025-12-21T19:30:50.563+0000] {logging_mixin.py:188} INFO - [2025-12-21T19:30:50.563+0000] {dagbag.py:538} INFO - Filling up the DagBag from /opt/airflow/dags/purchase_analytics_dag.py
[2025-12-21T19:30:50.586+0000] {processor.py:840} INFO - DAG(s) 'purchase_analytics_refresh' retrieved from /opt/airflow/dags/purchase_analytics_dag.py
[2025-12-21T19:30:50.635+0000] {logging_mixin.py:188} INFO - [2025-12-21T19:30:50.635+0000] {dag.py:3033} INFO - Sync 1 DAGs
[2025-12-21T19:30:50.676+0000] {logging_mixin.py:188} INFO - [2025-12-21T19:30:50.676+0000] {dag.py:3820} INFO - Setting next_dagrun for purchase_analytics_refresh to 2025-12-20T02:00:00+00:00, run_after=2025-12-21T02:00:00+00:00
[2025-12-21T19:30:50.695+0000] {processor.py:183} INFO - Processing /opt/airflow/dags/purchase_analytics_dag.py took 0.138 seconds
[2025-12-21T19:31:21.268+0000] {processor.py:161} INFO - Started process (PID=70) to work on /opt/airflow/dags/purchase_analytics_dag.py
[2025-12-21T19:31:21.268+0000] {processor.py:830} INFO - Processing file /opt/airflow/dags/purchase_analytics_dag.py for tasks to queue
[2025-12-21T19:31:21.270+0000] {logging_mixin.py:188} INFO - [2025-12-21T19:31:21.269+0000] {dagbag.py:538} INFO - Filling up the DagBag from /opt/airflow/dags/purchase_analytics_dag.py
[2025-12-21T19:31:21.299+0000] {processor.py:840} INFO - DAG(s) 'purchase_analytics_refresh' retrieved from /opt/airflow/dags/purchase_analytics_dag.py
[2025-12-21T19:31:21.348+0000] {logging_mixin.py:188} INFO - [2025-12-21T19:31:21.347+0000] {dag.py:3033} INFO - Sync 1 DAGs
[2025-12-21T19:31:21.368+0000] {logging_mixin.py:188} INFO - [2025-12-21T19:31:21.368+0000] {dag.py:3820} INFO - Setting next_dagrun for purchase_analytics_refresh to 2025-12-20T02:00:00+00:00, run_after=2025-12-21T02:00:00+00:00
[2025-12-21T19:31:21.383+0000] {processor.py:183} INFO - Processing /opt/airflow/dags/purchase_analytics_dag.py took 0.118 seconds
[2025-12-21T19:31:52.003+0000] {processor.py:161} INFO - Started process (PID=80) to work on /opt/airflow/dags/purchase_analytics_dag.py
[2025-12-21T19:31:52.004+0000] {processor.py:830} INFO - Processing file /opt/airflow/dags/purchase_analytics_dag.py for tasks to queue
[2025-12-21T19:31:52.005+0000] {logging_mixin.py:188} INFO - [2025-12-21T19:31:52.005+0000] {dagbag.py:538} INFO - Filling up the DagBag from /opt/airflow/dags/purchase_analytics_dag.py
[2025-12-21T19:31:52.036+0000] {processor.py:840} INFO - DAG(s) 'purchase_analytics_refresh' retrieved from /opt/airflow/dags/purchase_analytics_dag.py
[2025-12-21T19:31:52.160+0000] {logging_mixin.py:188} INFO - [2025-12-21T19:31:52.160+0000] {dag.py:3033} INFO - Sync 1 DAGs
[2025-12-21T19:31:52.197+0000] {logging_mixin.py:188} INFO - [2025-12-21T19:31:52.196+0000] {dag.py:3820} INFO - Setting next_dagrun for purchase_analytics_refresh to 2025-12-20T02:00:00+00:00, run_after=2025-12-21T02:00:00+00:00
[2025-12-21T19:31:52.232+0000] {processor.py:183} INFO - Processing /opt/airflow/dags/purchase_analytics_dag.py took 0.237 seconds
[2025-12-21T19:32:22.477+0000] {processor.py:161} INFO - Started process (PID=89) to work on /opt/airflow/dags/purchase_analytics_dag.py
[2025-12-21T19:32:22.479+0000] {processor.py:830} INFO - Processing file /opt/airflow/dags/purchase_analytics_dag.py for tasks to queue
[2025-12-21T19:32:22.480+0000] {logging_mixin.py:188} INFO - [2025-12-21T19:32:22.479+0000] {dagbag.py:538} INFO - Filling up the DagBag from /opt/airflow/dags/purchase_analytics_dag.py
[2025-12-21T19:32:22.505+0000] {processor.py:840} INFO - DAG(s) 'purchase_analytics_refresh' retrieved from /opt/airflow/dags/purchase_analytics_dag.py
[2025-12-21T19:32:22.562+0000] {logging_mixin.py:188} INFO - [2025-12-21T19:32:22.561+0000] {dag.py:3033} INFO - Sync 1 DAGs
[2025-12-21T19:32:22.602+0000] {logging_mixin.py:188} INFO - [2025-12-21T19:32:22.601+0000] {dag.py:3820} INFO - Setting next_dagrun for purchase_analytics_refresh to 2025-12-20T02:00:00+00:00, run_after=2025-12-21T02:00:00+00:00
[2025-12-21T19:32:22.629+0000] {processor.py:183} INFO - Processing /opt/airflow/dags/purchase_analytics_dag.py took 0.161 seconds
[2025-12-21T19:32:52.939+0000] {processor.py:161} INFO - Started process (PID=92) to work on /opt/airflow/dags/purchase_analytics_dag.py
[2025-12-21T19:32:52.940+0000] {processor.py:830} INFO - Processing file /opt/airflow/dags/purchase_analytics_dag.py for tasks to queue
[2025-12-21T19:32:52.942+0000] {logging_mixin.py:188} INFO - [2025-12-21T19:32:52.941+0000] {dagbag.py:538} INFO - Filling up the DagBag from /opt/airflow/dags/purchase_analytics_dag.py
[2025-12-21T19:32:52.971+0000] {processor.py:840} INFO - DAG(s) 'purchase_analytics_refresh' retrieved from /opt/airflow/dags/purchase_analytics_dag.py
[2025-12-21T19:32:53.032+0000] {logging_mixin.py:188} INFO - [2025-12-21T19:32:53.031+0000] {dag.py:3033} INFO - Sync 1 DAGs
[2025-12-21T19:32:53.106+0000] {logging_mixin.py:188} INFO - [2025-12-21T19:32:53.105+0000] {dag.py:3820} INFO - Setting next_dagrun for purchase_analytics_refresh to 2025-12-20T02:00:00+00:00, run_after=2025-12-21T02:00:00+00:00
[2025-12-21T19:32:53.141+0000] {processor.py:183} INFO - Processing /opt/airflow/dags/purchase_analytics_dag.py took 0.215 seconds
[2025-12-21T19:33:23.448+0000] {processor.py:161} INFO - Started process (PID=101) to work on /opt/airflow/dags/purchase_analytics_dag.py
[2025-12-21T19:33:23.450+0000] {processor.py:830} INFO - Processing file /opt/airflow/dags/purchase_analytics_dag.py for tasks to queue
[2025-12-21T19:33:23.452+0000] {logging_mixin.py:188} INFO - [2025-12-21T19:33:23.452+0000] {dagbag.py:538} INFO - Filling up the DagBag from /opt/airflow/dags/purchase_analytics_dag.py
[2025-12-21T19:33:23.483+0000] {processor.py:840} INFO - DAG(s) 'purchase_analytics_refresh' retrieved from /opt/airflow/dags/purchase_analytics_dag.py
[2025-12-21T19:33:23.552+0000] {logging_mixin.py:188} INFO - [2025-12-21T19:33:23.552+0000] {dag.py:3033} INFO - Sync 1 DAGs
[2025-12-21T19:33:23.599+0000] {logging_mixin.py:188} INFO - [2025-12-21T19:33:23.598+0000] {dag.py:3820} INFO - Setting next_dagrun for purchase_analytics_refresh to 2025-12-20T02:00:00+00:00, run_after=2025-12-21T02:00:00+00:00
[2025-12-21T19:33:23.626+0000] {processor.py:183} INFO - Processing /opt/airflow/dags/purchase_analytics_dag.py took 0.181 seconds
[2025-12-21T19:33:54.605+0000] {processor.py:161} INFO - Started process (PID=111) to work on /opt/airflow/dags/purchase_analytics_dag.py
[2025-12-21T19:33:54.608+0000] {processor.py:830} INFO - Processing file /opt/airflow/dags/purchase_analytics_dag.py for tasks to queue
[2025-12-21T19:33:54.609+0000] {logging_mixin.py:188} INFO - [2025-12-21T19:33:54.609+0000] {dagbag.py:538} INFO - Filling up the DagBag from /opt/airflow/dags/purchase_analytics_dag.py
[2025-12-21T19:33:54.679+0000] {processor.py:840} INFO - DAG(s) 'purchase_analytics_refresh' retrieved from /opt/airflow/dags/purchase_analytics_dag.py
[2025-12-21T19:33:54.777+0000] {logging_mixin.py:188} INFO - [2025-12-21T19:33:54.777+0000] {dag.py:3033} INFO - Sync 1 DAGs
[2025-12-21T19:33:54.866+0000] {logging_mixin.py:188} INFO - [2025-12-21T19:33:54.866+0000] {dag.py:3820} INFO - Setting next_dagrun for purchase_analytics_refresh to 2025-12-20T02:00:00+00:00, run_after=2025-12-21T02:00:00+00:00
[2025-12-21T19:33:54.907+0000] {processor.py:183} INFO - Processing /opt/airflow/dags/purchase_analytics_dag.py took 0.307 seconds
[2025-12-21T19:37:10.557+0000] {processor.py:161} INFO - Started process (PID=31) to work on /opt/airflow/dags/purchase_analytics_dag.py
[2025-12-21T19:37:10.559+0000] {processor.py:830} INFO - Processing file /opt/airflow/dags/purchase_analytics_dag.py for tasks to queue
[2025-12-21T19:37:10.559+0000] {logging_mixin.py:188} INFO - [2025-12-21T19:37:10.559+0000] {dagbag.py:538} INFO - Filling up the DagBag from /opt/airflow/dags/purchase_analytics_dag.py
[2025-12-21T19:37:10.590+0000] {processor.py:840} INFO - DAG(s) 'purchase_analytics_refresh' retrieved from /opt/airflow/dags/purchase_analytics_dag.py
[2025-12-21T19:37:10.622+0000] {logging_mixin.py:188} INFO - [2025-12-21T19:37:10.621+0000] {dag.py:3033} INFO - Sync 1 DAGs
[2025-12-21T19:37:10.645+0000] {logging_mixin.py:188} INFO - [2025-12-21T19:37:10.645+0000] {dag.py:3820} INFO - Setting next_dagrun for purchase_analytics_refresh to 2025-12-20T02:00:00+00:00, run_after=2025-12-21T02:00:00+00:00
[2025-12-21T19:37:10.667+0000] {processor.py:183} INFO - Processing /opt/airflow/dags/purchase_analytics_dag.py took 0.117 seconds
[2025-12-21T19:37:41.029+0000] {processor.py:161} INFO - Started process (PID=41) to work on /opt/airflow/dags/purchase_analytics_dag.py
[2025-12-21T19:37:41.030+0000] {processor.py:830} INFO - Processing file /opt/airflow/dags/purchase_analytics_dag.py for tasks to queue
[2025-12-21T19:37:41.032+0000] {logging_mixin.py:188} INFO - [2025-12-21T19:37:41.031+0000] {dagbag.py:538} INFO - Filling up the DagBag from /opt/airflow/dags/purchase_analytics_dag.py
[2025-12-21T19:37:41.070+0000] {processor.py:840} INFO - DAG(s) 'purchase_analytics_refresh' retrieved from /opt/airflow/dags/purchase_analytics_dag.py
[2025-12-21T19:37:41.318+0000] {logging_mixin.py:188} INFO - [2025-12-21T19:37:41.318+0000] {dag.py:3033} INFO - Sync 1 DAGs
[2025-12-21T19:37:41.347+0000] {logging_mixin.py:188} INFO - [2025-12-21T19:37:41.347+0000] {dag.py:3820} INFO - Setting next_dagrun for purchase_analytics_refresh to 2025-12-20T02:00:00+00:00, run_after=2025-12-21T02:00:00+00:00
[2025-12-21T19:37:41.363+0000] {processor.py:183} INFO - Processing /opt/airflow/dags/purchase_analytics_dag.py took 0.341 seconds
[2025-12-21T19:38:11.762+0000] {processor.py:161} INFO - Started process (PID=51) to work on /opt/airflow/dags/purchase_analytics_dag.py
[2025-12-21T19:38:11.764+0000] {processor.py:830} INFO - Processing file /opt/airflow/dags/purchase_analytics_dag.py for tasks to queue
[2025-12-21T19:38:11.765+0000] {logging_mixin.py:188} INFO - [2025-12-21T19:38:11.764+0000] {dagbag.py:538} INFO - Filling up the DagBag from /opt/airflow/dags/purchase_analytics_dag.py
[2025-12-21T19:38:11.786+0000] {processor.py:840} INFO - DAG(s) 'purchase_analytics_refresh' retrieved from /opt/airflow/dags/purchase_analytics_dag.py
[2025-12-21T19:38:11.831+0000] {logging_mixin.py:188} INFO - [2025-12-21T19:38:11.831+0000] {dag.py:3033} INFO - Sync 1 DAGs
[2025-12-21T19:38:11.854+0000] {logging_mixin.py:188} INFO - [2025-12-21T19:38:11.854+0000] {dag.py:3820} INFO - Setting next_dagrun for purchase_analytics_refresh to 2025-12-20T02:00:00+00:00, run_after=2025-12-21T02:00:00+00:00
[2025-12-21T19:38:11.870+0000] {processor.py:183} INFO - Processing /opt/airflow/dags/purchase_analytics_dag.py took 0.113 seconds
[2025-12-21T19:38:42.444+0000] {processor.py:161} INFO - Started process (PID=61) to work on /opt/airflow/dags/purchase_analytics_dag.py
[2025-12-21T19:38:42.445+0000] {processor.py:830} INFO - Processing file /opt/airflow/dags/purchase_analytics_dag.py for tasks to queue
[2025-12-21T19:38:42.446+0000] {logging_mixin.py:188} INFO - [2025-12-21T19:38:42.446+0000] {dagbag.py:538} INFO - Filling up the DagBag from /opt/airflow/dags/purchase_analytics_dag.py
[2025-12-21T19:38:42.463+0000] {processor.py:840} INFO - DAG(s) 'purchase_analytics_refresh' retrieved from /opt/airflow/dags/purchase_analytics_dag.py
[2025-12-21T19:38:42.510+0000] {logging_mixin.py:188} INFO - [2025-12-21T19:38:42.509+0000] {dag.py:3033} INFO - Sync 1 DAGs
[2025-12-21T19:38:42.532+0000] {logging_mixin.py:188} INFO - [2025-12-21T19:38:42.532+0000] {dag.py:3820} INFO - Setting next_dagrun for purchase_analytics_refresh to 2025-12-20T02:00:00+00:00, run_after=2025-12-21T02:00:00+00:00
[2025-12-21T19:38:42.548+0000] {processor.py:183} INFO - Processing /opt/airflow/dags/purchase_analytics_dag.py took 0.107 seconds
[2025-12-21T19:39:12.815+0000] {processor.py:161} INFO - Started process (PID=71) to work on /opt/airflow/dags/purchase_analytics_dag.py
[2025-12-21T19:39:12.816+0000] {processor.py:830} INFO - Processing file /opt/airflow/dags/purchase_analytics_dag.py for tasks to queue
[2025-12-21T19:39:12.817+0000] {logging_mixin.py:188} INFO - [2025-12-21T19:39:12.817+0000] {dagbag.py:538} INFO - Filling up the DagBag from /opt/airflow/dags/purchase_analytics_dag.py
[2025-12-21T19:39:12.881+0000] {processor.py:840} INFO - DAG(s) 'purchase_analytics_refresh' retrieved from /opt/airflow/dags/purchase_analytics_dag.py
[2025-12-21T19:39:12.992+0000] {logging_mixin.py:188} INFO - [2025-12-21T19:39:12.992+0000] {dag.py:3033} INFO - Sync 1 DAGs
[2025-12-21T19:39:13.028+0000] {logging_mixin.py:188} INFO - [2025-12-21T19:39:13.028+0000] {dag.py:3820} INFO - Setting next_dagrun for purchase_analytics_refresh to 2025-12-20T02:00:00+00:00, run_after=2025-12-21T02:00:00+00:00
[2025-12-21T19:39:13.069+0000] {processor.py:183} INFO - Processing /opt/airflow/dags/purchase_analytics_dag.py took 0.258 seconds
[2025-12-21T19:39:43.482+0000] {processor.py:161} INFO - Started process (PID=74) to work on /opt/airflow/dags/purchase_analytics_dag.py
[2025-12-21T19:39:43.491+0000] {processor.py:830} INFO - Processing file /opt/airflow/dags/purchase_analytics_dag.py for tasks to queue
[2025-12-21T19:39:43.492+0000] {logging_mixin.py:188} INFO - [2025-12-21T19:39:43.492+0000] {dagbag.py:538} INFO - Filling up the DagBag from /opt/airflow/dags/purchase_analytics_dag.py
[2025-12-21T19:39:43.514+0000] {processor.py:840} INFO - DAG(s) 'purchase_analytics_refresh' retrieved from /opt/airflow/dags/purchase_analytics_dag.py
[2025-12-21T19:39:43.552+0000] {logging_mixin.py:188} INFO - [2025-12-21T19:39:43.552+0000] {dag.py:3033} INFO - Sync 1 DAGs
[2025-12-21T19:39:43.579+0000] {logging_mixin.py:188} INFO - [2025-12-21T19:39:43.579+0000] {dag.py:3820} INFO - Setting next_dagrun for purchase_analytics_refresh to 2025-12-20T02:00:00+00:00, run_after=2025-12-21T02:00:00+00:00
[2025-12-21T19:39:43.597+0000] {processor.py:183} INFO - Processing /opt/airflow/dags/purchase_analytics_dag.py took 0.120 seconds
[2025-12-21T19:40:13.830+0000] {processor.py:161} INFO - Started process (PID=84) to work on /opt/airflow/dags/purchase_analytics_dag.py
[2025-12-21T19:40:13.833+0000] {processor.py:830} INFO - Processing file /opt/airflow/dags/purchase_analytics_dag.py for tasks to queue
[2025-12-21T19:40:13.835+0000] {logging_mixin.py:188} INFO - [2025-12-21T19:40:13.834+0000] {dagbag.py:538} INFO - Filling up the DagBag from /opt/airflow/dags/purchase_analytics_dag.py
[2025-12-21T19:40:13.873+0000] {processor.py:840} INFO - DAG(s) 'purchase_analytics_refresh' retrieved from /opt/airflow/dags/purchase_analytics_dag.py
[2025-12-21T19:40:13.908+0000] {logging_mixin.py:188} INFO - [2025-12-21T19:40:13.908+0000] {dag.py:3033} INFO - Sync 1 DAGs
[2025-12-21T19:40:13.949+0000] {logging_mixin.py:188} INFO - [2025-12-21T19:40:13.949+0000] {dag.py:3820} INFO - Setting next_dagrun for purchase_analytics_refresh to 2025-12-20T02:00:00+00:00, run_after=2025-12-21T02:00:00+00:00
[2025-12-21T19:40:13.972+0000] {processor.py:183} INFO - Processing /opt/airflow/dags/purchase_analytics_dag.py took 0.149 seconds
[2025-12-21T19:40:44.535+0000] {processor.py:161} INFO - Started process (PID=94) to work on /opt/airflow/dags/purchase_analytics_dag.py
[2025-12-21T19:40:44.537+0000] {processor.py:830} INFO - Processing file /opt/airflow/dags/purchase_analytics_dag.py for tasks to queue
[2025-12-21T19:40:44.539+0000] {logging_mixin.py:188} INFO - [2025-12-21T19:40:44.538+0000] {dagbag.py:538} INFO - Filling up the DagBag from /opt/airflow/dags/purchase_analytics_dag.py
[2025-12-21T19:40:44.574+0000] {processor.py:840} INFO - DAG(s) 'purchase_analytics_refresh' retrieved from /opt/airflow/dags/purchase_analytics_dag.py
[2025-12-21T19:40:44.636+0000] {logging_mixin.py:188} INFO - [2025-12-21T19:40:44.636+0000] {dag.py:3033} INFO - Sync 1 DAGs
[2025-12-21T19:40:44.672+0000] {logging_mixin.py:188} INFO - [2025-12-21T19:40:44.672+0000] {dag.py:3820} INFO - Setting next_dagrun for purchase_analytics_refresh to 2025-12-20T02:00:00+00:00, run_after=2025-12-21T02:00:00+00:00
[2025-12-21T19:40:44.692+0000] {processor.py:183} INFO - Processing /opt/airflow/dags/purchase_analytics_dag.py took 0.163 seconds
[2025-12-21T19:41:15.235+0000] {processor.py:161} INFO - Started process (PID=104) to work on /opt/airflow/dags/purchase_analytics_dag.py
[2025-12-21T19:41:15.236+0000] {processor.py:830} INFO - Processing file /opt/airflow/dags/purchase_analytics_dag.py for tasks to queue
[2025-12-21T19:41:15.236+0000] {logging_mixin.py:188} INFO - [2025-12-21T19:41:15.236+0000] {dagbag.py:538} INFO - Filling up the DagBag from /opt/airflow/dags/purchase_analytics_dag.py
[2025-12-21T19:41:15.257+0000] {processor.py:840} INFO - DAG(s) 'purchase_analytics_refresh' retrieved from /opt/airflow/dags/purchase_analytics_dag.py
[2025-12-21T19:41:15.358+0000] {logging_mixin.py:188} INFO - [2025-12-21T19:41:15.358+0000] {dag.py:3033} INFO - Sync 1 DAGs
[2025-12-21T19:41:15.395+0000] {logging_mixin.py:188} INFO - [2025-12-21T19:41:15.395+0000] {dag.py:3820} INFO - Setting next_dagrun for purchase_analytics_refresh to 2025-12-20T02:00:00+00:00, run_after=2025-12-21T02:00:00+00:00
[2025-12-21T19:41:15.438+0000] {processor.py:183} INFO - Processing /opt/airflow/dags/purchase_analytics_dag.py took 0.207 seconds
[2025-12-21T19:41:45.675+0000] {processor.py:161} INFO - Started process (PID=114) to work on /opt/airflow/dags/purchase_analytics_dag.py
[2025-12-21T19:41:45.677+0000] {processor.py:830} INFO - Processing file /opt/airflow/dags/purchase_analytics_dag.py for tasks to queue
[2025-12-21T19:41:45.678+0000] {logging_mixin.py:188} INFO - [2025-12-21T19:41:45.677+0000] {dagbag.py:538} INFO - Filling up the DagBag from /opt/airflow/dags/purchase_analytics_dag.py
[2025-12-21T19:41:45.704+0000] {processor.py:840} INFO - DAG(s) 'purchase_analytics_refresh' retrieved from /opt/airflow/dags/purchase_analytics_dag.py
[2025-12-21T19:41:45.751+0000] {logging_mixin.py:188} INFO - [2025-12-21T19:41:45.751+0000] {dag.py:3033} INFO - Sync 1 DAGs
[2025-12-21T19:41:45.782+0000] {logging_mixin.py:188} INFO - [2025-12-21T19:41:45.782+0000] {dag.py:3820} INFO - Setting next_dagrun for purchase_analytics_refresh to 2025-12-20T02:00:00+00:00, run_after=2025-12-21T02:00:00+00:00
[2025-12-21T19:41:45.800+0000] {processor.py:183} INFO - Processing /opt/airflow/dags/purchase_analytics_dag.py took 0.136 seconds
[2025-12-21T19:45:03.315+0000] {processor.py:161} INFO - Started process (PID=31) to work on /opt/airflow/dags/purchase_analytics_dag.py
[2025-12-21T19:45:03.317+0000] {processor.py:830} INFO - Processing file /opt/airflow/dags/purchase_analytics_dag.py for tasks to queue
[2025-12-21T19:45:03.318+0000] {logging_mixin.py:188} INFO - [2025-12-21T19:45:03.317+0000] {dagbag.py:538} INFO - Filling up the DagBag from /opt/airflow/dags/purchase_analytics_dag.py
[2025-12-21T19:45:03.357+0000] {processor.py:840} INFO - DAG(s) 'purchase_analytics_refresh' retrieved from /opt/airflow/dags/purchase_analytics_dag.py
[2025-12-21T19:45:03.408+0000] {logging_mixin.py:188} INFO - [2025-12-21T19:45:03.408+0000] {dag.py:3033} INFO - Sync 1 DAGs
[2025-12-21T19:45:03.438+0000] {logging_mixin.py:188} INFO - [2025-12-21T19:45:03.438+0000] {dag.py:3820} INFO - Setting next_dagrun for purchase_analytics_refresh to 2025-12-20T02:00:00+00:00, run_after=2025-12-21T02:00:00+00:00
[2025-12-21T19:45:03.462+0000] {processor.py:183} INFO - Processing /opt/airflow/dags/purchase_analytics_dag.py took 0.157 seconds
[2025-12-21T19:45:33.839+0000] {processor.py:161} INFO - Started process (PID=41) to work on /opt/airflow/dags/purchase_analytics_dag.py
[2025-12-21T19:45:33.841+0000] {processor.py:830} INFO - Processing file /opt/airflow/dags/purchase_analytics_dag.py for tasks to queue
[2025-12-21T19:45:33.843+0000] {logging_mixin.py:188} INFO - [2025-12-21T19:45:33.843+0000] {dagbag.py:538} INFO - Filling up the DagBag from /opt/airflow/dags/purchase_analytics_dag.py
[2025-12-21T19:45:33.910+0000] {processor.py:840} INFO - DAG(s) 'purchase_analytics_refresh' retrieved from /opt/airflow/dags/purchase_analytics_dag.py
[2025-12-21T19:45:34.170+0000] {logging_mixin.py:188} INFO - [2025-12-21T19:45:34.170+0000] {dag.py:3033} INFO - Sync 1 DAGs
[2025-12-21T19:45:34.205+0000] {logging_mixin.py:188} INFO - [2025-12-21T19:45:34.205+0000] {dag.py:3820} INFO - Setting next_dagrun for purchase_analytics_refresh to 2025-12-20T02:00:00+00:00, run_after=2025-12-21T02:00:00+00:00
[2025-12-21T19:45:34.241+0000] {processor.py:183} INFO - Processing /opt/airflow/dags/purchase_analytics_dag.py took 0.411 seconds
[2025-12-21T19:46:04.425+0000] {processor.py:161} INFO - Started process (PID=51) to work on /opt/airflow/dags/purchase_analytics_dag.py
[2025-12-21T19:46:04.426+0000] {processor.py:830} INFO - Processing file /opt/airflow/dags/purchase_analytics_dag.py for tasks to queue
[2025-12-21T19:46:04.427+0000] {logging_mixin.py:188} INFO - [2025-12-21T19:46:04.427+0000] {dagbag.py:538} INFO - Filling up the DagBag from /opt/airflow/dags/purchase_analytics_dag.py
[2025-12-21T19:46:04.448+0000] {processor.py:840} INFO - DAG(s) 'purchase_analytics_refresh' retrieved from /opt/airflow/dags/purchase_analytics_dag.py
[2025-12-21T19:46:04.492+0000] {logging_mixin.py:188} INFO - [2025-12-21T19:46:04.491+0000] {dag.py:3033} INFO - Sync 1 DAGs
[2025-12-21T19:46:04.527+0000] {logging_mixin.py:188} INFO - [2025-12-21T19:46:04.527+0000] {dag.py:3820} INFO - Setting next_dagrun for purchase_analytics_refresh to 2025-12-20T02:00:00+00:00, run_after=2025-12-21T02:00:00+00:00
[2025-12-21T19:46:04.548+0000] {processor.py:183} INFO - Processing /opt/airflow/dags/purchase_analytics_dag.py took 0.127 seconds
[2025-12-21T19:46:34.899+0000] {processor.py:161} INFO - Started process (PID=61) to work on /opt/airflow/dags/purchase_analytics_dag.py
[2025-12-21T19:46:34.899+0000] {processor.py:830} INFO - Processing file /opt/airflow/dags/purchase_analytics_dag.py for tasks to queue
[2025-12-21T19:46:34.900+0000] {logging_mixin.py:188} INFO - [2025-12-21T19:46:34.900+0000] {dagbag.py:538} INFO - Filling up the DagBag from /opt/airflow/dags/purchase_analytics_dag.py
[2025-12-21T19:46:34.923+0000] {processor.py:840} INFO - DAG(s) 'purchase_analytics_refresh' retrieved from /opt/airflow/dags/purchase_analytics_dag.py
[2025-12-21T19:46:34.972+0000] {logging_mixin.py:188} INFO - [2025-12-21T19:46:34.972+0000] {dag.py:3033} INFO - Sync 1 DAGs
[2025-12-21T19:46:34.995+0000] {logging_mixin.py:188} INFO - [2025-12-21T19:46:34.995+0000] {dag.py:3820} INFO - Setting next_dagrun for purchase_analytics_refresh to 2025-12-20T02:00:00+00:00, run_after=2025-12-21T02:00:00+00:00
[2025-12-21T19:46:35.010+0000] {processor.py:183} INFO - Processing /opt/airflow/dags/purchase_analytics_dag.py took 0.114 seconds
[2025-12-21T19:47:05.254+0000] {processor.py:161} INFO - Started process (PID=71) to work on /opt/airflow/dags/purchase_analytics_dag.py
[2025-12-21T19:47:05.255+0000] {processor.py:830} INFO - Processing file /opt/airflow/dags/purchase_analytics_dag.py for tasks to queue
[2025-12-21T19:47:05.256+0000] {logging_mixin.py:188} INFO - [2025-12-21T19:47:05.256+0000] {dagbag.py:538} INFO - Filling up the DagBag from /opt/airflow/dags/purchase_analytics_dag.py
[2025-12-21T19:47:05.274+0000] {processor.py:840} INFO - DAG(s) 'purchase_analytics_refresh' retrieved from /opt/airflow/dags/purchase_analytics_dag.py
[2025-12-21T19:47:05.316+0000] {logging_mixin.py:188} INFO - [2025-12-21T19:47:05.315+0000] {dag.py:3033} INFO - Sync 1 DAGs
[2025-12-21T19:47:05.339+0000] {logging_mixin.py:188} INFO - [2025-12-21T19:47:05.338+0000] {dag.py:3820} INFO - Setting next_dagrun for purchase_analytics_refresh to 2025-12-20T02:00:00+00:00, run_after=2025-12-21T02:00:00+00:00
[2025-12-21T19:47:05.354+0000] {processor.py:183} INFO - Processing /opt/airflow/dags/purchase_analytics_dag.py took 0.102 seconds
[2025-12-21T19:47:35.943+0000] {processor.py:161} INFO - Started process (PID=81) to work on /opt/airflow/dags/purchase_analytics_dag.py
[2025-12-21T19:47:35.945+0000] {processor.py:830} INFO - Processing file /opt/airflow/dags/purchase_analytics_dag.py for tasks to queue
[2025-12-21T19:47:35.946+0000] {logging_mixin.py:188} INFO - [2025-12-21T19:47:35.946+0000] {dagbag.py:538} INFO - Filling up the DagBag from /opt/airflow/dags/purchase_analytics_dag.py
[2025-12-21T19:47:35.974+0000] {processor.py:840} INFO - DAG(s) 'purchase_analytics_refresh' retrieved from /opt/airflow/dags/purchase_analytics_dag.py
[2025-12-21T19:47:35.999+0000] {logging_mixin.py:188} INFO - [2025-12-21T19:47:35.999+0000] {dag.py:3033} INFO - Sync 1 DAGs
[2025-12-21T19:47:36.024+0000] {logging_mixin.py:188} INFO - [2025-12-21T19:47:36.024+0000] {dag.py:3820} INFO - Setting next_dagrun for purchase_analytics_refresh to 2025-12-20T02:00:00+00:00, run_after=2025-12-21T02:00:00+00:00
[2025-12-21T19:47:36.039+0000] {processor.py:183} INFO - Processing /opt/airflow/dags/purchase_analytics_dag.py took 0.103 seconds
[2025-12-21T19:48:06.783+0000] {processor.py:161} INFO - Started process (PID=91) to work on /opt/airflow/dags/purchase_analytics_dag.py
[2025-12-21T19:48:06.786+0000] {processor.py:830} INFO - Processing file /opt/airflow/dags/purchase_analytics_dag.py for tasks to queue
[2025-12-21T19:48:06.788+0000] {logging_mixin.py:188} INFO - [2025-12-21T19:48:06.788+0000] {dagbag.py:538} INFO - Filling up the DagBag from /opt/airflow/dags/purchase_analytics_dag.py
[2025-12-21T19:48:06.820+0000] {processor.py:840} INFO - DAG(s) 'purchase_analytics_refresh' retrieved from /opt/airflow/dags/purchase_analytics_dag.py
[2025-12-21T19:48:06.899+0000] {logging_mixin.py:188} INFO - [2025-12-21T19:48:06.899+0000] {dag.py:3033} INFO - Sync 1 DAGs
[2025-12-21T19:48:06.955+0000] {logging_mixin.py:188} INFO - [2025-12-21T19:48:06.955+0000] {dag.py:3820} INFO - Setting next_dagrun for purchase_analytics_refresh to 2025-12-20T02:00:00+00:00, run_after=2025-12-21T02:00:00+00:00
[2025-12-21T19:48:06.981+0000] {processor.py:183} INFO - Processing /opt/airflow/dags/purchase_analytics_dag.py took 0.205 seconds
[2025-12-21T19:48:37.400+0000] {processor.py:161} INFO - Started process (PID=94) to work on /opt/airflow/dags/purchase_analytics_dag.py
[2025-12-21T19:48:37.401+0000] {processor.py:830} INFO - Processing file /opt/airflow/dags/purchase_analytics_dag.py for tasks to queue
[2025-12-21T19:48:37.403+0000] {logging_mixin.py:188} INFO - [2025-12-21T19:48:37.402+0000] {dagbag.py:538} INFO - Filling up the DagBag from /opt/airflow/dags/purchase_analytics_dag.py
[2025-12-21T19:48:37.439+0000] {processor.py:840} INFO - DAG(s) 'purchase_analytics_refresh' retrieved from /opt/airflow/dags/purchase_analytics_dag.py
[2025-12-21T19:48:37.513+0000] {logging_mixin.py:188} INFO - [2025-12-21T19:48:37.513+0000] {dag.py:3033} INFO - Sync 1 DAGs
[2025-12-21T19:48:37.565+0000] {logging_mixin.py:188} INFO - [2025-12-21T19:48:37.565+0000] {dag.py:3820} INFO - Setting next_dagrun for purchase_analytics_refresh to 2025-12-20T02:00:00+00:00, run_after=2025-12-21T02:00:00+00:00
[2025-12-21T19:48:37.589+0000] {processor.py:183} INFO - Processing /opt/airflow/dags/purchase_analytics_dag.py took 0.198 seconds
[2025-12-21T19:49:07.824+0000] {processor.py:161} INFO - Started process (PID=104) to work on /opt/airflow/dags/purchase_analytics_dag.py
[2025-12-21T19:49:07.825+0000] {processor.py:830} INFO - Processing file /opt/airflow/dags/purchase_analytics_dag.py for tasks to queue
[2025-12-21T19:49:07.827+0000] {logging_mixin.py:188} INFO - [2025-12-21T19:49:07.826+0000] {dagbag.py:538} INFO - Filling up the DagBag from /opt/airflow/dags/purchase_analytics_dag.py
[2025-12-21T19:49:07.856+0000] {processor.py:840} INFO - DAG(s) 'purchase_analytics_refresh' retrieved from /opt/airflow/dags/purchase_analytics_dag.py
[2025-12-21T19:49:07.915+0000] {logging_mixin.py:188} INFO - [2025-12-21T19:49:07.914+0000] {dag.py:3033} INFO - Sync 1 DAGs
[2025-12-21T19:49:07.963+0000] {logging_mixin.py:188} INFO - [2025-12-21T19:49:07.963+0000] {dag.py:3820} INFO - Setting next_dagrun for purchase_analytics_refresh to 2025-12-20T02:00:00+00:00, run_after=2025-12-21T02:00:00+00:00
[2025-12-21T19:49:07.991+0000] {processor.py:183} INFO - Processing /opt/airflow/dags/purchase_analytics_dag.py took 0.181 seconds
[2025-12-21T19:49:38.460+0000] {processor.py:161} INFO - Started process (PID=114) to work on /opt/airflow/dags/purchase_analytics_dag.py
[2025-12-21T19:49:38.462+0000] {processor.py:830} INFO - Processing file /opt/airflow/dags/purchase_analytics_dag.py for tasks to queue
[2025-12-21T19:49:38.463+0000] {logging_mixin.py:188} INFO - [2025-12-21T19:49:38.463+0000] {dagbag.py:538} INFO - Filling up the DagBag from /opt/airflow/dags/purchase_analytics_dag.py
[2025-12-21T19:49:38.492+0000] {processor.py:840} INFO - DAG(s) 'purchase_analytics_refresh' retrieved from /opt/airflow/dags/purchase_analytics_dag.py
[2025-12-21T19:49:38.559+0000] {logging_mixin.py:188} INFO - [2025-12-21T19:49:38.559+0000] {dag.py:3033} INFO - Sync 1 DAGs
[2025-12-21T19:49:38.591+0000] {logging_mixin.py:188} INFO - [2025-12-21T19:49:38.590+0000] {dag.py:3820} INFO - Setting next_dagrun for purchase_analytics_refresh to 2025-12-20T02:00:00+00:00, run_after=2025-12-21T02:00:00+00:00
[2025-12-21T19:49:38.614+0000] {processor.py:183} INFO - Processing /opt/airflow/dags/purchase_analytics_dag.py took 0.166 seconds
[2025-12-21T19:50:09.108+0000] {processor.py:161} INFO - Started process (PID=124) to work on /opt/airflow/dags/purchase_analytics_dag.py
[2025-12-21T19:50:09.109+0000] {processor.py:830} INFO - Processing file /opt/airflow/dags/purchase_analytics_dag.py for tasks to queue
[2025-12-21T19:50:09.110+0000] {logging_mixin.py:188} INFO - [2025-12-21T19:50:09.109+0000] {dagbag.py:538} INFO - Filling up the DagBag from /opt/airflow/dags/purchase_analytics_dag.py
[2025-12-21T19:50:09.138+0000] {processor.py:840} INFO - DAG(s) 'purchase_analytics_refresh' retrieved from /opt/airflow/dags/purchase_analytics_dag.py
[2025-12-21T19:50:09.186+0000] {logging_mixin.py:188} INFO - [2025-12-21T19:50:09.186+0000] {dag.py:3033} INFO - Sync 1 DAGs
[2025-12-21T19:50:09.220+0000] {logging_mixin.py:188} INFO - [2025-12-21T19:50:09.220+0000] {dag.py:3820} INFO - Setting next_dagrun for purchase_analytics_refresh to 2025-12-20T02:00:00+00:00, run_after=2025-12-21T02:00:00+00:00
[2025-12-21T19:50:09.238+0000] {processor.py:183} INFO - Processing /opt/airflow/dags/purchase_analytics_dag.py took 0.135 seconds
[2025-12-21T19:50:39.569+0000] {processor.py:161} INFO - Started process (PID=134) to work on /opt/airflow/dags/purchase_analytics_dag.py
[2025-12-21T19:50:39.571+0000] {processor.py:830} INFO - Processing file /opt/airflow/dags/purchase_analytics_dag.py for tasks to queue
[2025-12-21T19:50:39.572+0000] {logging_mixin.py:188} INFO - [2025-12-21T19:50:39.572+0000] {dagbag.py:538} INFO - Filling up the DagBag from /opt/airflow/dags/purchase_analytics_dag.py
[2025-12-21T19:50:39.600+0000] {processor.py:840} INFO - DAG(s) 'purchase_analytics_refresh' retrieved from /opt/airflow/dags/purchase_analytics_dag.py
[2025-12-21T19:50:39.645+0000] {logging_mixin.py:188} INFO - [2025-12-21T19:50:39.645+0000] {dag.py:3033} INFO - Sync 1 DAGs
[2025-12-21T19:50:39.687+0000] {logging_mixin.py:188} INFO - [2025-12-21T19:50:39.686+0000] {dag.py:3820} INFO - Setting next_dagrun for purchase_analytics_refresh to 2025-12-20T02:00:00+00:00, run_after=2025-12-21T02:00:00+00:00
[2025-12-21T19:50:39.707+0000] {processor.py:183} INFO - Processing /opt/airflow/dags/purchase_analytics_dag.py took 0.145 seconds
[2025-12-21T19:51:10.070+0000] {processor.py:161} INFO - Started process (PID=144) to work on /opt/airflow/dags/purchase_analytics_dag.py
[2025-12-21T19:51:10.073+0000] {processor.py:830} INFO - Processing file /opt/airflow/dags/purchase_analytics_dag.py for tasks to queue
[2025-12-21T19:51:10.075+0000] {logging_mixin.py:188} INFO - [2025-12-21T19:51:10.075+0000] {dagbag.py:538} INFO - Filling up the DagBag from /opt/airflow/dags/purchase_analytics_dag.py
[2025-12-21T19:51:10.101+0000] {processor.py:840} INFO - DAG(s) 'purchase_analytics_refresh' retrieved from /opt/airflow/dags/purchase_analytics_dag.py
[2025-12-21T19:51:10.149+0000] {logging_mixin.py:188} INFO - [2025-12-21T19:51:10.148+0000] {dag.py:3033} INFO - Sync 1 DAGs
[2025-12-21T19:51:10.178+0000] {logging_mixin.py:188} INFO - [2025-12-21T19:51:10.178+0000] {dag.py:3820} INFO - Setting next_dagrun for purchase_analytics_refresh to 2025-12-20T02:00:00+00:00, run_after=2025-12-21T02:00:00+00:00
[2025-12-21T19:51:10.200+0000] {processor.py:183} INFO - Processing /opt/airflow/dags/purchase_analytics_dag.py took 0.135 seconds
[2025-12-21T19:51:40.583+0000] {processor.py:161} INFO - Started process (PID=154) to work on /opt/airflow/dags/purchase_analytics_dag.py
[2025-12-21T19:51:40.585+0000] {processor.py:830} INFO - Processing file /opt/airflow/dags/purchase_analytics_dag.py for tasks to queue
[2025-12-21T19:51:40.586+0000] {logging_mixin.py:188} INFO - [2025-12-21T19:51:40.585+0000] {dagbag.py:538} INFO - Filling up the DagBag from /opt/airflow/dags/purchase_analytics_dag.py
[2025-12-21T19:51:40.618+0000] {processor.py:840} INFO - DAG(s) 'purchase_analytics_refresh' retrieved from /opt/airflow/dags/purchase_analytics_dag.py
[2025-12-21T19:51:40.674+0000] {logging_mixin.py:188} INFO - [2025-12-21T19:51:40.674+0000] {dag.py:3033} INFO - Sync 1 DAGs
[2025-12-21T19:51:40.700+0000] {logging_mixin.py:188} INFO - [2025-12-21T19:51:40.700+0000] {dag.py:3820} INFO - Setting next_dagrun for purchase_analytics_refresh to 2025-12-20T02:00:00+00:00, run_after=2025-12-21T02:00:00+00:00
[2025-12-21T19:51:40.714+0000] {processor.py:183} INFO - Processing /opt/airflow/dags/purchase_analytics_dag.py took 0.140 seconds
[2025-12-21T19:52:11.317+0000] {processor.py:161} INFO - Started process (PID=164) to work on /opt/airflow/dags/purchase_analytics_dag.py
[2025-12-21T19:52:11.318+0000] {processor.py:830} INFO - Processing file /opt/airflow/dags/purchase_analytics_dag.py for tasks to queue
[2025-12-21T19:52:11.319+0000] {logging_mixin.py:188} INFO - [2025-12-21T19:52:11.319+0000] {dagbag.py:538} INFO - Filling up the DagBag from /opt/airflow/dags/purchase_analytics_dag.py
[2025-12-21T19:52:11.358+0000] {processor.py:840} INFO - DAG(s) 'purchase_analytics_refresh' retrieved from /opt/airflow/dags/purchase_analytics_dag.py
[2025-12-21T19:52:11.425+0000] {logging_mixin.py:188} INFO - [2025-12-21T19:52:11.425+0000] {dag.py:3033} INFO - Sync 1 DAGs
[2025-12-21T19:52:11.459+0000] {logging_mixin.py:188} INFO - [2025-12-21T19:52:11.459+0000] {dag.py:3820} INFO - Setting next_dagrun for purchase_analytics_refresh to 2025-12-20T02:00:00+00:00, run_after=2025-12-21T02:00:00+00:00
[2025-12-21T19:52:11.487+0000] {processor.py:183} INFO - Processing /opt/airflow/dags/purchase_analytics_dag.py took 0.182 seconds
[2025-12-21T19:55:42.368+0000] {processor.py:161} INFO - Started process (PID=31) to work on /opt/airflow/dags/purchase_analytics_dag.py
[2025-12-21T19:55:42.369+0000] {processor.py:830} INFO - Processing file /opt/airflow/dags/purchase_analytics_dag.py for tasks to queue
[2025-12-21T19:55:42.370+0000] {logging_mixin.py:188} INFO - [2025-12-21T19:55:42.370+0000] {dagbag.py:538} INFO - Filling up the DagBag from /opt/airflow/dags/purchase_analytics_dag.py
[2025-12-21T19:55:42.389+0000] {processor.py:840} INFO - DAG(s) 'purchase_analytics_refresh' retrieved from /opt/airflow/dags/purchase_analytics_dag.py
[2025-12-21T19:55:42.424+0000] {logging_mixin.py:188} INFO - [2025-12-21T19:55:42.424+0000] {dag.py:3033} INFO - Sync 1 DAGs
[2025-12-21T19:55:42.447+0000] {logging_mixin.py:188} INFO - [2025-12-21T19:55:42.447+0000] {dag.py:3820} INFO - Setting next_dagrun for purchase_analytics_refresh to 2025-12-20T02:00:00+00:00, run_after=2025-12-21T02:00:00+00:00
[2025-12-21T19:55:42.468+0000] {processor.py:183} INFO - Processing /opt/airflow/dags/purchase_analytics_dag.py took 0.105 seconds
[2025-12-21T19:56:12.843+0000] {processor.py:161} INFO - Started process (PID=41) to work on /opt/airflow/dags/purchase_analytics_dag.py
[2025-12-21T19:56:12.844+0000] {processor.py:830} INFO - Processing file /opt/airflow/dags/purchase_analytics_dag.py for tasks to queue
[2025-12-21T19:56:12.846+0000] {logging_mixin.py:188} INFO - [2025-12-21T19:56:12.845+0000] {dagbag.py:538} INFO - Filling up the DagBag from /opt/airflow/dags/purchase_analytics_dag.py
[2025-12-21T19:56:12.877+0000] {processor.py:840} INFO - DAG(s) 'purchase_analytics_refresh' retrieved from /opt/airflow/dags/purchase_analytics_dag.py
[2025-12-21T19:56:13.099+0000] {logging_mixin.py:188} INFO - [2025-12-21T19:56:13.098+0000] {dag.py:3033} INFO - Sync 1 DAGs
[2025-12-21T19:56:13.118+0000] {logging_mixin.py:188} INFO - [2025-12-21T19:56:13.118+0000] {dag.py:3820} INFO - Setting next_dagrun for purchase_analytics_refresh to 2025-12-20T02:00:00+00:00, run_after=2025-12-21T02:00:00+00:00
[2025-12-21T19:56:13.135+0000] {processor.py:183} INFO - Processing /opt/airflow/dags/purchase_analytics_dag.py took 0.298 seconds
[2025-12-21T19:56:43.639+0000] {processor.py:161} INFO - Started process (PID=51) to work on /opt/airflow/dags/purchase_analytics_dag.py
[2025-12-21T19:56:43.641+0000] {processor.py:830} INFO - Processing file /opt/airflow/dags/purchase_analytics_dag.py for tasks to queue
[2025-12-21T19:56:43.642+0000] {logging_mixin.py:188} INFO - [2025-12-21T19:56:43.642+0000] {dagbag.py:538} INFO - Filling up the DagBag from /opt/airflow/dags/purchase_analytics_dag.py
[2025-12-21T19:56:43.688+0000] {processor.py:840} INFO - DAG(s) 'purchase_analytics_refresh' retrieved from /opt/airflow/dags/purchase_analytics_dag.py
[2025-12-21T19:56:43.777+0000] {logging_mixin.py:188} INFO - [2025-12-21T19:56:43.777+0000] {dag.py:3033} INFO - Sync 1 DAGs
[2025-12-21T19:56:43.821+0000] {logging_mixin.py:188} INFO - [2025-12-21T19:56:43.821+0000] {dag.py:3820} INFO - Setting next_dagrun for purchase_analytics_refresh to 2025-12-20T02:00:00+00:00, run_after=2025-12-21T02:00:00+00:00
[2025-12-21T19:56:43.847+0000] {processor.py:183} INFO - Processing /opt/airflow/dags/purchase_analytics_dag.py took 0.217 seconds
[2025-12-21T19:57:14.043+0000] {processor.py:161} INFO - Started process (PID=61) to work on /opt/airflow/dags/purchase_analytics_dag.py
[2025-12-21T19:57:14.043+0000] {processor.py:830} INFO - Processing file /opt/airflow/dags/purchase_analytics_dag.py for tasks to queue
[2025-12-21T19:57:14.044+0000] {logging_mixin.py:188} INFO - [2025-12-21T19:57:14.044+0000] {dagbag.py:538} INFO - Filling up the DagBag from /opt/airflow/dags/purchase_analytics_dag.py
[2025-12-21T19:57:14.064+0000] {processor.py:840} INFO - DAG(s) 'purchase_analytics_refresh' retrieved from /opt/airflow/dags/purchase_analytics_dag.py
[2025-12-21T19:57:14.117+0000] {logging_mixin.py:188} INFO - [2025-12-21T19:57:14.117+0000] {dag.py:3033} INFO - Sync 1 DAGs
[2025-12-21T19:57:14.136+0000] {logging_mixin.py:188} INFO - [2025-12-21T19:57:14.136+0000] {dag.py:3820} INFO - Setting next_dagrun for purchase_analytics_refresh to 2025-12-20T02:00:00+00:00, run_after=2025-12-21T02:00:00+00:00
[2025-12-21T19:57:14.157+0000] {processor.py:183} INFO - Processing /opt/airflow/dags/purchase_analytics_dag.py took 0.116 seconds
[2025-12-21T19:57:44.704+0000] {processor.py:161} INFO - Started process (PID=71) to work on /opt/airflow/dags/purchase_analytics_dag.py
[2025-12-21T19:57:44.706+0000] {processor.py:830} INFO - Processing file /opt/airflow/dags/purchase_analytics_dag.py for tasks to queue
[2025-12-21T19:57:44.707+0000] {logging_mixin.py:188} INFO - [2025-12-21T19:57:44.706+0000] {dagbag.py:538} INFO - Filling up the DagBag from /opt/airflow/dags/purchase_analytics_dag.py
[2025-12-21T19:57:44.744+0000] {processor.py:840} INFO - DAG(s) 'purchase_analytics_refresh' retrieved from /opt/airflow/dags/purchase_analytics_dag.py
[2025-12-21T19:57:44.797+0000] {logging_mixin.py:188} INFO - [2025-12-21T19:57:44.797+0000] {dag.py:3033} INFO - Sync 1 DAGs
[2025-12-21T19:57:44.826+0000] {logging_mixin.py:188} INFO - [2025-12-21T19:57:44.826+0000] {dag.py:3820} INFO - Setting next_dagrun for purchase_analytics_refresh to 2025-12-20T02:00:00+00:00, run_after=2025-12-21T02:00:00+00:00
[2025-12-21T19:57:44.842+0000] {processor.py:183} INFO - Processing /opt/airflow/dags/purchase_analytics_dag.py took 0.146 seconds
[2025-12-21T20:01:14.676+0000] {processor.py:161} INFO - Started process (PID=31) to work on /opt/airflow/dags/purchase_analytics_dag.py
[2025-12-21T20:01:14.678+0000] {processor.py:830} INFO - Processing file /opt/airflow/dags/purchase_analytics_dag.py for tasks to queue
[2025-12-21T20:01:14.679+0000] {logging_mixin.py:188} INFO - [2025-12-21T20:01:14.679+0000] {dagbag.py:538} INFO - Filling up the DagBag from /opt/airflow/dags/purchase_analytics_dag.py
[2025-12-21T20:01:14.707+0000] {processor.py:840} INFO - DAG(s) 'purchase_analytics_refresh' retrieved from /opt/airflow/dags/purchase_analytics_dag.py
[2025-12-21T20:01:14.743+0000] {logging_mixin.py:188} INFO - [2025-12-21T20:01:14.743+0000] {dag.py:3033} INFO - Sync 1 DAGs
[2025-12-21T20:01:14.772+0000] {logging_mixin.py:188} INFO - [2025-12-21T20:01:14.772+0000] {dag.py:3820} INFO - Setting next_dagrun for purchase_analytics_refresh to 2025-12-20T02:00:00+00:00, run_after=2025-12-21T02:00:00+00:00
[2025-12-21T20:01:14.797+0000] {processor.py:183} INFO - Processing /opt/airflow/dags/purchase_analytics_dag.py took 0.123 seconds
[2025-12-21T20:01:45.080+0000] {processor.py:161} INFO - Started process (PID=41) to work on /opt/airflow/dags/purchase_analytics_dag.py
[2025-12-21T20:01:45.082+0000] {processor.py:830} INFO - Processing file /opt/airflow/dags/purchase_analytics_dag.py for tasks to queue
[2025-12-21T20:01:45.085+0000] {logging_mixin.py:188} INFO - [2025-12-21T20:01:45.083+0000] {dagbag.py:538} INFO - Filling up the DagBag from /opt/airflow/dags/purchase_analytics_dag.py
[2025-12-21T20:01:45.115+0000] {processor.py:840} INFO - DAG(s) 'purchase_analytics_refresh' retrieved from /opt/airflow/dags/purchase_analytics_dag.py
[2025-12-21T20:01:45.343+0000] {logging_mixin.py:188} INFO - [2025-12-21T20:01:45.342+0000] {dag.py:3033} INFO - Sync 1 DAGs
[2025-12-21T20:01:45.376+0000] {logging_mixin.py:188} INFO - [2025-12-21T20:01:45.375+0000] {dag.py:3820} INFO - Setting next_dagrun for purchase_analytics_refresh to 2025-12-20T02:00:00+00:00, run_after=2025-12-21T02:00:00+00:00
[2025-12-21T20:01:45.394+0000] {processor.py:183} INFO - Processing /opt/airflow/dags/purchase_analytics_dag.py took 0.319 seconds
[2025-12-21T20:02:15.702+0000] {processor.py:161} INFO - Started process (PID=51) to work on /opt/airflow/dags/purchase_analytics_dag.py
[2025-12-21T20:02:15.706+0000] {processor.py:830} INFO - Processing file /opt/airflow/dags/purchase_analytics_dag.py for tasks to queue
[2025-12-21T20:02:15.711+0000] {logging_mixin.py:188} INFO - [2025-12-21T20:02:15.710+0000] {dagbag.py:538} INFO - Filling up the DagBag from /opt/airflow/dags/purchase_analytics_dag.py
[2025-12-21T20:02:15.771+0000] {processor.py:840} INFO - DAG(s) 'purchase_analytics_refresh' retrieved from /opt/airflow/dags/purchase_analytics_dag.py
[2025-12-21T20:02:15.855+0000] {logging_mixin.py:188} INFO - [2025-12-21T20:02:15.855+0000] {dag.py:3033} INFO - Sync 1 DAGs
[2025-12-21T20:02:15.902+0000] {logging_mixin.py:188} INFO - [2025-12-21T20:02:15.901+0000] {dag.py:3820} INFO - Setting next_dagrun for purchase_analytics_refresh to 2025-12-20T02:00:00+00:00, run_after=2025-12-21T02:00:00+00:00
[2025-12-21T20:02:15.923+0000] {processor.py:183} INFO - Processing /opt/airflow/dags/purchase_analytics_dag.py took 0.231 seconds
[2025-12-21T20:02:46.457+0000] {processor.py:161} INFO - Started process (PID=60) to work on /opt/airflow/dags/purchase_analytics_dag.py
[2025-12-21T20:02:46.459+0000] {processor.py:830} INFO - Processing file /opt/airflow/dags/purchase_analytics_dag.py for tasks to queue
[2025-12-21T20:02:46.461+0000] {logging_mixin.py:188} INFO - [2025-12-21T20:02:46.460+0000] {dagbag.py:538} INFO - Filling up the DagBag from /opt/airflow/dags/purchase_analytics_dag.py
[2025-12-21T20:02:46.497+0000] {processor.py:840} INFO - DAG(s) 'purchase_analytics_refresh' retrieved from /opt/airflow/dags/purchase_analytics_dag.py
[2025-12-21T20:02:46.543+0000] {logging_mixin.py:188} INFO - [2025-12-21T20:02:46.542+0000] {dag.py:3033} INFO - Sync 1 DAGs
[2025-12-21T20:02:46.573+0000] {logging_mixin.py:188} INFO - [2025-12-21T20:02:46.573+0000] {dag.py:3820} INFO - Setting next_dagrun for purchase_analytics_refresh to 2025-12-20T02:00:00+00:00, run_after=2025-12-21T02:00:00+00:00
[2025-12-21T20:02:46.590+0000] {processor.py:183} INFO - Processing /opt/airflow/dags/purchase_analytics_dag.py took 0.139 seconds
[2025-12-21T20:03:16.817+0000] {processor.py:161} INFO - Started process (PID=69) to work on /opt/airflow/dags/purchase_analytics_dag.py
[2025-12-21T20:03:16.819+0000] {processor.py:830} INFO - Processing file /opt/airflow/dags/purchase_analytics_dag.py for tasks to queue
[2025-12-21T20:03:16.820+0000] {logging_mixin.py:188} INFO - [2025-12-21T20:03:16.820+0000] {dagbag.py:538} INFO - Filling up the DagBag from /opt/airflow/dags/purchase_analytics_dag.py
[2025-12-21T20:03:16.843+0000] {processor.py:840} INFO - DAG(s) 'purchase_analytics_refresh' retrieved from /opt/airflow/dags/purchase_analytics_dag.py
[2025-12-21T20:03:16.880+0000] {logging_mixin.py:188} INFO - [2025-12-21T20:03:16.880+0000] {dag.py:3033} INFO - Sync 1 DAGs
[2025-12-21T20:03:16.903+0000] {logging_mixin.py:188} INFO - [2025-12-21T20:03:16.903+0000] {dag.py:3820} INFO - Setting next_dagrun for purchase_analytics_refresh to 2025-12-20T02:00:00+00:00, run_after=2025-12-21T02:00:00+00:00
[2025-12-21T20:03:16.932+0000] {processor.py:183} INFO - Processing /opt/airflow/dags/purchase_analytics_dag.py took 0.120 seconds
[2025-12-21T20:03:47.167+0000] {processor.py:161} INFO - Started process (PID=79) to work on /opt/airflow/dags/purchase_analytics_dag.py
[2025-12-21T20:03:47.168+0000] {processor.py:830} INFO - Processing file /opt/airflow/dags/purchase_analytics_dag.py for tasks to queue
[2025-12-21T20:03:47.171+0000] {logging_mixin.py:188} INFO - [2025-12-21T20:03:47.169+0000] {dagbag.py:538} INFO - Filling up the DagBag from /opt/airflow/dags/purchase_analytics_dag.py
[2025-12-21T20:03:47.193+0000] {processor.py:840} INFO - DAG(s) 'purchase_analytics_refresh' retrieved from /opt/airflow/dags/purchase_analytics_dag.py
[2025-12-21T20:03:47.228+0000] {logging_mixin.py:188} INFO - [2025-12-21T20:03:47.227+0000] {dag.py:3033} INFO - Sync 1 DAGs
[2025-12-21T20:03:47.249+0000] {logging_mixin.py:188} INFO - [2025-12-21T20:03:47.249+0000] {dag.py:3820} INFO - Setting next_dagrun for purchase_analytics_refresh to 2025-12-20T02:00:00+00:00, run_after=2025-12-21T02:00:00+00:00
[2025-12-21T20:03:47.265+0000] {processor.py:183} INFO - Processing /opt/airflow/dags/purchase_analytics_dag.py took 0.103 seconds
[2025-12-21T20:04:17.454+0000] {processor.py:161} INFO - Started process (PID=89) to work on /opt/airflow/dags/purchase_analytics_dag.py
[2025-12-21T20:04:17.455+0000] {processor.py:830} INFO - Processing file /opt/airflow/dags/purchase_analytics_dag.py for tasks to queue
[2025-12-21T20:04:17.455+0000] {logging_mixin.py:188} INFO - [2025-12-21T20:04:17.455+0000] {dagbag.py:538} INFO - Filling up the DagBag from /opt/airflow/dags/purchase_analytics_dag.py
[2025-12-21T20:04:17.474+0000] {processor.py:840} INFO - DAG(s) 'purchase_analytics_refresh' retrieved from /opt/airflow/dags/purchase_analytics_dag.py
[2025-12-21T20:04:17.510+0000] {logging_mixin.py:188} INFO - [2025-12-21T20:04:17.509+0000] {dag.py:3033} INFO - Sync 1 DAGs
[2025-12-21T20:04:17.532+0000] {logging_mixin.py:188} INFO - [2025-12-21T20:04:17.532+0000] {dag.py:3820} INFO - Setting next_dagrun for purchase_analytics_refresh to 2025-12-20T02:00:00+00:00, run_after=2025-12-21T02:00:00+00:00
[2025-12-21T20:04:17.548+0000] {processor.py:183} INFO - Processing /opt/airflow/dags/purchase_analytics_dag.py took 0.097 seconds
[2025-12-21T20:04:47.784+0000] {processor.py:161} INFO - Started process (PID=98) to work on /opt/airflow/dags/purchase_analytics_dag.py
[2025-12-21T20:04:47.789+0000] {processor.py:830} INFO - Processing file /opt/airflow/dags/purchase_analytics_dag.py for tasks to queue
[2025-12-21T20:04:47.792+0000] {logging_mixin.py:188} INFO - [2025-12-21T20:04:47.791+0000] {dagbag.py:538} INFO - Filling up the DagBag from /opt/airflow/dags/purchase_analytics_dag.py
[2025-12-21T20:04:47.851+0000] {processor.py:840} INFO - DAG(s) 'purchase_analytics_refresh' retrieved from /opt/airflow/dags/purchase_analytics_dag.py
[2025-12-21T20:04:47.932+0000] {logging_mixin.py:188} INFO - [2025-12-21T20:04:47.932+0000] {dag.py:3033} INFO - Sync 1 DAGs
[2025-12-21T20:04:48.007+0000] {logging_mixin.py:188} INFO - [2025-12-21T20:04:48.007+0000] {dag.py:3820} INFO - Setting next_dagrun for purchase_analytics_refresh to 2025-12-20T02:00:00+00:00, run_after=2025-12-21T02:00:00+00:00
[2025-12-21T20:04:48.044+0000] {processor.py:183} INFO - Processing /opt/airflow/dags/purchase_analytics_dag.py took 0.281 seconds
[2025-12-21T20:05:18.322+0000] {processor.py:161} INFO - Started process (PID=102) to work on /opt/airflow/dags/purchase_analytics_dag.py
[2025-12-21T20:05:18.326+0000] {processor.py:830} INFO - Processing file /opt/airflow/dags/purchase_analytics_dag.py for tasks to queue
[2025-12-21T20:05:18.330+0000] {logging_mixin.py:188} INFO - [2025-12-21T20:05:18.329+0000] {dagbag.py:538} INFO - Filling up the DagBag from /opt/airflow/dags/purchase_analytics_dag.py
[2025-12-21T20:05:18.384+0000] {processor.py:840} INFO - DAG(s) 'purchase_analytics_refresh' retrieved from /opt/airflow/dags/purchase_analytics_dag.py
[2025-12-21T20:05:18.445+0000] {logging_mixin.py:188} INFO - [2025-12-21T20:05:18.445+0000] {dag.py:3033} INFO - Sync 1 DAGs
[2025-12-21T20:05:18.499+0000] {logging_mixin.py:188} INFO - [2025-12-21T20:05:18.499+0000] {dag.py:3820} INFO - Setting next_dagrun for purchase_analytics_refresh to 2025-12-20T02:00:00+00:00, run_after=2025-12-21T02:00:00+00:00
[2025-12-21T20:05:18.523+0000] {processor.py:183} INFO - Processing /opt/airflow/dags/purchase_analytics_dag.py took 0.215 seconds
[2025-12-21T20:05:48.753+0000] {processor.py:161} INFO - Started process (PID=112) to work on /opt/airflow/dags/purchase_analytics_dag.py
[2025-12-21T20:05:48.754+0000] {processor.py:830} INFO - Processing file /opt/airflow/dags/purchase_analytics_dag.py for tasks to queue
[2025-12-21T20:05:48.757+0000] {logging_mixin.py:188} INFO - [2025-12-21T20:05:48.756+0000] {dagbag.py:538} INFO - Filling up the DagBag from /opt/airflow/dags/purchase_analytics_dag.py
[2025-12-21T20:05:48.800+0000] {processor.py:840} INFO - DAG(s) 'purchase_analytics_refresh' retrieved from /opt/airflow/dags/purchase_analytics_dag.py
[2025-12-21T20:05:48.843+0000] {logging_mixin.py:188} INFO - [2025-12-21T20:05:48.843+0000] {dag.py:3033} INFO - Sync 1 DAGs
[2025-12-21T20:05:48.874+0000] {logging_mixin.py:188} INFO - [2025-12-21T20:05:48.873+0000] {dag.py:3820} INFO - Setting next_dagrun for purchase_analytics_refresh to 2025-12-20T02:00:00+00:00, run_after=2025-12-21T02:00:00+00:00
[2025-12-21T20:05:48.897+0000] {processor.py:183} INFO - Processing /opt/airflow/dags/purchase_analytics_dag.py took 0.148 seconds
[2025-12-21T20:06:19.488+0000] {processor.py:161} INFO - Started process (PID=122) to work on /opt/airflow/dags/purchase_analytics_dag.py
[2025-12-21T20:06:19.499+0000] {processor.py:830} INFO - Processing file /opt/airflow/dags/purchase_analytics_dag.py for tasks to queue
[2025-12-21T20:06:19.503+0000] {logging_mixin.py:188} INFO - [2025-12-21T20:06:19.502+0000] {dagbag.py:538} INFO - Filling up the DagBag from /opt/airflow/dags/purchase_analytics_dag.py
[2025-12-21T20:06:19.554+0000] {processor.py:840} INFO - DAG(s) 'purchase_analytics_refresh' retrieved from /opt/airflow/dags/purchase_analytics_dag.py
[2025-12-21T20:06:19.661+0000] {logging_mixin.py:188} INFO - [2025-12-21T20:06:19.661+0000] {dag.py:3033} INFO - Sync 1 DAGs
[2025-12-21T20:06:19.771+0000] {logging_mixin.py:188} INFO - [2025-12-21T20:06:19.770+0000] {dag.py:3820} INFO - Setting next_dagrun for purchase_analytics_refresh to 2025-12-20T02:00:00+00:00, run_after=2025-12-21T02:00:00+00:00
[2025-12-21T20:06:19.809+0000] {processor.py:183} INFO - Processing /opt/airflow/dags/purchase_analytics_dag.py took 0.333 seconds
[2025-12-21T20:06:50.209+0000] {processor.py:161} INFO - Started process (PID=132) to work on /opt/airflow/dags/purchase_analytics_dag.py
[2025-12-21T20:06:50.210+0000] {processor.py:830} INFO - Processing file /opt/airflow/dags/purchase_analytics_dag.py for tasks to queue
[2025-12-21T20:06:50.212+0000] {logging_mixin.py:188} INFO - [2025-12-21T20:06:50.211+0000] {dagbag.py:538} INFO - Filling up the DagBag from /opt/airflow/dags/purchase_analytics_dag.py
[2025-12-21T20:06:50.241+0000] {processor.py:840} INFO - DAG(s) 'purchase_analytics_refresh' retrieved from /opt/airflow/dags/purchase_analytics_dag.py
[2025-12-21T20:06:50.303+0000] {logging_mixin.py:188} INFO - [2025-12-21T20:06:50.303+0000] {dag.py:3033} INFO - Sync 1 DAGs
[2025-12-21T20:06:50.330+0000] {logging_mixin.py:188} INFO - [2025-12-21T20:06:50.330+0000] {dag.py:3820} INFO - Setting next_dagrun for purchase_analytics_refresh to 2025-12-20T02:00:00+00:00, run_after=2025-12-21T02:00:00+00:00
[2025-12-21T20:06:50.350+0000] {processor.py:183} INFO - Processing /opt/airflow/dags/purchase_analytics_dag.py took 0.145 seconds
[2025-12-21T20:07:21.272+0000] {processor.py:161} INFO - Started process (PID=142) to work on /opt/airflow/dags/purchase_analytics_dag.py
[2025-12-21T20:07:21.273+0000] {processor.py:830} INFO - Processing file /opt/airflow/dags/purchase_analytics_dag.py for tasks to queue
[2025-12-21T20:07:21.274+0000] {logging_mixin.py:188} INFO - [2025-12-21T20:07:21.274+0000] {dagbag.py:538} INFO - Filling up the DagBag from /opt/airflow/dags/purchase_analytics_dag.py
[2025-12-21T20:07:21.306+0000] {processor.py:840} INFO - DAG(s) 'purchase_analytics_refresh' retrieved from /opt/airflow/dags/purchase_analytics_dag.py
[2025-12-21T20:07:21.357+0000] {logging_mixin.py:188} INFO - [2025-12-21T20:07:21.357+0000] {dag.py:3033} INFO - Sync 1 DAGs
[2025-12-21T20:07:21.385+0000] {logging_mixin.py:188} INFO - [2025-12-21T20:07:21.384+0000] {dag.py:3820} INFO - Setting next_dagrun for purchase_analytics_refresh to 2025-12-20T02:00:00+00:00, run_after=2025-12-21T02:00:00+00:00
[2025-12-21T20:07:21.405+0000] {processor.py:183} INFO - Processing /opt/airflow/dags/purchase_analytics_dag.py took 0.139 seconds
[2025-12-21T20:07:51.951+0000] {processor.py:161} INFO - Started process (PID=152) to work on /opt/airflow/dags/purchase_analytics_dag.py
[2025-12-21T20:07:51.953+0000] {processor.py:830} INFO - Processing file /opt/airflow/dags/purchase_analytics_dag.py for tasks to queue
[2025-12-21T20:07:51.955+0000] {logging_mixin.py:188} INFO - [2025-12-21T20:07:51.954+0000] {dagbag.py:538} INFO - Filling up the DagBag from /opt/airflow/dags/purchase_analytics_dag.py
[2025-12-21T20:07:51.990+0000] {processor.py:840} INFO - DAG(s) 'purchase_analytics_refresh' retrieved from /opt/airflow/dags/purchase_analytics_dag.py
[2025-12-21T20:07:52.037+0000] {logging_mixin.py:188} INFO - [2025-12-21T20:07:52.037+0000] {dag.py:3033} INFO - Sync 1 DAGs
[2025-12-21T20:07:52.068+0000] {logging_mixin.py:188} INFO - [2025-12-21T20:07:52.067+0000] {dag.py:3820} INFO - Setting next_dagrun for purchase_analytics_refresh to 2025-12-20T02:00:00+00:00, run_after=2025-12-21T02:00:00+00:00
[2025-12-21T20:07:52.092+0000] {processor.py:183} INFO - Processing /opt/airflow/dags/purchase_analytics_dag.py took 0.147 seconds
[2025-12-21T20:16:07.964+0000] {processor.py:161} INFO - Started process (PID=31) to work on /opt/airflow/dags/purchase_analytics_dag.py
[2025-12-21T20:16:07.967+0000] {processor.py:830} INFO - Processing file /opt/airflow/dags/purchase_analytics_dag.py for tasks to queue
[2025-12-21T20:16:07.968+0000] {logging_mixin.py:188} INFO - [2025-12-21T20:16:07.968+0000] {dagbag.py:538} INFO - Filling up the DagBag from /opt/airflow/dags/purchase_analytics_dag.py
[2025-12-21T20:16:07.990+0000] {processor.py:840} INFO - DAG(s) 'purchase_analytics_refresh' retrieved from /opt/airflow/dags/purchase_analytics_dag.py
[2025-12-21T20:16:08.021+0000] {logging_mixin.py:188} INFO - [2025-12-21T20:16:08.021+0000] {dag.py:3033} INFO - Sync 1 DAGs
[2025-12-21T20:16:08.043+0000] {logging_mixin.py:188} INFO - [2025-12-21T20:16:08.043+0000] {dag.py:3820} INFO - Setting next_dagrun for purchase_analytics_refresh to 2025-12-20T02:00:00+00:00, run_after=2025-12-21T02:00:00+00:00
[2025-12-21T20:16:08.058+0000] {processor.py:183} INFO - Processing /opt/airflow/dags/purchase_analytics_dag.py took 0.098 seconds
[2025-12-21T20:16:38.634+0000] {processor.py:161} INFO - Started process (PID=41) to work on /opt/airflow/dags/purchase_analytics_dag.py
[2025-12-21T20:16:38.637+0000] {processor.py:830} INFO - Processing file /opt/airflow/dags/purchase_analytics_dag.py for tasks to queue
[2025-12-21T20:16:38.639+0000] {logging_mixin.py:188} INFO - [2025-12-21T20:16:38.638+0000] {dagbag.py:538} INFO - Filling up the DagBag from /opt/airflow/dags/purchase_analytics_dag.py
[2025-12-21T20:16:38.681+0000] {processor.py:840} INFO - DAG(s) 'purchase_analytics_refresh' retrieved from /opt/airflow/dags/purchase_analytics_dag.py
[2025-12-21T20:16:39.044+0000] {logging_mixin.py:188} INFO - [2025-12-21T20:16:39.044+0000] {dag.py:3033} INFO - Sync 1 DAGs
[2025-12-21T20:16:39.070+0000] {logging_mixin.py:188} INFO - [2025-12-21T20:16:39.070+0000] {dag.py:3820} INFO - Setting next_dagrun for purchase_analytics_refresh to 2025-12-20T02:00:00+00:00, run_after=2025-12-21T02:00:00+00:00
[2025-12-21T20:16:39.098+0000] {processor.py:183} INFO - Processing /opt/airflow/dags/purchase_analytics_dag.py took 0.470 seconds
[2025-12-21T20:17:09.452+0000] {processor.py:161} INFO - Started process (PID=51) to work on /opt/airflow/dags/purchase_analytics_dag.py
[2025-12-21T20:17:09.453+0000] {processor.py:830} INFO - Processing file /opt/airflow/dags/purchase_analytics_dag.py for tasks to queue
[2025-12-21T20:17:09.453+0000] {logging_mixin.py:188} INFO - [2025-12-21T20:17:09.453+0000] {dagbag.py:538} INFO - Filling up the DagBag from /opt/airflow/dags/purchase_analytics_dag.py
[2025-12-21T20:17:09.472+0000] {processor.py:840} INFO - DAG(s) 'purchase_analytics_refresh' retrieved from /opt/airflow/dags/purchase_analytics_dag.py
[2025-12-21T20:17:09.545+0000] {logging_mixin.py:188} INFO - [2025-12-21T20:17:09.544+0000] {dag.py:3033} INFO - Sync 1 DAGs
[2025-12-21T20:17:09.596+0000] {logging_mixin.py:188} INFO - [2025-12-21T20:17:09.596+0000] {dag.py:3820} INFO - Setting next_dagrun for purchase_analytics_refresh to 2025-12-20T02:00:00+00:00, run_after=2025-12-21T02:00:00+00:00
[2025-12-21T20:17:09.615+0000] {processor.py:183} INFO - Processing /opt/airflow/dags/purchase_analytics_dag.py took 0.166 seconds
[2025-12-21T20:17:40.365+0000] {processor.py:161} INFO - Started process (PID=109) to work on /opt/airflow/dags/purchase_analytics_dag.py
[2025-12-21T20:17:40.369+0000] {processor.py:830} INFO - Processing file /opt/airflow/dags/purchase_analytics_dag.py for tasks to queue
[2025-12-21T20:17:40.373+0000] {logging_mixin.py:188} INFO - [2025-12-21T20:17:40.371+0000] {dagbag.py:538} INFO - Filling up the DagBag from /opt/airflow/dags/purchase_analytics_dag.py
[2025-12-21T20:17:40.536+0000] {processor.py:840} INFO - DAG(s) 'purchase_analytics_refresh' retrieved from /opt/airflow/dags/purchase_analytics_dag.py
[2025-12-21T20:17:40.602+0000] {logging_mixin.py:188} INFO - [2025-12-21T20:17:40.602+0000] {dag.py:3033} INFO - Sync 1 DAGs
[2025-12-21T20:17:40.629+0000] {logging_mixin.py:188} INFO - [2025-12-21T20:17:40.629+0000] {dag.py:3820} INFO - Setting next_dagrun for purchase_analytics_refresh to 2025-12-21T02:00:00+00:00, run_after=2025-12-22T02:00:00+00:00
[2025-12-21T20:17:40.656+0000] {processor.py:183} INFO - Processing /opt/airflow/dags/purchase_analytics_dag.py took 0.307 seconds
[2025-12-21T20:18:10.993+0000] {processor.py:161} INFO - Started process (PID=119) to work on /opt/airflow/dags/purchase_analytics_dag.py
[2025-12-21T20:18:10.994+0000] {processor.py:830} INFO - Processing file /opt/airflow/dags/purchase_analytics_dag.py for tasks to queue
[2025-12-21T20:18:10.995+0000] {logging_mixin.py:188} INFO - [2025-12-21T20:18:10.995+0000] {dagbag.py:538} INFO - Filling up the DagBag from /opt/airflow/dags/purchase_analytics_dag.py
[2025-12-21T20:18:11.022+0000] {processor.py:840} INFO - DAG(s) 'purchase_analytics_refresh' retrieved from /opt/airflow/dags/purchase_analytics_dag.py
[2025-12-21T20:18:11.078+0000] {logging_mixin.py:188} INFO - [2025-12-21T20:18:11.078+0000] {dag.py:3033} INFO - Sync 1 DAGs
[2025-12-21T20:18:11.117+0000] {logging_mixin.py:188} INFO - [2025-12-21T20:18:11.116+0000] {dag.py:3820} INFO - Setting next_dagrun for purchase_analytics_refresh to 2025-12-21T02:00:00+00:00, run_after=2025-12-22T02:00:00+00:00
[2025-12-21T20:18:11.154+0000] {processor.py:183} INFO - Processing /opt/airflow/dags/purchase_analytics_dag.py took 0.166 seconds
[2025-12-21T20:18:41.471+0000] {processor.py:161} INFO - Started process (PID=129) to work on /opt/airflow/dags/purchase_analytics_dag.py
[2025-12-21T20:18:41.473+0000] {processor.py:830} INFO - Processing file /opt/airflow/dags/purchase_analytics_dag.py for tasks to queue
[2025-12-21T20:18:41.473+0000] {logging_mixin.py:188} INFO - [2025-12-21T20:18:41.473+0000] {dagbag.py:538} INFO - Filling up the DagBag from /opt/airflow/dags/purchase_analytics_dag.py
[2025-12-21T20:18:41.496+0000] {processor.py:840} INFO - DAG(s) 'purchase_analytics_refresh' retrieved from /opt/airflow/dags/purchase_analytics_dag.py
[2025-12-21T20:18:41.523+0000] {logging_mixin.py:188} INFO - [2025-12-21T20:18:41.523+0000] {dag.py:3033} INFO - Sync 1 DAGs
[2025-12-21T20:18:41.544+0000] {logging_mixin.py:188} INFO - [2025-12-21T20:18:41.544+0000] {dag.py:3820} INFO - Setting next_dagrun for purchase_analytics_refresh to 2025-12-21T02:00:00+00:00, run_after=2025-12-22T02:00:00+00:00
[2025-12-21T20:18:41.558+0000] {processor.py:183} INFO - Processing /opt/airflow/dags/purchase_analytics_dag.py took 0.090 seconds
[2025-12-21T20:19:12.421+0000] {processor.py:161} INFO - Started process (PID=139) to work on /opt/airflow/dags/purchase_analytics_dag.py
[2025-12-21T20:19:12.422+0000] {processor.py:830} INFO - Processing file /opt/airflow/dags/purchase_analytics_dag.py for tasks to queue
[2025-12-21T20:19:12.423+0000] {logging_mixin.py:188} INFO - [2025-12-21T20:19:12.423+0000] {dagbag.py:538} INFO - Filling up the DagBag from /opt/airflow/dags/purchase_analytics_dag.py
[2025-12-21T20:19:12.447+0000] {processor.py:840} INFO - DAG(s) 'purchase_analytics_refresh' retrieved from /opt/airflow/dags/purchase_analytics_dag.py
[2025-12-21T20:19:12.493+0000] {logging_mixin.py:188} INFO - [2025-12-21T20:19:12.493+0000] {dag.py:3033} INFO - Sync 1 DAGs
[2025-12-21T20:19:12.521+0000] {logging_mixin.py:188} INFO - [2025-12-21T20:19:12.521+0000] {dag.py:3820} INFO - Setting next_dagrun for purchase_analytics_refresh to 2025-12-21T02:00:00+00:00, run_after=2025-12-22T02:00:00+00:00
[2025-12-21T20:19:12.535+0000] {processor.py:183} INFO - Processing /opt/airflow/dags/purchase_analytics_dag.py took 0.118 seconds
[2025-12-21T20:19:42.891+0000] {processor.py:161} INFO - Started process (PID=149) to work on /opt/airflow/dags/purchase_analytics_dag.py
[2025-12-21T20:19:42.892+0000] {processor.py:830} INFO - Processing file /opt/airflow/dags/purchase_analytics_dag.py for tasks to queue
[2025-12-21T20:19:42.894+0000] {logging_mixin.py:188} INFO - [2025-12-21T20:19:42.893+0000] {dagbag.py:538} INFO - Filling up the DagBag from /opt/airflow/dags/purchase_analytics_dag.py
[2025-12-21T20:19:42.913+0000] {processor.py:840} INFO - DAG(s) 'purchase_analytics_refresh' retrieved from /opt/airflow/dags/purchase_analytics_dag.py
[2025-12-21T20:19:42.960+0000] {logging_mixin.py:188} INFO - [2025-12-21T20:19:42.960+0000] {dag.py:3033} INFO - Sync 1 DAGs
[2025-12-21T20:19:42.995+0000] {logging_mixin.py:188} INFO - [2025-12-21T20:19:42.995+0000] {dag.py:3820} INFO - Setting next_dagrun for purchase_analytics_refresh to 2025-12-21T02:00:00+00:00, run_after=2025-12-22T02:00:00+00:00
[2025-12-21T20:19:43.018+0000] {processor.py:183} INFO - Processing /opt/airflow/dags/purchase_analytics_dag.py took 0.131 seconds
[2025-12-21T20:20:13.530+0000] {processor.py:161} INFO - Started process (PID=158) to work on /opt/airflow/dags/purchase_analytics_dag.py
[2025-12-21T20:20:13.535+0000] {processor.py:830} INFO - Processing file /opt/airflow/dags/purchase_analytics_dag.py for tasks to queue
[2025-12-21T20:20:13.539+0000] {logging_mixin.py:188} INFO - [2025-12-21T20:20:13.537+0000] {dagbag.py:538} INFO - Filling up the DagBag from /opt/airflow/dags/purchase_analytics_dag.py
[2025-12-21T20:20:13.605+0000] {processor.py:840} INFO - DAG(s) 'purchase_analytics_refresh' retrieved from /opt/airflow/dags/purchase_analytics_dag.py
[2025-12-21T20:20:13.698+0000] {logging_mixin.py:188} INFO - [2025-12-21T20:20:13.698+0000] {dag.py:3033} INFO - Sync 1 DAGs
[2025-12-21T20:20:13.740+0000] {logging_mixin.py:188} INFO - [2025-12-21T20:20:13.740+0000] {dag.py:3820} INFO - Setting next_dagrun for purchase_analytics_refresh to 2025-12-21T02:00:00+00:00, run_after=2025-12-22T02:00:00+00:00
[2025-12-21T20:20:13.769+0000] {processor.py:183} INFO - Processing /opt/airflow/dags/purchase_analytics_dag.py took 0.257 seconds
[2025-12-21T20:20:44.027+0000] {processor.py:161} INFO - Started process (PID=162) to work on /opt/airflow/dags/purchase_analytics_dag.py
[2025-12-21T20:20:44.029+0000] {processor.py:830} INFO - Processing file /opt/airflow/dags/purchase_analytics_dag.py for tasks to queue
[2025-12-21T20:20:44.030+0000] {logging_mixin.py:188} INFO - [2025-12-21T20:20:44.029+0000] {dagbag.py:538} INFO - Filling up the DagBag from /opt/airflow/dags/purchase_analytics_dag.py
[2025-12-21T20:20:44.059+0000] {processor.py:840} INFO - DAG(s) 'purchase_analytics_refresh' retrieved from /opt/airflow/dags/purchase_analytics_dag.py
[2025-12-21T20:20:44.123+0000] {logging_mixin.py:188} INFO - [2025-12-21T20:20:44.122+0000] {dag.py:3033} INFO - Sync 1 DAGs
[2025-12-21T20:20:44.161+0000] {logging_mixin.py:188} INFO - [2025-12-21T20:20:44.161+0000] {dag.py:3820} INFO - Setting next_dagrun for purchase_analytics_refresh to 2025-12-21T02:00:00+00:00, run_after=2025-12-22T02:00:00+00:00
[2025-12-21T20:20:44.187+0000] {processor.py:183} INFO - Processing /opt/airflow/dags/purchase_analytics_dag.py took 0.170 seconds
[2025-12-21T20:21:14.714+0000] {processor.py:161} INFO - Started process (PID=172) to work on /opt/airflow/dags/purchase_analytics_dag.py
[2025-12-21T20:21:14.716+0000] {processor.py:830} INFO - Processing file /opt/airflow/dags/purchase_analytics_dag.py for tasks to queue
[2025-12-21T20:21:14.717+0000] {logging_mixin.py:188} INFO - [2025-12-21T20:21:14.717+0000] {dagbag.py:538} INFO - Filling up the DagBag from /opt/airflow/dags/purchase_analytics_dag.py
[2025-12-21T20:21:14.745+0000] {processor.py:840} INFO - DAG(s) 'purchase_analytics_refresh' retrieved from /opt/airflow/dags/purchase_analytics_dag.py
[2025-12-21T20:21:14.807+0000] {logging_mixin.py:188} INFO - [2025-12-21T20:21:14.807+0000] {dag.py:3033} INFO - Sync 1 DAGs
[2025-12-21T20:21:14.835+0000] {logging_mixin.py:188} INFO - [2025-12-21T20:21:14.835+0000] {dag.py:3820} INFO - Setting next_dagrun for purchase_analytics_refresh to 2025-12-21T02:00:00+00:00, run_after=2025-12-22T02:00:00+00:00
[2025-12-21T20:21:14.852+0000] {processor.py:183} INFO - Processing /opt/airflow/dags/purchase_analytics_dag.py took 0.151 seconds
[2025-12-21T20:21:45.869+0000] {processor.py:161} INFO - Started process (PID=182) to work on /opt/airflow/dags/purchase_analytics_dag.py
[2025-12-21T20:21:45.871+0000] {processor.py:830} INFO - Processing file /opt/airflow/dags/purchase_analytics_dag.py for tasks to queue
[2025-12-21T20:21:45.874+0000] {logging_mixin.py:188} INFO - [2025-12-21T20:21:45.873+0000] {dagbag.py:538} INFO - Filling up the DagBag from /opt/airflow/dags/purchase_analytics_dag.py
[2025-12-21T20:21:45.959+0000] {processor.py:840} INFO - DAG(s) 'purchase_analytics_refresh' retrieved from /opt/airflow/dags/purchase_analytics_dag.py
[2025-12-21T20:21:46.029+0000] {logging_mixin.py:188} INFO - [2025-12-21T20:21:46.029+0000] {dag.py:3033} INFO - Sync 1 DAGs
[2025-12-21T20:21:46.066+0000] {logging_mixin.py:188} INFO - [2025-12-21T20:21:46.066+0000] {dag.py:3820} INFO - Setting next_dagrun for purchase_analytics_refresh to 2025-12-21T02:00:00+00:00, run_after=2025-12-22T02:00:00+00:00
[2025-12-21T20:21:46.085+0000] {processor.py:183} INFO - Processing /opt/airflow/dags/purchase_analytics_dag.py took 0.221 seconds
[2025-12-21T20:22:16.529+0000] {processor.py:161} INFO - Started process (PID=192) to work on /opt/airflow/dags/purchase_analytics_dag.py
[2025-12-21T20:22:16.532+0000] {processor.py:830} INFO - Processing file /opt/airflow/dags/purchase_analytics_dag.py for tasks to queue
[2025-12-21T20:22:16.534+0000] {logging_mixin.py:188} INFO - [2025-12-21T20:22:16.533+0000] {dagbag.py:538} INFO - Filling up the DagBag from /opt/airflow/dags/purchase_analytics_dag.py
[2025-12-21T20:22:16.580+0000] {processor.py:840} INFO - DAG(s) 'purchase_analytics_refresh' retrieved from /opt/airflow/dags/purchase_analytics_dag.py
[2025-12-21T20:22:16.640+0000] {logging_mixin.py:188} INFO - [2025-12-21T20:22:16.640+0000] {dag.py:3033} INFO - Sync 1 DAGs
[2025-12-21T20:22:16.666+0000] {logging_mixin.py:188} INFO - [2025-12-21T20:22:16.666+0000] {dag.py:3820} INFO - Setting next_dagrun for purchase_analytics_refresh to 2025-12-21T02:00:00+00:00, run_after=2025-12-22T02:00:00+00:00
[2025-12-21T20:22:16.682+0000] {processor.py:183} INFO - Processing /opt/airflow/dags/purchase_analytics_dag.py took 0.160 seconds
[2025-12-21T20:22:47.149+0000] {processor.py:161} INFO - Started process (PID=202) to work on /opt/airflow/dags/purchase_analytics_dag.py
[2025-12-21T20:22:47.152+0000] {processor.py:830} INFO - Processing file /opt/airflow/dags/purchase_analytics_dag.py for tasks to queue
[2025-12-21T20:22:47.154+0000] {logging_mixin.py:188} INFO - [2025-12-21T20:22:47.153+0000] {dagbag.py:538} INFO - Filling up the DagBag from /opt/airflow/dags/purchase_analytics_dag.py
[2025-12-21T20:22:47.191+0000] {processor.py:840} INFO - DAG(s) 'purchase_analytics_refresh' retrieved from /opt/airflow/dags/purchase_analytics_dag.py
[2025-12-21T20:22:47.251+0000] {logging_mixin.py:188} INFO - [2025-12-21T20:22:47.251+0000] {dag.py:3033} INFO - Sync 1 DAGs
[2025-12-21T20:22:47.284+0000] {logging_mixin.py:188} INFO - [2025-12-21T20:22:47.284+0000] {dag.py:3820} INFO - Setting next_dagrun for purchase_analytics_refresh to 2025-12-21T02:00:00+00:00, run_after=2025-12-22T02:00:00+00:00
[2025-12-21T20:22:47.335+0000] {processor.py:183} INFO - Processing /opt/airflow/dags/purchase_analytics_dag.py took 0.195 seconds
[2025-12-21T20:23:17.723+0000] {processor.py:161} INFO - Started process (PID=212) to work on /opt/airflow/dags/purchase_analytics_dag.py
[2025-12-21T20:23:17.724+0000] {processor.py:830} INFO - Processing file /opt/airflow/dags/purchase_analytics_dag.py for tasks to queue
[2025-12-21T20:23:17.725+0000] {logging_mixin.py:188} INFO - [2025-12-21T20:23:17.725+0000] {dagbag.py:538} INFO - Filling up the DagBag from /opt/airflow/dags/purchase_analytics_dag.py
[2025-12-21T20:23:17.756+0000] {processor.py:840} INFO - DAG(s) 'purchase_analytics_refresh' retrieved from /opt/airflow/dags/purchase_analytics_dag.py
[2025-12-21T20:23:17.800+0000] {logging_mixin.py:188} INFO - [2025-12-21T20:23:17.799+0000] {dag.py:3033} INFO - Sync 1 DAGs
[2025-12-21T20:23:17.832+0000] {logging_mixin.py:188} INFO - [2025-12-21T20:23:17.832+0000] {dag.py:3820} INFO - Setting next_dagrun for purchase_analytics_refresh to 2025-12-21T02:00:00+00:00, run_after=2025-12-22T02:00:00+00:00
[2025-12-21T20:23:17.856+0000] {processor.py:183} INFO - Processing /opt/airflow/dags/purchase_analytics_dag.py took 0.138 seconds
[2025-12-21T20:23:48.415+0000] {processor.py:161} INFO - Started process (PID=222) to work on /opt/airflow/dags/purchase_analytics_dag.py
[2025-12-21T20:23:48.419+0000] {processor.py:830} INFO - Processing file /opt/airflow/dags/purchase_analytics_dag.py for tasks to queue
[2025-12-21T20:23:48.425+0000] {logging_mixin.py:188} INFO - [2025-12-21T20:23:48.421+0000] {dagbag.py:538} INFO - Filling up the DagBag from /opt/airflow/dags/purchase_analytics_dag.py
[2025-12-21T20:23:48.459+0000] {processor.py:840} INFO - DAG(s) 'purchase_analytics_refresh' retrieved from /opt/airflow/dags/purchase_analytics_dag.py
[2025-12-21T20:23:48.533+0000] {logging_mixin.py:188} INFO - [2025-12-21T20:23:48.532+0000] {dag.py:3033} INFO - Sync 1 DAGs
[2025-12-21T20:23:48.573+0000] {logging_mixin.py:188} INFO - [2025-12-21T20:23:48.573+0000] {dag.py:3820} INFO - Setting next_dagrun for purchase_analytics_refresh to 2025-12-21T02:00:00+00:00, run_after=2025-12-22T02:00:00+00:00
[2025-12-21T20:23:48.593+0000] {processor.py:183} INFO - Processing /opt/airflow/dags/purchase_analytics_dag.py took 0.190 seconds
[2025-12-21T20:24:19.006+0000] {processor.py:161} INFO - Started process (PID=232) to work on /opt/airflow/dags/purchase_analytics_dag.py
[2025-12-21T20:24:19.007+0000] {processor.py:830} INFO - Processing file /opt/airflow/dags/purchase_analytics_dag.py for tasks to queue
[2025-12-21T20:24:19.008+0000] {logging_mixin.py:188} INFO - [2025-12-21T20:24:19.007+0000] {dagbag.py:538} INFO - Filling up the DagBag from /opt/airflow/dags/purchase_analytics_dag.py
[2025-12-21T20:24:19.040+0000] {processor.py:840} INFO - DAG(s) 'purchase_analytics_refresh' retrieved from /opt/airflow/dags/purchase_analytics_dag.py
[2025-12-21T20:24:19.088+0000] {logging_mixin.py:188} INFO - [2025-12-21T20:24:19.088+0000] {dag.py:3033} INFO - Sync 1 DAGs
[2025-12-21T20:24:19.115+0000] {logging_mixin.py:188} INFO - [2025-12-21T20:24:19.115+0000] {dag.py:3820} INFO - Setting next_dagrun for purchase_analytics_refresh to 2025-12-21T02:00:00+00:00, run_after=2025-12-22T02:00:00+00:00
[2025-12-21T20:24:19.136+0000] {processor.py:183} INFO - Processing /opt/airflow/dags/purchase_analytics_dag.py took 0.134 seconds
[2025-12-21T20:24:49.692+0000] {processor.py:161} INFO - Started process (PID=242) to work on /opt/airflow/dags/purchase_analytics_dag.py
[2025-12-21T20:24:49.693+0000] {processor.py:830} INFO - Processing file /opt/airflow/dags/purchase_analytics_dag.py for tasks to queue
[2025-12-21T20:24:49.695+0000] {logging_mixin.py:188} INFO - [2025-12-21T20:24:49.694+0000] {dagbag.py:538} INFO - Filling up the DagBag from /opt/airflow/dags/purchase_analytics_dag.py
[2025-12-21T20:24:49.719+0000] {processor.py:840} INFO - DAG(s) 'purchase_analytics_refresh' retrieved from /opt/airflow/dags/purchase_analytics_dag.py
[2025-12-21T20:24:49.792+0000] {logging_mixin.py:188} INFO - [2025-12-21T20:24:49.792+0000] {dag.py:3033} INFO - Sync 1 DAGs
[2025-12-21T20:24:49.823+0000] {logging_mixin.py:188} INFO - [2025-12-21T20:24:49.823+0000] {dag.py:3820} INFO - Setting next_dagrun for purchase_analytics_refresh to 2025-12-21T02:00:00+00:00, run_after=2025-12-22T02:00:00+00:00
[2025-12-21T20:24:49.842+0000] {processor.py:183} INFO - Processing /opt/airflow/dags/purchase_analytics_dag.py took 0.157 seconds
[2025-12-21T20:25:20.620+0000] {processor.py:161} INFO - Started process (PID=252) to work on /opt/airflow/dags/purchase_analytics_dag.py
[2025-12-21T20:25:20.622+0000] {processor.py:830} INFO - Processing file /opt/airflow/dags/purchase_analytics_dag.py for tasks to queue
[2025-12-21T20:25:20.624+0000] {logging_mixin.py:188} INFO - [2025-12-21T20:25:20.624+0000] {dagbag.py:538} INFO - Filling up the DagBag from /opt/airflow/dags/purchase_analytics_dag.py
[2025-12-21T20:25:20.653+0000] {processor.py:840} INFO - DAG(s) 'purchase_analytics_refresh' retrieved from /opt/airflow/dags/purchase_analytics_dag.py
[2025-12-21T20:25:20.705+0000] {logging_mixin.py:188} INFO - [2025-12-21T20:25:20.704+0000] {dag.py:3033} INFO - Sync 1 DAGs
[2025-12-21T20:25:20.734+0000] {logging_mixin.py:188} INFO - [2025-12-21T20:25:20.734+0000] {dag.py:3820} INFO - Setting next_dagrun for purchase_analytics_refresh to 2025-12-21T02:00:00+00:00, run_after=2025-12-22T02:00:00+00:00
[2025-12-21T20:25:20.751+0000] {processor.py:183} INFO - Processing /opt/airflow/dags/purchase_analytics_dag.py took 0.139 seconds
[2025-12-21T20:25:51.381+0000] {processor.py:161} INFO - Started process (PID=262) to work on /opt/airflow/dags/purchase_analytics_dag.py
[2025-12-21T20:25:51.384+0000] {processor.py:830} INFO - Processing file /opt/airflow/dags/purchase_analytics_dag.py for tasks to queue
[2025-12-21T20:25:51.387+0000] {logging_mixin.py:188} INFO - [2025-12-21T20:25:51.386+0000] {dagbag.py:538} INFO - Filling up the DagBag from /opt/airflow/dags/purchase_analytics_dag.py
[2025-12-21T20:25:51.426+0000] {processor.py:840} INFO - DAG(s) 'purchase_analytics_refresh' retrieved from /opt/airflow/dags/purchase_analytics_dag.py
[2025-12-21T20:25:51.475+0000] {logging_mixin.py:188} INFO - [2025-12-21T20:25:51.475+0000] {dag.py:3033} INFO - Sync 1 DAGs
[2025-12-21T20:25:51.508+0000] {logging_mixin.py:188} INFO - [2025-12-21T20:25:51.508+0000] {dag.py:3820} INFO - Setting next_dagrun for purchase_analytics_refresh to 2025-12-21T02:00:00+00:00, run_after=2025-12-22T02:00:00+00:00
[2025-12-21T20:25:51.527+0000] {processor.py:183} INFO - Processing /opt/airflow/dags/purchase_analytics_dag.py took 0.156 seconds
[2025-12-21T20:26:22.140+0000] {processor.py:161} INFO - Started process (PID=272) to work on /opt/airflow/dags/purchase_analytics_dag.py
[2025-12-21T20:26:22.142+0000] {processor.py:830} INFO - Processing file /opt/airflow/dags/purchase_analytics_dag.py for tasks to queue
[2025-12-21T20:26:22.143+0000] {logging_mixin.py:188} INFO - [2025-12-21T20:26:22.143+0000] {dagbag.py:538} INFO - Filling up the DagBag from /opt/airflow/dags/purchase_analytics_dag.py
[2025-12-21T20:26:22.177+0000] {processor.py:840} INFO - DAG(s) 'purchase_analytics_refresh' retrieved from /opt/airflow/dags/purchase_analytics_dag.py
[2025-12-21T20:26:22.224+0000] {logging_mixin.py:188} INFO - [2025-12-21T20:26:22.224+0000] {dag.py:3033} INFO - Sync 1 DAGs
[2025-12-21T20:26:22.260+0000] {logging_mixin.py:188} INFO - [2025-12-21T20:26:22.260+0000] {dag.py:3820} INFO - Setting next_dagrun for purchase_analytics_refresh to 2025-12-21T02:00:00+00:00, run_after=2025-12-22T02:00:00+00:00
[2025-12-21T20:26:22.278+0000] {processor.py:183} INFO - Processing /opt/airflow/dags/purchase_analytics_dag.py took 0.150 seconds
[2025-12-21T20:36:24.807+0000] {processor.py:161} INFO - Started process (PID=31) to work on /opt/airflow/dags/purchase_analytics_dag.py
[2025-12-21T20:36:24.812+0000] {processor.py:830} INFO - Processing file /opt/airflow/dags/purchase_analytics_dag.py for tasks to queue
[2025-12-21T20:36:24.814+0000] {logging_mixin.py:188} INFO - [2025-12-21T20:36:24.813+0000] {dagbag.py:538} INFO - Filling up the DagBag from /opt/airflow/dags/purchase_analytics_dag.py
[2025-12-21T20:36:24.862+0000] {processor.py:840} INFO - DAG(s) 'purchase_analytics_refresh' retrieved from /opt/airflow/dags/purchase_analytics_dag.py
[2025-12-21T20:36:24.894+0000] {logging_mixin.py:188} INFO - [2025-12-21T20:36:24.893+0000] {dag.py:3033} INFO - Sync 1 DAGs
[2025-12-21T20:36:24.917+0000] {logging_mixin.py:188} INFO - [2025-12-21T20:36:24.917+0000] {dag.py:3820} INFO - Setting next_dagrun for purchase_analytics_refresh to 2025-12-20T02:00:00+00:00, run_after=2025-12-21T02:00:00+00:00
[2025-12-21T20:36:24.935+0000] {processor.py:183} INFO - Processing /opt/airflow/dags/purchase_analytics_dag.py took 0.130 seconds
[2025-12-21T20:36:55.212+0000] {processor.py:161} INFO - Started process (PID=41) to work on /opt/airflow/dags/purchase_analytics_dag.py
[2025-12-21T20:36:55.213+0000] {processor.py:830} INFO - Processing file /opt/airflow/dags/purchase_analytics_dag.py for tasks to queue
[2025-12-21T20:36:55.214+0000] {logging_mixin.py:188} INFO - [2025-12-21T20:36:55.214+0000] {dagbag.py:538} INFO - Filling up the DagBag from /opt/airflow/dags/purchase_analytics_dag.py
[2025-12-21T20:36:55.238+0000] {processor.py:840} INFO - DAG(s) 'purchase_analytics_refresh' retrieved from /opt/airflow/dags/purchase_analytics_dag.py
[2025-12-21T20:36:55.445+0000] {logging_mixin.py:188} INFO - [2025-12-21T20:36:55.445+0000] {dag.py:3033} INFO - Sync 1 DAGs
[2025-12-21T20:36:55.463+0000] {logging_mixin.py:188} INFO - [2025-12-21T20:36:55.463+0000] {dag.py:3820} INFO - Setting next_dagrun for purchase_analytics_refresh to 2025-12-20T02:00:00+00:00, run_after=2025-12-21T02:00:00+00:00
[2025-12-21T20:36:55.479+0000] {processor.py:183} INFO - Processing /opt/airflow/dags/purchase_analytics_dag.py took 0.273 seconds
[2025-12-21T20:37:25.916+0000] {processor.py:161} INFO - Started process (PID=51) to work on /opt/airflow/dags/purchase_analytics_dag.py
[2025-12-21T20:37:25.918+0000] {processor.py:830} INFO - Processing file /opt/airflow/dags/purchase_analytics_dag.py for tasks to queue
[2025-12-21T20:37:25.919+0000] {logging_mixin.py:188} INFO - [2025-12-21T20:37:25.919+0000] {dagbag.py:538} INFO - Filling up the DagBag from /opt/airflow/dags/purchase_analytics_dag.py
[2025-12-21T20:37:25.963+0000] {processor.py:840} INFO - DAG(s) 'purchase_analytics_refresh' retrieved from /opt/airflow/dags/purchase_analytics_dag.py
[2025-12-21T20:37:26.012+0000] {logging_mixin.py:188} INFO - [2025-12-21T20:37:26.012+0000] {dag.py:3033} INFO - Sync 1 DAGs
[2025-12-21T20:37:26.039+0000] {logging_mixin.py:188} INFO - [2025-12-21T20:37:26.039+0000] {dag.py:3820} INFO - Setting next_dagrun for purchase_analytics_refresh to 2025-12-20T02:00:00+00:00, run_after=2025-12-21T02:00:00+00:00
[2025-12-21T20:37:26.060+0000] {processor.py:183} INFO - Processing /opt/airflow/dags/purchase_analytics_dag.py took 0.153 seconds
[2025-12-21T20:37:56.440+0000] {processor.py:161} INFO - Started process (PID=61) to work on /opt/airflow/dags/purchase_analytics_dag.py
[2025-12-21T20:37:56.442+0000] {processor.py:830} INFO - Processing file /opt/airflow/dags/purchase_analytics_dag.py for tasks to queue
[2025-12-21T20:37:56.443+0000] {logging_mixin.py:188} INFO - [2025-12-21T20:37:56.443+0000] {dagbag.py:538} INFO - Filling up the DagBag from /opt/airflow/dags/purchase_analytics_dag.py
[2025-12-21T20:37:56.460+0000] {processor.py:840} INFO - DAG(s) 'purchase_analytics_refresh' retrieved from /opt/airflow/dags/purchase_analytics_dag.py
[2025-12-21T20:37:56.502+0000] {logging_mixin.py:188} INFO - [2025-12-21T20:37:56.502+0000] {dag.py:3033} INFO - Sync 1 DAGs
[2025-12-21T20:37:56.530+0000] {logging_mixin.py:188} INFO - [2025-12-21T20:37:56.530+0000] {dag.py:3820} INFO - Setting next_dagrun for purchase_analytics_refresh to 2025-12-20T02:00:00+00:00, run_after=2025-12-21T02:00:00+00:00
[2025-12-21T20:37:56.548+0000] {processor.py:183} INFO - Processing /opt/airflow/dags/purchase_analytics_dag.py took 0.114 seconds
[2025-12-21T20:38:26.841+0000] {processor.py:161} INFO - Started process (PID=71) to work on /opt/airflow/dags/purchase_analytics_dag.py
[2025-12-21T20:38:26.842+0000] {processor.py:830} INFO - Processing file /opt/airflow/dags/purchase_analytics_dag.py for tasks to queue
[2025-12-21T20:38:26.842+0000] {logging_mixin.py:188} INFO - [2025-12-21T20:38:26.842+0000] {dagbag.py:538} INFO - Filling up the DagBag from /opt/airflow/dags/purchase_analytics_dag.py
[2025-12-21T20:38:26.863+0000] {processor.py:840} INFO - DAG(s) 'purchase_analytics_refresh' retrieved from /opt/airflow/dags/purchase_analytics_dag.py
[2025-12-21T20:38:26.899+0000] {logging_mixin.py:188} INFO - [2025-12-21T20:38:26.899+0000] {dag.py:3033} INFO - Sync 1 DAGs
[2025-12-21T20:38:26.919+0000] {logging_mixin.py:188} INFO - [2025-12-21T20:38:26.919+0000] {dag.py:3820} INFO - Setting next_dagrun for purchase_analytics_refresh to 2025-12-20T02:00:00+00:00, run_after=2025-12-21T02:00:00+00:00
[2025-12-21T20:38:26.934+0000] {processor.py:183} INFO - Processing /opt/airflow/dags/purchase_analytics_dag.py took 0.099 seconds
[2025-12-21T20:38:57.485+0000] {processor.py:161} INFO - Started process (PID=93) to work on /opt/airflow/dags/purchase_analytics_dag.py
[2025-12-21T20:38:57.486+0000] {processor.py:830} INFO - Processing file /opt/airflow/dags/purchase_analytics_dag.py for tasks to queue
[2025-12-21T20:38:57.487+0000] {logging_mixin.py:188} INFO - [2025-12-21T20:38:57.487+0000] {dagbag.py:538} INFO - Filling up the DagBag from /opt/airflow/dags/purchase_analytics_dag.py
[2025-12-21T20:38:57.521+0000] {processor.py:840} INFO - DAG(s) 'purchase_analytics_refresh' retrieved from /opt/airflow/dags/purchase_analytics_dag.py
[2025-12-21T20:38:57.575+0000] {logging_mixin.py:188} INFO - [2025-12-21T20:38:57.575+0000] {dag.py:3033} INFO - Sync 1 DAGs
[2025-12-21T20:38:57.611+0000] {logging_mixin.py:188} INFO - [2025-12-21T20:38:57.611+0000] {dag.py:3820} INFO - Setting next_dagrun for purchase_analytics_refresh to 2025-12-21T02:00:00+00:00, run_after=2025-12-22T02:00:00+00:00
[2025-12-21T20:38:57.657+0000] {processor.py:183} INFO - Processing /opt/airflow/dags/purchase_analytics_dag.py took 0.176 seconds
[2025-12-21T20:39:28.195+0000] {processor.py:161} INFO - Started process (PID=151) to work on /opt/airflow/dags/purchase_analytics_dag.py
[2025-12-21T20:39:28.197+0000] {processor.py:830} INFO - Processing file /opt/airflow/dags/purchase_analytics_dag.py for tasks to queue
[2025-12-21T20:39:28.200+0000] {logging_mixin.py:188} INFO - [2025-12-21T20:39:28.199+0000] {dagbag.py:538} INFO - Filling up the DagBag from /opt/airflow/dags/purchase_analytics_dag.py
[2025-12-21T20:39:28.224+0000] {processor.py:840} INFO - DAG(s) 'purchase_analytics_refresh' retrieved from /opt/airflow/dags/purchase_analytics_dag.py
[2025-12-21T20:39:28.271+0000] {logging_mixin.py:188} INFO - [2025-12-21T20:39:28.271+0000] {dag.py:3033} INFO - Sync 1 DAGs
[2025-12-21T20:39:28.295+0000] {logging_mixin.py:188} INFO - [2025-12-21T20:39:28.295+0000] {dag.py:3820} INFO - Setting next_dagrun for purchase_analytics_refresh to 2025-12-21T02:00:00+00:00, run_after=2025-12-22T02:00:00+00:00
[2025-12-21T20:39:28.311+0000] {processor.py:183} INFO - Processing /opt/airflow/dags/purchase_analytics_dag.py took 0.121 seconds
[2025-12-21T20:39:58.596+0000] {processor.py:161} INFO - Started process (PID=161) to work on /opt/airflow/dags/purchase_analytics_dag.py
[2025-12-21T20:39:58.597+0000] {processor.py:830} INFO - Processing file /opt/airflow/dags/purchase_analytics_dag.py for tasks to queue
[2025-12-21T20:39:58.598+0000] {logging_mixin.py:188} INFO - [2025-12-21T20:39:58.598+0000] {dagbag.py:538} INFO - Filling up the DagBag from /opt/airflow/dags/purchase_analytics_dag.py
[2025-12-21T20:39:58.615+0000] {processor.py:840} INFO - DAG(s) 'purchase_analytics_refresh' retrieved from /opt/airflow/dags/purchase_analytics_dag.py
[2025-12-21T20:39:58.665+0000] {logging_mixin.py:188} INFO - [2025-12-21T20:39:58.665+0000] {dag.py:3033} INFO - Sync 1 DAGs
[2025-12-21T20:39:58.696+0000] {logging_mixin.py:188} INFO - [2025-12-21T20:39:58.696+0000] {dag.py:3820} INFO - Setting next_dagrun for purchase_analytics_refresh to 2025-12-21T02:00:00+00:00, run_after=2025-12-22T02:00:00+00:00
[2025-12-21T20:39:58.714+0000] {processor.py:183} INFO - Processing /opt/airflow/dags/purchase_analytics_dag.py took 0.123 seconds
[2025-12-21T20:40:29.149+0000] {processor.py:161} INFO - Started process (PID=170) to work on /opt/airflow/dags/purchase_analytics_dag.py
[2025-12-21T20:40:29.150+0000] {processor.py:830} INFO - Processing file /opt/airflow/dags/purchase_analytics_dag.py for tasks to queue
[2025-12-21T20:40:29.152+0000] {logging_mixin.py:188} INFO - [2025-12-21T20:40:29.151+0000] {dagbag.py:538} INFO - Filling up the DagBag from /opt/airflow/dags/purchase_analytics_dag.py
[2025-12-21T20:40:29.175+0000] {processor.py:840} INFO - DAG(s) 'purchase_analytics_refresh' retrieved from /opt/airflow/dags/purchase_analytics_dag.py
[2025-12-21T20:40:29.215+0000] {logging_mixin.py:188} INFO - [2025-12-21T20:40:29.214+0000] {dag.py:3033} INFO - Sync 1 DAGs
[2025-12-21T20:40:29.249+0000] {logging_mixin.py:188} INFO - [2025-12-21T20:40:29.249+0000] {dag.py:3820} INFO - Setting next_dagrun for purchase_analytics_refresh to 2025-12-21T02:00:00+00:00, run_after=2025-12-22T02:00:00+00:00
[2025-12-21T20:40:29.266+0000] {processor.py:183} INFO - Processing /opt/airflow/dags/purchase_analytics_dag.py took 0.122 seconds
[2025-12-21T20:40:59.913+0000] {processor.py:161} INFO - Started process (PID=174) to work on /opt/airflow/dags/purchase_analytics_dag.py
[2025-12-21T20:40:59.915+0000] {processor.py:830} INFO - Processing file /opt/airflow/dags/purchase_analytics_dag.py for tasks to queue
[2025-12-21T20:40:59.916+0000] {logging_mixin.py:188} INFO - [2025-12-21T20:40:59.915+0000] {dagbag.py:538} INFO - Filling up the DagBag from /opt/airflow/dags/purchase_analytics_dag.py
[2025-12-21T20:40:59.966+0000] {processor.py:840} INFO - DAG(s) 'purchase_analytics_refresh' retrieved from /opt/airflow/dags/purchase_analytics_dag.py
[2025-12-21T20:41:00.088+0000] {logging_mixin.py:188} INFO - [2025-12-21T20:41:00.087+0000] {dag.py:3033} INFO - Sync 1 DAGs
[2025-12-21T20:41:00.126+0000] {logging_mixin.py:188} INFO - [2025-12-21T20:41:00.126+0000] {dag.py:3820} INFO - Setting next_dagrun for purchase_analytics_refresh to 2025-12-21T02:00:00+00:00, run_after=2025-12-22T02:00:00+00:00
[2025-12-21T20:41:00.147+0000] {processor.py:183} INFO - Processing /opt/airflow/dags/purchase_analytics_dag.py took 0.246 seconds
[2025-12-21T20:41:31.013+0000] {processor.py:161} INFO - Started process (PID=184) to work on /opt/airflow/dags/purchase_analytics_dag.py
[2025-12-21T20:41:31.017+0000] {processor.py:830} INFO - Processing file /opt/airflow/dags/purchase_analytics_dag.py for tasks to queue
[2025-12-21T20:41:31.021+0000] {logging_mixin.py:188} INFO - [2025-12-21T20:41:31.019+0000] {dagbag.py:538} INFO - Filling up the DagBag from /opt/airflow/dags/purchase_analytics_dag.py
[2025-12-21T20:41:31.077+0000] {processor.py:840} INFO - DAG(s) 'purchase_analytics_refresh' retrieved from /opt/airflow/dags/purchase_analytics_dag.py
[2025-12-21T20:41:31.169+0000] {logging_mixin.py:188} INFO - [2025-12-21T20:41:31.169+0000] {dag.py:3033} INFO - Sync 1 DAGs
[2025-12-21T20:41:31.215+0000] {logging_mixin.py:188} INFO - [2025-12-21T20:41:31.215+0000] {dag.py:3820} INFO - Setting next_dagrun for purchase_analytics_refresh to 2025-12-21T02:00:00+00:00, run_after=2025-12-22T02:00:00+00:00
[2025-12-21T20:41:31.243+0000] {processor.py:183} INFO - Processing /opt/airflow/dags/purchase_analytics_dag.py took 0.246 seconds
[2025-12-21T20:42:01.629+0000] {processor.py:161} INFO - Started process (PID=194) to work on /opt/airflow/dags/purchase_analytics_dag.py
[2025-12-21T20:42:01.631+0000] {processor.py:830} INFO - Processing file /opt/airflow/dags/purchase_analytics_dag.py for tasks to queue
[2025-12-21T20:42:01.633+0000] {logging_mixin.py:188} INFO - [2025-12-21T20:42:01.632+0000] {dagbag.py:538} INFO - Filling up the DagBag from /opt/airflow/dags/purchase_analytics_dag.py
[2025-12-21T20:42:01.664+0000] {processor.py:840} INFO - DAG(s) 'purchase_analytics_refresh' retrieved from /opt/airflow/dags/purchase_analytics_dag.py
[2025-12-21T20:42:01.730+0000] {logging_mixin.py:188} INFO - [2025-12-21T20:42:01.730+0000] {dag.py:3033} INFO - Sync 1 DAGs
[2025-12-21T20:42:01.766+0000] {logging_mixin.py:188} INFO - [2025-12-21T20:42:01.766+0000] {dag.py:3820} INFO - Setting next_dagrun for purchase_analytics_refresh to 2025-12-21T02:00:00+00:00, run_after=2025-12-22T02:00:00+00:00
[2025-12-21T20:42:01.786+0000] {processor.py:183} INFO - Processing /opt/airflow/dags/purchase_analytics_dag.py took 0.170 seconds
[2025-12-21T20:42:32.122+0000] {processor.py:161} INFO - Started process (PID=204) to work on /opt/airflow/dags/purchase_analytics_dag.py
[2025-12-21T20:42:32.123+0000] {processor.py:830} INFO - Processing file /opt/airflow/dags/purchase_analytics_dag.py for tasks to queue
[2025-12-21T20:42:32.124+0000] {logging_mixin.py:188} INFO - [2025-12-21T20:42:32.124+0000] {dagbag.py:538} INFO - Filling up the DagBag from /opt/airflow/dags/purchase_analytics_dag.py
[2025-12-21T20:42:32.162+0000] {processor.py:840} INFO - DAG(s) 'purchase_analytics_refresh' retrieved from /opt/airflow/dags/purchase_analytics_dag.py
[2025-12-21T20:42:32.207+0000] {logging_mixin.py:188} INFO - [2025-12-21T20:42:32.207+0000] {dag.py:3033} INFO - Sync 1 DAGs
[2025-12-21T20:42:32.237+0000] {logging_mixin.py:188} INFO - [2025-12-21T20:42:32.237+0000] {dag.py:3820} INFO - Setting next_dagrun for purchase_analytics_refresh to 2025-12-21T02:00:00+00:00, run_after=2025-12-22T02:00:00+00:00
[2025-12-21T20:42:32.255+0000] {processor.py:183} INFO - Processing /opt/airflow/dags/purchase_analytics_dag.py took 0.145 seconds
[2025-12-21T20:43:02.912+0000] {processor.py:161} INFO - Started process (PID=214) to work on /opt/airflow/dags/purchase_analytics_dag.py
[2025-12-21T20:43:02.913+0000] {processor.py:830} INFO - Processing file /opt/airflow/dags/purchase_analytics_dag.py for tasks to queue
[2025-12-21T20:43:02.914+0000] {logging_mixin.py:188} INFO - [2025-12-21T20:43:02.914+0000] {dagbag.py:538} INFO - Filling up the DagBag from /opt/airflow/dags/purchase_analytics_dag.py
[2025-12-21T20:43:02.948+0000] {processor.py:840} INFO - DAG(s) 'purchase_analytics_refresh' retrieved from /opt/airflow/dags/purchase_analytics_dag.py
[2025-12-21T20:43:03.000+0000] {logging_mixin.py:188} INFO - [2025-12-21T20:43:03.000+0000] {dag.py:3033} INFO - Sync 1 DAGs
[2025-12-21T20:43:03.036+0000] {logging_mixin.py:188} INFO - [2025-12-21T20:43:03.036+0000] {dag.py:3820} INFO - Setting next_dagrun for purchase_analytics_refresh to 2025-12-21T02:00:00+00:00, run_after=2025-12-22T02:00:00+00:00
[2025-12-21T20:43:03.054+0000] {processor.py:183} INFO - Processing /opt/airflow/dags/purchase_analytics_dag.py took 0.149 seconds
[2025-12-21T20:43:33.894+0000] {processor.py:161} INFO - Started process (PID=224) to work on /opt/airflow/dags/purchase_analytics_dag.py
[2025-12-21T20:43:33.897+0000] {processor.py:830} INFO - Processing file /opt/airflow/dags/purchase_analytics_dag.py for tasks to queue
[2025-12-21T20:43:33.898+0000] {logging_mixin.py:188} INFO - [2025-12-21T20:43:33.898+0000] {dagbag.py:538} INFO - Filling up the DagBag from /opt/airflow/dags/purchase_analytics_dag.py
[2025-12-21T20:43:33.930+0000] {processor.py:840} INFO - DAG(s) 'purchase_analytics_refresh' retrieved from /opt/airflow/dags/purchase_analytics_dag.py
[2025-12-21T20:43:33.997+0000] {logging_mixin.py:188} INFO - [2025-12-21T20:43:33.996+0000] {dag.py:3033} INFO - Sync 1 DAGs
[2025-12-21T20:43:34.022+0000] {logging_mixin.py:188} INFO - [2025-12-21T20:43:34.022+0000] {dag.py:3820} INFO - Setting next_dagrun for purchase_analytics_refresh to 2025-12-21T02:00:00+00:00, run_after=2025-12-22T02:00:00+00:00
[2025-12-21T20:43:34.046+0000] {processor.py:183} INFO - Processing /opt/airflow/dags/purchase_analytics_dag.py took 0.164 seconds
[2025-12-21T20:44:04.393+0000] {processor.py:161} INFO - Started process (PID=234) to work on /opt/airflow/dags/purchase_analytics_dag.py
[2025-12-21T20:44:04.402+0000] {processor.py:830} INFO - Processing file /opt/airflow/dags/purchase_analytics_dag.py for tasks to queue
[2025-12-21T20:44:04.414+0000] {logging_mixin.py:188} INFO - [2025-12-21T20:44:04.412+0000] {dagbag.py:538} INFO - Filling up the DagBag from /opt/airflow/dags/purchase_analytics_dag.py
[2025-12-21T20:44:04.462+0000] {processor.py:840} INFO - DAG(s) 'purchase_analytics_refresh' retrieved from /opt/airflow/dags/purchase_analytics_dag.py
[2025-12-21T20:44:04.539+0000] {logging_mixin.py:188} INFO - [2025-12-21T20:44:04.539+0000] {dag.py:3033} INFO - Sync 1 DAGs
[2025-12-21T20:44:04.571+0000] {logging_mixin.py:188} INFO - [2025-12-21T20:44:04.571+0000] {dag.py:3820} INFO - Setting next_dagrun for purchase_analytics_refresh to 2025-12-21T02:00:00+00:00, run_after=2025-12-22T02:00:00+00:00
[2025-12-21T20:44:04.593+0000] {processor.py:183} INFO - Processing /opt/airflow/dags/purchase_analytics_dag.py took 0.211 seconds
[2025-12-21T20:44:35.189+0000] {processor.py:161} INFO - Started process (PID=243) to work on /opt/airflow/dags/purchase_analytics_dag.py
[2025-12-21T20:44:35.191+0000] {processor.py:830} INFO - Processing file /opt/airflow/dags/purchase_analytics_dag.py for tasks to queue
[2025-12-21T20:44:35.192+0000] {logging_mixin.py:188} INFO - [2025-12-21T20:44:35.191+0000] {dagbag.py:538} INFO - Filling up the DagBag from /opt/airflow/dags/purchase_analytics_dag.py
[2025-12-21T20:44:35.226+0000] {processor.py:840} INFO - DAG(s) 'purchase_analytics_refresh' retrieved from /opt/airflow/dags/purchase_analytics_dag.py
[2025-12-21T20:44:35.292+0000] {logging_mixin.py:188} INFO - [2025-12-21T20:44:35.292+0000] {dag.py:3033} INFO - Sync 1 DAGs
[2025-12-21T20:44:35.324+0000] {logging_mixin.py:188} INFO - [2025-12-21T20:44:35.324+0000] {dag.py:3820} INFO - Setting next_dagrun for purchase_analytics_refresh to 2025-12-21T02:00:00+00:00, run_after=2025-12-22T02:00:00+00:00
[2025-12-21T20:44:35.357+0000] {processor.py:183} INFO - Processing /opt/airflow/dags/purchase_analytics_dag.py took 0.174 seconds
[2025-12-21T20:45:05.750+0000] {processor.py:161} INFO - Started process (PID=254) to work on /opt/airflow/dags/purchase_analytics_dag.py
[2025-12-21T20:45:05.751+0000] {processor.py:830} INFO - Processing file /opt/airflow/dags/purchase_analytics_dag.py for tasks to queue
[2025-12-21T20:45:05.754+0000] {logging_mixin.py:188} INFO - [2025-12-21T20:45:05.752+0000] {dagbag.py:538} INFO - Filling up the DagBag from /opt/airflow/dags/purchase_analytics_dag.py
[2025-12-21T20:45:05.781+0000] {processor.py:840} INFO - DAG(s) 'purchase_analytics_refresh' retrieved from /opt/airflow/dags/purchase_analytics_dag.py
[2025-12-21T20:45:05.844+0000] {logging_mixin.py:188} INFO - [2025-12-21T20:45:05.844+0000] {dag.py:3033} INFO - Sync 1 DAGs
[2025-12-21T20:45:05.869+0000] {logging_mixin.py:188} INFO - [2025-12-21T20:45:05.869+0000] {dag.py:3820} INFO - Setting next_dagrun for purchase_analytics_refresh to 2025-12-21T02:00:00+00:00, run_after=2025-12-22T02:00:00+00:00
[2025-12-21T20:45:05.890+0000] {processor.py:183} INFO - Processing /opt/airflow/dags/purchase_analytics_dag.py took 0.146 seconds
[2025-12-21T20:49:04.364+0000] {processor.py:161} INFO - Started process (PID=31) to work on /opt/airflow/dags/purchase_analytics_dag.py
[2025-12-21T20:49:04.368+0000] {processor.py:830} INFO - Processing file /opt/airflow/dags/purchase_analytics_dag.py for tasks to queue
[2025-12-21T20:49:04.372+0000] {logging_mixin.py:188} INFO - [2025-12-21T20:49:04.370+0000] {dagbag.py:538} INFO - Filling up the DagBag from /opt/airflow/dags/purchase_analytics_dag.py
[2025-12-21T20:49:04.402+0000] {processor.py:840} INFO - DAG(s) 'purchase_analytics_refresh' retrieved from /opt/airflow/dags/purchase_analytics_dag.py
[2025-12-21T20:49:04.460+0000] {logging_mixin.py:188} INFO - [2025-12-21T20:49:04.460+0000] {dag.py:3033} INFO - Sync 1 DAGs
[2025-12-21T20:49:04.494+0000] {logging_mixin.py:188} INFO - [2025-12-21T20:49:04.494+0000] {dag.py:3820} INFO - Setting next_dagrun for purchase_analytics_refresh to 2025-12-20T02:00:00+00:00, run_after=2025-12-21T02:00:00+00:00
[2025-12-21T20:49:04.512+0000] {processor.py:183} INFO - Processing /opt/airflow/dags/purchase_analytics_dag.py took 0.159 seconds
[2025-12-21T20:49:34.799+0000] {processor.py:161} INFO - Started process (PID=41) to work on /opt/airflow/dags/purchase_analytics_dag.py
[2025-12-21T20:49:34.800+0000] {processor.py:830} INFO - Processing file /opt/airflow/dags/purchase_analytics_dag.py for tasks to queue
[2025-12-21T20:49:34.800+0000] {logging_mixin.py:188} INFO - [2025-12-21T20:49:34.800+0000] {dagbag.py:538} INFO - Filling up the DagBag from /opt/airflow/dags/purchase_analytics_dag.py
[2025-12-21T20:49:34.821+0000] {processor.py:840} INFO - DAG(s) 'purchase_analytics_refresh' retrieved from /opt/airflow/dags/purchase_analytics_dag.py
[2025-12-21T20:49:35.037+0000] {logging_mixin.py:188} INFO - [2025-12-21T20:49:35.037+0000] {dag.py:3033} INFO - Sync 1 DAGs
[2025-12-21T20:49:35.054+0000] {logging_mixin.py:188} INFO - [2025-12-21T20:49:35.054+0000] {dag.py:3820} INFO - Setting next_dagrun for purchase_analytics_refresh to 2025-12-20T02:00:00+00:00, run_after=2025-12-21T02:00:00+00:00
[2025-12-21T20:49:35.074+0000] {processor.py:183} INFO - Processing /opt/airflow/dags/purchase_analytics_dag.py took 0.279 seconds
[2025-12-21T20:50:05.306+0000] {processor.py:161} INFO - Started process (PID=51) to work on /opt/airflow/dags/purchase_analytics_dag.py
[2025-12-21T20:50:05.307+0000] {processor.py:830} INFO - Processing file /opt/airflow/dags/purchase_analytics_dag.py for tasks to queue
[2025-12-21T20:50:05.308+0000] {logging_mixin.py:188} INFO - [2025-12-21T20:50:05.308+0000] {dagbag.py:538} INFO - Filling up the DagBag from /opt/airflow/dags/purchase_analytics_dag.py
[2025-12-21T20:50:05.330+0000] {processor.py:840} INFO - DAG(s) 'purchase_analytics_refresh' retrieved from /opt/airflow/dags/purchase_analytics_dag.py
[2025-12-21T20:50:05.382+0000] {logging_mixin.py:188} INFO - [2025-12-21T20:50:05.382+0000] {dag.py:3033} INFO - Sync 1 DAGs
[2025-12-21T20:50:05.404+0000] {logging_mixin.py:188} INFO - [2025-12-21T20:50:05.404+0000] {dag.py:3820} INFO - Setting next_dagrun for purchase_analytics_refresh to 2025-12-20T02:00:00+00:00, run_after=2025-12-21T02:00:00+00:00
[2025-12-21T20:50:05.420+0000] {processor.py:183} INFO - Processing /opt/airflow/dags/purchase_analytics_dag.py took 0.117 seconds
[2025-12-21T20:50:35.775+0000] {processor.py:161} INFO - Started process (PID=61) to work on /opt/airflow/dags/purchase_analytics_dag.py
[2025-12-21T20:50:35.777+0000] {processor.py:830} INFO - Processing file /opt/airflow/dags/purchase_analytics_dag.py for tasks to queue
[2025-12-21T20:50:35.778+0000] {logging_mixin.py:188} INFO - [2025-12-21T20:50:35.777+0000] {dagbag.py:538} INFO - Filling up the DagBag from /opt/airflow/dags/purchase_analytics_dag.py
[2025-12-21T20:50:35.810+0000] {processor.py:840} INFO - DAG(s) 'purchase_analytics_refresh' retrieved from /opt/airflow/dags/purchase_analytics_dag.py
[2025-12-21T20:50:35.875+0000] {logging_mixin.py:188} INFO - [2025-12-21T20:50:35.875+0000] {dag.py:3033} INFO - Sync 1 DAGs
[2025-12-21T20:50:35.898+0000] {logging_mixin.py:188} INFO - [2025-12-21T20:50:35.898+0000] {dag.py:3820} INFO - Setting next_dagrun for purchase_analytics_refresh to 2025-12-20T02:00:00+00:00, run_after=2025-12-21T02:00:00+00:00
[2025-12-21T20:50:35.919+0000] {processor.py:183} INFO - Processing /opt/airflow/dags/purchase_analytics_dag.py took 0.148 seconds
[2025-12-21T20:51:06.574+0000] {processor.py:161} INFO - Started process (PID=71) to work on /opt/airflow/dags/purchase_analytics_dag.py
[2025-12-21T20:51:06.575+0000] {processor.py:830} INFO - Processing file /opt/airflow/dags/purchase_analytics_dag.py for tasks to queue
[2025-12-21T20:51:06.576+0000] {logging_mixin.py:188} INFO - [2025-12-21T20:51:06.576+0000] {dagbag.py:538} INFO - Filling up the DagBag from /opt/airflow/dags/purchase_analytics_dag.py
[2025-12-21T20:51:06.608+0000] {processor.py:840} INFO - DAG(s) 'purchase_analytics_refresh' retrieved from /opt/airflow/dags/purchase_analytics_dag.py
[2025-12-21T20:51:06.648+0000] {logging_mixin.py:188} INFO - [2025-12-21T20:51:06.648+0000] {dag.py:3033} INFO - Sync 1 DAGs
[2025-12-21T20:51:06.681+0000] {logging_mixin.py:188} INFO - [2025-12-21T20:51:06.681+0000] {dag.py:3820} INFO - Setting next_dagrun for purchase_analytics_refresh to 2025-12-20T02:00:00+00:00, run_after=2025-12-21T02:00:00+00:00
[2025-12-21T20:51:06.697+0000] {processor.py:183} INFO - Processing /opt/airflow/dags/purchase_analytics_dag.py took 0.125 seconds
[2025-12-21T20:51:37.648+0000] {processor.py:161} INFO - Started process (PID=81) to work on /opt/airflow/dags/purchase_analytics_dag.py
[2025-12-21T20:51:37.651+0000] {processor.py:830} INFO - Processing file /opt/airflow/dags/purchase_analytics_dag.py for tasks to queue
[2025-12-21T20:51:37.652+0000] {logging_mixin.py:188} INFO - [2025-12-21T20:51:37.652+0000] {dagbag.py:538} INFO - Filling up the DagBag from /opt/airflow/dags/purchase_analytics_dag.py
[2025-12-21T20:51:37.687+0000] {processor.py:840} INFO - DAG(s) 'purchase_analytics_refresh' retrieved from /opt/airflow/dags/purchase_analytics_dag.py
[2025-12-21T20:51:37.766+0000] {logging_mixin.py:188} INFO - [2025-12-21T20:51:37.766+0000] {dag.py:3033} INFO - Sync 1 DAGs
[2025-12-21T20:51:38.228+0000] {logging_mixin.py:188} INFO - [2025-12-21T20:51:38.227+0000] {dag.py:3820} INFO - Setting next_dagrun for purchase_analytics_refresh to 2025-12-20T02:00:00+00:00, run_after=2025-12-21T02:00:00+00:00
[2025-12-21T20:51:38.338+0000] {processor.py:183} INFO - Processing /opt/airflow/dags/purchase_analytics_dag.py took 0.696 seconds
[2025-12-21T20:52:08.637+0000] {processor.py:161} INFO - Started process (PID=91) to work on /opt/airflow/dags/purchase_analytics_dag.py
[2025-12-21T20:52:08.638+0000] {processor.py:830} INFO - Processing file /opt/airflow/dags/purchase_analytics_dag.py for tasks to queue
[2025-12-21T20:52:08.639+0000] {logging_mixin.py:188} INFO - [2025-12-21T20:52:08.639+0000] {dagbag.py:538} INFO - Filling up the DagBag from /opt/airflow/dags/purchase_analytics_dag.py
[2025-12-21T20:52:08.659+0000] {processor.py:840} INFO - DAG(s) 'purchase_analytics_refresh' retrieved from /opt/airflow/dags/purchase_analytics_dag.py
[2025-12-21T20:52:08.696+0000] {logging_mixin.py:188} INFO - [2025-12-21T20:52:08.695+0000] {dag.py:3033} INFO - Sync 1 DAGs
[2025-12-21T20:52:08.718+0000] {logging_mixin.py:188} INFO - [2025-12-21T20:52:08.718+0000] {dag.py:3820} INFO - Setting next_dagrun for purchase_analytics_refresh to 2025-12-20T02:00:00+00:00, run_after=2025-12-21T02:00:00+00:00
[2025-12-21T20:52:08.733+0000] {processor.py:183} INFO - Processing /opt/airflow/dags/purchase_analytics_dag.py took 0.098 seconds
[2025-12-21T20:52:39.349+0000] {processor.py:161} INFO - Started process (PID=100) to work on /opt/airflow/dags/purchase_analytics_dag.py
[2025-12-21T20:52:39.353+0000] {processor.py:830} INFO - Processing file /opt/airflow/dags/purchase_analytics_dag.py for tasks to queue
[2025-12-21T20:52:39.355+0000] {logging_mixin.py:188} INFO - [2025-12-21T20:52:39.354+0000] {dagbag.py:538} INFO - Filling up the DagBag from /opt/airflow/dags/purchase_analytics_dag.py
[2025-12-21T20:52:39.404+0000] {processor.py:840} INFO - DAG(s) 'purchase_analytics_refresh' retrieved from /opt/airflow/dags/purchase_analytics_dag.py
[2025-12-21T20:52:39.498+0000] {logging_mixin.py:188} INFO - [2025-12-21T20:52:39.498+0000] {dag.py:3033} INFO - Sync 1 DAGs
[2025-12-21T20:52:39.542+0000] {logging_mixin.py:188} INFO - [2025-12-21T20:52:39.542+0000] {dag.py:3820} INFO - Setting next_dagrun for purchase_analytics_refresh to 2025-12-20T02:00:00+00:00, run_after=2025-12-21T02:00:00+00:00
[2025-12-21T20:52:39.577+0000] {processor.py:183} INFO - Processing /opt/airflow/dags/purchase_analytics_dag.py took 0.236 seconds
[2025-12-21T20:53:10.017+0000] {processor.py:161} INFO - Started process (PID=104) to work on /opt/airflow/dags/purchase_analytics_dag.py
[2025-12-21T20:53:10.019+0000] {processor.py:830} INFO - Processing file /opt/airflow/dags/purchase_analytics_dag.py for tasks to queue
[2025-12-21T20:53:10.019+0000] {logging_mixin.py:188} INFO - [2025-12-21T20:53:10.019+0000] {dagbag.py:538} INFO - Filling up the DagBag from /opt/airflow/dags/purchase_analytics_dag.py
[2025-12-21T20:53:10.042+0000] {processor.py:840} INFO - DAG(s) 'purchase_analytics_refresh' retrieved from /opt/airflow/dags/purchase_analytics_dag.py
[2025-12-21T20:53:10.119+0000] {logging_mixin.py:188} INFO - [2025-12-21T20:53:10.119+0000] {dag.py:3033} INFO - Sync 1 DAGs
[2025-12-21T20:53:10.152+0000] {logging_mixin.py:188} INFO - [2025-12-21T20:53:10.152+0000] {dag.py:3820} INFO - Setting next_dagrun for purchase_analytics_refresh to 2025-12-20T02:00:00+00:00, run_after=2025-12-21T02:00:00+00:00
[2025-12-21T20:53:10.191+0000] {processor.py:183} INFO - Processing /opt/airflow/dags/purchase_analytics_dag.py took 0.181 seconds
[2025-12-21T20:53:40.396+0000] {processor.py:161} INFO - Started process (PID=114) to work on /opt/airflow/dags/purchase_analytics_dag.py
[2025-12-21T20:53:40.399+0000] {processor.py:830} INFO - Processing file /opt/airflow/dags/purchase_analytics_dag.py for tasks to queue
[2025-12-21T20:53:40.402+0000] {logging_mixin.py:188} INFO - [2025-12-21T20:53:40.401+0000] {dagbag.py:538} INFO - Filling up the DagBag from /opt/airflow/dags/purchase_analytics_dag.py
[2025-12-21T20:53:40.449+0000] {processor.py:840} INFO - DAG(s) 'purchase_analytics_refresh' retrieved from /opt/airflow/dags/purchase_analytics_dag.py
[2025-12-21T20:53:40.539+0000] {logging_mixin.py:188} INFO - [2025-12-21T20:53:40.539+0000] {dag.py:3033} INFO - Sync 1 DAGs
[2025-12-21T20:53:40.575+0000] {logging_mixin.py:188} INFO - [2025-12-21T20:53:40.575+0000] {dag.py:3820} INFO - Setting next_dagrun for purchase_analytics_refresh to 2025-12-20T02:00:00+00:00, run_after=2025-12-21T02:00:00+00:00
[2025-12-21T20:53:40.600+0000] {processor.py:183} INFO - Processing /opt/airflow/dags/purchase_analytics_dag.py took 0.216 seconds
[2025-12-21T20:54:10.831+0000] {processor.py:161} INFO - Started process (PID=124) to work on /opt/airflow/dags/purchase_analytics_dag.py
[2025-12-21T20:54:10.835+0000] {processor.py:830} INFO - Processing file /opt/airflow/dags/purchase_analytics_dag.py for tasks to queue
[2025-12-21T20:54:10.842+0000] {logging_mixin.py:188} INFO - [2025-12-21T20:54:10.838+0000] {dagbag.py:538} INFO - Filling up the DagBag from /opt/airflow/dags/purchase_analytics_dag.py
[2025-12-21T20:54:10.889+0000] {processor.py:840} INFO - DAG(s) 'purchase_analytics_refresh' retrieved from /opt/airflow/dags/purchase_analytics_dag.py
[2025-12-21T20:54:10.962+0000] {logging_mixin.py:188} INFO - [2025-12-21T20:54:10.961+0000] {dag.py:3033} INFO - Sync 1 DAGs
[2025-12-21T20:54:10.997+0000] {logging_mixin.py:188} INFO - [2025-12-21T20:54:10.996+0000] {dag.py:3820} INFO - Setting next_dagrun for purchase_analytics_refresh to 2025-12-20T02:00:00+00:00, run_after=2025-12-21T02:00:00+00:00
[2025-12-21T20:54:11.019+0000] {processor.py:183} INFO - Processing /opt/airflow/dags/purchase_analytics_dag.py took 0.202 seconds
[2025-12-21T20:54:41.218+0000] {processor.py:161} INFO - Started process (PID=134) to work on /opt/airflow/dags/purchase_analytics_dag.py
[2025-12-21T20:54:41.220+0000] {processor.py:830} INFO - Processing file /opt/airflow/dags/purchase_analytics_dag.py for tasks to queue
[2025-12-21T20:54:41.223+0000] {logging_mixin.py:188} INFO - [2025-12-21T20:54:41.221+0000] {dagbag.py:538} INFO - Filling up the DagBag from /opt/airflow/dags/purchase_analytics_dag.py
[2025-12-21T20:54:41.266+0000] {processor.py:840} INFO - DAG(s) 'purchase_analytics_refresh' retrieved from /opt/airflow/dags/purchase_analytics_dag.py
[2025-12-21T20:54:41.327+0000] {logging_mixin.py:188} INFO - [2025-12-21T20:54:41.326+0000] {dag.py:3033} INFO - Sync 1 DAGs
[2025-12-21T20:54:41.351+0000] {logging_mixin.py:188} INFO - [2025-12-21T20:54:41.351+0000] {dag.py:3820} INFO - Setting next_dagrun for purchase_analytics_refresh to 2025-12-20T02:00:00+00:00, run_after=2025-12-21T02:00:00+00:00
[2025-12-21T20:54:41.376+0000] {processor.py:183} INFO - Processing /opt/airflow/dags/purchase_analytics_dag.py took 0.169 seconds
[2025-12-21T20:55:12.434+0000] {processor.py:161} INFO - Started process (PID=144) to work on /opt/airflow/dags/purchase_analytics_dag.py
[2025-12-21T20:55:12.436+0000] {processor.py:830} INFO - Processing file /opt/airflow/dags/purchase_analytics_dag.py for tasks to queue
[2025-12-21T20:55:12.437+0000] {logging_mixin.py:188} INFO - [2025-12-21T20:55:12.437+0000] {dagbag.py:538} INFO - Filling up the DagBag from /opt/airflow/dags/purchase_analytics_dag.py
[2025-12-21T20:55:12.463+0000] {processor.py:840} INFO - DAG(s) 'purchase_analytics_refresh' retrieved from /opt/airflow/dags/purchase_analytics_dag.py
[2025-12-21T20:55:12.530+0000] {logging_mixin.py:188} INFO - [2025-12-21T20:55:12.530+0000] {dag.py:3033} INFO - Sync 1 DAGs
[2025-12-21T20:55:12.566+0000] {logging_mixin.py:188} INFO - [2025-12-21T20:55:12.565+0000] {dag.py:3820} INFO - Setting next_dagrun for purchase_analytics_refresh to 2025-12-20T02:00:00+00:00, run_after=2025-12-21T02:00:00+00:00
[2025-12-21T20:55:12.588+0000] {processor.py:183} INFO - Processing /opt/airflow/dags/purchase_analytics_dag.py took 0.166 seconds
[2025-12-21T20:55:43.534+0000] {processor.py:161} INFO - Started process (PID=154) to work on /opt/airflow/dags/purchase_analytics_dag.py
[2025-12-21T20:55:43.538+0000] {processor.py:830} INFO - Processing file /opt/airflow/dags/purchase_analytics_dag.py for tasks to queue
[2025-12-21T20:55:43.544+0000] {logging_mixin.py:188} INFO - [2025-12-21T20:55:43.542+0000] {dagbag.py:538} INFO - Filling up the DagBag from /opt/airflow/dags/purchase_analytics_dag.py
[2025-12-21T20:55:43.612+0000] {processor.py:840} INFO - DAG(s) 'purchase_analytics_refresh' retrieved from /opt/airflow/dags/purchase_analytics_dag.py
[2025-12-21T20:55:43.736+0000] {logging_mixin.py:188} INFO - [2025-12-21T20:55:43.735+0000] {dag.py:3033} INFO - Sync 1 DAGs
[2025-12-21T20:55:43.772+0000] {logging_mixin.py:188} INFO - [2025-12-21T20:55:43.772+0000] {dag.py:3820} INFO - Setting next_dagrun for purchase_analytics_refresh to 2025-12-20T02:00:00+00:00, run_after=2025-12-21T02:00:00+00:00
[2025-12-21T20:55:43.794+0000] {processor.py:183} INFO - Processing /opt/airflow/dags/purchase_analytics_dag.py took 0.277 seconds
[2025-12-21T20:56:15.300+0000] {processor.py:161} INFO - Started process (PID=164) to work on /opt/airflow/dags/purchase_analytics_dag.py
[2025-12-21T20:56:15.306+0000] {processor.py:830} INFO - Processing file /opt/airflow/dags/purchase_analytics_dag.py for tasks to queue
[2025-12-21T20:56:15.308+0000] {logging_mixin.py:188} INFO - [2025-12-21T20:56:15.307+0000] {dagbag.py:538} INFO - Filling up the DagBag from /opt/airflow/dags/purchase_analytics_dag.py
[2025-12-21T20:56:15.386+0000] {processor.py:840} INFO - DAG(s) 'purchase_analytics_refresh' retrieved from /opt/airflow/dags/purchase_analytics_dag.py
[2025-12-21T20:56:15.467+0000] {logging_mixin.py:188} INFO - [2025-12-21T20:56:15.467+0000] {dag.py:3033} INFO - Sync 1 DAGs
[2025-12-21T20:56:15.514+0000] {logging_mixin.py:188} INFO - [2025-12-21T20:56:15.514+0000] {dag.py:3820} INFO - Setting next_dagrun for purchase_analytics_refresh to 2025-12-20T02:00:00+00:00, run_after=2025-12-21T02:00:00+00:00
[2025-12-21T20:56:15.550+0000] {processor.py:183} INFO - Processing /opt/airflow/dags/purchase_analytics_dag.py took 0.271 seconds
[2025-12-21T20:56:45.952+0000] {processor.py:161} INFO - Started process (PID=174) to work on /opt/airflow/dags/purchase_analytics_dag.py
[2025-12-21T20:56:45.954+0000] {processor.py:830} INFO - Processing file /opt/airflow/dags/purchase_analytics_dag.py for tasks to queue
[2025-12-21T20:56:45.956+0000] {logging_mixin.py:188} INFO - [2025-12-21T20:56:45.955+0000] {dagbag.py:538} INFO - Filling up the DagBag from /opt/airflow/dags/purchase_analytics_dag.py
[2025-12-21T20:56:45.987+0000] {processor.py:840} INFO - DAG(s) 'purchase_analytics_refresh' retrieved from /opt/airflow/dags/purchase_analytics_dag.py
[2025-12-21T20:56:46.058+0000] {logging_mixin.py:188} INFO - [2025-12-21T20:56:46.058+0000] {dag.py:3033} INFO - Sync 1 DAGs
[2025-12-21T20:56:46.101+0000] {logging_mixin.py:188} INFO - [2025-12-21T20:56:46.100+0000] {dag.py:3820} INFO - Setting next_dagrun for purchase_analytics_refresh to 2025-12-20T02:00:00+00:00, run_after=2025-12-21T02:00:00+00:00
[2025-12-21T20:56:46.127+0000] {processor.py:183} INFO - Processing /opt/airflow/dags/purchase_analytics_dag.py took 0.182 seconds
[2025-12-21T20:57:16.560+0000] {processor.py:161} INFO - Started process (PID=184) to work on /opt/airflow/dags/purchase_analytics_dag.py
[2025-12-21T20:57:16.565+0000] {processor.py:830} INFO - Processing file /opt/airflow/dags/purchase_analytics_dag.py for tasks to queue
[2025-12-21T20:57:16.566+0000] {logging_mixin.py:188} INFO - [2025-12-21T20:57:16.566+0000] {dagbag.py:538} INFO - Filling up the DagBag from /opt/airflow/dags/purchase_analytics_dag.py
[2025-12-21T20:57:16.608+0000] {processor.py:840} INFO - DAG(s) 'purchase_analytics_refresh' retrieved from /opt/airflow/dags/purchase_analytics_dag.py
[2025-12-21T20:57:16.669+0000] {logging_mixin.py:188} INFO - [2025-12-21T20:57:16.669+0000] {dag.py:3033} INFO - Sync 1 DAGs
[2025-12-21T20:57:16.706+0000] {logging_mixin.py:188} INFO - [2025-12-21T20:57:16.705+0000] {dag.py:3820} INFO - Setting next_dagrun for purchase_analytics_refresh to 2025-12-20T02:00:00+00:00, run_after=2025-12-21T02:00:00+00:00
[2025-12-21T20:57:16.728+0000] {processor.py:183} INFO - Processing /opt/airflow/dags/purchase_analytics_dag.py took 0.183 seconds
[2025-12-21T20:57:47.209+0000] {processor.py:161} INFO - Started process (PID=194) to work on /opt/airflow/dags/purchase_analytics_dag.py
[2025-12-21T20:57:47.211+0000] {processor.py:830} INFO - Processing file /opt/airflow/dags/purchase_analytics_dag.py for tasks to queue
[2025-12-21T20:57:47.213+0000] {logging_mixin.py:188} INFO - [2025-12-21T20:57:47.212+0000] {dagbag.py:538} INFO - Filling up the DagBag from /opt/airflow/dags/purchase_analytics_dag.py
[2025-12-21T20:57:47.249+0000] {processor.py:840} INFO - DAG(s) 'purchase_analytics_refresh' retrieved from /opt/airflow/dags/purchase_analytics_dag.py
[2025-12-21T20:57:47.294+0000] {logging_mixin.py:188} INFO - [2025-12-21T20:57:47.294+0000] {dag.py:3033} INFO - Sync 1 DAGs
[2025-12-21T20:57:47.319+0000] {logging_mixin.py:188} INFO - [2025-12-21T20:57:47.319+0000] {dag.py:3820} INFO - Setting next_dagrun for purchase_analytics_refresh to 2025-12-20T02:00:00+00:00, run_after=2025-12-21T02:00:00+00:00
[2025-12-21T20:57:47.337+0000] {processor.py:183} INFO - Processing /opt/airflow/dags/purchase_analytics_dag.py took 0.137 seconds
[2025-12-21T20:58:17.775+0000] {processor.py:161} INFO - Started process (PID=204) to work on /opt/airflow/dags/purchase_analytics_dag.py
[2025-12-21T20:58:17.777+0000] {processor.py:830} INFO - Processing file /opt/airflow/dags/purchase_analytics_dag.py for tasks to queue
[2025-12-21T20:58:17.778+0000] {logging_mixin.py:188} INFO - [2025-12-21T20:58:17.778+0000] {dagbag.py:538} INFO - Filling up the DagBag from /opt/airflow/dags/purchase_analytics_dag.py
[2025-12-21T20:58:17.810+0000] {processor.py:840} INFO - DAG(s) 'purchase_analytics_refresh' retrieved from /opt/airflow/dags/purchase_analytics_dag.py
[2025-12-21T20:58:17.932+0000] {logging_mixin.py:188} INFO - [2025-12-21T20:58:17.932+0000] {dag.py:3033} INFO - Sync 1 DAGs
[2025-12-21T20:58:17.963+0000] {logging_mixin.py:188} INFO - [2025-12-21T20:58:17.963+0000] {dag.py:3820} INFO - Setting next_dagrun for purchase_analytics_refresh to 2025-12-20T02:00:00+00:00, run_after=2025-12-21T02:00:00+00:00
[2025-12-21T20:58:17.996+0000] {processor.py:183} INFO - Processing /opt/airflow/dags/purchase_analytics_dag.py took 0.236 seconds
[2025-12-21T20:58:48.678+0000] {processor.py:161} INFO - Started process (PID=214) to work on /opt/airflow/dags/purchase_analytics_dag.py
[2025-12-21T20:58:48.680+0000] {processor.py:830} INFO - Processing file /opt/airflow/dags/purchase_analytics_dag.py for tasks to queue
[2025-12-21T20:58:48.681+0000] {logging_mixin.py:188} INFO - [2025-12-21T20:58:48.681+0000] {dagbag.py:538} INFO - Filling up the DagBag from /opt/airflow/dags/purchase_analytics_dag.py
[2025-12-21T20:58:48.721+0000] {processor.py:840} INFO - DAG(s) 'purchase_analytics_refresh' retrieved from /opt/airflow/dags/purchase_analytics_dag.py
[2025-12-21T20:58:48.797+0000] {logging_mixin.py:188} INFO - [2025-12-21T20:58:48.797+0000] {dag.py:3033} INFO - Sync 1 DAGs
[2025-12-21T20:58:48.832+0000] {logging_mixin.py:188} INFO - [2025-12-21T20:58:48.832+0000] {dag.py:3820} INFO - Setting next_dagrun for purchase_analytics_refresh to 2025-12-20T02:00:00+00:00, run_after=2025-12-21T02:00:00+00:00
[2025-12-21T20:58:48.863+0000] {processor.py:183} INFO - Processing /opt/airflow/dags/purchase_analytics_dag.py took 0.195 seconds
[2025-12-21T20:59:19.517+0000] {processor.py:161} INFO - Started process (PID=224) to work on /opt/airflow/dags/purchase_analytics_dag.py
[2025-12-21T20:59:19.520+0000] {processor.py:830} INFO - Processing file /opt/airflow/dags/purchase_analytics_dag.py for tasks to queue
[2025-12-21T20:59:19.521+0000] {logging_mixin.py:188} INFO - [2025-12-21T20:59:19.521+0000] {dagbag.py:538} INFO - Filling up the DagBag from /opt/airflow/dags/purchase_analytics_dag.py
[2025-12-21T20:59:19.579+0000] {processor.py:840} INFO - DAG(s) 'purchase_analytics_refresh' retrieved from /opt/airflow/dags/purchase_analytics_dag.py
[2025-12-21T20:59:19.641+0000] {logging_mixin.py:188} INFO - [2025-12-21T20:59:19.641+0000] {dag.py:3033} INFO - Sync 1 DAGs
[2025-12-21T20:59:19.679+0000] {logging_mixin.py:188} INFO - [2025-12-21T20:59:19.679+0000] {dag.py:3820} INFO - Setting next_dagrun for purchase_analytics_refresh to 2025-12-20T02:00:00+00:00, run_after=2025-12-21T02:00:00+00:00
[2025-12-21T20:59:19.706+0000] {processor.py:183} INFO - Processing /opt/airflow/dags/purchase_analytics_dag.py took 0.200 seconds
[2025-12-21T20:59:50.145+0000] {processor.py:161} INFO - Started process (PID=234) to work on /opt/airflow/dags/purchase_analytics_dag.py
[2025-12-21T20:59:50.148+0000] {processor.py:830} INFO - Processing file /opt/airflow/dags/purchase_analytics_dag.py for tasks to queue
[2025-12-21T20:59:50.152+0000] {logging_mixin.py:188} INFO - [2025-12-21T20:59:50.149+0000] {dagbag.py:538} INFO - Filling up the DagBag from /opt/airflow/dags/purchase_analytics_dag.py
[2025-12-21T20:59:50.197+0000] {processor.py:840} INFO - DAG(s) 'purchase_analytics_refresh' retrieved from /opt/airflow/dags/purchase_analytics_dag.py
[2025-12-21T20:59:50.272+0000] {logging_mixin.py:188} INFO - [2025-12-21T20:59:50.272+0000] {dag.py:3033} INFO - Sync 1 DAGs
[2025-12-21T20:59:50.329+0000] {logging_mixin.py:188} INFO - [2025-12-21T20:59:50.329+0000] {dag.py:3820} INFO - Setting next_dagrun for purchase_analytics_refresh to 2025-12-20T02:00:00+00:00, run_after=2025-12-21T02:00:00+00:00
[2025-12-21T20:59:50.354+0000] {processor.py:183} INFO - Processing /opt/airflow/dags/purchase_analytics_dag.py took 0.218 seconds
[2025-12-21T21:00:20.996+0000] {processor.py:161} INFO - Started process (PID=243) to work on /opt/airflow/dags/purchase_analytics_dag.py
[2025-12-21T21:00:20.999+0000] {processor.py:830} INFO - Processing file /opt/airflow/dags/purchase_analytics_dag.py for tasks to queue
[2025-12-21T21:00:21.001+0000] {logging_mixin.py:188} INFO - [2025-12-21T21:00:21.000+0000] {dagbag.py:538} INFO - Filling up the DagBag from /opt/airflow/dags/purchase_analytics_dag.py
[2025-12-21T21:00:21.044+0000] {processor.py:840} INFO - DAG(s) 'purchase_analytics_refresh' retrieved from /opt/airflow/dags/purchase_analytics_dag.py
[2025-12-21T21:00:21.161+0000] {logging_mixin.py:188} INFO - [2025-12-21T21:00:21.161+0000] {dag.py:3033} INFO - Sync 1 DAGs
[2025-12-21T21:00:21.202+0000] {logging_mixin.py:188} INFO - [2025-12-21T21:00:21.201+0000] {dag.py:3820} INFO - Setting next_dagrun for purchase_analytics_refresh to 2025-12-20T02:00:00+00:00, run_after=2025-12-21T02:00:00+00:00
[2025-12-21T21:00:21.231+0000] {processor.py:183} INFO - Processing /opt/airflow/dags/purchase_analytics_dag.py took 0.247 seconds
[2025-12-21T21:00:51.711+0000] {processor.py:161} INFO - Started process (PID=253) to work on /opt/airflow/dags/purchase_analytics_dag.py
[2025-12-21T21:00:51.713+0000] {processor.py:830} INFO - Processing file /opt/airflow/dags/purchase_analytics_dag.py for tasks to queue
[2025-12-21T21:00:51.714+0000] {logging_mixin.py:188} INFO - [2025-12-21T21:00:51.714+0000] {dagbag.py:538} INFO - Filling up the DagBag from /opt/airflow/dags/purchase_analytics_dag.py
[2025-12-21T21:00:51.748+0000] {processor.py:840} INFO - DAG(s) 'purchase_analytics_refresh' retrieved from /opt/airflow/dags/purchase_analytics_dag.py
[2025-12-21T21:00:51.845+0000] {logging_mixin.py:188} INFO - [2025-12-21T21:00:51.844+0000] {dag.py:3033} INFO - Sync 1 DAGs
[2025-12-21T21:00:51.874+0000] {logging_mixin.py:188} INFO - [2025-12-21T21:00:51.874+0000] {dag.py:3820} INFO - Setting next_dagrun for purchase_analytics_refresh to 2025-12-20T02:00:00+00:00, run_after=2025-12-21T02:00:00+00:00
[2025-12-21T21:00:51.899+0000] {processor.py:183} INFO - Processing /opt/airflow/dags/purchase_analytics_dag.py took 0.197 seconds
[2025-12-21T21:01:22.293+0000] {processor.py:161} INFO - Started process (PID=263) to work on /opt/airflow/dags/purchase_analytics_dag.py
[2025-12-21T21:01:22.295+0000] {processor.py:830} INFO - Processing file /opt/airflow/dags/purchase_analytics_dag.py for tasks to queue
[2025-12-21T21:01:22.296+0000] {logging_mixin.py:188} INFO - [2025-12-21T21:01:22.295+0000] {dagbag.py:538} INFO - Filling up the DagBag from /opt/airflow/dags/purchase_analytics_dag.py
[2025-12-21T21:01:22.314+0000] {processor.py:840} INFO - DAG(s) 'purchase_analytics_refresh' retrieved from /opt/airflow/dags/purchase_analytics_dag.py
[2025-12-21T21:01:22.343+0000] {logging_mixin.py:188} INFO - [2025-12-21T21:01:22.343+0000] {dag.py:3033} INFO - Sync 1 DAGs
[2025-12-21T21:01:22.366+0000] {logging_mixin.py:188} INFO - [2025-12-21T21:01:22.366+0000] {dag.py:3820} INFO - Setting next_dagrun for purchase_analytics_refresh to 2025-12-20T02:00:00+00:00, run_after=2025-12-21T02:00:00+00:00
[2025-12-21T21:01:22.380+0000] {processor.py:183} INFO - Processing /opt/airflow/dags/purchase_analytics_dag.py took 0.092 seconds
[2025-12-21T21:01:52.818+0000] {processor.py:161} INFO - Started process (PID=273) to work on /opt/airflow/dags/purchase_analytics_dag.py
[2025-12-21T21:01:52.827+0000] {processor.py:830} INFO - Processing file /opt/airflow/dags/purchase_analytics_dag.py for tasks to queue
[2025-12-21T21:01:52.833+0000] {logging_mixin.py:188} INFO - [2025-12-21T21:01:52.831+0000] {dagbag.py:538} INFO - Filling up the DagBag from /opt/airflow/dags/purchase_analytics_dag.py
[2025-12-21T21:01:52.864+0000] {processor.py:840} INFO - DAG(s) 'purchase_analytics_refresh' retrieved from /opt/airflow/dags/purchase_analytics_dag.py
[2025-12-21T21:01:52.915+0000] {logging_mixin.py:188} INFO - [2025-12-21T21:01:52.915+0000] {dag.py:3033} INFO - Sync 1 DAGs
[2025-12-21T21:01:52.940+0000] {logging_mixin.py:188} INFO - [2025-12-21T21:01:52.940+0000] {dag.py:3820} INFO - Setting next_dagrun for purchase_analytics_refresh to 2025-12-20T02:00:00+00:00, run_after=2025-12-21T02:00:00+00:00
[2025-12-21T21:01:52.967+0000] {processor.py:183} INFO - Processing /opt/airflow/dags/purchase_analytics_dag.py took 0.156 seconds
[2025-12-21T21:02:23.652+0000] {processor.py:161} INFO - Started process (PID=283) to work on /opt/airflow/dags/purchase_analytics_dag.py
[2025-12-21T21:02:23.654+0000] {processor.py:830} INFO - Processing file /opt/airflow/dags/purchase_analytics_dag.py for tasks to queue
[2025-12-21T21:02:23.657+0000] {logging_mixin.py:188} INFO - [2025-12-21T21:02:23.657+0000] {dagbag.py:538} INFO - Filling up the DagBag from /opt/airflow/dags/purchase_analytics_dag.py
[2025-12-21T21:02:23.693+0000] {processor.py:840} INFO - DAG(s) 'purchase_analytics_refresh' retrieved from /opt/airflow/dags/purchase_analytics_dag.py
[2025-12-21T21:02:23.755+0000] {logging_mixin.py:188} INFO - [2025-12-21T21:02:23.754+0000] {dag.py:3033} INFO - Sync 1 DAGs
[2025-12-21T21:02:23.788+0000] {logging_mixin.py:188} INFO - [2025-12-21T21:02:23.788+0000] {dag.py:3820} INFO - Setting next_dagrun for purchase_analytics_refresh to 2025-12-20T02:00:00+00:00, run_after=2025-12-21T02:00:00+00:00
[2025-12-21T21:02:23.806+0000] {processor.py:183} INFO - Processing /opt/airflow/dags/purchase_analytics_dag.py took 0.168 seconds
[2025-12-21T21:02:54.116+0000] {processor.py:161} INFO - Started process (PID=293) to work on /opt/airflow/dags/purchase_analytics_dag.py
[2025-12-21T21:02:54.117+0000] {processor.py:830} INFO - Processing file /opt/airflow/dags/purchase_analytics_dag.py for tasks to queue
[2025-12-21T21:02:54.118+0000] {logging_mixin.py:188} INFO - [2025-12-21T21:02:54.117+0000] {dagbag.py:538} INFO - Filling up the DagBag from /opt/airflow/dags/purchase_analytics_dag.py
[2025-12-21T21:02:54.138+0000] {processor.py:840} INFO - DAG(s) 'purchase_analytics_refresh' retrieved from /opt/airflow/dags/purchase_analytics_dag.py
[2025-12-21T21:02:54.171+0000] {logging_mixin.py:188} INFO - [2025-12-21T21:02:54.171+0000] {dag.py:3033} INFO - Sync 1 DAGs
[2025-12-21T21:02:54.193+0000] {logging_mixin.py:188} INFO - [2025-12-21T21:02:54.193+0000] {dag.py:3820} INFO - Setting next_dagrun for purchase_analytics_refresh to 2025-12-20T02:00:00+00:00, run_after=2025-12-21T02:00:00+00:00
[2025-12-21T21:02:54.207+0000] {processor.py:183} INFO - Processing /opt/airflow/dags/purchase_analytics_dag.py took 0.096 seconds
[2025-12-21T21:03:24.484+0000] {processor.py:161} INFO - Started process (PID=303) to work on /opt/airflow/dags/purchase_analytics_dag.py
[2025-12-21T21:03:24.485+0000] {processor.py:830} INFO - Processing file /opt/airflow/dags/purchase_analytics_dag.py for tasks to queue
[2025-12-21T21:03:24.487+0000] {logging_mixin.py:188} INFO - [2025-12-21T21:03:24.486+0000] {dagbag.py:538} INFO - Filling up the DagBag from /opt/airflow/dags/purchase_analytics_dag.py
[2025-12-21T21:03:24.510+0000] {processor.py:840} INFO - DAG(s) 'purchase_analytics_refresh' retrieved from /opt/airflow/dags/purchase_analytics_dag.py
[2025-12-21T21:03:24.547+0000] {logging_mixin.py:188} INFO - [2025-12-21T21:03:24.547+0000] {dag.py:3033} INFO - Sync 1 DAGs
[2025-12-21T21:03:24.577+0000] {logging_mixin.py:188} INFO - [2025-12-21T21:03:24.577+0000] {dag.py:3820} INFO - Setting next_dagrun for purchase_analytics_refresh to 2025-12-20T02:00:00+00:00, run_after=2025-12-21T02:00:00+00:00
[2025-12-21T21:03:24.590+0000] {processor.py:183} INFO - Processing /opt/airflow/dags/purchase_analytics_dag.py took 0.110 seconds
[2025-12-21T21:03:54.942+0000] {processor.py:161} INFO - Started process (PID=313) to work on /opt/airflow/dags/purchase_analytics_dag.py
[2025-12-21T21:03:54.944+0000] {processor.py:830} INFO - Processing file /opt/airflow/dags/purchase_analytics_dag.py for tasks to queue
[2025-12-21T21:03:54.945+0000] {logging_mixin.py:188} INFO - [2025-12-21T21:03:54.945+0000] {dagbag.py:538} INFO - Filling up the DagBag from /opt/airflow/dags/purchase_analytics_dag.py
[2025-12-21T21:03:54.970+0000] {processor.py:840} INFO - DAG(s) 'purchase_analytics_refresh' retrieved from /opt/airflow/dags/purchase_analytics_dag.py
[2025-12-21T21:03:55.015+0000] {logging_mixin.py:188} INFO - [2025-12-21T21:03:55.015+0000] {dag.py:3033} INFO - Sync 1 DAGs
[2025-12-21T21:03:55.035+0000] {logging_mixin.py:188} INFO - [2025-12-21T21:03:55.035+0000] {dag.py:3820} INFO - Setting next_dagrun for purchase_analytics_refresh to 2025-12-20T02:00:00+00:00, run_after=2025-12-21T02:00:00+00:00
[2025-12-21T21:03:55.049+0000] {processor.py:183} INFO - Processing /opt/airflow/dags/purchase_analytics_dag.py took 0.116 seconds
[2025-12-21T21:04:25.673+0000] {processor.py:161} INFO - Started process (PID=323) to work on /opt/airflow/dags/purchase_analytics_dag.py
[2025-12-21T21:04:25.675+0000] {processor.py:830} INFO - Processing file /opt/airflow/dags/purchase_analytics_dag.py for tasks to queue
[2025-12-21T21:04:25.676+0000] {logging_mixin.py:188} INFO - [2025-12-21T21:04:25.675+0000] {dagbag.py:538} INFO - Filling up the DagBag from /opt/airflow/dags/purchase_analytics_dag.py
[2025-12-21T21:04:25.692+0000] {processor.py:840} INFO - DAG(s) 'purchase_analytics_refresh' retrieved from /opt/airflow/dags/purchase_analytics_dag.py
[2025-12-21T21:04:25.722+0000] {logging_mixin.py:188} INFO - [2025-12-21T21:04:25.722+0000] {dag.py:3033} INFO - Sync 1 DAGs
[2025-12-21T21:04:25.741+0000] {logging_mixin.py:188} INFO - [2025-12-21T21:04:25.741+0000] {dag.py:3820} INFO - Setting next_dagrun for purchase_analytics_refresh to 2025-12-20T02:00:00+00:00, run_after=2025-12-21T02:00:00+00:00
[2025-12-21T21:04:25.760+0000] {processor.py:183} INFO - Processing /opt/airflow/dags/purchase_analytics_dag.py took 0.093 seconds
[2025-12-21T21:04:56.145+0000] {processor.py:161} INFO - Started process (PID=333) to work on /opt/airflow/dags/purchase_analytics_dag.py
[2025-12-21T21:04:56.145+0000] {processor.py:830} INFO - Processing file /opt/airflow/dags/purchase_analytics_dag.py for tasks to queue
[2025-12-21T21:04:56.146+0000] {logging_mixin.py:188} INFO - [2025-12-21T21:04:56.146+0000] {dagbag.py:538} INFO - Filling up the DagBag from /opt/airflow/dags/purchase_analytics_dag.py
[2025-12-21T21:04:56.173+0000] {processor.py:840} INFO - DAG(s) 'purchase_analytics_refresh' retrieved from /opt/airflow/dags/purchase_analytics_dag.py
[2025-12-21T21:04:56.205+0000] {logging_mixin.py:188} INFO - [2025-12-21T21:04:56.205+0000] {dag.py:3033} INFO - Sync 1 DAGs
[2025-12-21T21:04:56.228+0000] {logging_mixin.py:188} INFO - [2025-12-21T21:04:56.228+0000] {dag.py:3820} INFO - Setting next_dagrun for purchase_analytics_refresh to 2025-12-20T02:00:00+00:00, run_after=2025-12-21T02:00:00+00:00
[2025-12-21T21:04:56.243+0000] {processor.py:183} INFO - Processing /opt/airflow/dags/purchase_analytics_dag.py took 0.100 seconds
[2025-12-21T21:05:26.768+0000] {processor.py:161} INFO - Started process (PID=343) to work on /opt/airflow/dags/purchase_analytics_dag.py
[2025-12-21T21:05:26.770+0000] {processor.py:830} INFO - Processing file /opt/airflow/dags/purchase_analytics_dag.py for tasks to queue
[2025-12-21T21:05:26.773+0000] {logging_mixin.py:188} INFO - [2025-12-21T21:05:26.772+0000] {dagbag.py:538} INFO - Filling up the DagBag from /opt/airflow/dags/purchase_analytics_dag.py
[2025-12-21T21:05:26.796+0000] {processor.py:840} INFO - DAG(s) 'purchase_analytics_refresh' retrieved from /opt/airflow/dags/purchase_analytics_dag.py
[2025-12-21T21:05:26.841+0000] {logging_mixin.py:188} INFO - [2025-12-21T21:05:26.841+0000] {dag.py:3033} INFO - Sync 1 DAGs
[2025-12-21T21:05:26.864+0000] {logging_mixin.py:188} INFO - [2025-12-21T21:05:26.864+0000] {dag.py:3820} INFO - Setting next_dagrun for purchase_analytics_refresh to 2025-12-20T02:00:00+00:00, run_after=2025-12-21T02:00:00+00:00
[2025-12-21T21:05:26.878+0000] {processor.py:183} INFO - Processing /opt/airflow/dags/purchase_analytics_dag.py took 0.115 seconds
[2025-12-21T21:05:57.259+0000] {processor.py:161} INFO - Started process (PID=353) to work on /opt/airflow/dags/purchase_analytics_dag.py
[2025-12-21T21:05:57.261+0000] {processor.py:830} INFO - Processing file /opt/airflow/dags/purchase_analytics_dag.py for tasks to queue
[2025-12-21T21:05:57.263+0000] {logging_mixin.py:188} INFO - [2025-12-21T21:05:57.262+0000] {dagbag.py:538} INFO - Filling up the DagBag from /opt/airflow/dags/purchase_analytics_dag.py
[2025-12-21T21:05:57.295+0000] {processor.py:840} INFO - DAG(s) 'purchase_analytics_refresh' retrieved from /opt/airflow/dags/purchase_analytics_dag.py
[2025-12-21T21:05:57.353+0000] {logging_mixin.py:188} INFO - [2025-12-21T21:05:57.353+0000] {dag.py:3033} INFO - Sync 1 DAGs
[2025-12-21T21:05:57.382+0000] {logging_mixin.py:188} INFO - [2025-12-21T21:05:57.382+0000] {dag.py:3820} INFO - Setting next_dagrun for purchase_analytics_refresh to 2025-12-20T02:00:00+00:00, run_after=2025-12-21T02:00:00+00:00
[2025-12-21T21:05:57.404+0000] {processor.py:183} INFO - Processing /opt/airflow/dags/purchase_analytics_dag.py took 0.152 seconds
[2025-12-21T21:06:27.808+0000] {processor.py:161} INFO - Started process (PID=363) to work on /opt/airflow/dags/purchase_analytics_dag.py
[2025-12-21T21:06:27.812+0000] {processor.py:830} INFO - Processing file /opt/airflow/dags/purchase_analytics_dag.py for tasks to queue
[2025-12-21T21:06:27.813+0000] {logging_mixin.py:188} INFO - [2025-12-21T21:06:27.813+0000] {dagbag.py:538} INFO - Filling up the DagBag from /opt/airflow/dags/purchase_analytics_dag.py
[2025-12-21T21:06:27.835+0000] {processor.py:840} INFO - DAG(s) 'purchase_analytics_refresh' retrieved from /opt/airflow/dags/purchase_analytics_dag.py
[2025-12-21T21:06:27.870+0000] {logging_mixin.py:188} INFO - [2025-12-21T21:06:27.870+0000] {dag.py:3033} INFO - Sync 1 DAGs
[2025-12-21T21:06:27.892+0000] {logging_mixin.py:188} INFO - [2025-12-21T21:06:27.892+0000] {dag.py:3820} INFO - Setting next_dagrun for purchase_analytics_refresh to 2025-12-20T02:00:00+00:00, run_after=2025-12-21T02:00:00+00:00
[2025-12-21T21:06:27.909+0000] {processor.py:183} INFO - Processing /opt/airflow/dags/purchase_analytics_dag.py took 0.108 seconds
[2025-12-21T21:06:58.420+0000] {processor.py:161} INFO - Started process (PID=372) to work on /opt/airflow/dags/purchase_analytics_dag.py
[2025-12-21T21:06:58.423+0000] {processor.py:830} INFO - Processing file /opt/airflow/dags/purchase_analytics_dag.py for tasks to queue
[2025-12-21T21:06:58.425+0000] {logging_mixin.py:188} INFO - [2025-12-21T21:06:58.424+0000] {dagbag.py:538} INFO - Filling up the DagBag from /opt/airflow/dags/purchase_analytics_dag.py
[2025-12-21T21:06:58.464+0000] {processor.py:840} INFO - DAG(s) 'purchase_analytics_refresh' retrieved from /opt/airflow/dags/purchase_analytics_dag.py
[2025-12-21T21:06:58.527+0000] {logging_mixin.py:188} INFO - [2025-12-21T21:06:58.527+0000] {dag.py:3033} INFO - Sync 1 DAGs
[2025-12-21T21:06:58.555+0000] {logging_mixin.py:188} INFO - [2025-12-21T21:06:58.554+0000] {dag.py:3820} INFO - Setting next_dagrun for purchase_analytics_refresh to 2025-12-20T02:00:00+00:00, run_after=2025-12-21T02:00:00+00:00
[2025-12-21T21:06:58.574+0000] {processor.py:183} INFO - Processing /opt/airflow/dags/purchase_analytics_dag.py took 0.166 seconds
[2025-12-21T21:07:28.872+0000] {processor.py:161} INFO - Started process (PID=376) to work on /opt/airflow/dags/purchase_analytics_dag.py
[2025-12-21T21:07:28.875+0000] {processor.py:830} INFO - Processing file /opt/airflow/dags/purchase_analytics_dag.py for tasks to queue
[2025-12-21T21:07:28.879+0000] {logging_mixin.py:188} INFO - [2025-12-21T21:07:28.877+0000] {dagbag.py:538} INFO - Filling up the DagBag from /opt/airflow/dags/purchase_analytics_dag.py
[2025-12-21T21:07:28.909+0000] {processor.py:840} INFO - DAG(s) 'purchase_analytics_refresh' retrieved from /opt/airflow/dags/purchase_analytics_dag.py
[2025-12-21T21:07:28.960+0000] {logging_mixin.py:188} INFO - [2025-12-21T21:07:28.960+0000] {dag.py:3033} INFO - Sync 1 DAGs
[2025-12-21T21:07:28.986+0000] {logging_mixin.py:188} INFO - [2025-12-21T21:07:28.986+0000] {dag.py:3820} INFO - Setting next_dagrun for purchase_analytics_refresh to 2025-12-20T02:00:00+00:00, run_after=2025-12-21T02:00:00+00:00
[2025-12-21T21:07:29.003+0000] {processor.py:183} INFO - Processing /opt/airflow/dags/purchase_analytics_dag.py took 0.143 seconds
[2025-12-21T21:07:59.363+0000] {processor.py:161} INFO - Started process (PID=386) to work on /opt/airflow/dags/purchase_analytics_dag.py
[2025-12-21T21:07:59.365+0000] {processor.py:830} INFO - Processing file /opt/airflow/dags/purchase_analytics_dag.py for tasks to queue
[2025-12-21T21:07:59.366+0000] {logging_mixin.py:188} INFO - [2025-12-21T21:07:59.366+0000] {dagbag.py:538} INFO - Filling up the DagBag from /opt/airflow/dags/purchase_analytics_dag.py
[2025-12-21T21:07:59.406+0000] {processor.py:840} INFO - DAG(s) 'purchase_analytics_refresh' retrieved from /opt/airflow/dags/purchase_analytics_dag.py
[2025-12-21T21:08:00.585+0000] {processor.py:186} ERROR - Got an exception! Propagating...
Traceback (most recent call last):
  File "/home/airflow/.local/lib/python3.8/site-packages/sqlalchemy/engine/base.py", line 3371, in _wrap_pool_connect
    return fn()
  File "/home/airflow/.local/lib/python3.8/site-packages/sqlalchemy/pool/base.py", line 327, in connect
    return _ConnectionFairy._checkout(self)
  File "/home/airflow/.local/lib/python3.8/site-packages/sqlalchemy/pool/base.py", line 894, in _checkout
    fairy = _ConnectionRecord.checkout(pool)
  File "/home/airflow/.local/lib/python3.8/site-packages/sqlalchemy/pool/base.py", line 493, in checkout
    rec = pool._do_get()
  File "/home/airflow/.local/lib/python3.8/site-packages/sqlalchemy/pool/impl.py", line 146, in _do_get
    self._dec_overflow()
  File "/home/airflow/.local/lib/python3.8/site-packages/sqlalchemy/util/langhelpers.py", line 70, in __exit__
    compat.raise_(
  File "/home/airflow/.local/lib/python3.8/site-packages/sqlalchemy/util/compat.py", line 211, in raise_
    raise exception
  File "/home/airflow/.local/lib/python3.8/site-packages/sqlalchemy/pool/impl.py", line 143, in _do_get
    return self._create_connection()
  File "/home/airflow/.local/lib/python3.8/site-packages/sqlalchemy/pool/base.py", line 273, in _create_connection
    return _ConnectionRecord(self)
  File "/home/airflow/.local/lib/python3.8/site-packages/sqlalchemy/pool/base.py", line 388, in __init__
    self.__connect()
  File "/home/airflow/.local/lib/python3.8/site-packages/sqlalchemy/pool/base.py", line 691, in __connect
    pool.logger.debug("Error on connect(): %s", e)
  File "/home/airflow/.local/lib/python3.8/site-packages/sqlalchemy/util/langhelpers.py", line 70, in __exit__
    compat.raise_(
  File "/home/airflow/.local/lib/python3.8/site-packages/sqlalchemy/util/compat.py", line 211, in raise_
    raise exception
  File "/home/airflow/.local/lib/python3.8/site-packages/sqlalchemy/pool/base.py", line 686, in __connect
    self.dbapi_connection = connection = pool._invoke_creator(self)
  File "/home/airflow/.local/lib/python3.8/site-packages/sqlalchemy/engine/create.py", line 574, in connect
    return dialect.connect(*cargs, **cparams)
  File "/home/airflow/.local/lib/python3.8/site-packages/sqlalchemy/engine/default.py", line 598, in connect
    return self.dbapi.connect(*cargs, **cparams)
  File "/home/airflow/.local/lib/python3.8/site-packages/psycopg2/__init__.py", line 122, in connect
    conn = _connect(dsn, connection_factory=connection_factory, **kwasync)
psycopg2.OperationalError: connection to server at "postgres-airflow" (172.18.0.9), port 5432 failed: FATAL:  could not open file "global/pg_filenode.map": Operation not permitted


The above exception was the direct cause of the following exception:

Traceback (most recent call last):
  File "/home/airflow/.local/lib/python3.8/site-packages/airflow/dag_processing/processor.py", line 182, in _run_file_processor
    _handle_dag_file_processing()
  File "/home/airflow/.local/lib/python3.8/site-packages/airflow/dag_processing/processor.py", line 163, in _handle_dag_file_processing
    result: tuple[int, int] = dag_file_processor.process_file(
  File "/home/airflow/.local/lib/python3.8/site-packages/airflow/utils/session.py", line 79, in wrapper
    return func(*args, session=session, **kwargs)
  File "/home/airflow/.local/lib/python3.8/site-packages/airflow/dag_processing/processor.py", line 859, in process_file
    serialize_errors = DagFileProcessor.save_dag_to_db(
  File "/home/airflow/.local/lib/python3.8/site-packages/airflow/api_internal/internal_api_call.py", line 114, in wrapper
    return func(*args, **kwargs)
  File "/home/airflow/.local/lib/python3.8/site-packages/airflow/utils/session.py", line 79, in wrapper
    return func(*args, session=session, **kwargs)
  File "/home/airflow/.local/lib/python3.8/site-packages/airflow/dag_processing/processor.py", line 895, in save_dag_to_db
    import_errors = DagBag._sync_to_db(dags=dags, processor_subdir=dag_directory, session=session)
  File "/home/airflow/.local/lib/python3.8/site-packages/airflow/utils/session.py", line 76, in wrapper
    return func(*args, **kwargs)
  File "/home/airflow/.local/lib/python3.8/site-packages/airflow/models/dagbag.py", line 657, in _sync_to_db
    for attempt in run_with_db_retries(logger=log):
  File "/home/airflow/.local/lib/python3.8/site-packages/tenacity/__init__.py", line 347, in __iter__
    do = self.iter(retry_state=retry_state)
  File "/home/airflow/.local/lib/python3.8/site-packages/tenacity/__init__.py", line 325, in iter
    raise retry_exc.reraise()
  File "/home/airflow/.local/lib/python3.8/site-packages/tenacity/__init__.py", line 158, in reraise
    raise self.last_attempt.result()
  File "/usr/local/lib/python3.8/concurrent/futures/_base.py", line 437, in result
    return self.__get_result()
  File "/usr/local/lib/python3.8/concurrent/futures/_base.py", line 389, in __get_result
    raise self._exception
  File "/home/airflow/.local/lib/python3.8/site-packages/airflow/models/dagbag.py", line 670, in _sync_to_db
    _serialize_dag_capturing_errors(dag, session, processor_subdir)
  File "/home/airflow/.local/lib/python3.8/site-packages/airflow/models/dagbag.py", line 635, in _serialize_dag_capturing_errors
    dag_was_updated = SerializedDagModel.write_dag(
  File "/home/airflow/.local/lib/python3.8/site-packages/airflow/utils/session.py", line 76, in wrapper
    return func(*args, **kwargs)
  File "/home/airflow/.local/lib/python3.8/site-packages/airflow/models/serialized_dag.py", line 157, in write_dag
    if session.scalar(
  File "/home/airflow/.local/lib/python3.8/site-packages/sqlalchemy/orm/session.py", line 1747, in scalar
    return self.execute(
  File "/home/airflow/.local/lib/python3.8/site-packages/sqlalchemy/orm/session.py", line 1716, in execute
    conn = self._connection_for_bind(bind)
  File "/home/airflow/.local/lib/python3.8/site-packages/sqlalchemy/orm/session.py", line 1555, in _connection_for_bind
    return self._transaction._connection_for_bind(
  File "/home/airflow/.local/lib/python3.8/site-packages/sqlalchemy/orm/session.py", line 750, in _connection_for_bind
    conn = bind.connect()
  File "/home/airflow/.local/lib/python3.8/site-packages/sqlalchemy/future/engine.py", line 406, in connect
    return super(Engine, self).connect()
  File "/home/airflow/.local/lib/python3.8/site-packages/sqlalchemy/engine/base.py", line 3325, in connect
    return self._connection_cls(self, close_with_result=close_with_result)
  File "/home/airflow/.local/lib/python3.8/site-packages/sqlalchemy/engine/base.py", line 96, in __init__
    else engine.raw_connection()
  File "/home/airflow/.local/lib/python3.8/site-packages/sqlalchemy/engine/base.py", line 3404, in raw_connection
    return self._wrap_pool_connect(self.pool.connect, _connection)
  File "/home/airflow/.local/lib/python3.8/site-packages/sqlalchemy/engine/base.py", line 3374, in _wrap_pool_connect
    Connection._handle_dbapi_exception_noconnection(
  File "/home/airflow/.local/lib/python3.8/site-packages/sqlalchemy/engine/base.py", line 2208, in _handle_dbapi_exception_noconnection
    util.raise_(
  File "/home/airflow/.local/lib/python3.8/site-packages/sqlalchemy/util/compat.py", line 211, in raise_
    raise exception
  File "/home/airflow/.local/lib/python3.8/site-packages/sqlalchemy/engine/base.py", line 3371, in _wrap_pool_connect
    return fn()
  File "/home/airflow/.local/lib/python3.8/site-packages/sqlalchemy/pool/base.py", line 327, in connect
    return _ConnectionFairy._checkout(self)
  File "/home/airflow/.local/lib/python3.8/site-packages/sqlalchemy/pool/base.py", line 894, in _checkout
    fairy = _ConnectionRecord.checkout(pool)
  File "/home/airflow/.local/lib/python3.8/site-packages/sqlalchemy/pool/base.py", line 493, in checkout
    rec = pool._do_get()
  File "/home/airflow/.local/lib/python3.8/site-packages/sqlalchemy/pool/impl.py", line 146, in _do_get
    self._dec_overflow()
  File "/home/airflow/.local/lib/python3.8/site-packages/sqlalchemy/util/langhelpers.py", line 70, in __exit__
    compat.raise_(
  File "/home/airflow/.local/lib/python3.8/site-packages/sqlalchemy/util/compat.py", line 211, in raise_
    raise exception
  File "/home/airflow/.local/lib/python3.8/site-packages/sqlalchemy/pool/impl.py", line 143, in _do_get
    return self._create_connection()
  File "/home/airflow/.local/lib/python3.8/site-packages/sqlalchemy/pool/base.py", line 273, in _create_connection
    return _ConnectionRecord(self)
  File "/home/airflow/.local/lib/python3.8/site-packages/sqlalchemy/pool/base.py", line 388, in __init__
    self.__connect()
  File "/home/airflow/.local/lib/python3.8/site-packages/sqlalchemy/pool/base.py", line 691, in __connect
    pool.logger.debug("Error on connect(): %s", e)
  File "/home/airflow/.local/lib/python3.8/site-packages/sqlalchemy/util/langhelpers.py", line 70, in __exit__
    compat.raise_(
  File "/home/airflow/.local/lib/python3.8/site-packages/sqlalchemy/util/compat.py", line 211, in raise_
    raise exception
  File "/home/airflow/.local/lib/python3.8/site-packages/sqlalchemy/pool/base.py", line 686, in __connect
    self.dbapi_connection = connection = pool._invoke_creator(self)
  File "/home/airflow/.local/lib/python3.8/site-packages/sqlalchemy/engine/create.py", line 574, in connect
    return dialect.connect(*cargs, **cparams)
  File "/home/airflow/.local/lib/python3.8/site-packages/sqlalchemy/engine/default.py", line 598, in connect
    return self.dbapi.connect(*cargs, **cparams)
  File "/home/airflow/.local/lib/python3.8/site-packages/psycopg2/__init__.py", line 122, in connect
    conn = _connect(dsn, connection_factory=connection_factory, **kwasync)
sqlalchemy.exc.OperationalError: (psycopg2.OperationalError) connection to server at "postgres-airflow" (172.18.0.9), port 5432 failed: FATAL:  could not open file "global/pg_filenode.map": Operation not permitted

(Background on this error at: https://sqlalche.me/e/14/e3q8)
[2025-12-21T21:08:30.987+0000] {processor.py:161} INFO - Started process (PID=396) to work on /opt/airflow/dags/purchase_analytics_dag.py
[2025-12-21T21:08:30.989+0000] {processor.py:830} INFO - Processing file /opt/airflow/dags/purchase_analytics_dag.py for tasks to queue
[2025-12-21T21:08:30.990+0000] {logging_mixin.py:188} INFO - [2025-12-21T21:08:30.989+0000] {dagbag.py:538} INFO - Filling up the DagBag from /opt/airflow/dags/purchase_analytics_dag.py
[2025-12-21T21:08:31.032+0000] {processor.py:840} INFO - DAG(s) 'purchase_analytics_refresh' retrieved from /opt/airflow/dags/purchase_analytics_dag.py
[2025-12-21T21:08:31.743+0000] {processor.py:186} ERROR - Got an exception! Propagating...
Traceback (most recent call last):
  File "/home/airflow/.local/lib/python3.8/site-packages/sqlalchemy/engine/base.py", line 3371, in _wrap_pool_connect
    return fn()
  File "/home/airflow/.local/lib/python3.8/site-packages/sqlalchemy/pool/base.py", line 327, in connect
    return _ConnectionFairy._checkout(self)
  File "/home/airflow/.local/lib/python3.8/site-packages/sqlalchemy/pool/base.py", line 894, in _checkout
    fairy = _ConnectionRecord.checkout(pool)
  File "/home/airflow/.local/lib/python3.8/site-packages/sqlalchemy/pool/base.py", line 493, in checkout
    rec = pool._do_get()
  File "/home/airflow/.local/lib/python3.8/site-packages/sqlalchemy/pool/impl.py", line 146, in _do_get
    self._dec_overflow()
  File "/home/airflow/.local/lib/python3.8/site-packages/sqlalchemy/util/langhelpers.py", line 70, in __exit__
    compat.raise_(
  File "/home/airflow/.local/lib/python3.8/site-packages/sqlalchemy/util/compat.py", line 211, in raise_
    raise exception
  File "/home/airflow/.local/lib/python3.8/site-packages/sqlalchemy/pool/impl.py", line 143, in _do_get
    return self._create_connection()
  File "/home/airflow/.local/lib/python3.8/site-packages/sqlalchemy/pool/base.py", line 273, in _create_connection
    return _ConnectionRecord(self)
  File "/home/airflow/.local/lib/python3.8/site-packages/sqlalchemy/pool/base.py", line 388, in __init__
    self.__connect()
  File "/home/airflow/.local/lib/python3.8/site-packages/sqlalchemy/pool/base.py", line 691, in __connect
    pool.logger.debug("Error on connect(): %s", e)
  File "/home/airflow/.local/lib/python3.8/site-packages/sqlalchemy/util/langhelpers.py", line 70, in __exit__
    compat.raise_(
  File "/home/airflow/.local/lib/python3.8/site-packages/sqlalchemy/util/compat.py", line 211, in raise_
    raise exception
  File "/home/airflow/.local/lib/python3.8/site-packages/sqlalchemy/pool/base.py", line 686, in __connect
    self.dbapi_connection = connection = pool._invoke_creator(self)
  File "/home/airflow/.local/lib/python3.8/site-packages/sqlalchemy/engine/create.py", line 574, in connect
    return dialect.connect(*cargs, **cparams)
  File "/home/airflow/.local/lib/python3.8/site-packages/sqlalchemy/engine/default.py", line 598, in connect
    return self.dbapi.connect(*cargs, **cparams)
  File "/home/airflow/.local/lib/python3.8/site-packages/psycopg2/__init__.py", line 122, in connect
    conn = _connect(dsn, connection_factory=connection_factory, **kwasync)
psycopg2.OperationalError: connection to server at "postgres-airflow" (172.18.0.9), port 5432 failed: FATAL:  could not open file "global/pg_filenode.map": Operation not permitted


The above exception was the direct cause of the following exception:

Traceback (most recent call last):
  File "/home/airflow/.local/lib/python3.8/site-packages/airflow/dag_processing/processor.py", line 182, in _run_file_processor
    _handle_dag_file_processing()
  File "/home/airflow/.local/lib/python3.8/site-packages/airflow/dag_processing/processor.py", line 163, in _handle_dag_file_processing
    result: tuple[int, int] = dag_file_processor.process_file(
  File "/home/airflow/.local/lib/python3.8/site-packages/airflow/utils/session.py", line 79, in wrapper
    return func(*args, session=session, **kwargs)
  File "/home/airflow/.local/lib/python3.8/site-packages/airflow/dag_processing/processor.py", line 859, in process_file
    serialize_errors = DagFileProcessor.save_dag_to_db(
  File "/home/airflow/.local/lib/python3.8/site-packages/airflow/api_internal/internal_api_call.py", line 114, in wrapper
    return func(*args, **kwargs)
  File "/home/airflow/.local/lib/python3.8/site-packages/airflow/utils/session.py", line 79, in wrapper
    return func(*args, session=session, **kwargs)
  File "/home/airflow/.local/lib/python3.8/site-packages/airflow/dag_processing/processor.py", line 895, in save_dag_to_db
    import_errors = DagBag._sync_to_db(dags=dags, processor_subdir=dag_directory, session=session)
  File "/home/airflow/.local/lib/python3.8/site-packages/airflow/utils/session.py", line 76, in wrapper
    return func(*args, **kwargs)
  File "/home/airflow/.local/lib/python3.8/site-packages/airflow/models/dagbag.py", line 657, in _sync_to_db
    for attempt in run_with_db_retries(logger=log):
  File "/home/airflow/.local/lib/python3.8/site-packages/tenacity/__init__.py", line 347, in __iter__
    do = self.iter(retry_state=retry_state)
  File "/home/airflow/.local/lib/python3.8/site-packages/tenacity/__init__.py", line 325, in iter
    raise retry_exc.reraise()
  File "/home/airflow/.local/lib/python3.8/site-packages/tenacity/__init__.py", line 158, in reraise
    raise self.last_attempt.result()
  File "/usr/local/lib/python3.8/concurrent/futures/_base.py", line 437, in result
    return self.__get_result()
  File "/usr/local/lib/python3.8/concurrent/futures/_base.py", line 389, in __get_result
    raise self._exception
  File "/home/airflow/.local/lib/python3.8/site-packages/airflow/models/dagbag.py", line 670, in _sync_to_db
    _serialize_dag_capturing_errors(dag, session, processor_subdir)
  File "/home/airflow/.local/lib/python3.8/site-packages/airflow/models/dagbag.py", line 635, in _serialize_dag_capturing_errors
    dag_was_updated = SerializedDagModel.write_dag(
  File "/home/airflow/.local/lib/python3.8/site-packages/airflow/utils/session.py", line 76, in wrapper
    return func(*args, **kwargs)
  File "/home/airflow/.local/lib/python3.8/site-packages/airflow/models/serialized_dag.py", line 157, in write_dag
    if session.scalar(
  File "/home/airflow/.local/lib/python3.8/site-packages/sqlalchemy/orm/session.py", line 1747, in scalar
    return self.execute(
  File "/home/airflow/.local/lib/python3.8/site-packages/sqlalchemy/orm/session.py", line 1716, in execute
    conn = self._connection_for_bind(bind)
  File "/home/airflow/.local/lib/python3.8/site-packages/sqlalchemy/orm/session.py", line 1555, in _connection_for_bind
    return self._transaction._connection_for_bind(
  File "/home/airflow/.local/lib/python3.8/site-packages/sqlalchemy/orm/session.py", line 750, in _connection_for_bind
    conn = bind.connect()
  File "/home/airflow/.local/lib/python3.8/site-packages/sqlalchemy/future/engine.py", line 406, in connect
    return super(Engine, self).connect()
  File "/home/airflow/.local/lib/python3.8/site-packages/sqlalchemy/engine/base.py", line 3325, in connect
    return self._connection_cls(self, close_with_result=close_with_result)
  File "/home/airflow/.local/lib/python3.8/site-packages/sqlalchemy/engine/base.py", line 96, in __init__
    else engine.raw_connection()
  File "/home/airflow/.local/lib/python3.8/site-packages/sqlalchemy/engine/base.py", line 3404, in raw_connection
    return self._wrap_pool_connect(self.pool.connect, _connection)
  File "/home/airflow/.local/lib/python3.8/site-packages/sqlalchemy/engine/base.py", line 3374, in _wrap_pool_connect
    Connection._handle_dbapi_exception_noconnection(
  File "/home/airflow/.local/lib/python3.8/site-packages/sqlalchemy/engine/base.py", line 2208, in _handle_dbapi_exception_noconnection
    util.raise_(
  File "/home/airflow/.local/lib/python3.8/site-packages/sqlalchemy/util/compat.py", line 211, in raise_
    raise exception
  File "/home/airflow/.local/lib/python3.8/site-packages/sqlalchemy/engine/base.py", line 3371, in _wrap_pool_connect
    return fn()
  File "/home/airflow/.local/lib/python3.8/site-packages/sqlalchemy/pool/base.py", line 327, in connect
    return _ConnectionFairy._checkout(self)
  File "/home/airflow/.local/lib/python3.8/site-packages/sqlalchemy/pool/base.py", line 894, in _checkout
    fairy = _ConnectionRecord.checkout(pool)
  File "/home/airflow/.local/lib/python3.8/site-packages/sqlalchemy/pool/base.py", line 493, in checkout
    rec = pool._do_get()
  File "/home/airflow/.local/lib/python3.8/site-packages/sqlalchemy/pool/impl.py", line 146, in _do_get
    self._dec_overflow()
  File "/home/airflow/.local/lib/python3.8/site-packages/sqlalchemy/util/langhelpers.py", line 70, in __exit__
    compat.raise_(
  File "/home/airflow/.local/lib/python3.8/site-packages/sqlalchemy/util/compat.py", line 211, in raise_
    raise exception
  File "/home/airflow/.local/lib/python3.8/site-packages/sqlalchemy/pool/impl.py", line 143, in _do_get
    return self._create_connection()
  File "/home/airflow/.local/lib/python3.8/site-packages/sqlalchemy/pool/base.py", line 273, in _create_connection
    return _ConnectionRecord(self)
  File "/home/airflow/.local/lib/python3.8/site-packages/sqlalchemy/pool/base.py", line 388, in __init__
    self.__connect()
  File "/home/airflow/.local/lib/python3.8/site-packages/sqlalchemy/pool/base.py", line 691, in __connect
    pool.logger.debug("Error on connect(): %s", e)
  File "/home/airflow/.local/lib/python3.8/site-packages/sqlalchemy/util/langhelpers.py", line 70, in __exit__
    compat.raise_(
  File "/home/airflow/.local/lib/python3.8/site-packages/sqlalchemy/util/compat.py", line 211, in raise_
    raise exception
  File "/home/airflow/.local/lib/python3.8/site-packages/sqlalchemy/pool/base.py", line 686, in __connect
    self.dbapi_connection = connection = pool._invoke_creator(self)
  File "/home/airflow/.local/lib/python3.8/site-packages/sqlalchemy/engine/create.py", line 574, in connect
    return dialect.connect(*cargs, **cparams)
  File "/home/airflow/.local/lib/python3.8/site-packages/sqlalchemy/engine/default.py", line 598, in connect
    return self.dbapi.connect(*cargs, **cparams)
  File "/home/airflow/.local/lib/python3.8/site-packages/psycopg2/__init__.py", line 122, in connect
    conn = _connect(dsn, connection_factory=connection_factory, **kwasync)
sqlalchemy.exc.OperationalError: (psycopg2.OperationalError) connection to server at "postgres-airflow" (172.18.0.9), port 5432 failed: FATAL:  could not open file "global/pg_filenode.map": Operation not permitted

(Background on this error at: https://sqlalche.me/e/14/e3q8)
[2025-12-21T21:09:02.022+0000] {processor.py:161} INFO - Started process (PID=406) to work on /opt/airflow/dags/purchase_analytics_dag.py
[2025-12-21T21:09:02.024+0000] {processor.py:830} INFO - Processing file /opt/airflow/dags/purchase_analytics_dag.py for tasks to queue
[2025-12-21T21:09:02.027+0000] {logging_mixin.py:188} INFO - [2025-12-21T21:09:02.027+0000] {dagbag.py:538} INFO - Filling up the DagBag from /opt/airflow/dags/purchase_analytics_dag.py
[2025-12-21T21:09:02.060+0000] {processor.py:840} INFO - DAG(s) 'purchase_analytics_refresh' retrieved from /opt/airflow/dags/purchase_analytics_dag.py
[2025-12-21T21:09:02.657+0000] {processor.py:186} ERROR - Got an exception! Propagating...
Traceback (most recent call last):
  File "/home/airflow/.local/lib/python3.8/site-packages/sqlalchemy/engine/base.py", line 3371, in _wrap_pool_connect
    return fn()
  File "/home/airflow/.local/lib/python3.8/site-packages/sqlalchemy/pool/base.py", line 327, in connect
    return _ConnectionFairy._checkout(self)
  File "/home/airflow/.local/lib/python3.8/site-packages/sqlalchemy/pool/base.py", line 894, in _checkout
    fairy = _ConnectionRecord.checkout(pool)
  File "/home/airflow/.local/lib/python3.8/site-packages/sqlalchemy/pool/base.py", line 493, in checkout
    rec = pool._do_get()
  File "/home/airflow/.local/lib/python3.8/site-packages/sqlalchemy/pool/impl.py", line 146, in _do_get
    self._dec_overflow()
  File "/home/airflow/.local/lib/python3.8/site-packages/sqlalchemy/util/langhelpers.py", line 70, in __exit__
    compat.raise_(
  File "/home/airflow/.local/lib/python3.8/site-packages/sqlalchemy/util/compat.py", line 211, in raise_
    raise exception
  File "/home/airflow/.local/lib/python3.8/site-packages/sqlalchemy/pool/impl.py", line 143, in _do_get
    return self._create_connection()
  File "/home/airflow/.local/lib/python3.8/site-packages/sqlalchemy/pool/base.py", line 273, in _create_connection
    return _ConnectionRecord(self)
  File "/home/airflow/.local/lib/python3.8/site-packages/sqlalchemy/pool/base.py", line 388, in __init__
    self.__connect()
  File "/home/airflow/.local/lib/python3.8/site-packages/sqlalchemy/pool/base.py", line 691, in __connect
    pool.logger.debug("Error on connect(): %s", e)
  File "/home/airflow/.local/lib/python3.8/site-packages/sqlalchemy/util/langhelpers.py", line 70, in __exit__
    compat.raise_(
  File "/home/airflow/.local/lib/python3.8/site-packages/sqlalchemy/util/compat.py", line 211, in raise_
    raise exception
  File "/home/airflow/.local/lib/python3.8/site-packages/sqlalchemy/pool/base.py", line 686, in __connect
    self.dbapi_connection = connection = pool._invoke_creator(self)
  File "/home/airflow/.local/lib/python3.8/site-packages/sqlalchemy/engine/create.py", line 574, in connect
    return dialect.connect(*cargs, **cparams)
  File "/home/airflow/.local/lib/python3.8/site-packages/sqlalchemy/engine/default.py", line 598, in connect
    return self.dbapi.connect(*cargs, **cparams)
  File "/home/airflow/.local/lib/python3.8/site-packages/psycopg2/__init__.py", line 122, in connect
    conn = _connect(dsn, connection_factory=connection_factory, **kwasync)
psycopg2.OperationalError: connection to server at "postgres-airflow" (172.18.0.9), port 5432 failed: FATAL:  could not open file "global/pg_filenode.map": Operation not permitted


The above exception was the direct cause of the following exception:

Traceback (most recent call last):
  File "/home/airflow/.local/lib/python3.8/site-packages/airflow/dag_processing/processor.py", line 182, in _run_file_processor
    _handle_dag_file_processing()
  File "/home/airflow/.local/lib/python3.8/site-packages/airflow/dag_processing/processor.py", line 163, in _handle_dag_file_processing
    result: tuple[int, int] = dag_file_processor.process_file(
  File "/home/airflow/.local/lib/python3.8/site-packages/airflow/utils/session.py", line 79, in wrapper
    return func(*args, session=session, **kwargs)
  File "/home/airflow/.local/lib/python3.8/site-packages/airflow/dag_processing/processor.py", line 859, in process_file
    serialize_errors = DagFileProcessor.save_dag_to_db(
  File "/home/airflow/.local/lib/python3.8/site-packages/airflow/api_internal/internal_api_call.py", line 114, in wrapper
    return func(*args, **kwargs)
  File "/home/airflow/.local/lib/python3.8/site-packages/airflow/utils/session.py", line 79, in wrapper
    return func(*args, session=session, **kwargs)
  File "/home/airflow/.local/lib/python3.8/site-packages/airflow/dag_processing/processor.py", line 895, in save_dag_to_db
    import_errors = DagBag._sync_to_db(dags=dags, processor_subdir=dag_directory, session=session)
  File "/home/airflow/.local/lib/python3.8/site-packages/airflow/utils/session.py", line 76, in wrapper
    return func(*args, **kwargs)
  File "/home/airflow/.local/lib/python3.8/site-packages/airflow/models/dagbag.py", line 657, in _sync_to_db
    for attempt in run_with_db_retries(logger=log):
  File "/home/airflow/.local/lib/python3.8/site-packages/tenacity/__init__.py", line 347, in __iter__
    do = self.iter(retry_state=retry_state)
  File "/home/airflow/.local/lib/python3.8/site-packages/tenacity/__init__.py", line 325, in iter
    raise retry_exc.reraise()
  File "/home/airflow/.local/lib/python3.8/site-packages/tenacity/__init__.py", line 158, in reraise
    raise self.last_attempt.result()
  File "/usr/local/lib/python3.8/concurrent/futures/_base.py", line 437, in result
    return self.__get_result()
  File "/usr/local/lib/python3.8/concurrent/futures/_base.py", line 389, in __get_result
    raise self._exception
  File "/home/airflow/.local/lib/python3.8/site-packages/airflow/models/dagbag.py", line 670, in _sync_to_db
    _serialize_dag_capturing_errors(dag, session, processor_subdir)
  File "/home/airflow/.local/lib/python3.8/site-packages/airflow/models/dagbag.py", line 635, in _serialize_dag_capturing_errors
    dag_was_updated = SerializedDagModel.write_dag(
  File "/home/airflow/.local/lib/python3.8/site-packages/airflow/utils/session.py", line 76, in wrapper
    return func(*args, **kwargs)
  File "/home/airflow/.local/lib/python3.8/site-packages/airflow/models/serialized_dag.py", line 157, in write_dag
    if session.scalar(
  File "/home/airflow/.local/lib/python3.8/site-packages/sqlalchemy/orm/session.py", line 1747, in scalar
    return self.execute(
  File "/home/airflow/.local/lib/python3.8/site-packages/sqlalchemy/orm/session.py", line 1716, in execute
    conn = self._connection_for_bind(bind)
  File "/home/airflow/.local/lib/python3.8/site-packages/sqlalchemy/orm/session.py", line 1555, in _connection_for_bind
    return self._transaction._connection_for_bind(
  File "/home/airflow/.local/lib/python3.8/site-packages/sqlalchemy/orm/session.py", line 750, in _connection_for_bind
    conn = bind.connect()
  File "/home/airflow/.local/lib/python3.8/site-packages/sqlalchemy/future/engine.py", line 406, in connect
    return super(Engine, self).connect()
  File "/home/airflow/.local/lib/python3.8/site-packages/sqlalchemy/engine/base.py", line 3325, in connect
    return self._connection_cls(self, close_with_result=close_with_result)
  File "/home/airflow/.local/lib/python3.8/site-packages/sqlalchemy/engine/base.py", line 96, in __init__
    else engine.raw_connection()
  File "/home/airflow/.local/lib/python3.8/site-packages/sqlalchemy/engine/base.py", line 3404, in raw_connection
    return self._wrap_pool_connect(self.pool.connect, _connection)
  File "/home/airflow/.local/lib/python3.8/site-packages/sqlalchemy/engine/base.py", line 3374, in _wrap_pool_connect
    Connection._handle_dbapi_exception_noconnection(
  File "/home/airflow/.local/lib/python3.8/site-packages/sqlalchemy/engine/base.py", line 2208, in _handle_dbapi_exception_noconnection
    util.raise_(
  File "/home/airflow/.local/lib/python3.8/site-packages/sqlalchemy/util/compat.py", line 211, in raise_
    raise exception
  File "/home/airflow/.local/lib/python3.8/site-packages/sqlalchemy/engine/base.py", line 3371, in _wrap_pool_connect
    return fn()
  File "/home/airflow/.local/lib/python3.8/site-packages/sqlalchemy/pool/base.py", line 327, in connect
    return _ConnectionFairy._checkout(self)
  File "/home/airflow/.local/lib/python3.8/site-packages/sqlalchemy/pool/base.py", line 894, in _checkout
    fairy = _ConnectionRecord.checkout(pool)
  File "/home/airflow/.local/lib/python3.8/site-packages/sqlalchemy/pool/base.py", line 493, in checkout
    rec = pool._do_get()
  File "/home/airflow/.local/lib/python3.8/site-packages/sqlalchemy/pool/impl.py", line 146, in _do_get
    self._dec_overflow()
  File "/home/airflow/.local/lib/python3.8/site-packages/sqlalchemy/util/langhelpers.py", line 70, in __exit__
    compat.raise_(
  File "/home/airflow/.local/lib/python3.8/site-packages/sqlalchemy/util/compat.py", line 211, in raise_
    raise exception
  File "/home/airflow/.local/lib/python3.8/site-packages/sqlalchemy/pool/impl.py", line 143, in _do_get
    return self._create_connection()
  File "/home/airflow/.local/lib/python3.8/site-packages/sqlalchemy/pool/base.py", line 273, in _create_connection
    return _ConnectionRecord(self)
  File "/home/airflow/.local/lib/python3.8/site-packages/sqlalchemy/pool/base.py", line 388, in __init__
    self.__connect()
  File "/home/airflow/.local/lib/python3.8/site-packages/sqlalchemy/pool/base.py", line 691, in __connect
    pool.logger.debug("Error on connect(): %s", e)
  File "/home/airflow/.local/lib/python3.8/site-packages/sqlalchemy/util/langhelpers.py", line 70, in __exit__
    compat.raise_(
  File "/home/airflow/.local/lib/python3.8/site-packages/sqlalchemy/util/compat.py", line 211, in raise_
    raise exception
  File "/home/airflow/.local/lib/python3.8/site-packages/sqlalchemy/pool/base.py", line 686, in __connect
    self.dbapi_connection = connection = pool._invoke_creator(self)
  File "/home/airflow/.local/lib/python3.8/site-packages/sqlalchemy/engine/create.py", line 574, in connect
    return dialect.connect(*cargs, **cparams)
  File "/home/airflow/.local/lib/python3.8/site-packages/sqlalchemy/engine/default.py", line 598, in connect
    return self.dbapi.connect(*cargs, **cparams)
  File "/home/airflow/.local/lib/python3.8/site-packages/psycopg2/__init__.py", line 122, in connect
    conn = _connect(dsn, connection_factory=connection_factory, **kwasync)
sqlalchemy.exc.OperationalError: (psycopg2.OperationalError) connection to server at "postgres-airflow" (172.18.0.9), port 5432 failed: FATAL:  could not open file "global/pg_filenode.map": Operation not permitted

(Background on this error at: https://sqlalche.me/e/14/e3q8)
