[2025-12-20T14:12:48.698+0000] {processor.py:161} INFO - Started process (PID=29) to work on /opt/airflow/dags/example_dag.py
[2025-12-20T14:12:48.699+0000] {processor.py:830} INFO - Processing file /opt/airflow/dags/example_dag.py for tasks to queue
[2025-12-20T14:12:48.700+0000] {logging_mixin.py:188} INFO - [2025-12-20T14:12:48.700+0000] {dagbag.py:538} INFO - Filling up the DagBag from /opt/airflow/dags/example_dag.py
[2025-12-20T14:12:48.722+0000] {processor.py:840} INFO - DAG(s) 'example_dag' retrieved from /opt/airflow/dags/example_dag.py
[2025-12-20T14:12:48.881+0000] {logging_mixin.py:188} INFO - [2025-12-20T14:12:48.880+0000] {override.py:1769} INFO - Created Permission View: can read on DAG:example_dag
[2025-12-20T14:12:48.886+0000] {logging_mixin.py:188} INFO - [2025-12-20T14:12:48.886+0000] {override.py:1769} INFO - Created Permission View: can edit on DAG:example_dag
[2025-12-20T14:12:48.888+0000] {logging_mixin.py:188} INFO - [2025-12-20T14:12:48.888+0000] {override.py:1769} INFO - Created Permission View: can delete on DAG:example_dag
[2025-12-20T14:12:48.889+0000] {logging_mixin.py:188} INFO - [2025-12-20T14:12:48.889+0000] {dag.py:3033} INFO - Sync 1 DAGs
[2025-12-20T14:12:48.896+0000] {logging_mixin.py:188} INFO - [2025-12-20T14:12:48.896+0000] {dag.py:3055} INFO - Creating ORM DAG for example_dag
[2025-12-20T14:12:48.903+0000] {logging_mixin.py:188} INFO - [2025-12-20T14:12:48.902+0000] {dag.py:3820} INFO - Setting next_dagrun for example_dag to 2025-12-19T00:00:00+00:00, run_after=2025-12-20T00:00:00+00:00
[2025-12-20T14:12:48.914+0000] {processor.py:183} INFO - Processing /opt/airflow/dags/example_dag.py took 0.219 seconds
[2025-12-20T14:13:18.963+0000] {processor.py:161} INFO - Started process (PID=38) to work on /opt/airflow/dags/example_dag.py
[2025-12-20T14:13:18.965+0000] {processor.py:830} INFO - Processing file /opt/airflow/dags/example_dag.py for tasks to queue
[2025-12-20T14:13:18.967+0000] {logging_mixin.py:188} INFO - [2025-12-20T14:13:18.966+0000] {dagbag.py:538} INFO - Filling up the DagBag from /opt/airflow/dags/example_dag.py
[2025-12-20T14:13:18.986+0000] {processor.py:840} INFO - DAG(s) 'example_dag' retrieved from /opt/airflow/dags/example_dag.py
[2025-12-20T14:13:19.034+0000] {logging_mixin.py:188} INFO - [2025-12-20T14:13:19.034+0000] {dag.py:3033} INFO - Sync 1 DAGs
[2025-12-20T14:13:19.057+0000] {logging_mixin.py:188} INFO - [2025-12-20T14:13:19.056+0000] {dag.py:3820} INFO - Setting next_dagrun for example_dag to 2025-12-19T00:00:00+00:00, run_after=2025-12-20T00:00:00+00:00
[2025-12-20T14:13:19.072+0000] {processor.py:183} INFO - Processing /opt/airflow/dags/example_dag.py took 0.115 seconds
[2025-12-20T14:13:49.202+0000] {processor.py:161} INFO - Started process (PID=46) to work on /opt/airflow/dags/example_dag.py
[2025-12-20T14:13:49.203+0000] {processor.py:830} INFO - Processing file /opt/airflow/dags/example_dag.py for tasks to queue
[2025-12-20T14:13:49.204+0000] {logging_mixin.py:188} INFO - [2025-12-20T14:13:49.203+0000] {dagbag.py:538} INFO - Filling up the DagBag from /opt/airflow/dags/example_dag.py
[2025-12-20T14:13:49.222+0000] {processor.py:840} INFO - DAG(s) 'example_dag' retrieved from /opt/airflow/dags/example_dag.py
[2025-12-20T14:13:49.255+0000] {logging_mixin.py:188} INFO - [2025-12-20T14:13:49.255+0000] {dag.py:3033} INFO - Sync 1 DAGs
[2025-12-20T14:13:49.270+0000] {logging_mixin.py:188} INFO - [2025-12-20T14:13:49.270+0000] {dag.py:3820} INFO - Setting next_dagrun for example_dag to 2025-12-19T00:00:00+00:00, run_after=2025-12-20T00:00:00+00:00
[2025-12-20T14:13:49.281+0000] {processor.py:183} INFO - Processing /opt/airflow/dags/example_dag.py took 0.087 seconds
[2025-12-20T14:14:19.504+0000] {processor.py:161} INFO - Started process (PID=54) to work on /opt/airflow/dags/example_dag.py
[2025-12-20T14:14:19.505+0000] {processor.py:830} INFO - Processing file /opt/airflow/dags/example_dag.py for tasks to queue
[2025-12-20T14:14:19.505+0000] {logging_mixin.py:188} INFO - [2025-12-20T14:14:19.505+0000] {dagbag.py:538} INFO - Filling up the DagBag from /opt/airflow/dags/example_dag.py
[2025-12-20T14:14:19.512+0000] {processor.py:840} INFO - DAG(s) 'example_dag' retrieved from /opt/airflow/dags/example_dag.py
[2025-12-20T14:14:19.536+0000] {logging_mixin.py:188} INFO - [2025-12-20T14:14:19.535+0000] {dag.py:3033} INFO - Sync 1 DAGs
[2025-12-20T14:14:19.547+0000] {logging_mixin.py:188} INFO - [2025-12-20T14:14:19.547+0000] {dag.py:3820} INFO - Setting next_dagrun for example_dag to 2025-12-19T00:00:00+00:00, run_after=2025-12-20T00:00:00+00:00
[2025-12-20T14:14:19.556+0000] {processor.py:183} INFO - Processing /opt/airflow/dags/example_dag.py took 0.055 seconds
[2025-12-20T14:14:49.820+0000] {processor.py:161} INFO - Started process (PID=62) to work on /opt/airflow/dags/example_dag.py
[2025-12-20T14:14:49.821+0000] {processor.py:830} INFO - Processing file /opt/airflow/dags/example_dag.py for tasks to queue
[2025-12-20T14:14:49.821+0000] {logging_mixin.py:188} INFO - [2025-12-20T14:14:49.821+0000] {dagbag.py:538} INFO - Filling up the DagBag from /opt/airflow/dags/example_dag.py
[2025-12-20T14:14:49.835+0000] {processor.py:840} INFO - DAG(s) 'example_dag' retrieved from /opt/airflow/dags/example_dag.py
[2025-12-20T14:14:49.861+0000] {logging_mixin.py:188} INFO - [2025-12-20T14:14:49.861+0000] {dag.py:3033} INFO - Sync 1 DAGs
[2025-12-20T14:14:49.876+0000] {logging_mixin.py:188} INFO - [2025-12-20T14:14:49.876+0000] {dag.py:3820} INFO - Setting next_dagrun for example_dag to 2025-12-19T00:00:00+00:00, run_after=2025-12-20T00:00:00+00:00
[2025-12-20T14:14:49.886+0000] {processor.py:183} INFO - Processing /opt/airflow/dags/example_dag.py took 0.070 seconds
[2025-12-20T14:15:20.104+0000] {processor.py:161} INFO - Started process (PID=70) to work on /opt/airflow/dags/example_dag.py
[2025-12-20T14:15:20.105+0000] {processor.py:830} INFO - Processing file /opt/airflow/dags/example_dag.py for tasks to queue
[2025-12-20T14:15:20.106+0000] {logging_mixin.py:188} INFO - [2025-12-20T14:15:20.105+0000] {dagbag.py:538} INFO - Filling up the DagBag from /opt/airflow/dags/example_dag.py
[2025-12-20T14:15:20.131+0000] {processor.py:840} INFO - DAG(s) 'example_dag' retrieved from /opt/airflow/dags/example_dag.py
[2025-12-20T14:15:20.158+0000] {logging_mixin.py:188} INFO - [2025-12-20T14:15:20.158+0000] {dag.py:3033} INFO - Sync 1 DAGs
[2025-12-20T14:15:20.189+0000] {logging_mixin.py:188} INFO - [2025-12-20T14:15:20.189+0000] {dag.py:3820} INFO - Setting next_dagrun for example_dag to 2025-12-19T00:00:00+00:00, run_after=2025-12-20T00:00:00+00:00
[2025-12-20T14:15:20.368+0000] {processor.py:183} INFO - Processing /opt/airflow/dags/example_dag.py took 0.267 seconds
[2025-12-20T14:15:50.748+0000] {processor.py:161} INFO - Started process (PID=78) to work on /opt/airflow/dags/example_dag.py
[2025-12-20T14:15:50.749+0000] {processor.py:830} INFO - Processing file /opt/airflow/dags/example_dag.py for tasks to queue
[2025-12-20T14:15:50.750+0000] {logging_mixin.py:188} INFO - [2025-12-20T14:15:50.750+0000] {dagbag.py:538} INFO - Filling up the DagBag from /opt/airflow/dags/example_dag.py
[2025-12-20T14:15:50.765+0000] {processor.py:840} INFO - DAG(s) 'example_dag' retrieved from /opt/airflow/dags/example_dag.py
[2025-12-20T14:15:50.792+0000] {logging_mixin.py:188} INFO - [2025-12-20T14:15:50.791+0000] {dag.py:3033} INFO - Sync 1 DAGs
[2025-12-20T14:15:50.810+0000] {logging_mixin.py:188} INFO - [2025-12-20T14:15:50.810+0000] {dag.py:3820} INFO - Setting next_dagrun for example_dag to 2025-12-19T00:00:00+00:00, run_after=2025-12-20T00:00:00+00:00
[2025-12-20T14:15:50.822+0000] {processor.py:183} INFO - Processing /opt/airflow/dags/example_dag.py took 0.091 seconds
[2025-12-20T14:16:21.006+0000] {processor.py:161} INFO - Started process (PID=86) to work on /opt/airflow/dags/example_dag.py
[2025-12-20T14:16:21.007+0000] {processor.py:830} INFO - Processing file /opt/airflow/dags/example_dag.py for tasks to queue
[2025-12-20T14:16:21.008+0000] {logging_mixin.py:188} INFO - [2025-12-20T14:16:21.007+0000] {dagbag.py:538} INFO - Filling up the DagBag from /opt/airflow/dags/example_dag.py
[2025-12-20T14:16:21.022+0000] {processor.py:840} INFO - DAG(s) 'example_dag' retrieved from /opt/airflow/dags/example_dag.py
[2025-12-20T14:16:21.049+0000] {logging_mixin.py:188} INFO - [2025-12-20T14:16:21.049+0000] {dag.py:3033} INFO - Sync 1 DAGs
[2025-12-20T14:16:21.066+0000] {logging_mixin.py:188} INFO - [2025-12-20T14:16:21.066+0000] {dag.py:3820} INFO - Setting next_dagrun for example_dag to 2025-12-19T00:00:00+00:00, run_after=2025-12-20T00:00:00+00:00
[2025-12-20T14:16:21.079+0000] {processor.py:183} INFO - Processing /opt/airflow/dags/example_dag.py took 0.077 seconds
[2025-12-20T14:16:51.346+0000] {processor.py:161} INFO - Started process (PID=94) to work on /opt/airflow/dags/example_dag.py
[2025-12-20T14:16:51.347+0000] {processor.py:830} INFO - Processing file /opt/airflow/dags/example_dag.py for tasks to queue
[2025-12-20T14:16:51.348+0000] {logging_mixin.py:188} INFO - [2025-12-20T14:16:51.348+0000] {dagbag.py:538} INFO - Filling up the DagBag from /opt/airflow/dags/example_dag.py
[2025-12-20T14:16:51.364+0000] {processor.py:840} INFO - DAG(s) 'example_dag' retrieved from /opt/airflow/dags/example_dag.py
[2025-12-20T14:16:51.394+0000] {logging_mixin.py:188} INFO - [2025-12-20T14:16:51.394+0000] {dag.py:3033} INFO - Sync 1 DAGs
[2025-12-20T14:16:51.413+0000] {logging_mixin.py:188} INFO - [2025-12-20T14:16:51.413+0000] {dag.py:3820} INFO - Setting next_dagrun for example_dag to 2025-12-19T00:00:00+00:00, run_after=2025-12-20T00:00:00+00:00
[2025-12-20T14:16:51.427+0000] {processor.py:183} INFO - Processing /opt/airflow/dags/example_dag.py took 0.087 seconds
[2025-12-20T14:17:21.610+0000] {processor.py:161} INFO - Started process (PID=95) to work on /opt/airflow/dags/example_dag.py
[2025-12-20T14:17:21.611+0000] {processor.py:830} INFO - Processing file /opt/airflow/dags/example_dag.py for tasks to queue
[2025-12-20T14:17:21.613+0000] {logging_mixin.py:188} INFO - [2025-12-20T14:17:21.612+0000] {dagbag.py:538} INFO - Filling up the DagBag from /opt/airflow/dags/example_dag.py
[2025-12-20T14:17:21.637+0000] {processor.py:840} INFO - DAG(s) 'example_dag' retrieved from /opt/airflow/dags/example_dag.py
[2025-12-20T14:17:21.677+0000] {logging_mixin.py:188} INFO - [2025-12-20T14:17:21.677+0000] {dag.py:3033} INFO - Sync 1 DAGs
[2025-12-20T14:17:21.697+0000] {logging_mixin.py:188} INFO - [2025-12-20T14:17:21.697+0000] {dag.py:3820} INFO - Setting next_dagrun for example_dag to 2025-12-19T00:00:00+00:00, run_after=2025-12-20T00:00:00+00:00
[2025-12-20T14:17:21.713+0000] {processor.py:183} INFO - Processing /opt/airflow/dags/example_dag.py took 0.120 seconds
[2025-12-20T14:17:51.999+0000] {processor.py:161} INFO - Started process (PID=103) to work on /opt/airflow/dags/example_dag.py
[2025-12-20T14:17:52.000+0000] {processor.py:830} INFO - Processing file /opt/airflow/dags/example_dag.py for tasks to queue
[2025-12-20T14:17:52.002+0000] {logging_mixin.py:188} INFO - [2025-12-20T14:17:52.001+0000] {dagbag.py:538} INFO - Filling up the DagBag from /opt/airflow/dags/example_dag.py
[2025-12-20T14:17:52.032+0000] {processor.py:840} INFO - DAG(s) 'example_dag' retrieved from /opt/airflow/dags/example_dag.py
[2025-12-20T14:17:52.065+0000] {logging_mixin.py:188} INFO - [2025-12-20T14:17:52.064+0000] {dag.py:3033} INFO - Sync 1 DAGs
[2025-12-20T14:17:52.083+0000] {logging_mixin.py:188} INFO - [2025-12-20T14:17:52.083+0000] {dag.py:3820} INFO - Setting next_dagrun for example_dag to 2025-12-19T00:00:00+00:00, run_after=2025-12-20T00:00:00+00:00
[2025-12-20T14:17:52.096+0000] {processor.py:183} INFO - Processing /opt/airflow/dags/example_dag.py took 0.108 seconds
[2025-12-20T14:18:22.277+0000] {processor.py:161} INFO - Started process (PID=111) to work on /opt/airflow/dags/example_dag.py
[2025-12-20T14:18:22.279+0000] {processor.py:830} INFO - Processing file /opt/airflow/dags/example_dag.py for tasks to queue
[2025-12-20T14:18:22.280+0000] {logging_mixin.py:188} INFO - [2025-12-20T14:18:22.279+0000] {dagbag.py:538} INFO - Filling up the DagBag from /opt/airflow/dags/example_dag.py
[2025-12-20T14:18:22.301+0000] {processor.py:840} INFO - DAG(s) 'example_dag' retrieved from /opt/airflow/dags/example_dag.py
[2025-12-20T14:18:22.340+0000] {logging_mixin.py:188} INFO - [2025-12-20T14:18:22.340+0000] {dag.py:3033} INFO - Sync 1 DAGs
[2025-12-20T14:18:22.359+0000] {logging_mixin.py:188} INFO - [2025-12-20T14:18:22.359+0000] {dag.py:3820} INFO - Setting next_dagrun for example_dag to 2025-12-19T00:00:00+00:00, run_after=2025-12-20T00:00:00+00:00
[2025-12-20T14:18:22.371+0000] {processor.py:183} INFO - Processing /opt/airflow/dags/example_dag.py took 0.101 seconds
[2025-12-20T14:18:52.544+0000] {processor.py:161} INFO - Started process (PID=195) to work on /opt/airflow/dags/example_dag.py
[2025-12-20T14:18:52.544+0000] {processor.py:830} INFO - Processing file /opt/airflow/dags/example_dag.py for tasks to queue
[2025-12-20T14:18:52.545+0000] {logging_mixin.py:188} INFO - [2025-12-20T14:18:52.545+0000] {dagbag.py:538} INFO - Filling up the DagBag from /opt/airflow/dags/example_dag.py
[2025-12-20T14:18:52.558+0000] {processor.py:840} INFO - DAG(s) 'example_dag' retrieved from /opt/airflow/dags/example_dag.py
[2025-12-20T14:18:52.588+0000] {logging_mixin.py:188} INFO - [2025-12-20T14:18:52.588+0000] {dag.py:3033} INFO - Sync 1 DAGs
[2025-12-20T14:18:52.605+0000] {logging_mixin.py:188} INFO - [2025-12-20T14:18:52.605+0000] {dag.py:3820} INFO - Setting next_dagrun for example_dag to 2025-12-20T00:00:00+00:00, run_after=2025-12-21T00:00:00+00:00
[2025-12-20T14:18:52.617+0000] {processor.py:183} INFO - Processing /opt/airflow/dags/example_dag.py took 0.078 seconds
[2025-12-20T14:19:22.919+0000] {processor.py:161} INFO - Started process (PID=203) to work on /opt/airflow/dags/example_dag.py
[2025-12-20T14:19:22.920+0000] {processor.py:830} INFO - Processing file /opt/airflow/dags/example_dag.py for tasks to queue
[2025-12-20T14:19:22.921+0000] {logging_mixin.py:188} INFO - [2025-12-20T14:19:22.921+0000] {dagbag.py:538} INFO - Filling up the DagBag from /opt/airflow/dags/example_dag.py
[2025-12-20T14:19:22.938+0000] {processor.py:840} INFO - DAG(s) 'example_dag' retrieved from /opt/airflow/dags/example_dag.py
[2025-12-20T14:19:22.974+0000] {logging_mixin.py:188} INFO - [2025-12-20T14:19:22.974+0000] {dag.py:3033} INFO - Sync 1 DAGs
[2025-12-20T14:19:22.995+0000] {logging_mixin.py:188} INFO - [2025-12-20T14:19:22.995+0000] {dag.py:3820} INFO - Setting next_dagrun for example_dag to 2025-12-20T00:00:00+00:00, run_after=2025-12-21T00:00:00+00:00
[2025-12-20T14:19:23.015+0000] {processor.py:183} INFO - Processing /opt/airflow/dags/example_dag.py took 0.110 seconds
[2025-12-20T14:19:53.221+0000] {processor.py:161} INFO - Started process (PID=211) to work on /opt/airflow/dags/example_dag.py
[2025-12-20T14:19:53.222+0000] {processor.py:830} INFO - Processing file /opt/airflow/dags/example_dag.py for tasks to queue
[2025-12-20T14:19:53.224+0000] {logging_mixin.py:188} INFO - [2025-12-20T14:19:53.223+0000] {dagbag.py:538} INFO - Filling up the DagBag from /opt/airflow/dags/example_dag.py
[2025-12-20T14:19:53.243+0000] {processor.py:840} INFO - DAG(s) 'example_dag' retrieved from /opt/airflow/dags/example_dag.py
[2025-12-20T14:19:53.282+0000] {logging_mixin.py:188} INFO - [2025-12-20T14:19:53.281+0000] {dag.py:3033} INFO - Sync 1 DAGs
[2025-12-20T14:19:53.308+0000] {logging_mixin.py:188} INFO - [2025-12-20T14:19:53.308+0000] {dag.py:3820} INFO - Setting next_dagrun for example_dag to 2025-12-20T00:00:00+00:00, run_after=2025-12-21T00:00:00+00:00
[2025-12-20T14:19:53.319+0000] {processor.py:183} INFO - Processing /opt/airflow/dags/example_dag.py took 0.104 seconds
[2025-12-20T14:20:23.536+0000] {processor.py:161} INFO - Started process (PID=219) to work on /opt/airflow/dags/example_dag.py
[2025-12-20T14:20:23.537+0000] {processor.py:830} INFO - Processing file /opt/airflow/dags/example_dag.py for tasks to queue
[2025-12-20T14:20:23.537+0000] {logging_mixin.py:188} INFO - [2025-12-20T14:20:23.537+0000] {dagbag.py:538} INFO - Filling up the DagBag from /opt/airflow/dags/example_dag.py
[2025-12-20T14:20:23.550+0000] {processor.py:840} INFO - DAG(s) 'example_dag' retrieved from /opt/airflow/dags/example_dag.py
[2025-12-20T14:20:23.575+0000] {logging_mixin.py:188} INFO - [2025-12-20T14:20:23.575+0000] {dag.py:3033} INFO - Sync 1 DAGs
[2025-12-20T14:20:23.593+0000] {logging_mixin.py:188} INFO - [2025-12-20T14:20:23.593+0000] {dag.py:3820} INFO - Setting next_dagrun for example_dag to 2025-12-20T00:00:00+00:00, run_after=2025-12-21T00:00:00+00:00
[2025-12-20T14:20:23.606+0000] {processor.py:183} INFO - Processing /opt/airflow/dags/example_dag.py took 0.073 seconds
[2025-12-20T14:20:53.757+0000] {processor.py:161} INFO - Started process (PID=227) to work on /opt/airflow/dags/example_dag.py
[2025-12-20T14:20:53.757+0000] {processor.py:830} INFO - Processing file /opt/airflow/dags/example_dag.py for tasks to queue
[2025-12-20T14:20:53.758+0000] {logging_mixin.py:188} INFO - [2025-12-20T14:20:53.758+0000] {dagbag.py:538} INFO - Filling up the DagBag from /opt/airflow/dags/example_dag.py
[2025-12-20T14:20:53.773+0000] {processor.py:840} INFO - DAG(s) 'example_dag' retrieved from /opt/airflow/dags/example_dag.py
[2025-12-20T14:20:53.801+0000] {logging_mixin.py:188} INFO - [2025-12-20T14:20:53.801+0000] {dag.py:3033} INFO - Sync 1 DAGs
[2025-12-20T14:20:53.816+0000] {logging_mixin.py:188} INFO - [2025-12-20T14:20:53.816+0000] {dag.py:3820} INFO - Setting next_dagrun for example_dag to 2025-12-20T00:00:00+00:00, run_after=2025-12-21T00:00:00+00:00
[2025-12-20T14:20:53.828+0000] {processor.py:183} INFO - Processing /opt/airflow/dags/example_dag.py took 0.075 seconds
[2025-12-20T14:21:24.048+0000] {processor.py:161} INFO - Started process (PID=235) to work on /opt/airflow/dags/example_dag.py
[2025-12-20T14:21:24.049+0000] {processor.py:830} INFO - Processing file /opt/airflow/dags/example_dag.py for tasks to queue
[2025-12-20T14:21:24.050+0000] {logging_mixin.py:188} INFO - [2025-12-20T14:21:24.050+0000] {dagbag.py:538} INFO - Filling up the DagBag from /opt/airflow/dags/example_dag.py
[2025-12-20T14:21:24.064+0000] {processor.py:840} INFO - DAG(s) 'example_dag' retrieved from /opt/airflow/dags/example_dag.py
[2025-12-20T14:21:24.087+0000] {logging_mixin.py:188} INFO - [2025-12-20T14:21:24.087+0000] {dag.py:3033} INFO - Sync 1 DAGs
[2025-12-20T14:21:24.102+0000] {logging_mixin.py:188} INFO - [2025-12-20T14:21:24.102+0000] {dag.py:3820} INFO - Setting next_dagrun for example_dag to 2025-12-20T00:00:00+00:00, run_after=2025-12-21T00:00:00+00:00
[2025-12-20T14:21:24.112+0000] {processor.py:183} INFO - Processing /opt/airflow/dags/example_dag.py took 0.067 seconds
[2025-12-20T14:21:54.355+0000] {processor.py:161} INFO - Started process (PID=243) to work on /opt/airflow/dags/example_dag.py
[2025-12-20T14:21:54.356+0000] {processor.py:830} INFO - Processing file /opt/airflow/dags/example_dag.py for tasks to queue
[2025-12-20T14:21:54.357+0000] {logging_mixin.py:188} INFO - [2025-12-20T14:21:54.356+0000] {dagbag.py:538} INFO - Filling up the DagBag from /opt/airflow/dags/example_dag.py
[2025-12-20T14:21:54.366+0000] {processor.py:840} INFO - DAG(s) 'example_dag' retrieved from /opt/airflow/dags/example_dag.py
[2025-12-20T14:21:54.389+0000] {logging_mixin.py:188} INFO - [2025-12-20T14:21:54.389+0000] {dag.py:3033} INFO - Sync 1 DAGs
[2025-12-20T14:21:54.405+0000] {logging_mixin.py:188} INFO - [2025-12-20T14:21:54.404+0000] {dag.py:3820} INFO - Setting next_dagrun for example_dag to 2025-12-20T00:00:00+00:00, run_after=2025-12-21T00:00:00+00:00
[2025-12-20T14:21:54.416+0000] {processor.py:183} INFO - Processing /opt/airflow/dags/example_dag.py took 0.063 seconds
[2025-12-20T14:22:24.653+0000] {processor.py:161} INFO - Started process (PID=251) to work on /opt/airflow/dags/example_dag.py
[2025-12-20T14:22:24.653+0000] {processor.py:830} INFO - Processing file /opt/airflow/dags/example_dag.py for tasks to queue
[2025-12-20T14:22:24.654+0000] {logging_mixin.py:188} INFO - [2025-12-20T14:22:24.654+0000] {dagbag.py:538} INFO - Filling up the DagBag from /opt/airflow/dags/example_dag.py
[2025-12-20T14:22:24.666+0000] {processor.py:840} INFO - DAG(s) 'example_dag' retrieved from /opt/airflow/dags/example_dag.py
[2025-12-20T14:22:24.689+0000] {logging_mixin.py:188} INFO - [2025-12-20T14:22:24.689+0000] {dag.py:3033} INFO - Sync 1 DAGs
[2025-12-20T14:22:24.703+0000] {logging_mixin.py:188} INFO - [2025-12-20T14:22:24.703+0000] {dag.py:3820} INFO - Setting next_dagrun for example_dag to 2025-12-20T00:00:00+00:00, run_after=2025-12-21T00:00:00+00:00
[2025-12-20T14:22:24.714+0000] {processor.py:183} INFO - Processing /opt/airflow/dags/example_dag.py took 0.067 seconds
[2025-12-20T14:22:54.923+0000] {processor.py:161} INFO - Started process (PID=259) to work on /opt/airflow/dags/example_dag.py
[2025-12-20T14:22:54.924+0000] {processor.py:830} INFO - Processing file /opt/airflow/dags/example_dag.py for tasks to queue
[2025-12-20T14:22:54.924+0000] {logging_mixin.py:188} INFO - [2025-12-20T14:22:54.924+0000] {dagbag.py:538} INFO - Filling up the DagBag from /opt/airflow/dags/example_dag.py
[2025-12-20T14:22:54.933+0000] {processor.py:840} INFO - DAG(s) 'example_dag' retrieved from /opt/airflow/dags/example_dag.py
[2025-12-20T14:22:54.953+0000] {logging_mixin.py:188} INFO - [2025-12-20T14:22:54.953+0000] {dag.py:3033} INFO - Sync 1 DAGs
[2025-12-20T14:22:54.968+0000] {logging_mixin.py:188} INFO - [2025-12-20T14:22:54.968+0000] {dag.py:3820} INFO - Setting next_dagrun for example_dag to 2025-12-20T00:00:00+00:00, run_after=2025-12-21T00:00:00+00:00
[2025-12-20T14:22:54.979+0000] {processor.py:183} INFO - Processing /opt/airflow/dags/example_dag.py took 0.058 seconds
[2025-12-20T14:23:25.209+0000] {processor.py:161} INFO - Started process (PID=267) to work on /opt/airflow/dags/example_dag.py
[2025-12-20T14:23:25.209+0000] {processor.py:830} INFO - Processing file /opt/airflow/dags/example_dag.py for tasks to queue
[2025-12-20T14:23:25.210+0000] {logging_mixin.py:188} INFO - [2025-12-20T14:23:25.210+0000] {dagbag.py:538} INFO - Filling up the DagBag from /opt/airflow/dags/example_dag.py
[2025-12-20T14:23:25.222+0000] {processor.py:840} INFO - DAG(s) 'example_dag' retrieved from /opt/airflow/dags/example_dag.py
[2025-12-20T14:23:25.247+0000] {logging_mixin.py:188} INFO - [2025-12-20T14:23:25.247+0000] {dag.py:3033} INFO - Sync 1 DAGs
[2025-12-20T14:23:25.262+0000] {logging_mixin.py:188} INFO - [2025-12-20T14:23:25.261+0000] {dag.py:3820} INFO - Setting next_dagrun for example_dag to 2025-12-20T00:00:00+00:00, run_after=2025-12-21T00:00:00+00:00
[2025-12-20T14:23:25.272+0000] {processor.py:183} INFO - Processing /opt/airflow/dags/example_dag.py took 0.067 seconds
[2025-12-20T14:23:55.524+0000] {processor.py:161} INFO - Started process (PID=275) to work on /opt/airflow/dags/example_dag.py
[2025-12-20T14:23:55.525+0000] {processor.py:830} INFO - Processing file /opt/airflow/dags/example_dag.py for tasks to queue
[2025-12-20T14:23:55.525+0000] {logging_mixin.py:188} INFO - [2025-12-20T14:23:55.525+0000] {dagbag.py:538} INFO - Filling up the DagBag from /opt/airflow/dags/example_dag.py
[2025-12-20T14:23:55.533+0000] {processor.py:840} INFO - DAG(s) 'example_dag' retrieved from /opt/airflow/dags/example_dag.py
[2025-12-20T14:23:55.554+0000] {logging_mixin.py:188} INFO - [2025-12-20T14:23:55.554+0000] {dag.py:3033} INFO - Sync 1 DAGs
[2025-12-20T14:23:55.568+0000] {logging_mixin.py:188} INFO - [2025-12-20T14:23:55.568+0000] {dag.py:3820} INFO - Setting next_dagrun for example_dag to 2025-12-20T00:00:00+00:00, run_after=2025-12-21T00:00:00+00:00
[2025-12-20T14:23:55.579+0000] {processor.py:183} INFO - Processing /opt/airflow/dags/example_dag.py took 0.058 seconds
[2025-12-20T14:24:25.807+0000] {processor.py:161} INFO - Started process (PID=283) to work on /opt/airflow/dags/example_dag.py
[2025-12-20T14:24:25.807+0000] {processor.py:830} INFO - Processing file /opt/airflow/dags/example_dag.py for tasks to queue
[2025-12-20T14:24:25.808+0000] {logging_mixin.py:188} INFO - [2025-12-20T14:24:25.808+0000] {dagbag.py:538} INFO - Filling up the DagBag from /opt/airflow/dags/example_dag.py
[2025-12-20T14:24:25.825+0000] {processor.py:840} INFO - DAG(s) 'example_dag' retrieved from /opt/airflow/dags/example_dag.py
[2025-12-20T14:24:25.854+0000] {logging_mixin.py:188} INFO - [2025-12-20T14:24:25.854+0000] {dag.py:3033} INFO - Sync 1 DAGs
[2025-12-20T14:24:25.870+0000] {logging_mixin.py:188} INFO - [2025-12-20T14:24:25.870+0000] {dag.py:3820} INFO - Setting next_dagrun for example_dag to 2025-12-20T00:00:00+00:00, run_after=2025-12-21T00:00:00+00:00
[2025-12-20T14:24:25.882+0000] {processor.py:183} INFO - Processing /opt/airflow/dags/example_dag.py took 0.079 seconds
[2025-12-20T14:24:56.110+0000] {processor.py:161} INFO - Started process (PID=291) to work on /opt/airflow/dags/example_dag.py
[2025-12-20T14:24:56.111+0000] {processor.py:830} INFO - Processing file /opt/airflow/dags/example_dag.py for tasks to queue
[2025-12-20T14:24:56.111+0000] {logging_mixin.py:188} INFO - [2025-12-20T14:24:56.111+0000] {dagbag.py:538} INFO - Filling up the DagBag from /opt/airflow/dags/example_dag.py
[2025-12-20T14:24:56.120+0000] {processor.py:840} INFO - DAG(s) 'example_dag' retrieved from /opt/airflow/dags/example_dag.py
[2025-12-20T14:24:56.141+0000] {logging_mixin.py:188} INFO - [2025-12-20T14:24:56.141+0000] {dag.py:3033} INFO - Sync 1 DAGs
[2025-12-20T14:24:56.157+0000] {logging_mixin.py:188} INFO - [2025-12-20T14:24:56.157+0000] {dag.py:3820} INFO - Setting next_dagrun for example_dag to 2025-12-20T00:00:00+00:00, run_after=2025-12-21T00:00:00+00:00
[2025-12-20T14:24:56.167+0000] {processor.py:183} INFO - Processing /opt/airflow/dags/example_dag.py took 0.060 seconds
[2025-12-20T14:25:26.445+0000] {processor.py:161} INFO - Started process (PID=299) to work on /opt/airflow/dags/example_dag.py
[2025-12-20T14:25:26.446+0000] {processor.py:830} INFO - Processing file /opt/airflow/dags/example_dag.py for tasks to queue
[2025-12-20T14:25:26.448+0000] {logging_mixin.py:188} INFO - [2025-12-20T14:25:26.447+0000] {dagbag.py:538} INFO - Filling up the DagBag from /opt/airflow/dags/example_dag.py
[2025-12-20T14:25:26.465+0000] {processor.py:840} INFO - DAG(s) 'example_dag' retrieved from /opt/airflow/dags/example_dag.py
[2025-12-20T14:25:26.499+0000] {logging_mixin.py:188} INFO - [2025-12-20T14:25:26.499+0000] {dag.py:3033} INFO - Sync 1 DAGs
[2025-12-20T14:25:26.515+0000] {logging_mixin.py:188} INFO - [2025-12-20T14:25:26.515+0000] {dag.py:3820} INFO - Setting next_dagrun for example_dag to 2025-12-20T00:00:00+00:00, run_after=2025-12-21T00:00:00+00:00
[2025-12-20T14:25:26.526+0000] {processor.py:183} INFO - Processing /opt/airflow/dags/example_dag.py took 0.087 seconds
[2025-12-20T14:25:56.751+0000] {processor.py:161} INFO - Started process (PID=307) to work on /opt/airflow/dags/example_dag.py
[2025-12-20T14:25:56.752+0000] {processor.py:830} INFO - Processing file /opt/airflow/dags/example_dag.py for tasks to queue
[2025-12-20T14:25:56.753+0000] {logging_mixin.py:188} INFO - [2025-12-20T14:25:56.752+0000] {dagbag.py:538} INFO - Filling up the DagBag from /opt/airflow/dags/example_dag.py
[2025-12-20T14:25:56.764+0000] {processor.py:840} INFO - DAG(s) 'example_dag' retrieved from /opt/airflow/dags/example_dag.py
[2025-12-20T14:25:56.793+0000] {logging_mixin.py:188} INFO - [2025-12-20T14:25:56.793+0000] {dag.py:3033} INFO - Sync 1 DAGs
[2025-12-20T14:25:56.807+0000] {logging_mixin.py:188} INFO - [2025-12-20T14:25:56.807+0000] {dag.py:3820} INFO - Setting next_dagrun for example_dag to 2025-12-20T00:00:00+00:00, run_after=2025-12-21T00:00:00+00:00
[2025-12-20T14:25:56.818+0000] {processor.py:183} INFO - Processing /opt/airflow/dags/example_dag.py took 0.071 seconds
[2025-12-20T14:26:27.125+0000] {processor.py:161} INFO - Started process (PID=315) to work on /opt/airflow/dags/example_dag.py
[2025-12-20T14:26:27.127+0000] {processor.py:830} INFO - Processing file /opt/airflow/dags/example_dag.py for tasks to queue
[2025-12-20T14:26:27.130+0000] {logging_mixin.py:188} INFO - [2025-12-20T14:26:27.128+0000] {dagbag.py:538} INFO - Filling up the DagBag from /opt/airflow/dags/example_dag.py
[2025-12-20T14:26:27.149+0000] {processor.py:840} INFO - DAG(s) 'example_dag' retrieved from /opt/airflow/dags/example_dag.py
[2025-12-20T14:26:27.175+0000] {logging_mixin.py:188} INFO - [2025-12-20T14:26:27.175+0000] {dag.py:3033} INFO - Sync 1 DAGs
[2025-12-20T14:26:27.192+0000] {logging_mixin.py:188} INFO - [2025-12-20T14:26:27.192+0000] {dag.py:3820} INFO - Setting next_dagrun for example_dag to 2025-12-20T00:00:00+00:00, run_after=2025-12-21T00:00:00+00:00
[2025-12-20T14:26:27.206+0000] {processor.py:183} INFO - Processing /opt/airflow/dags/example_dag.py took 0.087 seconds
[2025-12-20T14:26:57.482+0000] {processor.py:161} INFO - Started process (PID=323) to work on /opt/airflow/dags/example_dag.py
[2025-12-20T14:26:57.483+0000] {processor.py:830} INFO - Processing file /opt/airflow/dags/example_dag.py for tasks to queue
[2025-12-20T14:26:57.486+0000] {logging_mixin.py:188} INFO - [2025-12-20T14:26:57.485+0000] {dagbag.py:538} INFO - Filling up the DagBag from /opt/airflow/dags/example_dag.py
[2025-12-20T14:26:57.504+0000] {processor.py:840} INFO - DAG(s) 'example_dag' retrieved from /opt/airflow/dags/example_dag.py
[2025-12-20T14:26:57.532+0000] {logging_mixin.py:188} INFO - [2025-12-20T14:26:57.532+0000] {dag.py:3033} INFO - Sync 1 DAGs
[2025-12-20T14:26:57.549+0000] {logging_mixin.py:188} INFO - [2025-12-20T14:26:57.549+0000] {dag.py:3820} INFO - Setting next_dagrun for example_dag to 2025-12-20T00:00:00+00:00, run_after=2025-12-21T00:00:00+00:00
[2025-12-20T14:26:57.561+0000] {processor.py:183} INFO - Processing /opt/airflow/dags/example_dag.py took 0.084 seconds
[2025-12-20T14:27:27.788+0000] {processor.py:161} INFO - Started process (PID=331) to work on /opt/airflow/dags/example_dag.py
[2025-12-20T14:27:27.789+0000] {processor.py:830} INFO - Processing file /opt/airflow/dags/example_dag.py for tasks to queue
[2025-12-20T14:27:27.789+0000] {logging_mixin.py:188} INFO - [2025-12-20T14:27:27.789+0000] {dagbag.py:538} INFO - Filling up the DagBag from /opt/airflow/dags/example_dag.py
[2025-12-20T14:27:27.798+0000] {processor.py:840} INFO - DAG(s) 'example_dag' retrieved from /opt/airflow/dags/example_dag.py
[2025-12-20T14:27:27.815+0000] {logging_mixin.py:188} INFO - [2025-12-20T14:27:27.815+0000] {dag.py:3033} INFO - Sync 1 DAGs
[2025-12-20T14:27:27.828+0000] {logging_mixin.py:188} INFO - [2025-12-20T14:27:27.828+0000] {dag.py:3820} INFO - Setting next_dagrun for example_dag to 2025-12-20T00:00:00+00:00, run_after=2025-12-21T00:00:00+00:00
[2025-12-20T14:27:27.837+0000] {processor.py:183} INFO - Processing /opt/airflow/dags/example_dag.py took 0.052 seconds
[2025-12-20T14:27:58.112+0000] {processor.py:161} INFO - Started process (PID=339) to work on /opt/airflow/dags/example_dag.py
[2025-12-20T14:27:58.113+0000] {processor.py:830} INFO - Processing file /opt/airflow/dags/example_dag.py for tasks to queue
[2025-12-20T14:27:58.114+0000] {logging_mixin.py:188} INFO - [2025-12-20T14:27:58.113+0000] {dagbag.py:538} INFO - Filling up the DagBag from /opt/airflow/dags/example_dag.py
[2025-12-20T14:27:58.130+0000] {processor.py:840} INFO - DAG(s) 'example_dag' retrieved from /opt/airflow/dags/example_dag.py
[2025-12-20T14:27:58.158+0000] {logging_mixin.py:188} INFO - [2025-12-20T14:27:58.158+0000] {dag.py:3033} INFO - Sync 1 DAGs
[2025-12-20T14:27:58.175+0000] {logging_mixin.py:188} INFO - [2025-12-20T14:27:58.175+0000] {dag.py:3820} INFO - Setting next_dagrun for example_dag to 2025-12-20T00:00:00+00:00, run_after=2025-12-21T00:00:00+00:00
[2025-12-20T14:27:58.187+0000] {processor.py:183} INFO - Processing /opt/airflow/dags/example_dag.py took 0.085 seconds
[2025-12-20T14:28:28.479+0000] {processor.py:161} INFO - Started process (PID=347) to work on /opt/airflow/dags/example_dag.py
[2025-12-20T14:28:28.480+0000] {processor.py:830} INFO - Processing file /opt/airflow/dags/example_dag.py for tasks to queue
[2025-12-20T14:28:28.481+0000] {logging_mixin.py:188} INFO - [2025-12-20T14:28:28.480+0000] {dagbag.py:538} INFO - Filling up the DagBag from /opt/airflow/dags/example_dag.py
[2025-12-20T14:28:28.502+0000] {processor.py:840} INFO - DAG(s) 'example_dag' retrieved from /opt/airflow/dags/example_dag.py
[2025-12-20T14:28:28.547+0000] {logging_mixin.py:188} INFO - [2025-12-20T14:28:28.547+0000] {dag.py:3033} INFO - Sync 1 DAGs
[2025-12-20T14:28:28.568+0000] {logging_mixin.py:188} INFO - [2025-12-20T14:28:28.568+0000] {dag.py:3820} INFO - Setting next_dagrun for example_dag to 2025-12-20T00:00:00+00:00, run_after=2025-12-21T00:00:00+00:00
[2025-12-20T14:28:28.584+0000] {processor.py:183} INFO - Processing /opt/airflow/dags/example_dag.py took 0.112 seconds
[2025-12-20T14:28:58.846+0000] {processor.py:161} INFO - Started process (PID=355) to work on /opt/airflow/dags/example_dag.py
[2025-12-20T14:28:58.847+0000] {processor.py:830} INFO - Processing file /opt/airflow/dags/example_dag.py for tasks to queue
[2025-12-20T14:28:58.848+0000] {logging_mixin.py:188} INFO - [2025-12-20T14:28:58.847+0000] {dagbag.py:538} INFO - Filling up the DagBag from /opt/airflow/dags/example_dag.py
[2025-12-20T14:28:58.863+0000] {processor.py:840} INFO - DAG(s) 'example_dag' retrieved from /opt/airflow/dags/example_dag.py
[2025-12-20T14:28:58.898+0000] {logging_mixin.py:188} INFO - [2025-12-20T14:28:58.898+0000] {dag.py:3033} INFO - Sync 1 DAGs
[2025-12-20T14:28:58.915+0000] {logging_mixin.py:188} INFO - [2025-12-20T14:28:58.915+0000] {dag.py:3820} INFO - Setting next_dagrun for example_dag to 2025-12-20T00:00:00+00:00, run_after=2025-12-21T00:00:00+00:00
[2025-12-20T14:28:58.927+0000] {processor.py:183} INFO - Processing /opt/airflow/dags/example_dag.py took 0.085 seconds
[2025-12-20T14:29:29.123+0000] {processor.py:161} INFO - Started process (PID=363) to work on /opt/airflow/dags/example_dag.py
[2025-12-20T14:29:29.123+0000] {processor.py:830} INFO - Processing file /opt/airflow/dags/example_dag.py for tasks to queue
[2025-12-20T14:29:29.124+0000] {logging_mixin.py:188} INFO - [2025-12-20T14:29:29.124+0000] {dagbag.py:538} INFO - Filling up the DagBag from /opt/airflow/dags/example_dag.py
[2025-12-20T14:29:29.136+0000] {processor.py:840} INFO - DAG(s) 'example_dag' retrieved from /opt/airflow/dags/example_dag.py
[2025-12-20T14:29:29.163+0000] {logging_mixin.py:188} INFO - [2025-12-20T14:29:29.163+0000] {dag.py:3033} INFO - Sync 1 DAGs
[2025-12-20T14:29:29.179+0000] {logging_mixin.py:188} INFO - [2025-12-20T14:29:29.179+0000] {dag.py:3820} INFO - Setting next_dagrun for example_dag to 2025-12-20T00:00:00+00:00, run_after=2025-12-21T00:00:00+00:00
[2025-12-20T14:29:29.191+0000] {processor.py:183} INFO - Processing /opt/airflow/dags/example_dag.py took 0.072 seconds
[2025-12-20T14:29:59.420+0000] {processor.py:161} INFO - Started process (PID=371) to work on /opt/airflow/dags/example_dag.py
[2025-12-20T14:29:59.421+0000] {processor.py:830} INFO - Processing file /opt/airflow/dags/example_dag.py for tasks to queue
[2025-12-20T14:29:59.422+0000] {logging_mixin.py:188} INFO - [2025-12-20T14:29:59.422+0000] {dagbag.py:538} INFO - Filling up the DagBag from /opt/airflow/dags/example_dag.py
[2025-12-20T14:29:59.429+0000] {processor.py:840} INFO - DAG(s) 'example_dag' retrieved from /opt/airflow/dags/example_dag.py
[2025-12-20T14:29:59.447+0000] {logging_mixin.py:188} INFO - [2025-12-20T14:29:59.447+0000] {dag.py:3033} INFO - Sync 1 DAGs
[2025-12-20T14:29:59.460+0000] {logging_mixin.py:188} INFO - [2025-12-20T14:29:59.460+0000] {dag.py:3820} INFO - Setting next_dagrun for example_dag to 2025-12-20T00:00:00+00:00, run_after=2025-12-21T00:00:00+00:00
[2025-12-20T14:29:59.469+0000] {processor.py:183} INFO - Processing /opt/airflow/dags/example_dag.py took 0.053 seconds
[2025-12-20T14:30:29.732+0000] {processor.py:161} INFO - Started process (PID=379) to work on /opt/airflow/dags/example_dag.py
[2025-12-20T14:30:29.733+0000] {processor.py:830} INFO - Processing file /opt/airflow/dags/example_dag.py for tasks to queue
[2025-12-20T14:30:29.734+0000] {logging_mixin.py:188} INFO - [2025-12-20T14:30:29.734+0000] {dagbag.py:538} INFO - Filling up the DagBag from /opt/airflow/dags/example_dag.py
[2025-12-20T14:30:29.755+0000] {processor.py:840} INFO - DAG(s) 'example_dag' retrieved from /opt/airflow/dags/example_dag.py
[2025-12-20T14:30:29.791+0000] {logging_mixin.py:188} INFO - [2025-12-20T14:30:29.791+0000] {dag.py:3033} INFO - Sync 1 DAGs
[2025-12-20T14:30:29.817+0000] {logging_mixin.py:188} INFO - [2025-12-20T14:30:29.817+0000] {dag.py:3820} INFO - Setting next_dagrun for example_dag to 2025-12-20T00:00:00+00:00, run_after=2025-12-21T00:00:00+00:00
[2025-12-20T14:30:29.835+0000] {processor.py:183} INFO - Processing /opt/airflow/dags/example_dag.py took 0.108 seconds
[2025-12-20T14:31:00.034+0000] {processor.py:161} INFO - Started process (PID=387) to work on /opt/airflow/dags/example_dag.py
[2025-12-20T14:31:00.035+0000] {processor.py:830} INFO - Processing file /opt/airflow/dags/example_dag.py for tasks to queue
[2025-12-20T14:31:00.036+0000] {logging_mixin.py:188} INFO - [2025-12-20T14:31:00.036+0000] {dagbag.py:538} INFO - Filling up the DagBag from /opt/airflow/dags/example_dag.py
[2025-12-20T14:31:00.050+0000] {processor.py:840} INFO - DAG(s) 'example_dag' retrieved from /opt/airflow/dags/example_dag.py
[2025-12-20T14:31:00.082+0000] {logging_mixin.py:188} INFO - [2025-12-20T14:31:00.082+0000] {dag.py:3033} INFO - Sync 1 DAGs
[2025-12-20T14:31:00.097+0000] {logging_mixin.py:188} INFO - [2025-12-20T14:31:00.097+0000] {dag.py:3820} INFO - Setting next_dagrun for example_dag to 2025-12-20T00:00:00+00:00, run_after=2025-12-21T00:00:00+00:00
[2025-12-20T14:31:00.110+0000] {processor.py:183} INFO - Processing /opt/airflow/dags/example_dag.py took 0.081 seconds
[2025-12-20T14:31:30.427+0000] {processor.py:161} INFO - Started process (PID=395) to work on /opt/airflow/dags/example_dag.py
[2025-12-20T14:31:30.429+0000] {processor.py:830} INFO - Processing file /opt/airflow/dags/example_dag.py for tasks to queue
[2025-12-20T14:31:30.430+0000] {logging_mixin.py:188} INFO - [2025-12-20T14:31:30.429+0000] {dagbag.py:538} INFO - Filling up the DagBag from /opt/airflow/dags/example_dag.py
[2025-12-20T14:31:30.445+0000] {processor.py:840} INFO - DAG(s) 'example_dag' retrieved from /opt/airflow/dags/example_dag.py
[2025-12-20T14:31:30.482+0000] {logging_mixin.py:188} INFO - [2025-12-20T14:31:30.481+0000] {dag.py:3033} INFO - Sync 1 DAGs
[2025-12-20T14:31:30.498+0000] {logging_mixin.py:188} INFO - [2025-12-20T14:31:30.498+0000] {dag.py:3820} INFO - Setting next_dagrun for example_dag to 2025-12-20T00:00:00+00:00, run_after=2025-12-21T00:00:00+00:00
[2025-12-20T14:31:30.511+0000] {processor.py:183} INFO - Processing /opt/airflow/dags/example_dag.py took 0.090 seconds
[2025-12-20T14:32:00.716+0000] {processor.py:161} INFO - Started process (PID=403) to work on /opt/airflow/dags/example_dag.py
[2025-12-20T14:32:00.716+0000] {processor.py:830} INFO - Processing file /opt/airflow/dags/example_dag.py for tasks to queue
[2025-12-20T14:32:00.717+0000] {logging_mixin.py:188} INFO - [2025-12-20T14:32:00.716+0000] {dagbag.py:538} INFO - Filling up the DagBag from /opt/airflow/dags/example_dag.py
[2025-12-20T14:32:00.723+0000] {processor.py:840} INFO - DAG(s) 'example_dag' retrieved from /opt/airflow/dags/example_dag.py
[2025-12-20T14:32:00.741+0000] {logging_mixin.py:188} INFO - [2025-12-20T14:32:00.741+0000] {dag.py:3033} INFO - Sync 1 DAGs
[2025-12-20T14:32:00.753+0000] {logging_mixin.py:188} INFO - [2025-12-20T14:32:00.753+0000] {dag.py:3820} INFO - Setting next_dagrun for example_dag to 2025-12-20T00:00:00+00:00, run_after=2025-12-21T00:00:00+00:00
[2025-12-20T14:32:00.763+0000] {processor.py:183} INFO - Processing /opt/airflow/dags/example_dag.py took 0.049 seconds
[2025-12-20T14:32:31.043+0000] {processor.py:161} INFO - Started process (PID=411) to work on /opt/airflow/dags/example_dag.py
[2025-12-20T14:32:31.044+0000] {processor.py:830} INFO - Processing file /opt/airflow/dags/example_dag.py for tasks to queue
[2025-12-20T14:32:31.044+0000] {logging_mixin.py:188} INFO - [2025-12-20T14:32:31.044+0000] {dagbag.py:538} INFO - Filling up the DagBag from /opt/airflow/dags/example_dag.py
[2025-12-20T14:32:31.058+0000] {processor.py:840} INFO - DAG(s) 'example_dag' retrieved from /opt/airflow/dags/example_dag.py
[2025-12-20T14:32:31.083+0000] {logging_mixin.py:188} INFO - [2025-12-20T14:32:31.083+0000] {dag.py:3033} INFO - Sync 1 DAGs
[2025-12-20T14:32:31.099+0000] {logging_mixin.py:188} INFO - [2025-12-20T14:32:31.098+0000] {dag.py:3820} INFO - Setting next_dagrun for example_dag to 2025-12-20T00:00:00+00:00, run_after=2025-12-21T00:00:00+00:00
[2025-12-20T14:32:31.112+0000] {processor.py:183} INFO - Processing /opt/airflow/dags/example_dag.py took 0.072 seconds
[2025-12-20T14:33:01.332+0000] {processor.py:161} INFO - Started process (PID=419) to work on /opt/airflow/dags/example_dag.py
[2025-12-20T14:33:01.333+0000] {processor.py:830} INFO - Processing file /opt/airflow/dags/example_dag.py for tasks to queue
[2025-12-20T14:33:01.334+0000] {logging_mixin.py:188} INFO - [2025-12-20T14:33:01.333+0000] {dagbag.py:538} INFO - Filling up the DagBag from /opt/airflow/dags/example_dag.py
[2025-12-20T14:33:01.346+0000] {processor.py:840} INFO - DAG(s) 'example_dag' retrieved from /opt/airflow/dags/example_dag.py
[2025-12-20T14:33:01.376+0000] {logging_mixin.py:188} INFO - [2025-12-20T14:33:01.375+0000] {dag.py:3033} INFO - Sync 1 DAGs
[2025-12-20T14:33:01.392+0000] {logging_mixin.py:188} INFO - [2025-12-20T14:33:01.391+0000] {dag.py:3820} INFO - Setting next_dagrun for example_dag to 2025-12-20T00:00:00+00:00, run_after=2025-12-21T00:00:00+00:00
[2025-12-20T14:33:01.403+0000] {processor.py:183} INFO - Processing /opt/airflow/dags/example_dag.py took 0.074 seconds
[2025-12-20T14:33:31.619+0000] {processor.py:161} INFO - Started process (PID=427) to work on /opt/airflow/dags/example_dag.py
[2025-12-20T14:33:31.620+0000] {processor.py:830} INFO - Processing file /opt/airflow/dags/example_dag.py for tasks to queue
[2025-12-20T14:33:31.621+0000] {logging_mixin.py:188} INFO - [2025-12-20T14:33:31.621+0000] {dagbag.py:538} INFO - Filling up the DagBag from /opt/airflow/dags/example_dag.py
[2025-12-20T14:33:31.630+0000] {processor.py:840} INFO - DAG(s) 'example_dag' retrieved from /opt/airflow/dags/example_dag.py
[2025-12-20T14:33:31.651+0000] {logging_mixin.py:188} INFO - [2025-12-20T14:33:31.650+0000] {dag.py:3033} INFO - Sync 1 DAGs
[2025-12-20T14:33:31.663+0000] {logging_mixin.py:188} INFO - [2025-12-20T14:33:31.663+0000] {dag.py:3820} INFO - Setting next_dagrun for example_dag to 2025-12-20T00:00:00+00:00, run_after=2025-12-21T00:00:00+00:00
[2025-12-20T14:33:31.672+0000] {processor.py:183} INFO - Processing /opt/airflow/dags/example_dag.py took 0.056 seconds
[2025-12-20T14:34:01.946+0000] {processor.py:161} INFO - Started process (PID=435) to work on /opt/airflow/dags/example_dag.py
[2025-12-20T14:34:01.947+0000] {processor.py:830} INFO - Processing file /opt/airflow/dags/example_dag.py for tasks to queue
[2025-12-20T14:34:01.948+0000] {logging_mixin.py:188} INFO - [2025-12-20T14:34:01.947+0000] {dagbag.py:538} INFO - Filling up the DagBag from /opt/airflow/dags/example_dag.py
[2025-12-20T14:34:01.961+0000] {processor.py:840} INFO - DAG(s) 'example_dag' retrieved from /opt/airflow/dags/example_dag.py
[2025-12-20T14:34:01.986+0000] {logging_mixin.py:188} INFO - [2025-12-20T14:34:01.986+0000] {dag.py:3033} INFO - Sync 1 DAGs
[2025-12-20T14:34:02.008+0000] {logging_mixin.py:188} INFO - [2025-12-20T14:34:02.008+0000] {dag.py:3820} INFO - Setting next_dagrun for example_dag to 2025-12-20T00:00:00+00:00, run_after=2025-12-21T00:00:00+00:00
[2025-12-20T14:34:02.022+0000] {processor.py:183} INFO - Processing /opt/airflow/dags/example_dag.py took 0.082 seconds
[2025-12-20T14:34:32.206+0000] {processor.py:161} INFO - Started process (PID=436) to work on /opt/airflow/dags/example_dag.py
[2025-12-20T14:34:32.207+0000] {processor.py:830} INFO - Processing file /opt/airflow/dags/example_dag.py for tasks to queue
[2025-12-20T14:34:32.207+0000] {logging_mixin.py:188} INFO - [2025-12-20T14:34:32.207+0000] {dagbag.py:538} INFO - Filling up the DagBag from /opt/airflow/dags/example_dag.py
[2025-12-20T14:34:32.217+0000] {processor.py:840} INFO - DAG(s) 'example_dag' retrieved from /opt/airflow/dags/example_dag.py
[2025-12-20T14:34:32.242+0000] {logging_mixin.py:188} INFO - [2025-12-20T14:34:32.242+0000] {dag.py:3033} INFO - Sync 1 DAGs
[2025-12-20T14:34:32.256+0000] {logging_mixin.py:188} INFO - [2025-12-20T14:34:32.256+0000] {dag.py:3820} INFO - Setting next_dagrun for example_dag to 2025-12-20T00:00:00+00:00, run_after=2025-12-21T00:00:00+00:00
[2025-12-20T14:34:32.267+0000] {processor.py:183} INFO - Processing /opt/airflow/dags/example_dag.py took 0.066 seconds
[2025-12-20T14:35:02.507+0000] {processor.py:161} INFO - Started process (PID=444) to work on /opt/airflow/dags/example_dag.py
[2025-12-20T14:35:02.507+0000] {processor.py:830} INFO - Processing file /opt/airflow/dags/example_dag.py for tasks to queue
[2025-12-20T14:35:02.508+0000] {logging_mixin.py:188} INFO - [2025-12-20T14:35:02.508+0000] {dagbag.py:538} INFO - Filling up the DagBag from /opt/airflow/dags/example_dag.py
[2025-12-20T14:35:02.518+0000] {processor.py:840} INFO - DAG(s) 'example_dag' retrieved from /opt/airflow/dags/example_dag.py
[2025-12-20T14:35:02.539+0000] {logging_mixin.py:188} INFO - [2025-12-20T14:35:02.539+0000] {dag.py:3033} INFO - Sync 1 DAGs
[2025-12-20T14:35:02.552+0000] {logging_mixin.py:188} INFO - [2025-12-20T14:35:02.551+0000] {dag.py:3820} INFO - Setting next_dagrun for example_dag to 2025-12-20T00:00:00+00:00, run_after=2025-12-21T00:00:00+00:00
[2025-12-20T14:35:02.562+0000] {processor.py:183} INFO - Processing /opt/airflow/dags/example_dag.py took 0.058 seconds
[2025-12-20T14:35:32.815+0000] {processor.py:161} INFO - Started process (PID=452) to work on /opt/airflow/dags/example_dag.py
[2025-12-20T14:35:32.815+0000] {processor.py:830} INFO - Processing file /opt/airflow/dags/example_dag.py for tasks to queue
[2025-12-20T14:35:32.816+0000] {logging_mixin.py:188} INFO - [2025-12-20T14:35:32.816+0000] {dagbag.py:538} INFO - Filling up the DagBag from /opt/airflow/dags/example_dag.py
[2025-12-20T14:35:32.830+0000] {processor.py:840} INFO - DAG(s) 'example_dag' retrieved from /opt/airflow/dags/example_dag.py
[2025-12-20T14:35:32.858+0000] {logging_mixin.py:188} INFO - [2025-12-20T14:35:32.857+0000] {dag.py:3033} INFO - Sync 1 DAGs
[2025-12-20T14:35:32.874+0000] {logging_mixin.py:188} INFO - [2025-12-20T14:35:32.874+0000] {dag.py:3820} INFO - Setting next_dagrun for example_dag to 2025-12-20T00:00:00+00:00, run_after=2025-12-21T00:00:00+00:00
[2025-12-20T14:35:32.885+0000] {processor.py:183} INFO - Processing /opt/airflow/dags/example_dag.py took 0.078 seconds
[2025-12-20T14:36:03.149+0000] {processor.py:161} INFO - Started process (PID=460) to work on /opt/airflow/dags/example_dag.py
[2025-12-20T14:36:03.150+0000] {processor.py:830} INFO - Processing file /opt/airflow/dags/example_dag.py for tasks to queue
[2025-12-20T14:36:03.151+0000] {logging_mixin.py:188} INFO - [2025-12-20T14:36:03.150+0000] {dagbag.py:538} INFO - Filling up the DagBag from /opt/airflow/dags/example_dag.py
[2025-12-20T14:36:03.165+0000] {processor.py:840} INFO - DAG(s) 'example_dag' retrieved from /opt/airflow/dags/example_dag.py
[2025-12-20T14:36:03.192+0000] {logging_mixin.py:188} INFO - [2025-12-20T14:36:03.192+0000] {dag.py:3033} INFO - Sync 1 DAGs
[2025-12-20T14:36:03.210+0000] {logging_mixin.py:188} INFO - [2025-12-20T14:36:03.209+0000] {dag.py:3820} INFO - Setting next_dagrun for example_dag to 2025-12-20T00:00:00+00:00, run_after=2025-12-21T00:00:00+00:00
[2025-12-20T14:36:03.223+0000] {processor.py:183} INFO - Processing /opt/airflow/dags/example_dag.py took 0.078 seconds
[2025-12-20T14:36:33.423+0000] {processor.py:161} INFO - Started process (PID=467) to work on /opt/airflow/dags/example_dag.py
[2025-12-20T14:36:33.424+0000] {processor.py:830} INFO - Processing file /opt/airflow/dags/example_dag.py for tasks to queue
[2025-12-20T14:36:33.424+0000] {logging_mixin.py:188} INFO - [2025-12-20T14:36:33.424+0000] {dagbag.py:538} INFO - Filling up the DagBag from /opt/airflow/dags/example_dag.py
[2025-12-20T14:36:33.435+0000] {processor.py:840} INFO - DAG(s) 'example_dag' retrieved from /opt/airflow/dags/example_dag.py
[2025-12-20T14:36:33.456+0000] {logging_mixin.py:188} INFO - [2025-12-20T14:36:33.456+0000] {dag.py:3033} INFO - Sync 1 DAGs
[2025-12-20T14:36:33.471+0000] {logging_mixin.py:188} INFO - [2025-12-20T14:36:33.471+0000] {dag.py:3820} INFO - Setting next_dagrun for example_dag to 2025-12-20T00:00:00+00:00, run_after=2025-12-21T00:00:00+00:00
[2025-12-20T14:36:33.482+0000] {processor.py:183} INFO - Processing /opt/airflow/dags/example_dag.py took 0.064 seconds
[2025-12-20T14:37:03.701+0000] {processor.py:161} INFO - Started process (PID=475) to work on /opt/airflow/dags/example_dag.py
[2025-12-20T14:37:03.701+0000] {processor.py:830} INFO - Processing file /opt/airflow/dags/example_dag.py for tasks to queue
[2025-12-20T14:37:03.702+0000] {logging_mixin.py:188} INFO - [2025-12-20T14:37:03.702+0000] {dagbag.py:538} INFO - Filling up the DagBag from /opt/airflow/dags/example_dag.py
[2025-12-20T14:37:03.715+0000] {processor.py:840} INFO - DAG(s) 'example_dag' retrieved from /opt/airflow/dags/example_dag.py
[2025-12-20T14:37:03.739+0000] {logging_mixin.py:188} INFO - [2025-12-20T14:37:03.739+0000] {dag.py:3033} INFO - Sync 1 DAGs
[2025-12-20T14:37:03.754+0000] {logging_mixin.py:188} INFO - [2025-12-20T14:37:03.754+0000] {dag.py:3820} INFO - Setting next_dagrun for example_dag to 2025-12-20T00:00:00+00:00, run_after=2025-12-21T00:00:00+00:00
[2025-12-20T14:37:03.767+0000] {processor.py:183} INFO - Processing /opt/airflow/dags/example_dag.py took 0.069 seconds
[2025-12-20T14:37:34.038+0000] {processor.py:161} INFO - Started process (PID=483) to work on /opt/airflow/dags/example_dag.py
[2025-12-20T14:37:34.039+0000] {processor.py:830} INFO - Processing file /opt/airflow/dags/example_dag.py for tasks to queue
[2025-12-20T14:37:34.040+0000] {logging_mixin.py:188} INFO - [2025-12-20T14:37:34.040+0000] {dagbag.py:538} INFO - Filling up the DagBag from /opt/airflow/dags/example_dag.py
[2025-12-20T14:37:34.054+0000] {processor.py:840} INFO - DAG(s) 'example_dag' retrieved from /opt/airflow/dags/example_dag.py
[2025-12-20T14:37:34.088+0000] {logging_mixin.py:188} INFO - [2025-12-20T14:37:34.088+0000] {dag.py:3033} INFO - Sync 1 DAGs
[2025-12-20T14:37:34.109+0000] {logging_mixin.py:188} INFO - [2025-12-20T14:37:34.109+0000] {dag.py:3820} INFO - Setting next_dagrun for example_dag to 2025-12-20T00:00:00+00:00, run_after=2025-12-21T00:00:00+00:00
[2025-12-20T14:37:34.122+0000] {processor.py:183} INFO - Processing /opt/airflow/dags/example_dag.py took 0.093 seconds
[2025-12-20T14:38:04.400+0000] {processor.py:161} INFO - Started process (PID=491) to work on /opt/airflow/dags/example_dag.py
[2025-12-20T14:38:04.401+0000] {processor.py:830} INFO - Processing file /opt/airflow/dags/example_dag.py for tasks to queue
[2025-12-20T14:38:04.402+0000] {logging_mixin.py:188} INFO - [2025-12-20T14:38:04.401+0000] {dagbag.py:538} INFO - Filling up the DagBag from /opt/airflow/dags/example_dag.py
[2025-12-20T14:38:04.415+0000] {processor.py:840} INFO - DAG(s) 'example_dag' retrieved from /opt/airflow/dags/example_dag.py
[2025-12-20T14:38:04.437+0000] {logging_mixin.py:188} INFO - [2025-12-20T14:38:04.437+0000] {dag.py:3033} INFO - Sync 1 DAGs
[2025-12-20T14:38:04.452+0000] {logging_mixin.py:188} INFO - [2025-12-20T14:38:04.452+0000] {dag.py:3820} INFO - Setting next_dagrun for example_dag to 2025-12-20T00:00:00+00:00, run_after=2025-12-21T00:00:00+00:00
[2025-12-20T14:38:04.462+0000] {processor.py:183} INFO - Processing /opt/airflow/dags/example_dag.py took 0.066 seconds
[2025-12-20T14:38:34.761+0000] {processor.py:161} INFO - Started process (PID=499) to work on /opt/airflow/dags/example_dag.py
[2025-12-20T14:38:34.762+0000] {processor.py:830} INFO - Processing file /opt/airflow/dags/example_dag.py for tasks to queue
[2025-12-20T14:38:34.762+0000] {logging_mixin.py:188} INFO - [2025-12-20T14:38:34.762+0000] {dagbag.py:538} INFO - Filling up the DagBag from /opt/airflow/dags/example_dag.py
[2025-12-20T14:38:34.776+0000] {processor.py:840} INFO - DAG(s) 'example_dag' retrieved from /opt/airflow/dags/example_dag.py
[2025-12-20T14:38:34.812+0000] {logging_mixin.py:188} INFO - [2025-12-20T14:38:34.812+0000] {dag.py:3033} INFO - Sync 1 DAGs
[2025-12-20T14:38:34.832+0000] {logging_mixin.py:188} INFO - [2025-12-20T14:38:34.832+0000] {dag.py:3820} INFO - Setting next_dagrun for example_dag to 2025-12-20T00:00:00+00:00, run_after=2025-12-21T00:00:00+00:00
[2025-12-20T14:38:34.850+0000] {processor.py:183} INFO - Processing /opt/airflow/dags/example_dag.py took 0.096 seconds
[2025-12-20T14:39:05.100+0000] {processor.py:161} INFO - Started process (PID=507) to work on /opt/airflow/dags/example_dag.py
[2025-12-20T14:39:05.101+0000] {processor.py:830} INFO - Processing file /opt/airflow/dags/example_dag.py for tasks to queue
[2025-12-20T14:39:05.102+0000] {logging_mixin.py:188} INFO - [2025-12-20T14:39:05.101+0000] {dagbag.py:538} INFO - Filling up the DagBag from /opt/airflow/dags/example_dag.py
[2025-12-20T14:39:05.119+0000] {processor.py:840} INFO - DAG(s) 'example_dag' retrieved from /opt/airflow/dags/example_dag.py
[2025-12-20T14:39:05.144+0000] {logging_mixin.py:188} INFO - [2025-12-20T14:39:05.143+0000] {dag.py:3033} INFO - Sync 1 DAGs
[2025-12-20T14:39:05.158+0000] {logging_mixin.py:188} INFO - [2025-12-20T14:39:05.158+0000] {dag.py:3820} INFO - Setting next_dagrun for example_dag to 2025-12-20T00:00:00+00:00, run_after=2025-12-21T00:00:00+00:00
[2025-12-20T14:39:05.169+0000] {processor.py:183} INFO - Processing /opt/airflow/dags/example_dag.py took 0.072 seconds
[2025-12-20T14:39:35.416+0000] {processor.py:161} INFO - Started process (PID=515) to work on /opt/airflow/dags/example_dag.py
[2025-12-20T14:39:35.416+0000] {processor.py:830} INFO - Processing file /opt/airflow/dags/example_dag.py for tasks to queue
[2025-12-20T14:39:35.417+0000] {logging_mixin.py:188} INFO - [2025-12-20T14:39:35.417+0000] {dagbag.py:538} INFO - Filling up the DagBag from /opt/airflow/dags/example_dag.py
[2025-12-20T14:39:35.423+0000] {processor.py:840} INFO - DAG(s) 'example_dag' retrieved from /opt/airflow/dags/example_dag.py
[2025-12-20T14:39:35.444+0000] {logging_mixin.py:188} INFO - [2025-12-20T14:39:35.444+0000] {dag.py:3033} INFO - Sync 1 DAGs
[2025-12-20T14:39:35.459+0000] {logging_mixin.py:188} INFO - [2025-12-20T14:39:35.459+0000] {dag.py:3820} INFO - Setting next_dagrun for example_dag to 2025-12-20T00:00:00+00:00, run_after=2025-12-21T00:00:00+00:00
[2025-12-20T14:39:35.469+0000] {processor.py:183} INFO - Processing /opt/airflow/dags/example_dag.py took 0.055 seconds
[2025-12-20T14:40:05.731+0000] {processor.py:161} INFO - Started process (PID=522) to work on /opt/airflow/dags/example_dag.py
[2025-12-20T14:40:05.731+0000] {processor.py:830} INFO - Processing file /opt/airflow/dags/example_dag.py for tasks to queue
[2025-12-20T14:40:05.732+0000] {logging_mixin.py:188} INFO - [2025-12-20T14:40:05.732+0000] {dagbag.py:538} INFO - Filling up the DagBag from /opt/airflow/dags/example_dag.py
[2025-12-20T14:40:05.759+0000] {processor.py:840} INFO - DAG(s) 'example_dag' retrieved from /opt/airflow/dags/example_dag.py
[2025-12-20T14:40:05.795+0000] {logging_mixin.py:188} INFO - [2025-12-20T14:40:05.795+0000] {dag.py:3033} INFO - Sync 1 DAGs
[2025-12-20T14:40:05.810+0000] {logging_mixin.py:188} INFO - [2025-12-20T14:40:05.810+0000] {dag.py:3820} INFO - Setting next_dagrun for example_dag to 2025-12-20T00:00:00+00:00, run_after=2025-12-21T00:00:00+00:00
[2025-12-20T14:40:05.820+0000] {processor.py:183} INFO - Processing /opt/airflow/dags/example_dag.py took 0.095 seconds
[2025-12-20T14:40:36.030+0000] {processor.py:161} INFO - Started process (PID=530) to work on /opt/airflow/dags/example_dag.py
[2025-12-20T14:40:36.030+0000] {processor.py:830} INFO - Processing file /opt/airflow/dags/example_dag.py for tasks to queue
[2025-12-20T14:40:36.031+0000] {logging_mixin.py:188} INFO - [2025-12-20T14:40:36.031+0000] {dagbag.py:538} INFO - Filling up the DagBag from /opt/airflow/dags/example_dag.py
[2025-12-20T14:40:36.042+0000] {processor.py:840} INFO - DAG(s) 'example_dag' retrieved from /opt/airflow/dags/example_dag.py
[2025-12-20T14:40:36.079+0000] {logging_mixin.py:188} INFO - [2025-12-20T14:40:36.079+0000] {dag.py:3033} INFO - Sync 1 DAGs
[2025-12-20T14:40:36.096+0000] {logging_mixin.py:188} INFO - [2025-12-20T14:40:36.096+0000] {dag.py:3820} INFO - Setting next_dagrun for example_dag to 2025-12-20T00:00:00+00:00, run_after=2025-12-21T00:00:00+00:00
[2025-12-20T14:40:36.108+0000] {processor.py:183} INFO - Processing /opt/airflow/dags/example_dag.py took 0.083 seconds
[2025-12-20T14:41:06.313+0000] {processor.py:161} INFO - Started process (PID=538) to work on /opt/airflow/dags/example_dag.py
[2025-12-20T14:41:06.314+0000] {processor.py:830} INFO - Processing file /opt/airflow/dags/example_dag.py for tasks to queue
[2025-12-20T14:41:06.315+0000] {logging_mixin.py:188} INFO - [2025-12-20T14:41:06.314+0000] {dagbag.py:538} INFO - Filling up the DagBag from /opt/airflow/dags/example_dag.py
[2025-12-20T14:41:06.330+0000] {processor.py:840} INFO - DAG(s) 'example_dag' retrieved from /opt/airflow/dags/example_dag.py
[2025-12-20T14:41:06.358+0000] {logging_mixin.py:188} INFO - [2025-12-20T14:41:06.358+0000] {dag.py:3033} INFO - Sync 1 DAGs
[2025-12-20T14:41:06.376+0000] {logging_mixin.py:188} INFO - [2025-12-20T14:41:06.375+0000] {dag.py:3820} INFO - Setting next_dagrun for example_dag to 2025-12-20T00:00:00+00:00, run_after=2025-12-21T00:00:00+00:00
[2025-12-20T14:41:06.388+0000] {processor.py:183} INFO - Processing /opt/airflow/dags/example_dag.py took 0.079 seconds
[2025-12-20T14:41:36.744+0000] {processor.py:161} INFO - Started process (PID=546) to work on /opt/airflow/dags/example_dag.py
[2025-12-20T14:41:36.745+0000] {processor.py:830} INFO - Processing file /opt/airflow/dags/example_dag.py for tasks to queue
[2025-12-20T14:41:36.746+0000] {logging_mixin.py:188} INFO - [2025-12-20T14:41:36.746+0000] {dagbag.py:538} INFO - Filling up the DagBag from /opt/airflow/dags/example_dag.py
[2025-12-20T14:41:36.762+0000] {processor.py:840} INFO - DAG(s) 'example_dag' retrieved from /opt/airflow/dags/example_dag.py
[2025-12-20T14:41:36.796+0000] {logging_mixin.py:188} INFO - [2025-12-20T14:41:36.796+0000] {dag.py:3033} INFO - Sync 1 DAGs
[2025-12-20T14:41:36.812+0000] {logging_mixin.py:188} INFO - [2025-12-20T14:41:36.812+0000] {dag.py:3820} INFO - Setting next_dagrun for example_dag to 2025-12-20T00:00:00+00:00, run_after=2025-12-21T00:00:00+00:00
[2025-12-20T14:41:36.822+0000] {processor.py:183} INFO - Processing /opt/airflow/dags/example_dag.py took 0.083 seconds
[2025-12-20T14:42:07.038+0000] {processor.py:161} INFO - Started process (PID=554) to work on /opt/airflow/dags/example_dag.py
[2025-12-20T14:42:07.039+0000] {processor.py:830} INFO - Processing file /opt/airflow/dags/example_dag.py for tasks to queue
[2025-12-20T14:42:07.040+0000] {logging_mixin.py:188} INFO - [2025-12-20T14:42:07.039+0000] {dagbag.py:538} INFO - Filling up the DagBag from /opt/airflow/dags/example_dag.py
[2025-12-20T14:42:07.061+0000] {processor.py:840} INFO - DAG(s) 'example_dag' retrieved from /opt/airflow/dags/example_dag.py
[2025-12-20T14:42:07.099+0000] {logging_mixin.py:188} INFO - [2025-12-20T14:42:07.099+0000] {dag.py:3033} INFO - Sync 1 DAGs
[2025-12-20T14:42:07.121+0000] {logging_mixin.py:188} INFO - [2025-12-20T14:42:07.121+0000] {dag.py:3820} INFO - Setting next_dagrun for example_dag to 2025-12-20T00:00:00+00:00, run_after=2025-12-21T00:00:00+00:00
[2025-12-20T14:42:07.134+0000] {processor.py:183} INFO - Processing /opt/airflow/dags/example_dag.py took 0.102 seconds
[2025-12-20T14:42:37.374+0000] {processor.py:161} INFO - Started process (PID=562) to work on /opt/airflow/dags/example_dag.py
[2025-12-20T14:42:37.375+0000] {processor.py:830} INFO - Processing file /opt/airflow/dags/example_dag.py for tasks to queue
[2025-12-20T14:42:37.375+0000] {logging_mixin.py:188} INFO - [2025-12-20T14:42:37.375+0000] {dagbag.py:538} INFO - Filling up the DagBag from /opt/airflow/dags/example_dag.py
[2025-12-20T14:42:37.385+0000] {processor.py:840} INFO - DAG(s) 'example_dag' retrieved from /opt/airflow/dags/example_dag.py
[2025-12-20T14:42:37.412+0000] {logging_mixin.py:188} INFO - [2025-12-20T14:42:37.411+0000] {dag.py:3033} INFO - Sync 1 DAGs
[2025-12-20T14:42:37.431+0000] {logging_mixin.py:188} INFO - [2025-12-20T14:42:37.431+0000] {dag.py:3820} INFO - Setting next_dagrun for example_dag to 2025-12-20T00:00:00+00:00, run_after=2025-12-21T00:00:00+00:00
[2025-12-20T14:42:37.445+0000] {processor.py:183} INFO - Processing /opt/airflow/dags/example_dag.py took 0.074 seconds
[2025-12-20T14:43:07.787+0000] {processor.py:161} INFO - Started process (PID=570) to work on /opt/airflow/dags/example_dag.py
[2025-12-20T14:43:07.788+0000] {processor.py:830} INFO - Processing file /opt/airflow/dags/example_dag.py for tasks to queue
[2025-12-20T14:43:07.790+0000] {logging_mixin.py:188} INFO - [2025-12-20T14:43:07.789+0000] {dagbag.py:538} INFO - Filling up the DagBag from /opt/airflow/dags/example_dag.py
[2025-12-20T14:43:07.816+0000] {processor.py:840} INFO - DAG(s) 'example_dag' retrieved from /opt/airflow/dags/example_dag.py
[2025-12-20T14:43:07.851+0000] {logging_mixin.py:188} INFO - [2025-12-20T14:43:07.850+0000] {dag.py:3033} INFO - Sync 1 DAGs
[2025-12-20T14:43:07.877+0000] {logging_mixin.py:188} INFO - [2025-12-20T14:43:07.877+0000] {dag.py:3820} INFO - Setting next_dagrun for example_dag to 2025-12-20T00:00:00+00:00, run_after=2025-12-21T00:00:00+00:00
[2025-12-20T14:43:07.892+0000] {processor.py:183} INFO - Processing /opt/airflow/dags/example_dag.py took 0.109 seconds
[2025-12-20T14:43:38.052+0000] {processor.py:161} INFO - Started process (PID=578) to work on /opt/airflow/dags/example_dag.py
[2025-12-20T14:43:38.052+0000] {processor.py:830} INFO - Processing file /opt/airflow/dags/example_dag.py for tasks to queue
[2025-12-20T14:43:38.054+0000] {logging_mixin.py:188} INFO - [2025-12-20T14:43:38.053+0000] {dagbag.py:538} INFO - Filling up the DagBag from /opt/airflow/dags/example_dag.py
[2025-12-20T14:43:38.073+0000] {processor.py:840} INFO - DAG(s) 'example_dag' retrieved from /opt/airflow/dags/example_dag.py
[2025-12-20T14:43:38.106+0000] {logging_mixin.py:188} INFO - [2025-12-20T14:43:38.106+0000] {dag.py:3033} INFO - Sync 1 DAGs
[2025-12-20T14:43:38.123+0000] {logging_mixin.py:188} INFO - [2025-12-20T14:43:38.123+0000] {dag.py:3820} INFO - Setting next_dagrun for example_dag to 2025-12-20T00:00:00+00:00, run_after=2025-12-21T00:00:00+00:00
[2025-12-20T14:43:38.134+0000] {processor.py:183} INFO - Processing /opt/airflow/dags/example_dag.py took 0.089 seconds
[2025-12-20T14:44:08.420+0000] {processor.py:161} INFO - Started process (PID=586) to work on /opt/airflow/dags/example_dag.py
[2025-12-20T14:44:08.423+0000] {processor.py:830} INFO - Processing file /opt/airflow/dags/example_dag.py for tasks to queue
[2025-12-20T14:44:08.424+0000] {logging_mixin.py:188} INFO - [2025-12-20T14:44:08.424+0000] {dagbag.py:538} INFO - Filling up the DagBag from /opt/airflow/dags/example_dag.py
[2025-12-20T14:44:08.436+0000] {processor.py:840} INFO - DAG(s) 'example_dag' retrieved from /opt/airflow/dags/example_dag.py
[2025-12-20T14:44:08.461+0000] {logging_mixin.py:188} INFO - [2025-12-20T14:44:08.461+0000] {dag.py:3033} INFO - Sync 1 DAGs
[2025-12-20T14:44:08.478+0000] {logging_mixin.py:188} INFO - [2025-12-20T14:44:08.478+0000] {dag.py:3820} INFO - Setting next_dagrun for example_dag to 2025-12-20T00:00:00+00:00, run_after=2025-12-21T00:00:00+00:00
[2025-12-20T14:44:08.490+0000] {processor.py:183} INFO - Processing /opt/airflow/dags/example_dag.py took 0.080 seconds
[2025-12-20T14:44:38.738+0000] {processor.py:161} INFO - Started process (PID=594) to work on /opt/airflow/dags/example_dag.py
[2025-12-20T14:44:38.739+0000] {processor.py:830} INFO - Processing file /opt/airflow/dags/example_dag.py for tasks to queue
[2025-12-20T14:44:38.740+0000] {logging_mixin.py:188} INFO - [2025-12-20T14:44:38.740+0000] {dagbag.py:538} INFO - Filling up the DagBag from /opt/airflow/dags/example_dag.py
[2025-12-20T14:44:38.755+0000] {processor.py:840} INFO - DAG(s) 'example_dag' retrieved from /opt/airflow/dags/example_dag.py
[2025-12-20T14:44:38.779+0000] {logging_mixin.py:188} INFO - [2025-12-20T14:44:38.779+0000] {dag.py:3033} INFO - Sync 1 DAGs
[2025-12-20T14:44:38.802+0000] {logging_mixin.py:188} INFO - [2025-12-20T14:44:38.802+0000] {dag.py:3820} INFO - Setting next_dagrun for example_dag to 2025-12-20T00:00:00+00:00, run_after=2025-12-21T00:00:00+00:00
[2025-12-20T14:44:38.829+0000] {processor.py:183} INFO - Processing /opt/airflow/dags/example_dag.py took 0.094 seconds
[2025-12-20T14:45:09.094+0000] {processor.py:161} INFO - Started process (PID=602) to work on /opt/airflow/dags/example_dag.py
[2025-12-20T14:45:09.094+0000] {processor.py:830} INFO - Processing file /opt/airflow/dags/example_dag.py for tasks to queue
[2025-12-20T14:45:09.095+0000] {logging_mixin.py:188} INFO - [2025-12-20T14:45:09.095+0000] {dagbag.py:538} INFO - Filling up the DagBag from /opt/airflow/dags/example_dag.py
[2025-12-20T14:45:09.102+0000] {processor.py:840} INFO - DAG(s) 'example_dag' retrieved from /opt/airflow/dags/example_dag.py
[2025-12-20T14:45:09.122+0000] {logging_mixin.py:188} INFO - [2025-12-20T14:45:09.122+0000] {dag.py:3033} INFO - Sync 1 DAGs
[2025-12-20T14:45:09.136+0000] {logging_mixin.py:188} INFO - [2025-12-20T14:45:09.136+0000] {dag.py:3820} INFO - Setting next_dagrun for example_dag to 2025-12-20T00:00:00+00:00, run_after=2025-12-21T00:00:00+00:00
[2025-12-20T14:45:09.146+0000] {processor.py:183} INFO - Processing /opt/airflow/dags/example_dag.py took 0.054 seconds
[2025-12-20T14:45:39.394+0000] {processor.py:161} INFO - Started process (PID=610) to work on /opt/airflow/dags/example_dag.py
[2025-12-20T14:45:39.395+0000] {processor.py:830} INFO - Processing file /opt/airflow/dags/example_dag.py for tasks to queue
[2025-12-20T14:45:39.396+0000] {logging_mixin.py:188} INFO - [2025-12-20T14:45:39.395+0000] {dagbag.py:538} INFO - Filling up the DagBag from /opt/airflow/dags/example_dag.py
[2025-12-20T14:45:39.416+0000] {processor.py:840} INFO - DAG(s) 'example_dag' retrieved from /opt/airflow/dags/example_dag.py
[2025-12-20T14:45:39.446+0000] {logging_mixin.py:188} INFO - [2025-12-20T14:45:39.446+0000] {dag.py:3033} INFO - Sync 1 DAGs
[2025-12-20T14:45:39.473+0000] {logging_mixin.py:188} INFO - [2025-12-20T14:45:39.472+0000] {dag.py:3820} INFO - Setting next_dagrun for example_dag to 2025-12-20T00:00:00+00:00, run_after=2025-12-21T00:00:00+00:00
[2025-12-20T14:45:39.487+0000] {processor.py:183} INFO - Processing /opt/airflow/dags/example_dag.py took 0.097 seconds
[2025-12-20T14:46:09.749+0000] {processor.py:161} INFO - Started process (PID=617) to work on /opt/airflow/dags/example_dag.py
[2025-12-20T14:46:09.750+0000] {processor.py:830} INFO - Processing file /opt/airflow/dags/example_dag.py for tasks to queue
[2025-12-20T14:46:09.751+0000] {logging_mixin.py:188} INFO - [2025-12-20T14:46:09.750+0000] {dagbag.py:538} INFO - Filling up the DagBag from /opt/airflow/dags/example_dag.py
[2025-12-20T14:46:09.758+0000] {processor.py:840} INFO - DAG(s) 'example_dag' retrieved from /opt/airflow/dags/example_dag.py
[2025-12-20T14:46:09.778+0000] {logging_mixin.py:188} INFO - [2025-12-20T14:46:09.778+0000] {dag.py:3033} INFO - Sync 1 DAGs
[2025-12-20T14:46:09.791+0000] {logging_mixin.py:188} INFO - [2025-12-20T14:46:09.791+0000] {dag.py:3820} INFO - Setting next_dagrun for example_dag to 2025-12-20T00:00:00+00:00, run_after=2025-12-21T00:00:00+00:00
[2025-12-20T14:46:09.803+0000] {processor.py:183} INFO - Processing /opt/airflow/dags/example_dag.py took 0.056 seconds
[2025-12-20T14:46:40.103+0000] {processor.py:161} INFO - Started process (PID=625) to work on /opt/airflow/dags/example_dag.py
[2025-12-20T14:46:40.104+0000] {processor.py:830} INFO - Processing file /opt/airflow/dags/example_dag.py for tasks to queue
[2025-12-20T14:46:40.105+0000] {logging_mixin.py:188} INFO - [2025-12-20T14:46:40.105+0000] {dagbag.py:538} INFO - Filling up the DagBag from /opt/airflow/dags/example_dag.py
[2025-12-20T14:46:40.140+0000] {processor.py:840} INFO - DAG(s) 'example_dag' retrieved from /opt/airflow/dags/example_dag.py
[2025-12-20T14:46:40.170+0000] {logging_mixin.py:188} INFO - [2025-12-20T14:46:40.170+0000] {dag.py:3033} INFO - Sync 1 DAGs
[2025-12-20T14:46:40.192+0000] {logging_mixin.py:188} INFO - [2025-12-20T14:46:40.192+0000] {dag.py:3820} INFO - Setting next_dagrun for example_dag to 2025-12-20T00:00:00+00:00, run_after=2025-12-21T00:00:00+00:00
[2025-12-20T14:46:40.206+0000] {processor.py:183} INFO - Processing /opt/airflow/dags/example_dag.py took 0.109 seconds
[2025-12-20T14:47:10.398+0000] {processor.py:161} INFO - Started process (PID=632) to work on /opt/airflow/dags/example_dag.py
[2025-12-20T14:47:10.399+0000] {processor.py:830} INFO - Processing file /opt/airflow/dags/example_dag.py for tasks to queue
[2025-12-20T14:47:10.400+0000] {logging_mixin.py:188} INFO - [2025-12-20T14:47:10.400+0000] {dagbag.py:538} INFO - Filling up the DagBag from /opt/airflow/dags/example_dag.py
[2025-12-20T14:47:10.412+0000] {processor.py:840} INFO - DAG(s) 'example_dag' retrieved from /opt/airflow/dags/example_dag.py
[2025-12-20T14:47:10.441+0000] {logging_mixin.py:188} INFO - [2025-12-20T14:47:10.441+0000] {dag.py:3033} INFO - Sync 1 DAGs
[2025-12-20T14:47:10.468+0000] {logging_mixin.py:188} INFO - [2025-12-20T14:47:10.468+0000] {dag.py:3820} INFO - Setting next_dagrun for example_dag to 2025-12-20T00:00:00+00:00, run_after=2025-12-21T00:00:00+00:00
[2025-12-20T14:47:10.483+0000] {processor.py:183} INFO - Processing /opt/airflow/dags/example_dag.py took 0.089 seconds
[2025-12-20T14:47:40.818+0000] {processor.py:161} INFO - Started process (PID=640) to work on /opt/airflow/dags/example_dag.py
[2025-12-20T14:47:40.818+0000] {processor.py:830} INFO - Processing file /opt/airflow/dags/example_dag.py for tasks to queue
[2025-12-20T14:47:40.819+0000] {logging_mixin.py:188} INFO - [2025-12-20T14:47:40.819+0000] {dagbag.py:538} INFO - Filling up the DagBag from /opt/airflow/dags/example_dag.py
[2025-12-20T14:47:40.825+0000] {processor.py:840} INFO - DAG(s) 'example_dag' retrieved from /opt/airflow/dags/example_dag.py
[2025-12-20T14:47:40.843+0000] {logging_mixin.py:188} INFO - [2025-12-20T14:47:40.843+0000] {dag.py:3033} INFO - Sync 1 DAGs
[2025-12-20T14:47:40.856+0000] {logging_mixin.py:188} INFO - [2025-12-20T14:47:40.856+0000] {dag.py:3820} INFO - Setting next_dagrun for example_dag to 2025-12-20T00:00:00+00:00, run_after=2025-12-21T00:00:00+00:00
[2025-12-20T14:47:40.866+0000] {processor.py:183} INFO - Processing /opt/airflow/dags/example_dag.py took 0.050 seconds
[2025-12-20T14:48:11.128+0000] {processor.py:161} INFO - Started process (PID=648) to work on /opt/airflow/dags/example_dag.py
[2025-12-20T14:48:11.128+0000] {processor.py:830} INFO - Processing file /opt/airflow/dags/example_dag.py for tasks to queue
[2025-12-20T14:48:11.129+0000] {logging_mixin.py:188} INFO - [2025-12-20T14:48:11.129+0000] {dagbag.py:538} INFO - Filling up the DagBag from /opt/airflow/dags/example_dag.py
[2025-12-20T14:48:11.141+0000] {processor.py:840} INFO - DAG(s) 'example_dag' retrieved from /opt/airflow/dags/example_dag.py
[2025-12-20T14:48:11.167+0000] {logging_mixin.py:188} INFO - [2025-12-20T14:48:11.167+0000] {dag.py:3033} INFO - Sync 1 DAGs
[2025-12-20T14:48:11.183+0000] {logging_mixin.py:188} INFO - [2025-12-20T14:48:11.182+0000] {dag.py:3820} INFO - Setting next_dagrun for example_dag to 2025-12-20T00:00:00+00:00, run_after=2025-12-21T00:00:00+00:00
[2025-12-20T14:48:11.193+0000] {processor.py:183} INFO - Processing /opt/airflow/dags/example_dag.py took 0.069 seconds
[2025-12-20T14:48:41.492+0000] {processor.py:161} INFO - Started process (PID=656) to work on /opt/airflow/dags/example_dag.py
[2025-12-20T14:48:41.493+0000] {processor.py:830} INFO - Processing file /opt/airflow/dags/example_dag.py for tasks to queue
[2025-12-20T14:48:41.493+0000] {logging_mixin.py:188} INFO - [2025-12-20T14:48:41.493+0000] {dagbag.py:538} INFO - Filling up the DagBag from /opt/airflow/dags/example_dag.py
[2025-12-20T14:48:41.503+0000] {processor.py:840} INFO - DAG(s) 'example_dag' retrieved from /opt/airflow/dags/example_dag.py
[2025-12-20T14:48:41.521+0000] {logging_mixin.py:188} INFO - [2025-12-20T14:48:41.521+0000] {dag.py:3033} INFO - Sync 1 DAGs
[2025-12-20T14:48:41.534+0000] {logging_mixin.py:188} INFO - [2025-12-20T14:48:41.533+0000] {dag.py:3820} INFO - Setting next_dagrun for example_dag to 2025-12-20T00:00:00+00:00, run_after=2025-12-21T00:00:00+00:00
[2025-12-20T14:48:41.543+0000] {processor.py:183} INFO - Processing /opt/airflow/dags/example_dag.py took 0.053 seconds
[2025-12-20T14:49:11.849+0000] {processor.py:161} INFO - Started process (PID=664) to work on /opt/airflow/dags/example_dag.py
[2025-12-20T14:49:11.850+0000] {processor.py:830} INFO - Processing file /opt/airflow/dags/example_dag.py for tasks to queue
[2025-12-20T14:49:11.851+0000] {logging_mixin.py:188} INFO - [2025-12-20T14:49:11.850+0000] {dagbag.py:538} INFO - Filling up the DagBag from /opt/airflow/dags/example_dag.py
[2025-12-20T14:49:11.866+0000] {processor.py:840} INFO - DAG(s) 'example_dag' retrieved from /opt/airflow/dags/example_dag.py
[2025-12-20T14:49:11.892+0000] {logging_mixin.py:188} INFO - [2025-12-20T14:49:11.892+0000] {dag.py:3033} INFO - Sync 1 DAGs
[2025-12-20T14:49:11.909+0000] {logging_mixin.py:188} INFO - [2025-12-20T14:49:11.909+0000] {dag.py:3820} INFO - Setting next_dagrun for example_dag to 2025-12-20T00:00:00+00:00, run_after=2025-12-21T00:00:00+00:00
[2025-12-20T14:49:11.922+0000] {processor.py:183} INFO - Processing /opt/airflow/dags/example_dag.py took 0.075 seconds
[2025-12-20T14:49:42.126+0000] {processor.py:161} INFO - Started process (PID=672) to work on /opt/airflow/dags/example_dag.py
[2025-12-20T14:49:42.126+0000] {processor.py:830} INFO - Processing file /opt/airflow/dags/example_dag.py for tasks to queue
[2025-12-20T14:49:42.127+0000] {logging_mixin.py:188} INFO - [2025-12-20T14:49:42.126+0000] {dagbag.py:538} INFO - Filling up the DagBag from /opt/airflow/dags/example_dag.py
[2025-12-20T14:49:42.133+0000] {processor.py:840} INFO - DAG(s) 'example_dag' retrieved from /opt/airflow/dags/example_dag.py
[2025-12-20T14:49:42.152+0000] {logging_mixin.py:188} INFO - [2025-12-20T14:49:42.152+0000] {dag.py:3033} INFO - Sync 1 DAGs
[2025-12-20T14:49:42.165+0000] {logging_mixin.py:188} INFO - [2025-12-20T14:49:42.165+0000] {dag.py:3820} INFO - Setting next_dagrun for example_dag to 2025-12-20T00:00:00+00:00, run_after=2025-12-21T00:00:00+00:00
[2025-12-20T14:49:42.175+0000] {processor.py:183} INFO - Processing /opt/airflow/dags/example_dag.py took 0.051 seconds
[2025-12-20T14:50:12.442+0000] {processor.py:161} INFO - Started process (PID=680) to work on /opt/airflow/dags/example_dag.py
[2025-12-20T14:50:12.442+0000] {processor.py:830} INFO - Processing file /opt/airflow/dags/example_dag.py for tasks to queue
[2025-12-20T14:50:12.443+0000] {logging_mixin.py:188} INFO - [2025-12-20T14:50:12.443+0000] {dagbag.py:538} INFO - Filling up the DagBag from /opt/airflow/dags/example_dag.py
[2025-12-20T14:50:12.458+0000] {processor.py:840} INFO - DAG(s) 'example_dag' retrieved from /opt/airflow/dags/example_dag.py
[2025-12-20T14:50:12.489+0000] {logging_mixin.py:188} INFO - [2025-12-20T14:50:12.489+0000] {dag.py:3033} INFO - Sync 1 DAGs
[2025-12-20T14:50:12.507+0000] {logging_mixin.py:188} INFO - [2025-12-20T14:50:12.507+0000] {dag.py:3820} INFO - Setting next_dagrun for example_dag to 2025-12-20T00:00:00+00:00, run_after=2025-12-21T00:00:00+00:00
[2025-12-20T14:50:12.520+0000] {processor.py:183} INFO - Processing /opt/airflow/dags/example_dag.py took 0.081 seconds
[2025-12-20T14:50:42.775+0000] {processor.py:161} INFO - Started process (PID=688) to work on /opt/airflow/dags/example_dag.py
[2025-12-20T14:50:42.775+0000] {processor.py:830} INFO - Processing file /opt/airflow/dags/example_dag.py for tasks to queue
[2025-12-20T14:50:42.776+0000] {logging_mixin.py:188} INFO - [2025-12-20T14:50:42.776+0000] {dagbag.py:538} INFO - Filling up the DagBag from /opt/airflow/dags/example_dag.py
[2025-12-20T14:50:42.788+0000] {processor.py:840} INFO - DAG(s) 'example_dag' retrieved from /opt/airflow/dags/example_dag.py
[2025-12-20T14:50:42.808+0000] {logging_mixin.py:188} INFO - [2025-12-20T14:50:42.808+0000] {dag.py:3033} INFO - Sync 1 DAGs
[2025-12-20T14:50:42.820+0000] {logging_mixin.py:188} INFO - [2025-12-20T14:50:42.820+0000] {dag.py:3820} INFO - Setting next_dagrun for example_dag to 2025-12-20T00:00:00+00:00, run_after=2025-12-21T00:00:00+00:00
[2025-12-20T14:50:42.830+0000] {processor.py:183} INFO - Processing /opt/airflow/dags/example_dag.py took 0.059 seconds
[2025-12-20T14:51:13.028+0000] {processor.py:161} INFO - Started process (PID=696) to work on /opt/airflow/dags/example_dag.py
[2025-12-20T14:51:13.029+0000] {processor.py:830} INFO - Processing file /opt/airflow/dags/example_dag.py for tasks to queue
[2025-12-20T14:51:13.030+0000] {logging_mixin.py:188} INFO - [2025-12-20T14:51:13.030+0000] {dagbag.py:538} INFO - Filling up the DagBag from /opt/airflow/dags/example_dag.py
[2025-12-20T14:51:13.044+0000] {processor.py:840} INFO - DAG(s) 'example_dag' retrieved from /opt/airflow/dags/example_dag.py
[2025-12-20T14:51:13.069+0000] {logging_mixin.py:188} INFO - [2025-12-20T14:51:13.069+0000] {dag.py:3033} INFO - Sync 1 DAGs
[2025-12-20T14:51:13.087+0000] {logging_mixin.py:188} INFO - [2025-12-20T14:51:13.086+0000] {dag.py:3820} INFO - Setting next_dagrun for example_dag to 2025-12-20T00:00:00+00:00, run_after=2025-12-21T00:00:00+00:00
[2025-12-20T14:51:13.099+0000] {processor.py:183} INFO - Processing /opt/airflow/dags/example_dag.py took 0.075 seconds
[2025-12-20T14:51:43.282+0000] {processor.py:161} INFO - Started process (PID=704) to work on /opt/airflow/dags/example_dag.py
[2025-12-20T14:51:43.283+0000] {processor.py:830} INFO - Processing file /opt/airflow/dags/example_dag.py for tasks to queue
[2025-12-20T14:51:43.283+0000] {logging_mixin.py:188} INFO - [2025-12-20T14:51:43.283+0000] {dagbag.py:538} INFO - Filling up the DagBag from /opt/airflow/dags/example_dag.py
[2025-12-20T14:51:43.290+0000] {processor.py:840} INFO - DAG(s) 'example_dag' retrieved from /opt/airflow/dags/example_dag.py
[2025-12-20T14:51:43.309+0000] {logging_mixin.py:188} INFO - [2025-12-20T14:51:43.309+0000] {dag.py:3033} INFO - Sync 1 DAGs
[2025-12-20T14:51:43.321+0000] {logging_mixin.py:188} INFO - [2025-12-20T14:51:43.321+0000] {dag.py:3820} INFO - Setting next_dagrun for example_dag to 2025-12-20T00:00:00+00:00, run_after=2025-12-21T00:00:00+00:00
[2025-12-20T14:51:43.332+0000] {processor.py:183} INFO - Processing /opt/airflow/dags/example_dag.py took 0.052 seconds
[2025-12-20T14:52:13.596+0000] {processor.py:161} INFO - Started process (PID=712) to work on /opt/airflow/dags/example_dag.py
[2025-12-20T14:52:13.597+0000] {processor.py:830} INFO - Processing file /opt/airflow/dags/example_dag.py for tasks to queue
[2025-12-20T14:52:13.598+0000] {logging_mixin.py:188} INFO - [2025-12-20T14:52:13.597+0000] {dagbag.py:538} INFO - Filling up the DagBag from /opt/airflow/dags/example_dag.py
[2025-12-20T14:52:13.612+0000] {processor.py:840} INFO - DAG(s) 'example_dag' retrieved from /opt/airflow/dags/example_dag.py
[2025-12-20T14:52:13.646+0000] {logging_mixin.py:188} INFO - [2025-12-20T14:52:13.646+0000] {dag.py:3033} INFO - Sync 1 DAGs
[2025-12-20T14:52:13.664+0000] {logging_mixin.py:188} INFO - [2025-12-20T14:52:13.664+0000] {dag.py:3820} INFO - Setting next_dagrun for example_dag to 2025-12-20T00:00:00+00:00, run_after=2025-12-21T00:00:00+00:00
[2025-12-20T14:52:13.678+0000] {processor.py:183} INFO - Processing /opt/airflow/dags/example_dag.py took 0.089 seconds
[2025-12-20T14:52:43.935+0000] {processor.py:161} INFO - Started process (PID=713) to work on /opt/airflow/dags/example_dag.py
[2025-12-20T14:52:43.935+0000] {processor.py:830} INFO - Processing file /opt/airflow/dags/example_dag.py for tasks to queue
[2025-12-20T14:52:43.936+0000] {logging_mixin.py:188} INFO - [2025-12-20T14:52:43.936+0000] {dagbag.py:538} INFO - Filling up the DagBag from /opt/airflow/dags/example_dag.py
[2025-12-20T14:52:43.942+0000] {processor.py:840} INFO - DAG(s) 'example_dag' retrieved from /opt/airflow/dags/example_dag.py
[2025-12-20T14:52:43.964+0000] {logging_mixin.py:188} INFO - [2025-12-20T14:52:43.964+0000] {dag.py:3033} INFO - Sync 1 DAGs
[2025-12-20T14:52:43.978+0000] {logging_mixin.py:188} INFO - [2025-12-20T14:52:43.978+0000] {dag.py:3820} INFO - Setting next_dagrun for example_dag to 2025-12-20T00:00:00+00:00, run_after=2025-12-21T00:00:00+00:00
[2025-12-20T14:52:43.990+0000] {processor.py:183} INFO - Processing /opt/airflow/dags/example_dag.py took 0.058 seconds
[2025-12-20T14:53:14.292+0000] {processor.py:161} INFO - Started process (PID=721) to work on /opt/airflow/dags/example_dag.py
[2025-12-20T14:53:14.293+0000] {processor.py:830} INFO - Processing file /opt/airflow/dags/example_dag.py for tasks to queue
[2025-12-20T14:53:14.295+0000] {logging_mixin.py:188} INFO - [2025-12-20T14:53:14.294+0000] {dagbag.py:538} INFO - Filling up the DagBag from /opt/airflow/dags/example_dag.py
[2025-12-20T14:53:14.319+0000] {processor.py:840} INFO - DAG(s) 'example_dag' retrieved from /opt/airflow/dags/example_dag.py
[2025-12-20T14:53:14.351+0000] {logging_mixin.py:188} INFO - [2025-12-20T14:53:14.351+0000] {dag.py:3033} INFO - Sync 1 DAGs
[2025-12-20T14:53:14.373+0000] {logging_mixin.py:188} INFO - [2025-12-20T14:53:14.373+0000] {dag.py:3820} INFO - Setting next_dagrun for example_dag to 2025-12-20T00:00:00+00:00, run_after=2025-12-21T00:00:00+00:00
[2025-12-20T14:53:14.389+0000] {processor.py:183} INFO - Processing /opt/airflow/dags/example_dag.py took 0.103 seconds
[2025-12-20T14:53:44.553+0000] {processor.py:161} INFO - Started process (PID=729) to work on /opt/airflow/dags/example_dag.py
[2025-12-20T14:53:44.554+0000] {processor.py:830} INFO - Processing file /opt/airflow/dags/example_dag.py for tasks to queue
[2025-12-20T14:53:44.554+0000] {logging_mixin.py:188} INFO - [2025-12-20T14:53:44.554+0000] {dagbag.py:538} INFO - Filling up the DagBag from /opt/airflow/dags/example_dag.py
[2025-12-20T14:53:44.564+0000] {processor.py:840} INFO - DAG(s) 'example_dag' retrieved from /opt/airflow/dags/example_dag.py
[2025-12-20T14:53:44.587+0000] {logging_mixin.py:188} INFO - [2025-12-20T14:53:44.587+0000] {dag.py:3033} INFO - Sync 1 DAGs
[2025-12-20T14:53:44.601+0000] {logging_mixin.py:188} INFO - [2025-12-20T14:53:44.601+0000] {dag.py:3820} INFO - Setting next_dagrun for example_dag to 2025-12-20T00:00:00+00:00, run_after=2025-12-21T00:00:00+00:00
[2025-12-20T14:53:44.611+0000] {processor.py:183} INFO - Processing /opt/airflow/dags/example_dag.py took 0.061 seconds
[2025-12-20T14:54:14.856+0000] {processor.py:161} INFO - Started process (PID=737) to work on /opt/airflow/dags/example_dag.py
[2025-12-20T14:54:14.857+0000] {processor.py:830} INFO - Processing file /opt/airflow/dags/example_dag.py for tasks to queue
[2025-12-20T14:54:14.861+0000] {logging_mixin.py:188} INFO - [2025-12-20T14:54:14.858+0000] {dagbag.py:538} INFO - Filling up the DagBag from /opt/airflow/dags/example_dag.py
[2025-12-20T14:54:14.894+0000] {processor.py:840} INFO - DAG(s) 'example_dag' retrieved from /opt/airflow/dags/example_dag.py
[2025-12-20T14:54:14.939+0000] {logging_mixin.py:188} INFO - [2025-12-20T14:54:14.939+0000] {dag.py:3033} INFO - Sync 1 DAGs
[2025-12-20T14:54:14.969+0000] {logging_mixin.py:188} INFO - [2025-12-20T14:54:14.968+0000] {dag.py:3820} INFO - Setting next_dagrun for example_dag to 2025-12-20T00:00:00+00:00, run_after=2025-12-21T00:00:00+00:00
[2025-12-20T14:54:14.984+0000] {processor.py:183} INFO - Processing /opt/airflow/dags/example_dag.py took 0.138 seconds
[2025-12-20T14:54:45.181+0000] {processor.py:161} INFO - Started process (PID=745) to work on /opt/airflow/dags/example_dag.py
[2025-12-20T14:54:45.182+0000] {processor.py:830} INFO - Processing file /opt/airflow/dags/example_dag.py for tasks to queue
[2025-12-20T14:54:45.183+0000] {logging_mixin.py:188} INFO - [2025-12-20T14:54:45.182+0000] {dagbag.py:538} INFO - Filling up the DagBag from /opt/airflow/dags/example_dag.py
[2025-12-20T14:54:45.196+0000] {processor.py:840} INFO - DAG(s) 'example_dag' retrieved from /opt/airflow/dags/example_dag.py
[2025-12-20T14:54:45.222+0000] {logging_mixin.py:188} INFO - [2025-12-20T14:54:45.222+0000] {dag.py:3033} INFO - Sync 1 DAGs
[2025-12-20T14:54:45.235+0000] {logging_mixin.py:188} INFO - [2025-12-20T14:54:45.235+0000] {dag.py:3820} INFO - Setting next_dagrun for example_dag to 2025-12-20T00:00:00+00:00, run_after=2025-12-21T00:00:00+00:00
[2025-12-20T14:54:45.245+0000] {processor.py:183} INFO - Processing /opt/airflow/dags/example_dag.py took 0.068 seconds
[2025-12-20T14:55:15.524+0000] {processor.py:161} INFO - Started process (PID=753) to work on /opt/airflow/dags/example_dag.py
[2025-12-20T14:55:15.524+0000] {processor.py:830} INFO - Processing file /opt/airflow/dags/example_dag.py for tasks to queue
[2025-12-20T14:55:15.525+0000] {logging_mixin.py:188} INFO - [2025-12-20T14:55:15.525+0000] {dagbag.py:538} INFO - Filling up the DagBag from /opt/airflow/dags/example_dag.py
[2025-12-20T14:55:15.543+0000] {processor.py:840} INFO - DAG(s) 'example_dag' retrieved from /opt/airflow/dags/example_dag.py
[2025-12-20T14:55:15.577+0000] {logging_mixin.py:188} INFO - [2025-12-20T14:55:15.577+0000] {dag.py:3033} INFO - Sync 1 DAGs
[2025-12-20T14:55:15.596+0000] {logging_mixin.py:188} INFO - [2025-12-20T14:55:15.596+0000] {dag.py:3820} INFO - Setting next_dagrun for example_dag to 2025-12-20T00:00:00+00:00, run_after=2025-12-21T00:00:00+00:00
[2025-12-20T14:55:15.616+0000] {processor.py:183} INFO - Processing /opt/airflow/dags/example_dag.py took 0.097 seconds
[2025-12-20T14:55:45.862+0000] {processor.py:161} INFO - Started process (PID=761) to work on /opt/airflow/dags/example_dag.py
[2025-12-20T14:55:45.863+0000] {processor.py:830} INFO - Processing file /opt/airflow/dags/example_dag.py for tasks to queue
[2025-12-20T14:55:45.864+0000] {logging_mixin.py:188} INFO - [2025-12-20T14:55:45.863+0000] {dagbag.py:538} INFO - Filling up the DagBag from /opt/airflow/dags/example_dag.py
[2025-12-20T14:55:45.874+0000] {processor.py:840} INFO - DAG(s) 'example_dag' retrieved from /opt/airflow/dags/example_dag.py
[2025-12-20T14:55:45.895+0000] {logging_mixin.py:188} INFO - [2025-12-20T14:55:45.895+0000] {dag.py:3033} INFO - Sync 1 DAGs
[2025-12-20T14:55:45.910+0000] {logging_mixin.py:188} INFO - [2025-12-20T14:55:45.910+0000] {dag.py:3820} INFO - Setting next_dagrun for example_dag to 2025-12-20T00:00:00+00:00, run_after=2025-12-21T00:00:00+00:00
[2025-12-20T14:55:45.920+0000] {processor.py:183} INFO - Processing /opt/airflow/dags/example_dag.py took 0.061 seconds
[2025-12-20T14:56:16.197+0000] {processor.py:161} INFO - Started process (PID=769) to work on /opt/airflow/dags/example_dag.py
[2025-12-20T14:56:16.198+0000] {processor.py:830} INFO - Processing file /opt/airflow/dags/example_dag.py for tasks to queue
[2025-12-20T14:56:16.199+0000] {logging_mixin.py:188} INFO - [2025-12-20T14:56:16.199+0000] {dagbag.py:538} INFO - Filling up the DagBag from /opt/airflow/dags/example_dag.py
[2025-12-20T14:56:16.222+0000] {processor.py:840} INFO - DAG(s) 'example_dag' retrieved from /opt/airflow/dags/example_dag.py
[2025-12-20T14:56:16.257+0000] {logging_mixin.py:188} INFO - [2025-12-20T14:56:16.257+0000] {dag.py:3033} INFO - Sync 1 DAGs
[2025-12-20T14:56:16.276+0000] {logging_mixin.py:188} INFO - [2025-12-20T14:56:16.276+0000] {dag.py:3820} INFO - Setting next_dagrun for example_dag to 2025-12-20T00:00:00+00:00, run_after=2025-12-21T00:00:00+00:00
[2025-12-20T14:56:16.297+0000] {processor.py:183} INFO - Processing /opt/airflow/dags/example_dag.py took 0.106 seconds
[2025-12-20T14:56:46.482+0000] {processor.py:161} INFO - Started process (PID=777) to work on /opt/airflow/dags/example_dag.py
[2025-12-20T14:56:46.482+0000] {processor.py:830} INFO - Processing file /opt/airflow/dags/example_dag.py for tasks to queue
[2025-12-20T14:56:46.483+0000] {logging_mixin.py:188} INFO - [2025-12-20T14:56:46.483+0000] {dagbag.py:538} INFO - Filling up the DagBag from /opt/airflow/dags/example_dag.py
[2025-12-20T14:56:46.496+0000] {processor.py:840} INFO - DAG(s) 'example_dag' retrieved from /opt/airflow/dags/example_dag.py
[2025-12-20T14:56:46.519+0000] {logging_mixin.py:188} INFO - [2025-12-20T14:56:46.519+0000] {dag.py:3033} INFO - Sync 1 DAGs
[2025-12-20T14:56:46.533+0000] {logging_mixin.py:188} INFO - [2025-12-20T14:56:46.533+0000] {dag.py:3820} INFO - Setting next_dagrun for example_dag to 2025-12-20T00:00:00+00:00, run_after=2025-12-21T00:00:00+00:00
[2025-12-20T14:56:46.544+0000] {processor.py:183} INFO - Processing /opt/airflow/dags/example_dag.py took 0.066 seconds
[2025-12-20T14:57:16.843+0000] {processor.py:161} INFO - Started process (PID=785) to work on /opt/airflow/dags/example_dag.py
[2025-12-20T14:57:16.843+0000] {processor.py:830} INFO - Processing file /opt/airflow/dags/example_dag.py for tasks to queue
[2025-12-20T14:57:16.845+0000] {logging_mixin.py:188} INFO - [2025-12-20T14:57:16.844+0000] {dagbag.py:538} INFO - Filling up the DagBag from /opt/airflow/dags/example_dag.py
[2025-12-20T14:57:16.865+0000] {processor.py:840} INFO - DAG(s) 'example_dag' retrieved from /opt/airflow/dags/example_dag.py
[2025-12-20T14:57:16.898+0000] {logging_mixin.py:188} INFO - [2025-12-20T14:57:16.898+0000] {dag.py:3033} INFO - Sync 1 DAGs
[2025-12-20T14:57:16.919+0000] {logging_mixin.py:188} INFO - [2025-12-20T14:57:16.919+0000] {dag.py:3820} INFO - Setting next_dagrun for example_dag to 2025-12-20T00:00:00+00:00, run_after=2025-12-21T00:00:00+00:00
[2025-12-20T14:57:16.931+0000] {processor.py:183} INFO - Processing /opt/airflow/dags/example_dag.py took 0.096 seconds
[2025-12-20T14:57:47.124+0000] {processor.py:161} INFO - Started process (PID=793) to work on /opt/airflow/dags/example_dag.py
[2025-12-20T14:57:47.124+0000] {processor.py:830} INFO - Processing file /opt/airflow/dags/example_dag.py for tasks to queue
[2025-12-20T14:57:47.125+0000] {logging_mixin.py:188} INFO - [2025-12-20T14:57:47.125+0000] {dagbag.py:538} INFO - Filling up the DagBag from /opt/airflow/dags/example_dag.py
[2025-12-20T14:57:47.135+0000] {processor.py:840} INFO - DAG(s) 'example_dag' retrieved from /opt/airflow/dags/example_dag.py
[2025-12-20T14:57:47.157+0000] {logging_mixin.py:188} INFO - [2025-12-20T14:57:47.157+0000] {dag.py:3033} INFO - Sync 1 DAGs
[2025-12-20T14:57:47.171+0000] {logging_mixin.py:188} INFO - [2025-12-20T14:57:47.171+0000] {dag.py:3820} INFO - Setting next_dagrun for example_dag to 2025-12-20T00:00:00+00:00, run_after=2025-12-21T00:00:00+00:00
[2025-12-20T14:57:47.183+0000] {processor.py:183} INFO - Processing /opt/airflow/dags/example_dag.py took 0.062 seconds
[2025-12-20T14:58:17.493+0000] {processor.py:161} INFO - Started process (PID=801) to work on /opt/airflow/dags/example_dag.py
[2025-12-20T14:58:17.494+0000] {processor.py:830} INFO - Processing file /opt/airflow/dags/example_dag.py for tasks to queue
[2025-12-20T14:58:17.496+0000] {logging_mixin.py:188} INFO - [2025-12-20T14:58:17.495+0000] {dagbag.py:538} INFO - Filling up the DagBag from /opt/airflow/dags/example_dag.py
[2025-12-20T14:58:17.517+0000] {processor.py:840} INFO - DAG(s) 'example_dag' retrieved from /opt/airflow/dags/example_dag.py
[2025-12-20T14:58:17.551+0000] {logging_mixin.py:188} INFO - [2025-12-20T14:58:17.551+0000] {dag.py:3033} INFO - Sync 1 DAGs
[2025-12-20T14:58:17.574+0000] {logging_mixin.py:188} INFO - [2025-12-20T14:58:17.574+0000] {dag.py:3820} INFO - Setting next_dagrun for example_dag to 2025-12-20T00:00:00+00:00, run_after=2025-12-21T00:00:00+00:00
[2025-12-20T14:58:17.590+0000] {processor.py:183} INFO - Processing /opt/airflow/dags/example_dag.py took 0.103 seconds
[2025-12-20T14:58:47.768+0000] {processor.py:161} INFO - Started process (PID=809) to work on /opt/airflow/dags/example_dag.py
[2025-12-20T14:58:47.769+0000] {processor.py:830} INFO - Processing file /opt/airflow/dags/example_dag.py for tasks to queue
[2025-12-20T14:58:47.770+0000] {logging_mixin.py:188} INFO - [2025-12-20T14:58:47.769+0000] {dagbag.py:538} INFO - Filling up the DagBag from /opt/airflow/dags/example_dag.py
[2025-12-20T14:58:47.779+0000] {processor.py:840} INFO - DAG(s) 'example_dag' retrieved from /opt/airflow/dags/example_dag.py
[2025-12-20T14:58:47.803+0000] {logging_mixin.py:188} INFO - [2025-12-20T14:58:47.802+0000] {dag.py:3033} INFO - Sync 1 DAGs
[2025-12-20T14:58:47.819+0000] {logging_mixin.py:188} INFO - [2025-12-20T14:58:47.819+0000] {dag.py:3820} INFO - Setting next_dagrun for example_dag to 2025-12-20T00:00:00+00:00, run_after=2025-12-21T00:00:00+00:00
[2025-12-20T14:58:47.831+0000] {processor.py:183} INFO - Processing /opt/airflow/dags/example_dag.py took 0.066 seconds
[2025-12-20T14:59:18.099+0000] {processor.py:161} INFO - Started process (PID=817) to work on /opt/airflow/dags/example_dag.py
[2025-12-20T14:59:18.100+0000] {processor.py:830} INFO - Processing file /opt/airflow/dags/example_dag.py for tasks to queue
[2025-12-20T14:59:18.101+0000] {logging_mixin.py:188} INFO - [2025-12-20T14:59:18.101+0000] {dagbag.py:538} INFO - Filling up the DagBag from /opt/airflow/dags/example_dag.py
[2025-12-20T14:59:18.122+0000] {processor.py:840} INFO - DAG(s) 'example_dag' retrieved from /opt/airflow/dags/example_dag.py
[2025-12-20T14:59:18.157+0000] {logging_mixin.py:188} INFO - [2025-12-20T14:59:18.157+0000] {dag.py:3033} INFO - Sync 1 DAGs
[2025-12-20T14:59:18.175+0000] {logging_mixin.py:188} INFO - [2025-12-20T14:59:18.174+0000] {dag.py:3820} INFO - Setting next_dagrun for example_dag to 2025-12-20T00:00:00+00:00, run_after=2025-12-21T00:00:00+00:00
[2025-12-20T14:59:18.195+0000] {processor.py:183} INFO - Processing /opt/airflow/dags/example_dag.py took 0.102 seconds
[2025-12-20T14:59:48.388+0000] {processor.py:161} INFO - Started process (PID=825) to work on /opt/airflow/dags/example_dag.py
[2025-12-20T14:59:48.388+0000] {processor.py:830} INFO - Processing file /opt/airflow/dags/example_dag.py for tasks to queue
[2025-12-20T14:59:48.389+0000] {logging_mixin.py:188} INFO - [2025-12-20T14:59:48.389+0000] {dagbag.py:538} INFO - Filling up the DagBag from /opt/airflow/dags/example_dag.py
[2025-12-20T14:59:48.401+0000] {processor.py:840} INFO - DAG(s) 'example_dag' retrieved from /opt/airflow/dags/example_dag.py
[2025-12-20T14:59:48.431+0000] {logging_mixin.py:188} INFO - [2025-12-20T14:59:48.431+0000] {dag.py:3033} INFO - Sync 1 DAGs
[2025-12-20T14:59:48.445+0000] {logging_mixin.py:188} INFO - [2025-12-20T14:59:48.445+0000] {dag.py:3820} INFO - Setting next_dagrun for example_dag to 2025-12-20T00:00:00+00:00, run_after=2025-12-21T00:00:00+00:00
[2025-12-20T14:59:48.456+0000] {processor.py:183} INFO - Processing /opt/airflow/dags/example_dag.py took 0.075 seconds
[2025-12-20T15:00:18.761+0000] {processor.py:161} INFO - Started process (PID=833) to work on /opt/airflow/dags/example_dag.py
[2025-12-20T15:00:18.762+0000] {processor.py:830} INFO - Processing file /opt/airflow/dags/example_dag.py for tasks to queue
[2025-12-20T15:00:18.762+0000] {logging_mixin.py:188} INFO - [2025-12-20T15:00:18.762+0000] {dagbag.py:538} INFO - Filling up the DagBag from /opt/airflow/dags/example_dag.py
[2025-12-20T15:00:18.783+0000] {processor.py:840} INFO - DAG(s) 'example_dag' retrieved from /opt/airflow/dags/example_dag.py
[2025-12-20T15:00:18.813+0000] {logging_mixin.py:188} INFO - [2025-12-20T15:00:18.813+0000] {dag.py:3033} INFO - Sync 1 DAGs
[2025-12-20T15:00:18.834+0000] {logging_mixin.py:188} INFO - [2025-12-20T15:00:18.833+0000] {dag.py:3820} INFO - Setting next_dagrun for example_dag to 2025-12-20T00:00:00+00:00, run_after=2025-12-21T00:00:00+00:00
[2025-12-20T15:00:18.847+0000] {processor.py:183} INFO - Processing /opt/airflow/dags/example_dag.py took 0.090 seconds
[2025-12-20T15:00:49.046+0000] {processor.py:161} INFO - Started process (PID=841) to work on /opt/airflow/dags/example_dag.py
[2025-12-20T15:00:49.047+0000] {processor.py:830} INFO - Processing file /opt/airflow/dags/example_dag.py for tasks to queue
[2025-12-20T15:00:49.048+0000] {logging_mixin.py:188} INFO - [2025-12-20T15:00:49.048+0000] {dagbag.py:538} INFO - Filling up the DagBag from /opt/airflow/dags/example_dag.py
[2025-12-20T15:00:49.060+0000] {processor.py:840} INFO - DAG(s) 'example_dag' retrieved from /opt/airflow/dags/example_dag.py
[2025-12-20T15:00:49.087+0000] {logging_mixin.py:188} INFO - [2025-12-20T15:00:49.087+0000] {dag.py:3033} INFO - Sync 1 DAGs
[2025-12-20T15:00:49.103+0000] {logging_mixin.py:188} INFO - [2025-12-20T15:00:49.103+0000] {dag.py:3820} INFO - Setting next_dagrun for example_dag to 2025-12-20T00:00:00+00:00, run_after=2025-12-21T00:00:00+00:00
[2025-12-20T15:00:49.114+0000] {processor.py:183} INFO - Processing /opt/airflow/dags/example_dag.py took 0.075 seconds
[2025-12-20T15:01:19.338+0000] {processor.py:161} INFO - Started process (PID=849) to work on /opt/airflow/dags/example_dag.py
[2025-12-20T15:01:19.340+0000] {processor.py:830} INFO - Processing file /opt/airflow/dags/example_dag.py for tasks to queue
[2025-12-20T15:01:19.341+0000] {logging_mixin.py:188} INFO - [2025-12-20T15:01:19.340+0000] {dagbag.py:538} INFO - Filling up the DagBag from /opt/airflow/dags/example_dag.py
[2025-12-20T15:01:19.358+0000] {processor.py:840} INFO - DAG(s) 'example_dag' retrieved from /opt/airflow/dags/example_dag.py
[2025-12-20T15:01:19.389+0000] {logging_mixin.py:188} INFO - [2025-12-20T15:01:19.389+0000] {dag.py:3033} INFO - Sync 1 DAGs
[2025-12-20T15:01:19.409+0000] {logging_mixin.py:188} INFO - [2025-12-20T15:01:19.409+0000] {dag.py:3820} INFO - Setting next_dagrun for example_dag to 2025-12-20T00:00:00+00:00, run_after=2025-12-21T00:00:00+00:00
[2025-12-20T15:01:19.421+0000] {processor.py:183} INFO - Processing /opt/airflow/dags/example_dag.py took 0.088 seconds
[2025-12-20T15:01:49.617+0000] {processor.py:161} INFO - Started process (PID=856) to work on /opt/airflow/dags/example_dag.py
[2025-12-20T15:01:49.617+0000] {processor.py:830} INFO - Processing file /opt/airflow/dags/example_dag.py for tasks to queue
[2025-12-20T15:01:49.618+0000] {logging_mixin.py:188} INFO - [2025-12-20T15:01:49.618+0000] {dagbag.py:538} INFO - Filling up the DagBag from /opt/airflow/dags/example_dag.py
[2025-12-20T15:01:49.626+0000] {processor.py:840} INFO - DAG(s) 'example_dag' retrieved from /opt/airflow/dags/example_dag.py
[2025-12-20T15:01:49.647+0000] {logging_mixin.py:188} INFO - [2025-12-20T15:01:49.647+0000] {dag.py:3033} INFO - Sync 1 DAGs
[2025-12-20T15:01:49.661+0000] {logging_mixin.py:188} INFO - [2025-12-20T15:01:49.661+0000] {dag.py:3820} INFO - Setting next_dagrun for example_dag to 2025-12-20T00:00:00+00:00, run_after=2025-12-21T00:00:00+00:00
[2025-12-20T15:01:49.671+0000] {processor.py:183} INFO - Processing /opt/airflow/dags/example_dag.py took 0.057 seconds
[2025-12-20T15:02:19.893+0000] {processor.py:161} INFO - Started process (PID=864) to work on /opt/airflow/dags/example_dag.py
[2025-12-20T15:02:19.894+0000] {processor.py:830} INFO - Processing file /opt/airflow/dags/example_dag.py for tasks to queue
[2025-12-20T15:02:19.895+0000] {logging_mixin.py:188} INFO - [2025-12-20T15:02:19.894+0000] {dagbag.py:538} INFO - Filling up the DagBag from /opt/airflow/dags/example_dag.py
[2025-12-20T15:02:19.909+0000] {processor.py:840} INFO - DAG(s) 'example_dag' retrieved from /opt/airflow/dags/example_dag.py
[2025-12-20T15:02:19.939+0000] {logging_mixin.py:188} INFO - [2025-12-20T15:02:19.938+0000] {dag.py:3033} INFO - Sync 1 DAGs
[2025-12-20T15:02:19.957+0000] {logging_mixin.py:188} INFO - [2025-12-20T15:02:19.957+0000] {dag.py:3820} INFO - Setting next_dagrun for example_dag to 2025-12-20T00:00:00+00:00, run_after=2025-12-21T00:00:00+00:00
[2025-12-20T15:02:19.969+0000] {processor.py:183} INFO - Processing /opt/airflow/dags/example_dag.py took 0.080 seconds
[2025-12-20T15:02:50.186+0000] {processor.py:161} INFO - Started process (PID=872) to work on /opt/airflow/dags/example_dag.py
[2025-12-20T15:02:50.186+0000] {processor.py:830} INFO - Processing file /opt/airflow/dags/example_dag.py for tasks to queue
[2025-12-20T15:02:50.187+0000] {logging_mixin.py:188} INFO - [2025-12-20T15:02:50.187+0000] {dagbag.py:538} INFO - Filling up the DagBag from /opt/airflow/dags/example_dag.py
[2025-12-20T15:02:50.194+0000] {processor.py:840} INFO - DAG(s) 'example_dag' retrieved from /opt/airflow/dags/example_dag.py
[2025-12-20T15:02:50.216+0000] {logging_mixin.py:188} INFO - [2025-12-20T15:02:50.216+0000] {dag.py:3033} INFO - Sync 1 DAGs
[2025-12-20T15:02:50.232+0000] {logging_mixin.py:188} INFO - [2025-12-20T15:02:50.232+0000] {dag.py:3820} INFO - Setting next_dagrun for example_dag to 2025-12-20T00:00:00+00:00, run_after=2025-12-21T00:00:00+00:00
[2025-12-20T15:02:50.243+0000] {processor.py:183} INFO - Processing /opt/airflow/dags/example_dag.py took 0.060 seconds
[2025-12-20T15:03:20.490+0000] {processor.py:161} INFO - Started process (PID=880) to work on /opt/airflow/dags/example_dag.py
[2025-12-20T15:03:20.491+0000] {processor.py:830} INFO - Processing file /opt/airflow/dags/example_dag.py for tasks to queue
[2025-12-20T15:03:20.491+0000] {logging_mixin.py:188} INFO - [2025-12-20T15:03:20.491+0000] {dagbag.py:538} INFO - Filling up the DagBag from /opt/airflow/dags/example_dag.py
[2025-12-20T15:03:20.506+0000] {processor.py:840} INFO - DAG(s) 'example_dag' retrieved from /opt/airflow/dags/example_dag.py
[2025-12-20T15:03:20.539+0000] {logging_mixin.py:188} INFO - [2025-12-20T15:03:20.539+0000] {dag.py:3033} INFO - Sync 1 DAGs
[2025-12-20T15:03:20.556+0000] {logging_mixin.py:188} INFO - [2025-12-20T15:03:20.555+0000] {dag.py:3820} INFO - Setting next_dagrun for example_dag to 2025-12-20T00:00:00+00:00, run_after=2025-12-21T00:00:00+00:00
[2025-12-20T15:03:20.567+0000] {processor.py:183} INFO - Processing /opt/airflow/dags/example_dag.py took 0.081 seconds
[2025-12-20T15:03:50.756+0000] {processor.py:161} INFO - Started process (PID=888) to work on /opt/airflow/dags/example_dag.py
[2025-12-20T15:03:50.757+0000] {processor.py:830} INFO - Processing file /opt/airflow/dags/example_dag.py for tasks to queue
[2025-12-20T15:03:50.758+0000] {logging_mixin.py:188} INFO - [2025-12-20T15:03:50.757+0000] {dagbag.py:538} INFO - Filling up the DagBag from /opt/airflow/dags/example_dag.py
[2025-12-20T15:03:50.768+0000] {processor.py:840} INFO - DAG(s) 'example_dag' retrieved from /opt/airflow/dags/example_dag.py
[2025-12-20T15:03:50.786+0000] {logging_mixin.py:188} INFO - [2025-12-20T15:03:50.786+0000] {dag.py:3033} INFO - Sync 1 DAGs
[2025-12-20T15:03:50.798+0000] {logging_mixin.py:188} INFO - [2025-12-20T15:03:50.798+0000] {dag.py:3820} INFO - Setting next_dagrun for example_dag to 2025-12-20T00:00:00+00:00, run_after=2025-12-21T00:00:00+00:00
[2025-12-20T15:03:50.808+0000] {processor.py:183} INFO - Processing /opt/airflow/dags/example_dag.py took 0.057 seconds
[2025-12-20T15:04:21.030+0000] {processor.py:161} INFO - Started process (PID=896) to work on /opt/airflow/dags/example_dag.py
[2025-12-20T15:04:21.030+0000] {processor.py:830} INFO - Processing file /opt/airflow/dags/example_dag.py for tasks to queue
[2025-12-20T15:04:21.031+0000] {logging_mixin.py:188} INFO - [2025-12-20T15:04:21.031+0000] {dagbag.py:538} INFO - Filling up the DagBag from /opt/airflow/dags/example_dag.py
[2025-12-20T15:04:21.049+0000] {processor.py:840} INFO - DAG(s) 'example_dag' retrieved from /opt/airflow/dags/example_dag.py
[2025-12-20T15:04:21.076+0000] {logging_mixin.py:188} INFO - [2025-12-20T15:04:21.076+0000] {dag.py:3033} INFO - Sync 1 DAGs
[2025-12-20T15:04:21.093+0000] {logging_mixin.py:188} INFO - [2025-12-20T15:04:21.092+0000] {dag.py:3820} INFO - Setting next_dagrun for example_dag to 2025-12-20T00:00:00+00:00, run_after=2025-12-21T00:00:00+00:00
[2025-12-20T15:04:21.104+0000] {processor.py:183} INFO - Processing /opt/airflow/dags/example_dag.py took 0.079 seconds
[2025-12-20T15:04:51.290+0000] {processor.py:161} INFO - Started process (PID=904) to work on /opt/airflow/dags/example_dag.py
[2025-12-20T15:04:51.290+0000] {processor.py:830} INFO - Processing file /opt/airflow/dags/example_dag.py for tasks to queue
[2025-12-20T15:04:51.291+0000] {logging_mixin.py:188} INFO - [2025-12-20T15:04:51.291+0000] {dagbag.py:538} INFO - Filling up the DagBag from /opt/airflow/dags/example_dag.py
[2025-12-20T15:04:51.299+0000] {processor.py:840} INFO - DAG(s) 'example_dag' retrieved from /opt/airflow/dags/example_dag.py
[2025-12-20T15:04:51.319+0000] {logging_mixin.py:188} INFO - [2025-12-20T15:04:51.319+0000] {dag.py:3033} INFO - Sync 1 DAGs
[2025-12-20T15:04:51.332+0000] {logging_mixin.py:188} INFO - [2025-12-20T15:04:51.332+0000] {dag.py:3820} INFO - Setting next_dagrun for example_dag to 2025-12-20T00:00:00+00:00, run_after=2025-12-21T00:00:00+00:00
[2025-12-20T15:04:51.342+0000] {processor.py:183} INFO - Processing /opt/airflow/dags/example_dag.py took 0.055 seconds
[2025-12-20T15:05:21.588+0000] {processor.py:161} INFO - Started process (PID=912) to work on /opt/airflow/dags/example_dag.py
[2025-12-20T15:05:21.589+0000] {processor.py:830} INFO - Processing file /opt/airflow/dags/example_dag.py for tasks to queue
[2025-12-20T15:05:21.590+0000] {logging_mixin.py:188} INFO - [2025-12-20T15:05:21.589+0000] {dagbag.py:538} INFO - Filling up the DagBag from /opt/airflow/dags/example_dag.py
[2025-12-20T15:05:21.614+0000] {processor.py:840} INFO - DAG(s) 'example_dag' retrieved from /opt/airflow/dags/example_dag.py
[2025-12-20T15:05:21.652+0000] {logging_mixin.py:188} INFO - [2025-12-20T15:05:21.652+0000] {dag.py:3033} INFO - Sync 1 DAGs
[2025-12-20T15:05:21.675+0000] {logging_mixin.py:188} INFO - [2025-12-20T15:05:21.675+0000] {dag.py:3820} INFO - Setting next_dagrun for example_dag to 2025-12-20T00:00:00+00:00, run_after=2025-12-21T00:00:00+00:00
[2025-12-20T15:05:21.688+0000] {processor.py:183} INFO - Processing /opt/airflow/dags/example_dag.py took 0.108 seconds
[2025-12-20T15:05:51.913+0000] {processor.py:161} INFO - Started process (PID=920) to work on /opt/airflow/dags/example_dag.py
[2025-12-20T15:05:51.914+0000] {processor.py:830} INFO - Processing file /opt/airflow/dags/example_dag.py for tasks to queue
[2025-12-20T15:05:51.915+0000] {logging_mixin.py:188} INFO - [2025-12-20T15:05:51.915+0000] {dagbag.py:538} INFO - Filling up the DagBag from /opt/airflow/dags/example_dag.py
[2025-12-20T15:05:51.924+0000] {processor.py:840} INFO - DAG(s) 'example_dag' retrieved from /opt/airflow/dags/example_dag.py
[2025-12-20T15:05:51.944+0000] {logging_mixin.py:188} INFO - [2025-12-20T15:05:51.944+0000] {dag.py:3033} INFO - Sync 1 DAGs
[2025-12-20T15:05:51.956+0000] {logging_mixin.py:188} INFO - [2025-12-20T15:05:51.956+0000] {dag.py:3820} INFO - Setting next_dagrun for example_dag to 2025-12-20T00:00:00+00:00, run_after=2025-12-21T00:00:00+00:00
[2025-12-20T15:05:51.966+0000] {processor.py:183} INFO - Processing /opt/airflow/dags/example_dag.py took 0.058 seconds
[2025-12-20T15:06:22.226+0000] {processor.py:161} INFO - Started process (PID=928) to work on /opt/airflow/dags/example_dag.py
[2025-12-20T15:06:22.227+0000] {processor.py:830} INFO - Processing file /opt/airflow/dags/example_dag.py for tasks to queue
[2025-12-20T15:06:22.228+0000] {logging_mixin.py:188} INFO - [2025-12-20T15:06:22.228+0000] {dagbag.py:538} INFO - Filling up the DagBag from /opt/airflow/dags/example_dag.py
[2025-12-20T15:06:22.251+0000] {processor.py:840} INFO - DAG(s) 'example_dag' retrieved from /opt/airflow/dags/example_dag.py
[2025-12-20T15:06:22.289+0000] {logging_mixin.py:188} INFO - [2025-12-20T15:06:22.289+0000] {dag.py:3033} INFO - Sync 1 DAGs
[2025-12-20T15:06:22.312+0000] {logging_mixin.py:188} INFO - [2025-12-20T15:06:22.312+0000] {dag.py:3820} INFO - Setting next_dagrun for example_dag to 2025-12-20T00:00:00+00:00, run_after=2025-12-21T00:00:00+00:00
[2025-12-20T15:06:22.327+0000] {processor.py:183} INFO - Processing /opt/airflow/dags/example_dag.py took 0.107 seconds
[2025-12-20T15:06:52.551+0000] {processor.py:161} INFO - Started process (PID=936) to work on /opt/airflow/dags/example_dag.py
[2025-12-20T15:06:52.551+0000] {processor.py:830} INFO - Processing file /opt/airflow/dags/example_dag.py for tasks to queue
[2025-12-20T15:06:52.552+0000] {logging_mixin.py:188} INFO - [2025-12-20T15:06:52.552+0000] {dagbag.py:538} INFO - Filling up the DagBag from /opt/airflow/dags/example_dag.py
[2025-12-20T15:06:52.558+0000] {processor.py:840} INFO - DAG(s) 'example_dag' retrieved from /opt/airflow/dags/example_dag.py
[2025-12-20T15:06:52.576+0000] {logging_mixin.py:188} INFO - [2025-12-20T15:06:52.575+0000] {dag.py:3033} INFO - Sync 1 DAGs
[2025-12-20T15:06:52.587+0000] {logging_mixin.py:188} INFO - [2025-12-20T15:06:52.587+0000] {dag.py:3820} INFO - Setting next_dagrun for example_dag to 2025-12-20T00:00:00+00:00, run_after=2025-12-21T00:00:00+00:00
[2025-12-20T15:06:52.597+0000] {processor.py:183} INFO - Processing /opt/airflow/dags/example_dag.py took 0.048 seconds
[2025-12-20T15:07:22.847+0000] {processor.py:161} INFO - Started process (PID=944) to work on /opt/airflow/dags/example_dag.py
[2025-12-20T15:07:22.848+0000] {processor.py:830} INFO - Processing file /opt/airflow/dags/example_dag.py for tasks to queue
[2025-12-20T15:07:22.849+0000] {logging_mixin.py:188} INFO - [2025-12-20T15:07:22.848+0000] {dagbag.py:538} INFO - Filling up the DagBag from /opt/airflow/dags/example_dag.py
[2025-12-20T15:07:22.866+0000] {processor.py:840} INFO - DAG(s) 'example_dag' retrieved from /opt/airflow/dags/example_dag.py
[2025-12-20T15:07:22.901+0000] {logging_mixin.py:188} INFO - [2025-12-20T15:07:22.901+0000] {dag.py:3033} INFO - Sync 1 DAGs
[2025-12-20T15:07:22.921+0000] {logging_mixin.py:188} INFO - [2025-12-20T15:07:22.921+0000] {dag.py:3820} INFO - Setting next_dagrun for example_dag to 2025-12-20T00:00:00+00:00, run_after=2025-12-21T00:00:00+00:00
[2025-12-20T15:07:22.933+0000] {processor.py:183} INFO - Processing /opt/airflow/dags/example_dag.py took 0.090 seconds
[2025-12-20T15:07:53.162+0000] {processor.py:161} INFO - Started process (PID=952) to work on /opt/airflow/dags/example_dag.py
[2025-12-20T15:07:53.162+0000] {processor.py:830} INFO - Processing file /opt/airflow/dags/example_dag.py for tasks to queue
[2025-12-20T15:07:53.163+0000] {logging_mixin.py:188} INFO - [2025-12-20T15:07:53.163+0000] {dagbag.py:538} INFO - Filling up the DagBag from /opt/airflow/dags/example_dag.py
[2025-12-20T15:07:53.169+0000] {processor.py:840} INFO - DAG(s) 'example_dag' retrieved from /opt/airflow/dags/example_dag.py
[2025-12-20T15:07:53.186+0000] {logging_mixin.py:188} INFO - [2025-12-20T15:07:53.186+0000] {dag.py:3033} INFO - Sync 1 DAGs
[2025-12-20T15:07:53.198+0000] {logging_mixin.py:188} INFO - [2025-12-20T15:07:53.198+0000] {dag.py:3820} INFO - Setting next_dagrun for example_dag to 2025-12-20T00:00:00+00:00, run_after=2025-12-21T00:00:00+00:00
[2025-12-20T15:07:53.208+0000] {processor.py:183} INFO - Processing /opt/airflow/dags/example_dag.py took 0.048 seconds
[2025-12-20T15:08:23.508+0000] {processor.py:161} INFO - Started process (PID=960) to work on /opt/airflow/dags/example_dag.py
[2025-12-20T15:08:23.509+0000] {processor.py:830} INFO - Processing file /opt/airflow/dags/example_dag.py for tasks to queue
[2025-12-20T15:08:23.510+0000] {logging_mixin.py:188} INFO - [2025-12-20T15:08:23.510+0000] {dagbag.py:538} INFO - Filling up the DagBag from /opt/airflow/dags/example_dag.py
[2025-12-20T15:08:23.525+0000] {processor.py:840} INFO - DAG(s) 'example_dag' retrieved from /opt/airflow/dags/example_dag.py
[2025-12-20T15:08:23.552+0000] {logging_mixin.py:188} INFO - [2025-12-20T15:08:23.552+0000] {dag.py:3033} INFO - Sync 1 DAGs
[2025-12-20T15:08:23.568+0000] {logging_mixin.py:188} INFO - [2025-12-20T15:08:23.568+0000] {dag.py:3820} INFO - Setting next_dagrun for example_dag to 2025-12-20T00:00:00+00:00, run_after=2025-12-21T00:00:00+00:00
[2025-12-20T15:08:23.580+0000] {processor.py:183} INFO - Processing /opt/airflow/dags/example_dag.py took 0.077 seconds
[2025-12-20T15:08:53.855+0000] {processor.py:161} INFO - Started process (PID=968) to work on /opt/airflow/dags/example_dag.py
[2025-12-20T15:08:53.856+0000] {processor.py:830} INFO - Processing file /opt/airflow/dags/example_dag.py for tasks to queue
[2025-12-20T15:08:53.856+0000] {logging_mixin.py:188} INFO - [2025-12-20T15:08:53.856+0000] {dagbag.py:538} INFO - Filling up the DagBag from /opt/airflow/dags/example_dag.py
[2025-12-20T15:08:53.866+0000] {processor.py:840} INFO - DAG(s) 'example_dag' retrieved from /opt/airflow/dags/example_dag.py
[2025-12-20T15:08:53.891+0000] {logging_mixin.py:188} INFO - [2025-12-20T15:08:53.891+0000] {dag.py:3033} INFO - Sync 1 DAGs
[2025-12-20T15:08:53.907+0000] {logging_mixin.py:188} INFO - [2025-12-20T15:08:53.907+0000] {dag.py:3820} INFO - Setting next_dagrun for example_dag to 2025-12-20T00:00:00+00:00, run_after=2025-12-21T00:00:00+00:00
[2025-12-20T15:08:53.918+0000] {processor.py:183} INFO - Processing /opt/airflow/dags/example_dag.py took 0.066 seconds
[2025-12-20T15:09:24.173+0000] {processor.py:161} INFO - Started process (PID=976) to work on /opt/airflow/dags/example_dag.py
[2025-12-20T15:09:24.173+0000] {processor.py:830} INFO - Processing file /opt/airflow/dags/example_dag.py for tasks to queue
[2025-12-20T15:09:24.173+0000] {logging_mixin.py:188} INFO - [2025-12-20T15:09:24.173+0000] {dagbag.py:538} INFO - Filling up the DagBag from /opt/airflow/dags/example_dag.py
[2025-12-20T15:09:24.183+0000] {processor.py:840} INFO - DAG(s) 'example_dag' retrieved from /opt/airflow/dags/example_dag.py
[2025-12-20T15:09:24.201+0000] {logging_mixin.py:188} INFO - [2025-12-20T15:09:24.201+0000] {dag.py:3033} INFO - Sync 1 DAGs
[2025-12-20T15:09:24.214+0000] {logging_mixin.py:188} INFO - [2025-12-20T15:09:24.214+0000] {dag.py:3820} INFO - Setting next_dagrun for example_dag to 2025-12-20T00:00:00+00:00, run_after=2025-12-21T00:00:00+00:00
[2025-12-20T15:09:24.223+0000] {processor.py:183} INFO - Processing /opt/airflow/dags/example_dag.py took 0.053 seconds
[2025-12-20T15:09:54.505+0000] {processor.py:161} INFO - Started process (PID=984) to work on /opt/airflow/dags/example_dag.py
[2025-12-20T15:09:54.506+0000] {processor.py:830} INFO - Processing file /opt/airflow/dags/example_dag.py for tasks to queue
[2025-12-20T15:09:54.506+0000] {logging_mixin.py:188} INFO - [2025-12-20T15:09:54.506+0000] {dagbag.py:538} INFO - Filling up the DagBag from /opt/airflow/dags/example_dag.py
[2025-12-20T15:09:54.515+0000] {processor.py:840} INFO - DAG(s) 'example_dag' retrieved from /opt/airflow/dags/example_dag.py
[2025-12-20T15:09:54.539+0000] {logging_mixin.py:188} INFO - [2025-12-20T15:09:54.539+0000] {dag.py:3033} INFO - Sync 1 DAGs
[2025-12-20T15:09:54.554+0000] {logging_mixin.py:188} INFO - [2025-12-20T15:09:54.554+0000] {dag.py:3820} INFO - Setting next_dagrun for example_dag to 2025-12-20T00:00:00+00:00, run_after=2025-12-21T00:00:00+00:00
[2025-12-20T15:09:54.565+0000] {processor.py:183} INFO - Processing /opt/airflow/dags/example_dag.py took 0.062 seconds
[2025-12-20T15:10:24.853+0000] {processor.py:161} INFO - Started process (PID=991) to work on /opt/airflow/dags/example_dag.py
[2025-12-20T15:10:24.854+0000] {processor.py:830} INFO - Processing file /opt/airflow/dags/example_dag.py for tasks to queue
[2025-12-20T15:10:24.855+0000] {logging_mixin.py:188} INFO - [2025-12-20T15:10:24.855+0000] {dagbag.py:538} INFO - Filling up the DagBag from /opt/airflow/dags/example_dag.py
[2025-12-20T15:10:24.863+0000] {processor.py:840} INFO - DAG(s) 'example_dag' retrieved from /opt/airflow/dags/example_dag.py
[2025-12-20T15:10:24.882+0000] {logging_mixin.py:188} INFO - [2025-12-20T15:10:24.882+0000] {dag.py:3033} INFO - Sync 1 DAGs
[2025-12-20T15:10:24.896+0000] {logging_mixin.py:188} INFO - [2025-12-20T15:10:24.896+0000] {dag.py:3820} INFO - Setting next_dagrun for example_dag to 2025-12-20T00:00:00+00:00, run_after=2025-12-21T00:00:00+00:00
[2025-12-20T15:10:24.908+0000] {processor.py:183} INFO - Processing /opt/airflow/dags/example_dag.py took 0.056 seconds
[2025-12-20T15:10:55.186+0000] {processor.py:161} INFO - Started process (PID=999) to work on /opt/airflow/dags/example_dag.py
[2025-12-20T15:10:55.187+0000] {processor.py:830} INFO - Processing file /opt/airflow/dags/example_dag.py for tasks to queue
[2025-12-20T15:10:55.187+0000] {logging_mixin.py:188} INFO - [2025-12-20T15:10:55.187+0000] {dagbag.py:538} INFO - Filling up the DagBag from /opt/airflow/dags/example_dag.py
[2025-12-20T15:10:55.202+0000] {processor.py:840} INFO - DAG(s) 'example_dag' retrieved from /opt/airflow/dags/example_dag.py
[2025-12-20T15:10:55.231+0000] {logging_mixin.py:188} INFO - [2025-12-20T15:10:55.231+0000] {dag.py:3033} INFO - Sync 1 DAGs
[2025-12-20T15:10:55.251+0000] {logging_mixin.py:188} INFO - [2025-12-20T15:10:55.251+0000] {dag.py:3820} INFO - Setting next_dagrun for example_dag to 2025-12-20T00:00:00+00:00, run_after=2025-12-21T00:00:00+00:00
[2025-12-20T15:10:55.264+0000] {processor.py:183} INFO - Processing /opt/airflow/dags/example_dag.py took 0.081 seconds
[2025-12-20T15:11:25.485+0000] {processor.py:161} INFO - Started process (PID=1000) to work on /opt/airflow/dags/example_dag.py
[2025-12-20T15:11:25.486+0000] {processor.py:830} INFO - Processing file /opt/airflow/dags/example_dag.py for tasks to queue
[2025-12-20T15:11:25.486+0000] {logging_mixin.py:188} INFO - [2025-12-20T15:11:25.486+0000] {dagbag.py:538} INFO - Filling up the DagBag from /opt/airflow/dags/example_dag.py
[2025-12-20T15:11:25.496+0000] {processor.py:840} INFO - DAG(s) 'example_dag' retrieved from /opt/airflow/dags/example_dag.py
[2025-12-20T15:11:25.520+0000] {logging_mixin.py:188} INFO - [2025-12-20T15:11:25.520+0000] {dag.py:3033} INFO - Sync 1 DAGs
[2025-12-20T15:11:25.538+0000] {logging_mixin.py:188} INFO - [2025-12-20T15:11:25.538+0000] {dag.py:3820} INFO - Setting next_dagrun for example_dag to 2025-12-20T00:00:00+00:00, run_after=2025-12-21T00:00:00+00:00
[2025-12-20T15:11:25.551+0000] {processor.py:183} INFO - Processing /opt/airflow/dags/example_dag.py took 0.069 seconds
[2025-12-20T15:11:55.832+0000] {processor.py:161} INFO - Started process (PID=1008) to work on /opt/airflow/dags/example_dag.py
[2025-12-20T15:11:55.833+0000] {processor.py:830} INFO - Processing file /opt/airflow/dags/example_dag.py for tasks to queue
[2025-12-20T15:11:55.834+0000] {logging_mixin.py:188} INFO - [2025-12-20T15:11:55.833+0000] {dagbag.py:538} INFO - Filling up the DagBag from /opt/airflow/dags/example_dag.py
[2025-12-20T15:11:55.849+0000] {processor.py:840} INFO - DAG(s) 'example_dag' retrieved from /opt/airflow/dags/example_dag.py
[2025-12-20T15:11:55.874+0000] {logging_mixin.py:188} INFO - [2025-12-20T15:11:55.874+0000] {dag.py:3033} INFO - Sync 1 DAGs
[2025-12-20T15:11:55.892+0000] {logging_mixin.py:188} INFO - [2025-12-20T15:11:55.892+0000] {dag.py:3820} INFO - Setting next_dagrun for example_dag to 2025-12-20T00:00:00+00:00, run_after=2025-12-21T00:00:00+00:00
[2025-12-20T15:11:55.904+0000] {processor.py:183} INFO - Processing /opt/airflow/dags/example_dag.py took 0.075 seconds
[2025-12-20T15:12:26.108+0000] {processor.py:161} INFO - Started process (PID=1016) to work on /opt/airflow/dags/example_dag.py
[2025-12-20T15:12:26.109+0000] {processor.py:830} INFO - Processing file /opt/airflow/dags/example_dag.py for tasks to queue
[2025-12-20T15:12:26.110+0000] {logging_mixin.py:188} INFO - [2025-12-20T15:12:26.109+0000] {dagbag.py:538} INFO - Filling up the DagBag from /opt/airflow/dags/example_dag.py
[2025-12-20T15:12:26.122+0000] {processor.py:840} INFO - DAG(s) 'example_dag' retrieved from /opt/airflow/dags/example_dag.py
[2025-12-20T15:12:26.149+0000] {logging_mixin.py:188} INFO - [2025-12-20T15:12:26.149+0000] {dag.py:3033} INFO - Sync 1 DAGs
[2025-12-20T15:12:26.166+0000] {logging_mixin.py:188} INFO - [2025-12-20T15:12:26.166+0000] {dag.py:3820} INFO - Setting next_dagrun for example_dag to 2025-12-20T00:00:00+00:00, run_after=2025-12-21T00:00:00+00:00
[2025-12-20T15:12:26.178+0000] {processor.py:183} INFO - Processing /opt/airflow/dags/example_dag.py took 0.075 seconds
[2025-12-20T15:12:56.495+0000] {processor.py:161} INFO - Started process (PID=1024) to work on /opt/airflow/dags/example_dag.py
[2025-12-20T15:12:56.495+0000] {processor.py:830} INFO - Processing file /opt/airflow/dags/example_dag.py for tasks to queue
[2025-12-20T15:12:56.496+0000] {logging_mixin.py:188} INFO - [2025-12-20T15:12:56.496+0000] {dagbag.py:538} INFO - Filling up the DagBag from /opt/airflow/dags/example_dag.py
[2025-12-20T15:12:56.516+0000] {processor.py:840} INFO - DAG(s) 'example_dag' retrieved from /opt/airflow/dags/example_dag.py
[2025-12-20T15:12:56.549+0000] {logging_mixin.py:188} INFO - [2025-12-20T15:12:56.549+0000] {dag.py:3033} INFO - Sync 1 DAGs
[2025-12-20T15:12:56.572+0000] {logging_mixin.py:188} INFO - [2025-12-20T15:12:56.572+0000] {dag.py:3820} INFO - Setting next_dagrun for example_dag to 2025-12-20T00:00:00+00:00, run_after=2025-12-21T00:00:00+00:00
[2025-12-20T15:12:56.586+0000] {processor.py:183} INFO - Processing /opt/airflow/dags/example_dag.py took 0.096 seconds
[2025-12-20T15:13:26.821+0000] {processor.py:161} INFO - Started process (PID=1032) to work on /opt/airflow/dags/example_dag.py
[2025-12-20T15:13:26.822+0000] {processor.py:830} INFO - Processing file /opt/airflow/dags/example_dag.py for tasks to queue
[2025-12-20T15:13:26.823+0000] {logging_mixin.py:188} INFO - [2025-12-20T15:13:26.823+0000] {dagbag.py:538} INFO - Filling up the DagBag from /opt/airflow/dags/example_dag.py
[2025-12-20T15:13:26.837+0000] {processor.py:840} INFO - DAG(s) 'example_dag' retrieved from /opt/airflow/dags/example_dag.py
[2025-12-20T15:13:26.867+0000] {logging_mixin.py:188} INFO - [2025-12-20T15:13:26.867+0000] {dag.py:3033} INFO - Sync 1 DAGs
[2025-12-20T15:13:26.885+0000] {logging_mixin.py:188} INFO - [2025-12-20T15:13:26.884+0000] {dag.py:3820} INFO - Setting next_dagrun for example_dag to 2025-12-20T00:00:00+00:00, run_after=2025-12-21T00:00:00+00:00
[2025-12-20T15:13:26.897+0000] {processor.py:183} INFO - Processing /opt/airflow/dags/example_dag.py took 0.092 seconds
[2025-12-20T15:13:57.163+0000] {processor.py:161} INFO - Started process (PID=1040) to work on /opt/airflow/dags/example_dag.py
[2025-12-20T15:13:57.163+0000] {processor.py:830} INFO - Processing file /opt/airflow/dags/example_dag.py for tasks to queue
[2025-12-20T15:13:57.164+0000] {logging_mixin.py:188} INFO - [2025-12-20T15:13:57.164+0000] {dagbag.py:538} INFO - Filling up the DagBag from /opt/airflow/dags/example_dag.py
[2025-12-20T15:13:57.181+0000] {processor.py:840} INFO - DAG(s) 'example_dag' retrieved from /opt/airflow/dags/example_dag.py
[2025-12-20T15:13:57.207+0000] {logging_mixin.py:188} INFO - [2025-12-20T15:13:57.207+0000] {dag.py:3033} INFO - Sync 1 DAGs
[2025-12-20T15:13:57.223+0000] {logging_mixin.py:188} INFO - [2025-12-20T15:13:57.223+0000] {dag.py:3820} INFO - Setting next_dagrun for example_dag to 2025-12-20T00:00:00+00:00, run_after=2025-12-21T00:00:00+00:00
[2025-12-20T15:13:57.235+0000] {processor.py:183} INFO - Processing /opt/airflow/dags/example_dag.py took 0.075 seconds
[2025-12-20T15:14:27.484+0000] {processor.py:161} INFO - Started process (PID=1048) to work on /opt/airflow/dags/example_dag.py
[2025-12-20T15:14:27.484+0000] {processor.py:830} INFO - Processing file /opt/airflow/dags/example_dag.py for tasks to queue
[2025-12-20T15:14:27.485+0000] {logging_mixin.py:188} INFO - [2025-12-20T15:14:27.485+0000] {dagbag.py:538} INFO - Filling up the DagBag from /opt/airflow/dags/example_dag.py
[2025-12-20T15:14:27.493+0000] {processor.py:840} INFO - DAG(s) 'example_dag' retrieved from /opt/airflow/dags/example_dag.py
[2025-12-20T15:14:27.513+0000] {logging_mixin.py:188} INFO - [2025-12-20T15:14:27.513+0000] {dag.py:3033} INFO - Sync 1 DAGs
[2025-12-20T15:14:27.527+0000] {logging_mixin.py:188} INFO - [2025-12-20T15:14:27.527+0000] {dag.py:3820} INFO - Setting next_dagrun for example_dag to 2025-12-20T00:00:00+00:00, run_after=2025-12-21T00:00:00+00:00
[2025-12-20T15:14:27.539+0000] {processor.py:183} INFO - Processing /opt/airflow/dags/example_dag.py took 0.058 seconds
[2025-12-20T15:14:57.829+0000] {processor.py:161} INFO - Started process (PID=1056) to work on /opt/airflow/dags/example_dag.py
[2025-12-20T15:14:57.829+0000] {processor.py:830} INFO - Processing file /opt/airflow/dags/example_dag.py for tasks to queue
[2025-12-20T15:14:57.830+0000] {logging_mixin.py:188} INFO - [2025-12-20T15:14:57.829+0000] {dagbag.py:538} INFO - Filling up the DagBag from /opt/airflow/dags/example_dag.py
[2025-12-20T15:14:57.839+0000] {processor.py:840} INFO - DAG(s) 'example_dag' retrieved from /opt/airflow/dags/example_dag.py
[2025-12-20T15:14:57.859+0000] {logging_mixin.py:188} INFO - [2025-12-20T15:14:57.859+0000] {dag.py:3033} INFO - Sync 1 DAGs
[2025-12-20T15:14:57.871+0000] {logging_mixin.py:188} INFO - [2025-12-20T15:14:57.871+0000] {dag.py:3820} INFO - Setting next_dagrun for example_dag to 2025-12-20T00:00:00+00:00, run_after=2025-12-21T00:00:00+00:00
[2025-12-20T15:14:57.881+0000] {processor.py:183} INFO - Processing /opt/airflow/dags/example_dag.py took 0.055 seconds
[2025-12-20T15:15:28.130+0000] {processor.py:161} INFO - Started process (PID=1064) to work on /opt/airflow/dags/example_dag.py
[2025-12-20T15:15:28.131+0000] {processor.py:830} INFO - Processing file /opt/airflow/dags/example_dag.py for tasks to queue
[2025-12-20T15:15:28.132+0000] {logging_mixin.py:188} INFO - [2025-12-20T15:15:28.132+0000] {dagbag.py:538} INFO - Filling up the DagBag from /opt/airflow/dags/example_dag.py
[2025-12-20T15:15:28.144+0000] {processor.py:840} INFO - DAG(s) 'example_dag' retrieved from /opt/airflow/dags/example_dag.py
[2025-12-20T15:15:28.166+0000] {logging_mixin.py:188} INFO - [2025-12-20T15:15:28.166+0000] {dag.py:3033} INFO - Sync 1 DAGs
[2025-12-20T15:15:28.180+0000] {logging_mixin.py:188} INFO - [2025-12-20T15:15:28.180+0000] {dag.py:3820} INFO - Setting next_dagrun for example_dag to 2025-12-20T00:00:00+00:00, run_after=2025-12-21T00:00:00+00:00
[2025-12-20T15:15:28.191+0000] {processor.py:183} INFO - Processing /opt/airflow/dags/example_dag.py took 0.064 seconds
[2025-12-20T15:15:58.426+0000] {processor.py:161} INFO - Started process (PID=1072) to work on /opt/airflow/dags/example_dag.py
[2025-12-20T15:15:58.426+0000] {processor.py:830} INFO - Processing file /opt/airflow/dags/example_dag.py for tasks to queue
[2025-12-20T15:15:58.427+0000] {logging_mixin.py:188} INFO - [2025-12-20T15:15:58.427+0000] {dagbag.py:538} INFO - Filling up the DagBag from /opt/airflow/dags/example_dag.py
[2025-12-20T15:15:58.434+0000] {processor.py:840} INFO - DAG(s) 'example_dag' retrieved from /opt/airflow/dags/example_dag.py
[2025-12-20T15:15:58.452+0000] {logging_mixin.py:188} INFO - [2025-12-20T15:15:58.452+0000] {dag.py:3033} INFO - Sync 1 DAGs
[2025-12-20T15:15:58.465+0000] {logging_mixin.py:188} INFO - [2025-12-20T15:15:58.465+0000] {dag.py:3820} INFO - Setting next_dagrun for example_dag to 2025-12-20T00:00:00+00:00, run_after=2025-12-21T00:00:00+00:00
[2025-12-20T15:15:58.475+0000] {processor.py:183} INFO - Processing /opt/airflow/dags/example_dag.py took 0.053 seconds
[2025-12-20T15:16:28.784+0000] {processor.py:161} INFO - Started process (PID=1080) to work on /opt/airflow/dags/example_dag.py
[2025-12-20T15:16:28.785+0000] {processor.py:830} INFO - Processing file /opt/airflow/dags/example_dag.py for tasks to queue
[2025-12-20T15:16:28.786+0000] {logging_mixin.py:188} INFO - [2025-12-20T15:16:28.785+0000] {dagbag.py:538} INFO - Filling up the DagBag from /opt/airflow/dags/example_dag.py
[2025-12-20T15:16:28.800+0000] {processor.py:840} INFO - DAG(s) 'example_dag' retrieved from /opt/airflow/dags/example_dag.py
[2025-12-20T15:16:28.826+0000] {logging_mixin.py:188} INFO - [2025-12-20T15:16:28.826+0000] {dag.py:3033} INFO - Sync 1 DAGs
[2025-12-20T15:16:28.842+0000] {logging_mixin.py:188} INFO - [2025-12-20T15:16:28.842+0000] {dag.py:3820} INFO - Setting next_dagrun for example_dag to 2025-12-20T00:00:00+00:00, run_after=2025-12-21T00:00:00+00:00
[2025-12-20T15:16:28.854+0000] {processor.py:183} INFO - Processing /opt/airflow/dags/example_dag.py took 0.075 seconds
[2025-12-20T15:16:59.089+0000] {processor.py:161} INFO - Started process (PID=1088) to work on /opt/airflow/dags/example_dag.py
[2025-12-20T15:16:59.089+0000] {processor.py:830} INFO - Processing file /opt/airflow/dags/example_dag.py for tasks to queue
[2025-12-20T15:16:59.089+0000] {logging_mixin.py:188} INFO - [2025-12-20T15:16:59.089+0000] {dagbag.py:538} INFO - Filling up the DagBag from /opt/airflow/dags/example_dag.py
[2025-12-20T15:16:59.097+0000] {processor.py:840} INFO - DAG(s) 'example_dag' retrieved from /opt/airflow/dags/example_dag.py
[2025-12-20T15:16:59.118+0000] {logging_mixin.py:188} INFO - [2025-12-20T15:16:59.118+0000] {dag.py:3033} INFO - Sync 1 DAGs
[2025-12-20T15:16:59.131+0000] {logging_mixin.py:188} INFO - [2025-12-20T15:16:59.131+0000] {dag.py:3820} INFO - Setting next_dagrun for example_dag to 2025-12-20T00:00:00+00:00, run_after=2025-12-21T00:00:00+00:00
[2025-12-20T15:16:59.140+0000] {processor.py:183} INFO - Processing /opt/airflow/dags/example_dag.py took 0.054 seconds
[2025-12-20T15:17:29.463+0000] {processor.py:161} INFO - Started process (PID=1096) to work on /opt/airflow/dags/example_dag.py
[2025-12-20T15:17:29.464+0000] {processor.py:830} INFO - Processing file /opt/airflow/dags/example_dag.py for tasks to queue
[2025-12-20T15:17:29.466+0000] {logging_mixin.py:188} INFO - [2025-12-20T15:17:29.465+0000] {dagbag.py:538} INFO - Filling up the DagBag from /opt/airflow/dags/example_dag.py
[2025-12-20T15:17:29.478+0000] {processor.py:840} INFO - DAG(s) 'example_dag' retrieved from /opt/airflow/dags/example_dag.py
[2025-12-20T15:17:29.507+0000] {logging_mixin.py:188} INFO - [2025-12-20T15:17:29.507+0000] {dag.py:3033} INFO - Sync 1 DAGs
[2025-12-20T15:17:29.533+0000] {logging_mixin.py:188} INFO - [2025-12-20T15:17:29.533+0000] {dag.py:3820} INFO - Setting next_dagrun for example_dag to 2025-12-20T00:00:00+00:00, run_after=2025-12-21T00:00:00+00:00
[2025-12-20T15:17:29.548+0000] {processor.py:183} INFO - Processing /opt/airflow/dags/example_dag.py took 0.091 seconds
[2025-12-20T15:17:59.753+0000] {processor.py:161} INFO - Started process (PID=1104) to work on /opt/airflow/dags/example_dag.py
[2025-12-20T15:17:59.754+0000] {processor.py:830} INFO - Processing file /opt/airflow/dags/example_dag.py for tasks to queue
[2025-12-20T15:17:59.754+0000] {logging_mixin.py:188} INFO - [2025-12-20T15:17:59.754+0000] {dagbag.py:538} INFO - Filling up the DagBag from /opt/airflow/dags/example_dag.py
[2025-12-20T15:17:59.765+0000] {processor.py:840} INFO - DAG(s) 'example_dag' retrieved from /opt/airflow/dags/example_dag.py
[2025-12-20T15:17:59.790+0000] {logging_mixin.py:188} INFO - [2025-12-20T15:17:59.790+0000] {dag.py:3033} INFO - Sync 1 DAGs
[2025-12-20T15:17:59.804+0000] {logging_mixin.py:188} INFO - [2025-12-20T15:17:59.804+0000] {dag.py:3820} INFO - Setting next_dagrun for example_dag to 2025-12-20T00:00:00+00:00, run_after=2025-12-21T00:00:00+00:00
[2025-12-20T15:17:59.816+0000] {processor.py:183} INFO - Processing /opt/airflow/dags/example_dag.py took 0.066 seconds
[2025-12-20T15:18:30.058+0000] {processor.py:161} INFO - Started process (PID=1112) to work on /opt/airflow/dags/example_dag.py
[2025-12-20T15:18:30.058+0000] {processor.py:830} INFO - Processing file /opt/airflow/dags/example_dag.py for tasks to queue
[2025-12-20T15:18:30.059+0000] {logging_mixin.py:188} INFO - [2025-12-20T15:18:30.059+0000] {dagbag.py:538} INFO - Filling up the DagBag from /opt/airflow/dags/example_dag.py
[2025-12-20T15:18:30.071+0000] {processor.py:840} INFO - DAG(s) 'example_dag' retrieved from /opt/airflow/dags/example_dag.py
[2025-12-20T15:18:30.097+0000] {logging_mixin.py:188} INFO - [2025-12-20T15:18:30.097+0000] {dag.py:3033} INFO - Sync 1 DAGs
[2025-12-20T15:18:30.114+0000] {logging_mixin.py:188} INFO - [2025-12-20T15:18:30.114+0000] {dag.py:3820} INFO - Setting next_dagrun for example_dag to 2025-12-20T00:00:00+00:00, run_after=2025-12-21T00:00:00+00:00
[2025-12-20T15:18:30.125+0000] {processor.py:183} INFO - Processing /opt/airflow/dags/example_dag.py took 0.070 seconds
[2025-12-20T15:19:00.386+0000] {processor.py:161} INFO - Started process (PID=1120) to work on /opt/airflow/dags/example_dag.py
[2025-12-20T15:19:00.387+0000] {processor.py:830} INFO - Processing file /opt/airflow/dags/example_dag.py for tasks to queue
[2025-12-20T15:19:00.388+0000] {logging_mixin.py:188} INFO - [2025-12-20T15:19:00.387+0000] {dagbag.py:538} INFO - Filling up the DagBag from /opt/airflow/dags/example_dag.py
[2025-12-20T15:19:00.395+0000] {processor.py:840} INFO - DAG(s) 'example_dag' retrieved from /opt/airflow/dags/example_dag.py
[2025-12-20T15:19:00.416+0000] {logging_mixin.py:188} INFO - [2025-12-20T15:19:00.415+0000] {dag.py:3033} INFO - Sync 1 DAGs
[2025-12-20T15:19:00.429+0000] {logging_mixin.py:188} INFO - [2025-12-20T15:19:00.429+0000] {dag.py:3820} INFO - Setting next_dagrun for example_dag to 2025-12-20T00:00:00+00:00, run_after=2025-12-21T00:00:00+00:00
[2025-12-20T15:19:00.439+0000] {processor.py:183} INFO - Processing /opt/airflow/dags/example_dag.py took 0.057 seconds
[2025-12-20T15:19:30.734+0000] {processor.py:161} INFO - Started process (PID=1128) to work on /opt/airflow/dags/example_dag.py
[2025-12-20T15:19:30.735+0000] {processor.py:830} INFO - Processing file /opt/airflow/dags/example_dag.py for tasks to queue
[2025-12-20T15:19:30.735+0000] {logging_mixin.py:188} INFO - [2025-12-20T15:19:30.735+0000] {dagbag.py:538} INFO - Filling up the DagBag from /opt/airflow/dags/example_dag.py
[2025-12-20T15:19:30.742+0000] {processor.py:840} INFO - DAG(s) 'example_dag' retrieved from /opt/airflow/dags/example_dag.py
[2025-12-20T15:19:30.760+0000] {logging_mixin.py:188} INFO - [2025-12-20T15:19:30.760+0000] {dag.py:3033} INFO - Sync 1 DAGs
[2025-12-20T15:19:30.774+0000] {logging_mixin.py:188} INFO - [2025-12-20T15:19:30.774+0000] {dag.py:3820} INFO - Setting next_dagrun for example_dag to 2025-12-20T00:00:00+00:00, run_after=2025-12-21T00:00:00+00:00
[2025-12-20T15:19:30.784+0000] {processor.py:183} INFO - Processing /opt/airflow/dags/example_dag.py took 0.053 seconds
[2025-12-20T15:20:01.018+0000] {processor.py:161} INFO - Started process (PID=1136) to work on /opt/airflow/dags/example_dag.py
[2025-12-20T15:20:01.018+0000] {processor.py:830} INFO - Processing file /opt/airflow/dags/example_dag.py for tasks to queue
[2025-12-20T15:20:01.019+0000] {logging_mixin.py:188} INFO - [2025-12-20T15:20:01.019+0000] {dagbag.py:538} INFO - Filling up the DagBag from /opt/airflow/dags/example_dag.py
[2025-12-20T15:20:01.026+0000] {processor.py:840} INFO - DAG(s) 'example_dag' retrieved from /opt/airflow/dags/example_dag.py
[2025-12-20T15:20:01.045+0000] {logging_mixin.py:188} INFO - [2025-12-20T15:20:01.045+0000] {dag.py:3033} INFO - Sync 1 DAGs
[2025-12-20T15:20:01.059+0000] {logging_mixin.py:188} INFO - [2025-12-20T15:20:01.058+0000] {dag.py:3820} INFO - Setting next_dagrun for example_dag to 2025-12-20T00:00:00+00:00, run_after=2025-12-21T00:00:00+00:00
[2025-12-20T15:20:01.068+0000] {processor.py:183} INFO - Processing /opt/airflow/dags/example_dag.py took 0.053 seconds
[2025-12-20T15:20:31.289+0000] {processor.py:161} INFO - Started process (PID=1144) to work on /opt/airflow/dags/example_dag.py
[2025-12-20T15:20:31.290+0000] {processor.py:830} INFO - Processing file /opt/airflow/dags/example_dag.py for tasks to queue
[2025-12-20T15:20:31.290+0000] {logging_mixin.py:188} INFO - [2025-12-20T15:20:31.290+0000] {dagbag.py:538} INFO - Filling up the DagBag from /opt/airflow/dags/example_dag.py
[2025-12-20T15:20:31.301+0000] {processor.py:840} INFO - DAG(s) 'example_dag' retrieved from /opt/airflow/dags/example_dag.py
[2025-12-20T15:20:31.324+0000] {logging_mixin.py:188} INFO - [2025-12-20T15:20:31.324+0000] {dag.py:3033} INFO - Sync 1 DAGs
[2025-12-20T15:20:31.340+0000] {logging_mixin.py:188} INFO - [2025-12-20T15:20:31.340+0000] {dag.py:3820} INFO - Setting next_dagrun for example_dag to 2025-12-20T00:00:00+00:00, run_after=2025-12-21T00:00:00+00:00
[2025-12-20T15:20:31.351+0000] {processor.py:183} INFO - Processing /opt/airflow/dags/example_dag.py took 0.065 seconds
[2025-12-20T15:21:01.657+0000] {processor.py:161} INFO - Started process (PID=1152) to work on /opt/airflow/dags/example_dag.py
[2025-12-20T15:21:01.658+0000] {processor.py:830} INFO - Processing file /opt/airflow/dags/example_dag.py for tasks to queue
[2025-12-20T15:21:01.658+0000] {logging_mixin.py:188} INFO - [2025-12-20T15:21:01.658+0000] {dagbag.py:538} INFO - Filling up the DagBag from /opt/airflow/dags/example_dag.py
[2025-12-20T15:21:01.666+0000] {processor.py:840} INFO - DAG(s) 'example_dag' retrieved from /opt/airflow/dags/example_dag.py
[2025-12-20T15:21:01.686+0000] {logging_mixin.py:188} INFO - [2025-12-20T15:21:01.685+0000] {dag.py:3033} INFO - Sync 1 DAGs
[2025-12-20T15:21:01.699+0000] {logging_mixin.py:188} INFO - [2025-12-20T15:21:01.698+0000] {dag.py:3820} INFO - Setting next_dagrun for example_dag to 2025-12-20T00:00:00+00:00, run_after=2025-12-21T00:00:00+00:00
[2025-12-20T15:21:01.709+0000] {processor.py:183} INFO - Processing /opt/airflow/dags/example_dag.py took 0.055 seconds
[2025-12-20T15:21:32.024+0000] {processor.py:161} INFO - Started process (PID=1160) to work on /opt/airflow/dags/example_dag.py
[2025-12-20T15:21:32.027+0000] {processor.py:830} INFO - Processing file /opt/airflow/dags/example_dag.py for tasks to queue
[2025-12-20T15:21:32.028+0000] {logging_mixin.py:188} INFO - [2025-12-20T15:21:32.028+0000] {dagbag.py:538} INFO - Filling up the DagBag from /opt/airflow/dags/example_dag.py
[2025-12-20T15:21:32.047+0000] {processor.py:840} INFO - DAG(s) 'example_dag' retrieved from /opt/airflow/dags/example_dag.py
[2025-12-20T15:21:32.075+0000] {logging_mixin.py:188} INFO - [2025-12-20T15:21:32.075+0000] {dag.py:3033} INFO - Sync 1 DAGs
[2025-12-20T15:21:32.099+0000] {logging_mixin.py:188} INFO - [2025-12-20T15:21:32.099+0000] {dag.py:3820} INFO - Setting next_dagrun for example_dag to 2025-12-20T00:00:00+00:00, run_after=2025-12-21T00:00:00+00:00
[2025-12-20T15:21:32.111+0000] {processor.py:183} INFO - Processing /opt/airflow/dags/example_dag.py took 0.091 seconds
[2025-12-20T15:22:02.255+0000] {processor.py:161} INFO - Started process (PID=1168) to work on /opt/airflow/dags/example_dag.py
[2025-12-20T15:22:02.256+0000] {processor.py:830} INFO - Processing file /opt/airflow/dags/example_dag.py for tasks to queue
[2025-12-20T15:22:02.257+0000] {logging_mixin.py:188} INFO - [2025-12-20T15:22:02.257+0000] {dagbag.py:538} INFO - Filling up the DagBag from /opt/airflow/dags/example_dag.py
[2025-12-20T15:22:02.271+0000] {processor.py:840} INFO - DAG(s) 'example_dag' retrieved from /opt/airflow/dags/example_dag.py
[2025-12-20T15:22:02.299+0000] {logging_mixin.py:188} INFO - [2025-12-20T15:22:02.299+0000] {dag.py:3033} INFO - Sync 1 DAGs
[2025-12-20T15:22:02.315+0000] {logging_mixin.py:188} INFO - [2025-12-20T15:22:02.315+0000] {dag.py:3820} INFO - Setting next_dagrun for example_dag to 2025-12-20T00:00:00+00:00, run_after=2025-12-21T00:00:00+00:00
[2025-12-20T15:22:02.326+0000] {processor.py:183} INFO - Processing /opt/airflow/dags/example_dag.py took 0.073 seconds
[2025-12-20T15:22:32.640+0000] {processor.py:161} INFO - Started process (PID=1176) to work on /opt/airflow/dags/example_dag.py
[2025-12-20T15:22:32.641+0000] {processor.py:830} INFO - Processing file /opt/airflow/dags/example_dag.py for tasks to queue
[2025-12-20T15:22:32.642+0000] {logging_mixin.py:188} INFO - [2025-12-20T15:22:32.642+0000] {dagbag.py:538} INFO - Filling up the DagBag from /opt/airflow/dags/example_dag.py
[2025-12-20T15:22:32.663+0000] {processor.py:840} INFO - DAG(s) 'example_dag' retrieved from /opt/airflow/dags/example_dag.py
[2025-12-20T15:22:32.695+0000] {logging_mixin.py:188} INFO - [2025-12-20T15:22:32.695+0000] {dag.py:3033} INFO - Sync 1 DAGs
[2025-12-20T15:22:32.716+0000] {logging_mixin.py:188} INFO - [2025-12-20T15:22:32.716+0000] {dag.py:3820} INFO - Setting next_dagrun for example_dag to 2025-12-20T00:00:00+00:00, run_after=2025-12-21T00:00:00+00:00
[2025-12-20T15:22:32.729+0000] {processor.py:183} INFO - Processing /opt/airflow/dags/example_dag.py took 0.093 seconds
[2025-12-20T15:23:02.925+0000] {processor.py:161} INFO - Started process (PID=1184) to work on /opt/airflow/dags/example_dag.py
[2025-12-20T15:23:02.926+0000] {processor.py:830} INFO - Processing file /opt/airflow/dags/example_dag.py for tasks to queue
[2025-12-20T15:23:02.926+0000] {logging_mixin.py:188} INFO - [2025-12-20T15:23:02.926+0000] {dagbag.py:538} INFO - Filling up the DagBag from /opt/airflow/dags/example_dag.py
[2025-12-20T15:23:02.936+0000] {processor.py:840} INFO - DAG(s) 'example_dag' retrieved from /opt/airflow/dags/example_dag.py
[2025-12-20T15:23:02.969+0000] {logging_mixin.py:188} INFO - [2025-12-20T15:23:02.969+0000] {dag.py:3033} INFO - Sync 1 DAGs
[2025-12-20T15:23:02.989+0000] {logging_mixin.py:188} INFO - [2025-12-20T15:23:02.988+0000] {dag.py:3820} INFO - Setting next_dagrun for example_dag to 2025-12-20T00:00:00+00:00, run_after=2025-12-21T00:00:00+00:00
[2025-12-20T15:23:03.000+0000] {processor.py:183} INFO - Processing /opt/airflow/dags/example_dag.py took 0.078 seconds
[2025-12-20T15:23:33.365+0000] {processor.py:161} INFO - Started process (PID=1192) to work on /opt/airflow/dags/example_dag.py
[2025-12-20T15:23:33.366+0000] {processor.py:830} INFO - Processing file /opt/airflow/dags/example_dag.py for tasks to queue
[2025-12-20T15:23:33.367+0000] {logging_mixin.py:188} INFO - [2025-12-20T15:23:33.366+0000] {dagbag.py:538} INFO - Filling up the DagBag from /opt/airflow/dags/example_dag.py
[2025-12-20T15:23:33.377+0000] {processor.py:840} INFO - DAG(s) 'example_dag' retrieved from /opt/airflow/dags/example_dag.py
[2025-12-20T15:23:33.399+0000] {logging_mixin.py:188} INFO - [2025-12-20T15:23:33.398+0000] {dag.py:3033} INFO - Sync 1 DAGs
[2025-12-20T15:23:33.413+0000] {logging_mixin.py:188} INFO - [2025-12-20T15:23:33.413+0000] {dag.py:3820} INFO - Setting next_dagrun for example_dag to 2025-12-20T00:00:00+00:00, run_after=2025-12-21T00:00:00+00:00
[2025-12-20T15:23:33.423+0000] {processor.py:183} INFO - Processing /opt/airflow/dags/example_dag.py took 0.061 seconds
[2025-12-20T15:24:03.666+0000] {processor.py:161} INFO - Started process (PID=1200) to work on /opt/airflow/dags/example_dag.py
[2025-12-20T15:24:03.666+0000] {processor.py:830} INFO - Processing file /opt/airflow/dags/example_dag.py for tasks to queue
[2025-12-20T15:24:03.667+0000] {logging_mixin.py:188} INFO - [2025-12-20T15:24:03.666+0000] {dagbag.py:538} INFO - Filling up the DagBag from /opt/airflow/dags/example_dag.py
[2025-12-20T15:24:03.677+0000] {processor.py:840} INFO - DAG(s) 'example_dag' retrieved from /opt/airflow/dags/example_dag.py
[2025-12-20T15:24:03.711+0000] {logging_mixin.py:188} INFO - [2025-12-20T15:24:03.710+0000] {dag.py:3033} INFO - Sync 1 DAGs
[2025-12-20T15:24:03.727+0000] {logging_mixin.py:188} INFO - [2025-12-20T15:24:03.727+0000] {dag.py:3820} INFO - Setting next_dagrun for example_dag to 2025-12-20T00:00:00+00:00, run_after=2025-12-21T00:00:00+00:00
[2025-12-20T15:24:03.738+0000] {processor.py:183} INFO - Processing /opt/airflow/dags/example_dag.py took 0.076 seconds
[2025-12-20T15:24:34.015+0000] {processor.py:161} INFO - Started process (PID=1208) to work on /opt/airflow/dags/example_dag.py
[2025-12-20T15:24:34.016+0000] {processor.py:830} INFO - Processing file /opt/airflow/dags/example_dag.py for tasks to queue
[2025-12-20T15:24:34.016+0000] {logging_mixin.py:188} INFO - [2025-12-20T15:24:34.016+0000] {dagbag.py:538} INFO - Filling up the DagBag from /opt/airflow/dags/example_dag.py
[2025-12-20T15:24:34.023+0000] {processor.py:840} INFO - DAG(s) 'example_dag' retrieved from /opt/airflow/dags/example_dag.py
[2025-12-20T15:24:34.044+0000] {logging_mixin.py:188} INFO - [2025-12-20T15:24:34.044+0000] {dag.py:3033} INFO - Sync 1 DAGs
[2025-12-20T15:24:34.057+0000] {logging_mixin.py:188} INFO - [2025-12-20T15:24:34.057+0000] {dag.py:3820} INFO - Setting next_dagrun for example_dag to 2025-12-20T00:00:00+00:00, run_after=2025-12-21T00:00:00+00:00
[2025-12-20T15:24:34.067+0000] {processor.py:183} INFO - Processing /opt/airflow/dags/example_dag.py took 0.054 seconds
[2025-12-20T15:25:04.323+0000] {processor.py:161} INFO - Started process (PID=1216) to work on /opt/airflow/dags/example_dag.py
[2025-12-20T15:25:04.324+0000] {processor.py:830} INFO - Processing file /opt/airflow/dags/example_dag.py for tasks to queue
[2025-12-20T15:25:04.324+0000] {logging_mixin.py:188} INFO - [2025-12-20T15:25:04.324+0000] {dagbag.py:538} INFO - Filling up the DagBag from /opt/airflow/dags/example_dag.py
[2025-12-20T15:25:04.335+0000] {processor.py:840} INFO - DAG(s) 'example_dag' retrieved from /opt/airflow/dags/example_dag.py
[2025-12-20T15:25:04.359+0000] {logging_mixin.py:188} INFO - [2025-12-20T15:25:04.359+0000] {dag.py:3033} INFO - Sync 1 DAGs
[2025-12-20T15:25:04.374+0000] {logging_mixin.py:188} INFO - [2025-12-20T15:25:04.374+0000] {dag.py:3820} INFO - Setting next_dagrun for example_dag to 2025-12-20T00:00:00+00:00, run_after=2025-12-21T00:00:00+00:00
[2025-12-20T15:25:04.386+0000] {processor.py:183} INFO - Processing /opt/airflow/dags/example_dag.py took 0.067 seconds
[2025-12-20T15:25:34.651+0000] {processor.py:161} INFO - Started process (PID=1224) to work on /opt/airflow/dags/example_dag.py
[2025-12-20T15:25:34.651+0000] {processor.py:830} INFO - Processing file /opt/airflow/dags/example_dag.py for tasks to queue
[2025-12-20T15:25:34.652+0000] {logging_mixin.py:188} INFO - [2025-12-20T15:25:34.652+0000] {dagbag.py:538} INFO - Filling up the DagBag from /opt/airflow/dags/example_dag.py
[2025-12-20T15:25:34.658+0000] {processor.py:840} INFO - DAG(s) 'example_dag' retrieved from /opt/airflow/dags/example_dag.py
[2025-12-20T15:25:34.677+0000] {logging_mixin.py:188} INFO - [2025-12-20T15:25:34.677+0000] {dag.py:3033} INFO - Sync 1 DAGs
[2025-12-20T15:25:34.690+0000] {logging_mixin.py:188} INFO - [2025-12-20T15:25:34.689+0000] {dag.py:3820} INFO - Setting next_dagrun for example_dag to 2025-12-20T00:00:00+00:00, run_after=2025-12-21T00:00:00+00:00
[2025-12-20T15:25:34.699+0000] {processor.py:183} INFO - Processing /opt/airflow/dags/example_dag.py took 0.051 seconds
[2025-12-20T15:26:04.972+0000] {processor.py:161} INFO - Started process (PID=1232) to work on /opt/airflow/dags/example_dag.py
[2025-12-20T15:26:04.973+0000] {processor.py:830} INFO - Processing file /opt/airflow/dags/example_dag.py for tasks to queue
[2025-12-20T15:26:04.974+0000] {logging_mixin.py:188} INFO - [2025-12-20T15:26:04.973+0000] {dagbag.py:538} INFO - Filling up the DagBag from /opt/airflow/dags/example_dag.py
[2025-12-20T15:26:04.985+0000] {processor.py:840} INFO - DAG(s) 'example_dag' retrieved from /opt/airflow/dags/example_dag.py
[2025-12-20T15:26:05.008+0000] {logging_mixin.py:188} INFO - [2025-12-20T15:26:05.008+0000] {dag.py:3033} INFO - Sync 1 DAGs
[2025-12-20T15:26:05.023+0000] {logging_mixin.py:188} INFO - [2025-12-20T15:26:05.023+0000] {dag.py:3820} INFO - Setting next_dagrun for example_dag to 2025-12-20T00:00:00+00:00, run_after=2025-12-21T00:00:00+00:00
[2025-12-20T15:26:05.033+0000] {processor.py:183} INFO - Processing /opt/airflow/dags/example_dag.py took 0.064 seconds
[2025-12-20T15:26:35.301+0000] {processor.py:161} INFO - Started process (PID=1240) to work on /opt/airflow/dags/example_dag.py
[2025-12-20T15:26:35.301+0000] {processor.py:830} INFO - Processing file /opt/airflow/dags/example_dag.py for tasks to queue
[2025-12-20T15:26:35.302+0000] {logging_mixin.py:188} INFO - [2025-12-20T15:26:35.302+0000] {dagbag.py:538} INFO - Filling up the DagBag from /opt/airflow/dags/example_dag.py
[2025-12-20T15:26:35.315+0000] {processor.py:840} INFO - DAG(s) 'example_dag' retrieved from /opt/airflow/dags/example_dag.py
[2025-12-20T15:26:35.342+0000] {logging_mixin.py:188} INFO - [2025-12-20T15:26:35.342+0000] {dag.py:3033} INFO - Sync 1 DAGs
[2025-12-20T15:26:35.358+0000] {logging_mixin.py:188} INFO - [2025-12-20T15:26:35.358+0000] {dag.py:3820} INFO - Setting next_dagrun for example_dag to 2025-12-20T00:00:00+00:00, run_after=2025-12-21T00:00:00+00:00
[2025-12-20T15:26:35.370+0000] {processor.py:183} INFO - Processing /opt/airflow/dags/example_dag.py took 0.074 seconds
[2025-12-20T15:27:05.695+0000] {processor.py:161} INFO - Started process (PID=1248) to work on /opt/airflow/dags/example_dag.py
[2025-12-20T15:27:05.696+0000] {processor.py:830} INFO - Processing file /opt/airflow/dags/example_dag.py for tasks to queue
[2025-12-20T15:27:05.697+0000] {logging_mixin.py:188} INFO - [2025-12-20T15:27:05.697+0000] {dagbag.py:538} INFO - Filling up the DagBag from /opt/airflow/dags/example_dag.py
[2025-12-20T15:27:05.718+0000] {processor.py:840} INFO - DAG(s) 'example_dag' retrieved from /opt/airflow/dags/example_dag.py
[2025-12-20T15:27:05.774+0000] {logging_mixin.py:188} INFO - [2025-12-20T15:27:05.773+0000] {dag.py:3033} INFO - Sync 1 DAGs
[2025-12-20T15:27:05.799+0000] {logging_mixin.py:188} INFO - [2025-12-20T15:27:05.799+0000] {dag.py:3820} INFO - Setting next_dagrun for example_dag to 2025-12-20T00:00:00+00:00, run_after=2025-12-21T00:00:00+00:00
[2025-12-20T15:27:05.815+0000] {processor.py:183} INFO - Processing /opt/airflow/dags/example_dag.py took 0.128 seconds
[2025-12-20T15:27:36.082+0000] {processor.py:161} INFO - Started process (PID=1256) to work on /opt/airflow/dags/example_dag.py
[2025-12-20T15:27:36.082+0000] {processor.py:830} INFO - Processing file /opt/airflow/dags/example_dag.py for tasks to queue
[2025-12-20T15:27:36.083+0000] {logging_mixin.py:188} INFO - [2025-12-20T15:27:36.083+0000] {dagbag.py:538} INFO - Filling up the DagBag from /opt/airflow/dags/example_dag.py
[2025-12-20T15:27:36.095+0000] {processor.py:840} INFO - DAG(s) 'example_dag' retrieved from /opt/airflow/dags/example_dag.py
[2025-12-20T15:27:36.119+0000] {logging_mixin.py:188} INFO - [2025-12-20T15:27:36.119+0000] {dag.py:3033} INFO - Sync 1 DAGs
[2025-12-20T15:27:36.135+0000] {logging_mixin.py:188} INFO - [2025-12-20T15:27:36.135+0000] {dag.py:3820} INFO - Setting next_dagrun for example_dag to 2025-12-20T00:00:00+00:00, run_after=2025-12-21T00:00:00+00:00
[2025-12-20T15:27:36.146+0000] {processor.py:183} INFO - Processing /opt/airflow/dags/example_dag.py took 0.069 seconds
[2025-12-20T15:28:06.517+0000] {processor.py:161} INFO - Started process (PID=1264) to work on /opt/airflow/dags/example_dag.py
[2025-12-20T15:28:06.518+0000] {processor.py:830} INFO - Processing file /opt/airflow/dags/example_dag.py for tasks to queue
[2025-12-20T15:28:06.518+0000] {logging_mixin.py:188} INFO - [2025-12-20T15:28:06.518+0000] {dagbag.py:538} INFO - Filling up the DagBag from /opt/airflow/dags/example_dag.py
[2025-12-20T15:28:06.525+0000] {processor.py:840} INFO - DAG(s) 'example_dag' retrieved from /opt/airflow/dags/example_dag.py
[2025-12-20T15:28:06.542+0000] {logging_mixin.py:188} INFO - [2025-12-20T15:28:06.542+0000] {dag.py:3033} INFO - Sync 1 DAGs
[2025-12-20T15:28:06.555+0000] {logging_mixin.py:188} INFO - [2025-12-20T15:28:06.555+0000] {dag.py:3820} INFO - Setting next_dagrun for example_dag to 2025-12-20T00:00:00+00:00, run_after=2025-12-21T00:00:00+00:00
[2025-12-20T15:28:06.565+0000] {processor.py:183} INFO - Processing /opt/airflow/dags/example_dag.py took 0.051 seconds
[2025-12-20T15:28:36.891+0000] {processor.py:161} INFO - Started process (PID=1271) to work on /opt/airflow/dags/example_dag.py
[2025-12-20T15:28:36.892+0000] {processor.py:830} INFO - Processing file /opt/airflow/dags/example_dag.py for tasks to queue
[2025-12-20T15:28:36.892+0000] {logging_mixin.py:188} INFO - [2025-12-20T15:28:36.892+0000] {dagbag.py:538} INFO - Filling up the DagBag from /opt/airflow/dags/example_dag.py
[2025-12-20T15:28:36.903+0000] {processor.py:840} INFO - DAG(s) 'example_dag' retrieved from /opt/airflow/dags/example_dag.py
[2025-12-20T15:28:36.925+0000] {logging_mixin.py:188} INFO - [2025-12-20T15:28:36.925+0000] {dag.py:3033} INFO - Sync 1 DAGs
[2025-12-20T15:28:36.939+0000] {logging_mixin.py:188} INFO - [2025-12-20T15:28:36.939+0000] {dag.py:3820} INFO - Setting next_dagrun for example_dag to 2025-12-20T00:00:00+00:00, run_after=2025-12-21T00:00:00+00:00
[2025-12-20T15:28:36.950+0000] {processor.py:183} INFO - Processing /opt/airflow/dags/example_dag.py took 0.062 seconds
[2025-12-20T15:29:07.251+0000] {processor.py:161} INFO - Started process (PID=1278) to work on /opt/airflow/dags/example_dag.py
[2025-12-20T15:29:07.252+0000] {processor.py:830} INFO - Processing file /opt/airflow/dags/example_dag.py for tasks to queue
[2025-12-20T15:29:07.253+0000] {logging_mixin.py:188} INFO - [2025-12-20T15:29:07.252+0000] {dagbag.py:538} INFO - Filling up the DagBag from /opt/airflow/dags/example_dag.py
[2025-12-20T15:29:07.267+0000] {processor.py:840} INFO - DAG(s) 'example_dag' retrieved from /opt/airflow/dags/example_dag.py
[2025-12-20T15:29:07.295+0000] {logging_mixin.py:188} INFO - [2025-12-20T15:29:07.294+0000] {dag.py:3033} INFO - Sync 1 DAGs
[2025-12-20T15:29:07.309+0000] {logging_mixin.py:188} INFO - [2025-12-20T15:29:07.309+0000] {dag.py:3820} INFO - Setting next_dagrun for example_dag to 2025-12-20T00:00:00+00:00, run_after=2025-12-21T00:00:00+00:00
[2025-12-20T15:29:07.324+0000] {processor.py:183} INFO - Processing /opt/airflow/dags/example_dag.py took 0.076 seconds
[2025-12-20T15:29:37.536+0000] {processor.py:161} INFO - Started process (PID=1286) to work on /opt/airflow/dags/example_dag.py
[2025-12-20T15:29:37.536+0000] {processor.py:830} INFO - Processing file /opt/airflow/dags/example_dag.py for tasks to queue
[2025-12-20T15:29:37.537+0000] {logging_mixin.py:188} INFO - [2025-12-20T15:29:37.537+0000] {dagbag.py:538} INFO - Filling up the DagBag from /opt/airflow/dags/example_dag.py
[2025-12-20T15:29:37.546+0000] {processor.py:840} INFO - DAG(s) 'example_dag' retrieved from /opt/airflow/dags/example_dag.py
[2025-12-20T15:29:37.570+0000] {logging_mixin.py:188} INFO - [2025-12-20T15:29:37.570+0000] {dag.py:3033} INFO - Sync 1 DAGs
[2025-12-20T15:29:37.586+0000] {logging_mixin.py:188} INFO - [2025-12-20T15:29:37.586+0000] {dag.py:3820} INFO - Setting next_dagrun for example_dag to 2025-12-20T00:00:00+00:00, run_after=2025-12-21T00:00:00+00:00
[2025-12-20T15:29:37.597+0000] {processor.py:183} INFO - Processing /opt/airflow/dags/example_dag.py took 0.064 seconds
[2025-12-20T15:30:07.870+0000] {processor.py:161} INFO - Started process (PID=1294) to work on /opt/airflow/dags/example_dag.py
[2025-12-20T15:30:07.870+0000] {processor.py:830} INFO - Processing file /opt/airflow/dags/example_dag.py for tasks to queue
[2025-12-20T15:30:07.870+0000] {logging_mixin.py:188} INFO - [2025-12-20T15:30:07.870+0000] {dagbag.py:538} INFO - Filling up the DagBag from /opt/airflow/dags/example_dag.py
[2025-12-20T15:30:07.881+0000] {processor.py:840} INFO - DAG(s) 'example_dag' retrieved from /opt/airflow/dags/example_dag.py
[2025-12-20T15:30:07.905+0000] {logging_mixin.py:188} INFO - [2025-12-20T15:30:07.905+0000] {dag.py:3033} INFO - Sync 1 DAGs
[2025-12-20T15:30:07.921+0000] {logging_mixin.py:188} INFO - [2025-12-20T15:30:07.921+0000] {dag.py:3820} INFO - Setting next_dagrun for example_dag to 2025-12-20T00:00:00+00:00, run_after=2025-12-21T00:00:00+00:00
[2025-12-20T15:30:07.932+0000] {processor.py:183} INFO - Processing /opt/airflow/dags/example_dag.py took 0.064 seconds
[2025-12-20T15:30:38.167+0000] {processor.py:161} INFO - Started process (PID=1302) to work on /opt/airflow/dags/example_dag.py
[2025-12-20T15:30:38.167+0000] {processor.py:830} INFO - Processing file /opt/airflow/dags/example_dag.py for tasks to queue
[2025-12-20T15:30:38.168+0000] {logging_mixin.py:188} INFO - [2025-12-20T15:30:38.168+0000] {dagbag.py:538} INFO - Filling up the DagBag from /opt/airflow/dags/example_dag.py
[2025-12-20T15:30:38.178+0000] {processor.py:840} INFO - DAG(s) 'example_dag' retrieved from /opt/airflow/dags/example_dag.py
[2025-12-20T15:30:38.202+0000] {logging_mixin.py:188} INFO - [2025-12-20T15:30:38.202+0000] {dag.py:3033} INFO - Sync 1 DAGs
[2025-12-20T15:30:38.220+0000] {logging_mixin.py:188} INFO - [2025-12-20T15:30:38.220+0000] {dag.py:3820} INFO - Setting next_dagrun for example_dag to 2025-12-20T00:00:00+00:00, run_after=2025-12-21T00:00:00+00:00
[2025-12-20T15:30:38.232+0000] {processor.py:183} INFO - Processing /opt/airflow/dags/example_dag.py took 0.068 seconds
[2025-12-20T15:31:08.530+0000] {processor.py:161} INFO - Started process (PID=1309) to work on /opt/airflow/dags/example_dag.py
[2025-12-20T15:31:08.532+0000] {processor.py:830} INFO - Processing file /opt/airflow/dags/example_dag.py for tasks to queue
[2025-12-20T15:31:08.533+0000] {logging_mixin.py:188} INFO - [2025-12-20T15:31:08.532+0000] {dagbag.py:538} INFO - Filling up the DagBag from /opt/airflow/dags/example_dag.py
[2025-12-20T15:31:08.556+0000] {processor.py:840} INFO - DAG(s) 'example_dag' retrieved from /opt/airflow/dags/example_dag.py
[2025-12-20T15:31:08.596+0000] {logging_mixin.py:188} INFO - [2025-12-20T15:31:08.596+0000] {dag.py:3033} INFO - Sync 1 DAGs
[2025-12-20T15:31:08.622+0000] {logging_mixin.py:188} INFO - [2025-12-20T15:31:08.622+0000] {dag.py:3820} INFO - Setting next_dagrun for example_dag to 2025-12-20T00:00:00+00:00, run_after=2025-12-21T00:00:00+00:00
[2025-12-20T15:31:08.641+0000] {processor.py:183} INFO - Processing /opt/airflow/dags/example_dag.py took 0.121 seconds
[2025-12-20T15:31:38.777+0000] {processor.py:161} INFO - Started process (PID=1311) to work on /opt/airflow/dags/example_dag.py
[2025-12-20T15:31:38.778+0000] {processor.py:830} INFO - Processing file /opt/airflow/dags/example_dag.py for tasks to queue
[2025-12-20T15:31:38.779+0000] {logging_mixin.py:188} INFO - [2025-12-20T15:31:38.779+0000] {dagbag.py:538} INFO - Filling up the DagBag from /opt/airflow/dags/example_dag.py
[2025-12-20T15:31:38.795+0000] {processor.py:840} INFO - DAG(s) 'example_dag' retrieved from /opt/airflow/dags/example_dag.py
[2025-12-20T15:31:38.833+0000] {logging_mixin.py:188} INFO - [2025-12-20T15:31:38.833+0000] {dag.py:3033} INFO - Sync 1 DAGs
[2025-12-20T15:31:38.854+0000] {logging_mixin.py:188} INFO - [2025-12-20T15:31:38.854+0000] {dag.py:3820} INFO - Setting next_dagrun for example_dag to 2025-12-20T00:00:00+00:00, run_after=2025-12-21T00:00:00+00:00
[2025-12-20T15:31:38.868+0000] {processor.py:183} INFO - Processing /opt/airflow/dags/example_dag.py took 0.094 seconds
[2025-12-20T15:32:42.356+0000] {processor.py:161} INFO - Started process (PID=30) to work on /opt/airflow/dags/example_dag.py
[2025-12-20T15:32:42.357+0000] {processor.py:830} INFO - Processing file /opt/airflow/dags/example_dag.py for tasks to queue
[2025-12-20T15:32:42.357+0000] {logging_mixin.py:188} INFO - [2025-12-20T15:32:42.357+0000] {dagbag.py:538} INFO - Filling up the DagBag from /opt/airflow/dags/example_dag.py
[2025-12-20T15:32:42.376+0000] {processor.py:840} INFO - DAG(s) 'example_dag' retrieved from /opt/airflow/dags/example_dag.py
[2025-12-20T15:32:42.396+0000] {logging_mixin.py:188} INFO - [2025-12-20T15:32:42.396+0000] {dag.py:3033} INFO - Sync 1 DAGs
[2025-12-20T15:32:42.412+0000] {logging_mixin.py:188} INFO - [2025-12-20T15:32:42.412+0000] {dag.py:3820} INFO - Setting next_dagrun for example_dag to 2025-12-20T00:00:00+00:00, run_after=2025-12-21T00:00:00+00:00
[2025-12-20T15:32:42.427+0000] {processor.py:183} INFO - Processing /opt/airflow/dags/example_dag.py took 0.075 seconds
[2025-12-20T15:33:12.712+0000] {processor.py:161} INFO - Started process (PID=38) to work on /opt/airflow/dags/example_dag.py
[2025-12-20T15:33:12.713+0000] {processor.py:830} INFO - Processing file /opt/airflow/dags/example_dag.py for tasks to queue
[2025-12-20T15:33:12.714+0000] {logging_mixin.py:188} INFO - [2025-12-20T15:33:12.714+0000] {dagbag.py:538} INFO - Filling up the DagBag from /opt/airflow/dags/example_dag.py
[2025-12-20T15:33:12.730+0000] {processor.py:840} INFO - DAG(s) 'example_dag' retrieved from /opt/airflow/dags/example_dag.py
[2025-12-20T15:33:12.910+0000] {logging_mixin.py:188} INFO - [2025-12-20T15:33:12.910+0000] {dag.py:3033} INFO - Sync 1 DAGs
[2025-12-20T15:33:12.928+0000] {logging_mixin.py:188} INFO - [2025-12-20T15:33:12.928+0000] {dag.py:3820} INFO - Setting next_dagrun for example_dag to 2025-12-20T00:00:00+00:00, run_after=2025-12-21T00:00:00+00:00
[2025-12-20T15:33:12.940+0000] {processor.py:183} INFO - Processing /opt/airflow/dags/example_dag.py took 0.232 seconds
[2025-12-20T15:33:43.068+0000] {processor.py:161} INFO - Started process (PID=46) to work on /opt/airflow/dags/example_dag.py
[2025-12-20T15:33:43.069+0000] {processor.py:830} INFO - Processing file /opt/airflow/dags/example_dag.py for tasks to queue
[2025-12-20T15:33:43.070+0000] {logging_mixin.py:188} INFO - [2025-12-20T15:33:43.069+0000] {dagbag.py:538} INFO - Filling up the DagBag from /opt/airflow/dags/example_dag.py
[2025-12-20T15:33:43.083+0000] {processor.py:840} INFO - DAG(s) 'example_dag' retrieved from /opt/airflow/dags/example_dag.py
[2025-12-20T15:33:43.117+0000] {logging_mixin.py:188} INFO - [2025-12-20T15:33:43.117+0000] {dag.py:3033} INFO - Sync 1 DAGs
[2025-12-20T15:33:43.133+0000] {logging_mixin.py:188} INFO - [2025-12-20T15:33:43.133+0000] {dag.py:3820} INFO - Setting next_dagrun for example_dag to 2025-12-20T00:00:00+00:00, run_after=2025-12-21T00:00:00+00:00
[2025-12-20T15:33:43.146+0000] {processor.py:183} INFO - Processing /opt/airflow/dags/example_dag.py took 0.081 seconds
[2025-12-20T15:34:13.313+0000] {processor.py:161} INFO - Started process (PID=54) to work on /opt/airflow/dags/example_dag.py
[2025-12-20T15:34:13.314+0000] {processor.py:830} INFO - Processing file /opt/airflow/dags/example_dag.py for tasks to queue
[2025-12-20T15:34:13.315+0000] {logging_mixin.py:188} INFO - [2025-12-20T15:34:13.315+0000] {dagbag.py:538} INFO - Filling up the DagBag from /opt/airflow/dags/example_dag.py
[2025-12-20T15:34:13.333+0000] {processor.py:840} INFO - DAG(s) 'example_dag' retrieved from /opt/airflow/dags/example_dag.py
[2025-12-20T15:34:13.369+0000] {logging_mixin.py:188} INFO - [2025-12-20T15:34:13.369+0000] {dag.py:3033} INFO - Sync 1 DAGs
[2025-12-20T15:34:13.390+0000] {logging_mixin.py:188} INFO - [2025-12-20T15:34:13.389+0000] {dag.py:3820} INFO - Setting next_dagrun for example_dag to 2025-12-20T00:00:00+00:00, run_after=2025-12-21T00:00:00+00:00
[2025-12-20T15:34:13.414+0000] {processor.py:183} INFO - Processing /opt/airflow/dags/example_dag.py took 0.106 seconds
[2025-12-20T15:34:43.625+0000] {processor.py:161} INFO - Started process (PID=62) to work on /opt/airflow/dags/example_dag.py
[2025-12-20T15:34:43.626+0000] {processor.py:830} INFO - Processing file /opt/airflow/dags/example_dag.py for tasks to queue
[2025-12-20T15:34:43.626+0000] {logging_mixin.py:188} INFO - [2025-12-20T15:34:43.626+0000] {dagbag.py:538} INFO - Filling up the DagBag from /opt/airflow/dags/example_dag.py
[2025-12-20T15:34:43.636+0000] {processor.py:840} INFO - DAG(s) 'example_dag' retrieved from /opt/airflow/dags/example_dag.py
[2025-12-20T15:34:43.659+0000] {logging_mixin.py:188} INFO - [2025-12-20T15:34:43.659+0000] {dag.py:3033} INFO - Sync 1 DAGs
[2025-12-20T15:34:43.674+0000] {logging_mixin.py:188} INFO - [2025-12-20T15:34:43.674+0000] {dag.py:3820} INFO - Setting next_dagrun for example_dag to 2025-12-20T00:00:00+00:00, run_after=2025-12-21T00:00:00+00:00
[2025-12-20T15:34:43.685+0000] {processor.py:183} INFO - Processing /opt/airflow/dags/example_dag.py took 0.063 seconds
[2025-12-20T15:35:13.945+0000] {processor.py:161} INFO - Started process (PID=70) to work on /opt/airflow/dags/example_dag.py
[2025-12-20T15:35:13.947+0000] {processor.py:830} INFO - Processing file /opt/airflow/dags/example_dag.py for tasks to queue
[2025-12-20T15:35:13.950+0000] {logging_mixin.py:188} INFO - [2025-12-20T15:35:13.948+0000] {dagbag.py:538} INFO - Filling up the DagBag from /opt/airflow/dags/example_dag.py
[2025-12-20T15:35:13.976+0000] {processor.py:840} INFO - DAG(s) 'example_dag' retrieved from /opt/airflow/dags/example_dag.py
[2025-12-20T15:35:14.008+0000] {logging_mixin.py:188} INFO - [2025-12-20T15:35:14.008+0000] {dag.py:3033} INFO - Sync 1 DAGs
[2025-12-20T15:35:14.033+0000] {logging_mixin.py:188} INFO - [2025-12-20T15:35:14.033+0000] {dag.py:3820} INFO - Setting next_dagrun for example_dag to 2025-12-20T00:00:00+00:00, run_after=2025-12-21T00:00:00+00:00
[2025-12-20T15:35:14.047+0000] {processor.py:183} INFO - Processing /opt/airflow/dags/example_dag.py took 0.108 seconds
[2025-12-20T15:35:44.289+0000] {processor.py:161} INFO - Started process (PID=78) to work on /opt/airflow/dags/example_dag.py
[2025-12-20T15:35:44.291+0000] {processor.py:830} INFO - Processing file /opt/airflow/dags/example_dag.py for tasks to queue
[2025-12-20T15:35:44.292+0000] {logging_mixin.py:188} INFO - [2025-12-20T15:35:44.292+0000] {dagbag.py:538} INFO - Filling up the DagBag from /opt/airflow/dags/example_dag.py
[2025-12-20T15:35:44.325+0000] {processor.py:840} INFO - DAG(s) 'example_dag' retrieved from /opt/airflow/dags/example_dag.py
[2025-12-20T15:35:44.371+0000] {logging_mixin.py:188} INFO - [2025-12-20T15:35:44.371+0000] {dag.py:3033} INFO - Sync 1 DAGs
[2025-12-20T15:35:44.402+0000] {logging_mixin.py:188} INFO - [2025-12-20T15:35:44.402+0000] {dag.py:3820} INFO - Setting next_dagrun for example_dag to 2025-12-20T00:00:00+00:00, run_after=2025-12-21T00:00:00+00:00
[2025-12-20T15:35:44.430+0000] {processor.py:183} INFO - Processing /opt/airflow/dags/example_dag.py took 0.150 seconds
[2025-12-20T15:36:14.548+0000] {processor.py:161} INFO - Started process (PID=79) to work on /opt/airflow/dags/example_dag.py
[2025-12-20T15:36:14.549+0000] {processor.py:830} INFO - Processing file /opt/airflow/dags/example_dag.py for tasks to queue
[2025-12-20T15:36:14.550+0000] {logging_mixin.py:188} INFO - [2025-12-20T15:36:14.550+0000] {dagbag.py:538} INFO - Filling up the DagBag from /opt/airflow/dags/example_dag.py
[2025-12-20T15:36:14.571+0000] {processor.py:840} INFO - DAG(s) 'example_dag' retrieved from /opt/airflow/dags/example_dag.py
[2025-12-20T15:36:14.611+0000] {logging_mixin.py:188} INFO - [2025-12-20T15:36:14.611+0000] {dag.py:3033} INFO - Sync 1 DAGs
[2025-12-20T15:36:14.633+0000] {logging_mixin.py:188} INFO - [2025-12-20T15:36:14.633+0000] {dag.py:3820} INFO - Setting next_dagrun for example_dag to 2025-12-20T00:00:00+00:00, run_after=2025-12-21T00:00:00+00:00
[2025-12-20T15:36:14.647+0000] {processor.py:183} INFO - Processing /opt/airflow/dags/example_dag.py took 0.106 seconds
[2025-12-20T15:36:44.980+0000] {processor.py:161} INFO - Started process (PID=87) to work on /opt/airflow/dags/example_dag.py
[2025-12-20T15:36:44.981+0000] {processor.py:830} INFO - Processing file /opt/airflow/dags/example_dag.py for tasks to queue
[2025-12-20T15:36:44.982+0000] {logging_mixin.py:188} INFO - [2025-12-20T15:36:44.982+0000] {dagbag.py:538} INFO - Filling up the DagBag from /opt/airflow/dags/example_dag.py
[2025-12-20T15:36:45.005+0000] {processor.py:840} INFO - DAG(s) 'example_dag' retrieved from /opt/airflow/dags/example_dag.py
[2025-12-20T15:36:45.054+0000] {logging_mixin.py:188} INFO - [2025-12-20T15:36:45.054+0000] {dag.py:3033} INFO - Sync 1 DAGs
[2025-12-20T15:36:45.075+0000] {logging_mixin.py:188} INFO - [2025-12-20T15:36:45.075+0000] {dag.py:3820} INFO - Setting next_dagrun for example_dag to 2025-12-20T00:00:00+00:00, run_after=2025-12-21T00:00:00+00:00
[2025-12-20T15:36:45.090+0000] {processor.py:183} INFO - Processing /opt/airflow/dags/example_dag.py took 0.115 seconds
[2025-12-20T15:37:15.266+0000] {processor.py:161} INFO - Started process (PID=95) to work on /opt/airflow/dags/example_dag.py
[2025-12-20T15:37:15.267+0000] {processor.py:830} INFO - Processing file /opt/airflow/dags/example_dag.py for tasks to queue
[2025-12-20T15:37:15.268+0000] {logging_mixin.py:188} INFO - [2025-12-20T15:37:15.268+0000] {dagbag.py:538} INFO - Filling up the DagBag from /opt/airflow/dags/example_dag.py
[2025-12-20T15:37:15.289+0000] {processor.py:840} INFO - DAG(s) 'example_dag' retrieved from /opt/airflow/dags/example_dag.py
[2025-12-20T15:37:15.325+0000] {logging_mixin.py:188} INFO - [2025-12-20T15:37:15.325+0000] {dag.py:3033} INFO - Sync 1 DAGs
[2025-12-20T15:37:15.345+0000] {logging_mixin.py:188} INFO - [2025-12-20T15:37:15.345+0000] {dag.py:3820} INFO - Setting next_dagrun for example_dag to 2025-12-20T00:00:00+00:00, run_after=2025-12-21T00:00:00+00:00
[2025-12-20T15:37:15.363+0000] {processor.py:183} INFO - Processing /opt/airflow/dags/example_dag.py took 0.102 seconds
[2025-12-20T15:37:45.642+0000] {processor.py:161} INFO - Started process (PID=105) to work on /opt/airflow/dags/example_dag.py
[2025-12-20T15:37:45.643+0000] {processor.py:830} INFO - Processing file /opt/airflow/dags/example_dag.py for tasks to queue
[2025-12-20T15:37:45.644+0000] {logging_mixin.py:188} INFO - [2025-12-20T15:37:45.643+0000] {dagbag.py:538} INFO - Filling up the DagBag from /opt/airflow/dags/example_dag.py
[2025-12-20T15:37:45.657+0000] {processor.py:840} INFO - DAG(s) 'example_dag' retrieved from /opt/airflow/dags/example_dag.py
[2025-12-20T15:37:45.683+0000] {logging_mixin.py:188} INFO - [2025-12-20T15:37:45.683+0000] {dag.py:3033} INFO - Sync 1 DAGs
[2025-12-20T15:37:45.701+0000] {logging_mixin.py:188} INFO - [2025-12-20T15:37:45.701+0000] {dag.py:3820} INFO - Setting next_dagrun for example_dag to 2025-12-20T00:00:00+00:00, run_after=2025-12-21T00:00:00+00:00
[2025-12-20T15:37:45.717+0000] {processor.py:183} INFO - Processing /opt/airflow/dags/example_dag.py took 0.079 seconds
[2025-12-20T15:38:16.111+0000] {processor.py:161} INFO - Started process (PID=116) to work on /opt/airflow/dags/example_dag.py
[2025-12-20T15:38:16.112+0000] {processor.py:830} INFO - Processing file /opt/airflow/dags/example_dag.py for tasks to queue
[2025-12-20T15:38:16.113+0000] {logging_mixin.py:188} INFO - [2025-12-20T15:38:16.113+0000] {dagbag.py:538} INFO - Filling up the DagBag from /opt/airflow/dags/example_dag.py
[2025-12-20T15:38:16.121+0000] {processor.py:840} INFO - DAG(s) 'example_dag' retrieved from /opt/airflow/dags/example_dag.py
[2025-12-20T15:38:16.141+0000] {logging_mixin.py:188} INFO - [2025-12-20T15:38:16.141+0000] {dag.py:3033} INFO - Sync 1 DAGs
[2025-12-20T15:38:16.157+0000] {logging_mixin.py:188} INFO - [2025-12-20T15:38:16.157+0000] {dag.py:3820} INFO - Setting next_dagrun for example_dag to 2025-12-20T00:00:00+00:00, run_after=2025-12-21T00:00:00+00:00
[2025-12-20T15:38:16.170+0000] {processor.py:183} INFO - Processing /opt/airflow/dags/example_dag.py took 0.062 seconds
[2025-12-20T15:38:46.458+0000] {processor.py:161} INFO - Started process (PID=126) to work on /opt/airflow/dags/example_dag.py
[2025-12-20T15:38:46.459+0000] {processor.py:830} INFO - Processing file /opt/airflow/dags/example_dag.py for tasks to queue
[2025-12-20T15:38:46.461+0000] {logging_mixin.py:188} INFO - [2025-12-20T15:38:46.460+0000] {dagbag.py:538} INFO - Filling up the DagBag from /opt/airflow/dags/example_dag.py
[2025-12-20T15:38:46.482+0000] {processor.py:840} INFO - DAG(s) 'example_dag' retrieved from /opt/airflow/dags/example_dag.py
[2025-12-20T15:38:46.524+0000] {logging_mixin.py:188} INFO - [2025-12-20T15:38:46.524+0000] {dag.py:3033} INFO - Sync 1 DAGs
[2025-12-20T15:38:46.552+0000] {logging_mixin.py:188} INFO - [2025-12-20T15:38:46.552+0000] {dag.py:3820} INFO - Setting next_dagrun for example_dag to 2025-12-20T00:00:00+00:00, run_after=2025-12-21T00:00:00+00:00
[2025-12-20T15:38:46.573+0000] {processor.py:183} INFO - Processing /opt/airflow/dags/example_dag.py took 0.131 seconds
[2025-12-20T15:39:16.790+0000] {processor.py:161} INFO - Started process (PID=136) to work on /opt/airflow/dags/example_dag.py
[2025-12-20T15:39:16.791+0000] {processor.py:830} INFO - Processing file /opt/airflow/dags/example_dag.py for tasks to queue
[2025-12-20T15:39:16.792+0000] {logging_mixin.py:188} INFO - [2025-12-20T15:39:16.792+0000] {dagbag.py:538} INFO - Filling up the DagBag from /opt/airflow/dags/example_dag.py
[2025-12-20T15:39:16.829+0000] {processor.py:840} INFO - DAG(s) 'example_dag' retrieved from /opt/airflow/dags/example_dag.py
[2025-12-20T15:39:16.871+0000] {logging_mixin.py:188} INFO - [2025-12-20T15:39:16.871+0000] {dag.py:3033} INFO - Sync 1 DAGs
[2025-12-20T15:39:16.901+0000] {logging_mixin.py:188} INFO - [2025-12-20T15:39:16.900+0000] {dag.py:3820} INFO - Setting next_dagrun for example_dag to 2025-12-20T00:00:00+00:00, run_after=2025-12-21T00:00:00+00:00
[2025-12-20T15:39:16.920+0000] {processor.py:183} INFO - Processing /opt/airflow/dags/example_dag.py took 0.143 seconds
[2025-12-20T15:43:43.772+0000] {processor.py:161} INFO - Started process (PID=32) to work on /opt/airflow/dags/example_dag.py
[2025-12-20T15:43:43.773+0000] {processor.py:830} INFO - Processing file /opt/airflow/dags/example_dag.py for tasks to queue
[2025-12-20T15:43:43.774+0000] {logging_mixin.py:188} INFO - [2025-12-20T15:43:43.774+0000] {dagbag.py:538} INFO - Filling up the DagBag from /opt/airflow/dags/example_dag.py
[2025-12-20T15:43:43.780+0000] {processor.py:840} INFO - DAG(s) 'example_dag' retrieved from /opt/airflow/dags/example_dag.py
[2025-12-20T15:43:43.792+0000] {logging_mixin.py:188} INFO - [2025-12-20T15:43:43.792+0000] {dag.py:3033} INFO - Sync 1 DAGs
[2025-12-20T15:43:43.805+0000] {logging_mixin.py:188} INFO - [2025-12-20T15:43:43.805+0000] {dag.py:3820} INFO - Setting next_dagrun for example_dag to 2025-12-20T00:00:00+00:00, run_after=2025-12-21T00:00:00+00:00
[2025-12-20T15:43:43.819+0000] {processor.py:183} INFO - Processing /opt/airflow/dags/example_dag.py took 0.048 seconds
[2025-12-20T15:44:14.262+0000] {processor.py:161} INFO - Started process (PID=42) to work on /opt/airflow/dags/example_dag.py
[2025-12-20T15:44:14.264+0000] {processor.py:830} INFO - Processing file /opt/airflow/dags/example_dag.py for tasks to queue
[2025-12-20T15:44:14.266+0000] {logging_mixin.py:188} INFO - [2025-12-20T15:44:14.266+0000] {dagbag.py:538} INFO - Filling up the DagBag from /opt/airflow/dags/example_dag.py
[2025-12-20T15:44:14.283+0000] {processor.py:840} INFO - DAG(s) 'example_dag' retrieved from /opt/airflow/dags/example_dag.py
[2025-12-20T15:44:14.366+0000] {logging_mixin.py:188} INFO - [2025-12-20T15:44:14.366+0000] {dag.py:3033} INFO - Sync 1 DAGs
[2025-12-20T15:44:14.380+0000] {logging_mixin.py:188} INFO - [2025-12-20T15:44:14.379+0000] {dag.py:3820} INFO - Setting next_dagrun for example_dag to 2025-12-20T00:00:00+00:00, run_after=2025-12-21T00:00:00+00:00
[2025-12-20T15:44:14.392+0000] {processor.py:183} INFO - Processing /opt/airflow/dags/example_dag.py took 0.134 seconds
[2025-12-20T15:44:44.655+0000] {processor.py:161} INFO - Started process (PID=52) to work on /opt/airflow/dags/example_dag.py
[2025-12-20T15:44:44.657+0000] {processor.py:830} INFO - Processing file /opt/airflow/dags/example_dag.py for tasks to queue
[2025-12-20T15:44:44.658+0000] {logging_mixin.py:188} INFO - [2025-12-20T15:44:44.657+0000] {dagbag.py:538} INFO - Filling up the DagBag from /opt/airflow/dags/example_dag.py
[2025-12-20T15:44:44.667+0000] {processor.py:840} INFO - DAG(s) 'example_dag' retrieved from /opt/airflow/dags/example_dag.py
[2025-12-20T15:44:44.692+0000] {logging_mixin.py:188} INFO - [2025-12-20T15:44:44.691+0000] {dag.py:3033} INFO - Sync 1 DAGs
[2025-12-20T15:44:44.706+0000] {logging_mixin.py:188} INFO - [2025-12-20T15:44:44.706+0000] {dag.py:3820} INFO - Setting next_dagrun for example_dag to 2025-12-20T00:00:00+00:00, run_after=2025-12-21T00:00:00+00:00
[2025-12-20T15:44:44.717+0000] {processor.py:183} INFO - Processing /opt/airflow/dags/example_dag.py took 0.065 seconds
[2025-12-20T15:45:14.981+0000] {processor.py:161} INFO - Started process (PID=62) to work on /opt/airflow/dags/example_dag.py
[2025-12-20T15:45:14.982+0000] {processor.py:830} INFO - Processing file /opt/airflow/dags/example_dag.py for tasks to queue
[2025-12-20T15:45:14.982+0000] {logging_mixin.py:188} INFO - [2025-12-20T15:45:14.982+0000] {dagbag.py:538} INFO - Filling up the DagBag from /opt/airflow/dags/example_dag.py
[2025-12-20T15:45:14.990+0000] {processor.py:840} INFO - DAG(s) 'example_dag' retrieved from /opt/airflow/dags/example_dag.py
[2025-12-20T15:45:15.008+0000] {logging_mixin.py:188} INFO - [2025-12-20T15:45:15.008+0000] {dag.py:3033} INFO - Sync 1 DAGs
[2025-12-20T15:45:15.021+0000] {logging_mixin.py:188} INFO - [2025-12-20T15:45:15.021+0000] {dag.py:3820} INFO - Setting next_dagrun for example_dag to 2025-12-20T00:00:00+00:00, run_after=2025-12-21T00:00:00+00:00
[2025-12-20T15:45:15.031+0000] {processor.py:183} INFO - Processing /opt/airflow/dags/example_dag.py took 0.051 seconds
[2025-12-20T15:45:45.333+0000] {processor.py:161} INFO - Started process (PID=72) to work on /opt/airflow/dags/example_dag.py
[2025-12-20T15:45:45.334+0000] {processor.py:830} INFO - Processing file /opt/airflow/dags/example_dag.py for tasks to queue
[2025-12-20T15:45:45.334+0000] {logging_mixin.py:188} INFO - [2025-12-20T15:45:45.334+0000] {dagbag.py:538} INFO - Filling up the DagBag from /opt/airflow/dags/example_dag.py
[2025-12-20T15:45:45.342+0000] {processor.py:840} INFO - DAG(s) 'example_dag' retrieved from /opt/airflow/dags/example_dag.py
[2025-12-20T15:45:45.363+0000] {logging_mixin.py:188} INFO - [2025-12-20T15:45:45.362+0000] {dag.py:3033} INFO - Sync 1 DAGs
[2025-12-20T15:45:45.379+0000] {logging_mixin.py:188} INFO - [2025-12-20T15:45:45.379+0000] {dag.py:3820} INFO - Setting next_dagrun for example_dag to 2025-12-20T00:00:00+00:00, run_after=2025-12-21T00:00:00+00:00
[2025-12-20T15:45:45.392+0000] {processor.py:183} INFO - Processing /opt/airflow/dags/example_dag.py took 0.062 seconds
[2025-12-20T15:46:15.736+0000] {processor.py:161} INFO - Started process (PID=82) to work on /opt/airflow/dags/example_dag.py
[2025-12-20T15:46:15.737+0000] {processor.py:830} INFO - Processing file /opt/airflow/dags/example_dag.py for tasks to queue
[2025-12-20T15:46:15.737+0000] {logging_mixin.py:188} INFO - [2025-12-20T15:46:15.737+0000] {dagbag.py:538} INFO - Filling up the DagBag from /opt/airflow/dags/example_dag.py
[2025-12-20T15:46:15.746+0000] {processor.py:840} INFO - DAG(s) 'example_dag' retrieved from /opt/airflow/dags/example_dag.py
[2025-12-20T15:46:15.766+0000] {logging_mixin.py:188} INFO - [2025-12-20T15:46:15.766+0000] {dag.py:3033} INFO - Sync 1 DAGs
[2025-12-20T15:46:15.784+0000] {logging_mixin.py:188} INFO - [2025-12-20T15:46:15.783+0000] {dag.py:3820} INFO - Setting next_dagrun for example_dag to 2025-12-20T00:00:00+00:00, run_after=2025-12-21T00:00:00+00:00
[2025-12-20T15:46:15.796+0000] {processor.py:183} INFO - Processing /opt/airflow/dags/example_dag.py took 0.062 seconds
[2025-12-20T15:46:46.100+0000] {processor.py:161} INFO - Started process (PID=92) to work on /opt/airflow/dags/example_dag.py
[2025-12-20T15:46:46.101+0000] {processor.py:830} INFO - Processing file /opt/airflow/dags/example_dag.py for tasks to queue
[2025-12-20T15:46:46.102+0000] {logging_mixin.py:188} INFO - [2025-12-20T15:46:46.102+0000] {dagbag.py:538} INFO - Filling up the DagBag from /opt/airflow/dags/example_dag.py
[2025-12-20T15:46:46.110+0000] {processor.py:840} INFO - DAG(s) 'example_dag' retrieved from /opt/airflow/dags/example_dag.py
[2025-12-20T15:46:46.132+0000] {logging_mixin.py:188} INFO - [2025-12-20T15:46:46.132+0000] {dag.py:3033} INFO - Sync 1 DAGs
[2025-12-20T15:46:46.149+0000] {logging_mixin.py:188} INFO - [2025-12-20T15:46:46.148+0000] {dag.py:3820} INFO - Setting next_dagrun for example_dag to 2025-12-20T00:00:00+00:00, run_after=2025-12-21T00:00:00+00:00
[2025-12-20T15:46:46.164+0000] {processor.py:183} INFO - Processing /opt/airflow/dags/example_dag.py took 0.067 seconds
[2025-12-20T15:47:16.532+0000] {processor.py:161} INFO - Started process (PID=102) to work on /opt/airflow/dags/example_dag.py
[2025-12-20T15:47:16.533+0000] {processor.py:830} INFO - Processing file /opt/airflow/dags/example_dag.py for tasks to queue
[2025-12-20T15:47:16.534+0000] {logging_mixin.py:188} INFO - [2025-12-20T15:47:16.534+0000] {dagbag.py:538} INFO - Filling up the DagBag from /opt/airflow/dags/example_dag.py
[2025-12-20T15:47:16.545+0000] {processor.py:840} INFO - DAG(s) 'example_dag' retrieved from /opt/airflow/dags/example_dag.py
[2025-12-20T15:47:16.566+0000] {logging_mixin.py:188} INFO - [2025-12-20T15:47:16.566+0000] {dag.py:3033} INFO - Sync 1 DAGs
[2025-12-20T15:47:16.579+0000] {logging_mixin.py:188} INFO - [2025-12-20T15:47:16.579+0000] {dag.py:3820} INFO - Setting next_dagrun for example_dag to 2025-12-20T00:00:00+00:00, run_after=2025-12-21T00:00:00+00:00
[2025-12-20T15:47:16.591+0000] {processor.py:183} INFO - Processing /opt/airflow/dags/example_dag.py took 0.062 seconds
[2025-12-20T15:47:46.955+0000] {processor.py:161} INFO - Started process (PID=111) to work on /opt/airflow/dags/example_dag.py
[2025-12-20T15:47:46.956+0000] {processor.py:830} INFO - Processing file /opt/airflow/dags/example_dag.py for tasks to queue
[2025-12-20T15:47:46.956+0000] {logging_mixin.py:188} INFO - [2025-12-20T15:47:46.956+0000] {dagbag.py:538} INFO - Filling up the DagBag from /opt/airflow/dags/example_dag.py
[2025-12-20T15:47:46.965+0000] {processor.py:840} INFO - DAG(s) 'example_dag' retrieved from /opt/airflow/dags/example_dag.py
[2025-12-20T15:47:46.985+0000] {logging_mixin.py:188} INFO - [2025-12-20T15:47:46.985+0000] {dag.py:3033} INFO - Sync 1 DAGs
[2025-12-20T15:47:47.001+0000] {logging_mixin.py:188} INFO - [2025-12-20T15:47:47.001+0000] {dag.py:3820} INFO - Setting next_dagrun for example_dag to 2025-12-20T00:00:00+00:00, run_after=2025-12-21T00:00:00+00:00
[2025-12-20T15:47:47.011+0000] {processor.py:183} INFO - Processing /opt/airflow/dags/example_dag.py took 0.057 seconds
[2025-12-20T15:48:17.361+0000] {processor.py:161} INFO - Started process (PID=115) to work on /opt/airflow/dags/example_dag.py
[2025-12-20T15:48:17.361+0000] {processor.py:830} INFO - Processing file /opt/airflow/dags/example_dag.py for tasks to queue
[2025-12-20T15:48:17.362+0000] {logging_mixin.py:188} INFO - [2025-12-20T15:48:17.362+0000] {dagbag.py:538} INFO - Filling up the DagBag from /opt/airflow/dags/example_dag.py
[2025-12-20T15:48:17.368+0000] {processor.py:840} INFO - DAG(s) 'example_dag' retrieved from /opt/airflow/dags/example_dag.py
[2025-12-20T15:48:17.386+0000] {logging_mixin.py:188} INFO - [2025-12-20T15:48:17.386+0000] {dag.py:3033} INFO - Sync 1 DAGs
[2025-12-20T15:48:17.399+0000] {logging_mixin.py:188} INFO - [2025-12-20T15:48:17.399+0000] {dag.py:3820} INFO - Setting next_dagrun for example_dag to 2025-12-20T00:00:00+00:00, run_after=2025-12-21T00:00:00+00:00
[2025-12-20T15:48:17.410+0000] {processor.py:183} INFO - Processing /opt/airflow/dags/example_dag.py took 0.051 seconds
[2025-12-20T15:48:47.748+0000] {processor.py:161} INFO - Started process (PID=125) to work on /opt/airflow/dags/example_dag.py
[2025-12-20T15:48:47.749+0000] {processor.py:830} INFO - Processing file /opt/airflow/dags/example_dag.py for tasks to queue
[2025-12-20T15:48:47.749+0000] {logging_mixin.py:188} INFO - [2025-12-20T15:48:47.749+0000] {dagbag.py:538} INFO - Filling up the DagBag from /opt/airflow/dags/example_dag.py
[2025-12-20T15:48:47.757+0000] {processor.py:840} INFO - DAG(s) 'example_dag' retrieved from /opt/airflow/dags/example_dag.py
[2025-12-20T15:48:47.775+0000] {logging_mixin.py:188} INFO - [2025-12-20T15:48:47.775+0000] {dag.py:3033} INFO - Sync 1 DAGs
[2025-12-20T15:48:47.787+0000] {logging_mixin.py:188} INFO - [2025-12-20T15:48:47.787+0000] {dag.py:3820} INFO - Setting next_dagrun for example_dag to 2025-12-20T00:00:00+00:00, run_after=2025-12-21T00:00:00+00:00
[2025-12-20T15:48:47.798+0000] {processor.py:183} INFO - Processing /opt/airflow/dags/example_dag.py took 0.052 seconds
[2025-12-20T15:51:19.996+0000] {processor.py:161} INFO - Started process (PID=32) to work on /opt/airflow/dags/example_dag.py
[2025-12-20T15:51:20.000+0000] {processor.py:830} INFO - Processing file /opt/airflow/dags/example_dag.py for tasks to queue
[2025-12-20T15:51:20.003+0000] {logging_mixin.py:188} INFO - [2025-12-20T15:51:20.002+0000] {dagbag.py:538} INFO - Filling up the DagBag from /opt/airflow/dags/example_dag.py
[2025-12-20T15:51:20.022+0000] {processor.py:840} INFO - DAG(s) 'example_dag' retrieved from /opt/airflow/dags/example_dag.py
[2025-12-20T15:51:20.081+0000] {logging_mixin.py:188} INFO - [2025-12-20T15:51:20.081+0000] {dag.py:3033} INFO - Sync 1 DAGs
[2025-12-20T15:51:20.094+0000] {logging_mixin.py:188} INFO - [2025-12-20T15:51:20.094+0000] {dag.py:3820} INFO - Setting next_dagrun for example_dag to 2025-12-20T00:00:00+00:00, run_after=2025-12-21T00:00:00+00:00
[2025-12-20T15:51:20.104+0000] {processor.py:183} INFO - Processing /opt/airflow/dags/example_dag.py took 0.117 seconds
[2025-12-20T15:51:50.617+0000] {processor.py:161} INFO - Started process (PID=42) to work on /opt/airflow/dags/example_dag.py
[2025-12-20T15:51:50.618+0000] {processor.py:830} INFO - Processing file /opt/airflow/dags/example_dag.py for tasks to queue
[2025-12-20T15:51:50.618+0000] {logging_mixin.py:188} INFO - [2025-12-20T15:51:50.618+0000] {dagbag.py:538} INFO - Filling up the DagBag from /opt/airflow/dags/example_dag.py
[2025-12-20T15:51:50.629+0000] {processor.py:840} INFO - DAG(s) 'example_dag' retrieved from /opt/airflow/dags/example_dag.py
[2025-12-20T15:51:50.692+0000] {logging_mixin.py:188} INFO - [2025-12-20T15:51:50.692+0000] {dag.py:3033} INFO - Sync 1 DAGs
[2025-12-20T15:51:50.704+0000] {logging_mixin.py:188} INFO - [2025-12-20T15:51:50.704+0000] {dag.py:3820} INFO - Setting next_dagrun for example_dag to 2025-12-20T00:00:00+00:00, run_after=2025-12-21T00:00:00+00:00
[2025-12-20T15:51:50.716+0000] {processor.py:183} INFO - Processing /opt/airflow/dags/example_dag.py took 0.102 seconds
[2025-12-20T15:52:21.045+0000] {processor.py:161} INFO - Started process (PID=52) to work on /opt/airflow/dags/example_dag.py
[2025-12-20T15:52:21.046+0000] {processor.py:830} INFO - Processing file /opt/airflow/dags/example_dag.py for tasks to queue
[2025-12-20T15:52:21.047+0000] {logging_mixin.py:188} INFO - [2025-12-20T15:52:21.046+0000] {dagbag.py:538} INFO - Filling up the DagBag from /opt/airflow/dags/example_dag.py
[2025-12-20T15:52:21.053+0000] {processor.py:840} INFO - DAG(s) 'example_dag' retrieved from /opt/airflow/dags/example_dag.py
[2025-12-20T15:52:21.072+0000] {logging_mixin.py:188} INFO - [2025-12-20T15:52:21.072+0000] {dag.py:3033} INFO - Sync 1 DAGs
[2025-12-20T15:52:21.083+0000] {logging_mixin.py:188} INFO - [2025-12-20T15:52:21.083+0000] {dag.py:3820} INFO - Setting next_dagrun for example_dag to 2025-12-20T00:00:00+00:00, run_after=2025-12-21T00:00:00+00:00
[2025-12-20T15:52:21.093+0000] {processor.py:183} INFO - Processing /opt/airflow/dags/example_dag.py took 0.050 seconds
[2025-12-20T15:52:51.410+0000] {processor.py:161} INFO - Started process (PID=62) to work on /opt/airflow/dags/example_dag.py
[2025-12-20T15:52:51.410+0000] {processor.py:830} INFO - Processing file /opt/airflow/dags/example_dag.py for tasks to queue
[2025-12-20T15:52:51.411+0000] {logging_mixin.py:188} INFO - [2025-12-20T15:52:51.411+0000] {dagbag.py:538} INFO - Filling up the DagBag from /opt/airflow/dags/example_dag.py
[2025-12-20T15:52:51.417+0000] {processor.py:840} INFO - DAG(s) 'example_dag' retrieved from /opt/airflow/dags/example_dag.py
[2025-12-20T15:52:51.437+0000] {logging_mixin.py:188} INFO - [2025-12-20T15:52:51.436+0000] {dag.py:3033} INFO - Sync 1 DAGs
[2025-12-20T15:52:51.450+0000] {logging_mixin.py:188} INFO - [2025-12-20T15:52:51.450+0000] {dag.py:3820} INFO - Setting next_dagrun for example_dag to 2025-12-20T00:00:00+00:00, run_after=2025-12-21T00:00:00+00:00
[2025-12-20T15:52:51.461+0000] {processor.py:183} INFO - Processing /opt/airflow/dags/example_dag.py took 0.053 seconds
[2025-12-20T15:53:21.773+0000] {processor.py:161} INFO - Started process (PID=72) to work on /opt/airflow/dags/example_dag.py
[2025-12-20T15:53:21.774+0000] {processor.py:830} INFO - Processing file /opt/airflow/dags/example_dag.py for tasks to queue
[2025-12-20T15:53:21.775+0000] {logging_mixin.py:188} INFO - [2025-12-20T15:53:21.775+0000] {dagbag.py:538} INFO - Filling up the DagBag from /opt/airflow/dags/example_dag.py
[2025-12-20T15:53:21.782+0000] {processor.py:840} INFO - DAG(s) 'example_dag' retrieved from /opt/airflow/dags/example_dag.py
[2025-12-20T15:53:21.802+0000] {logging_mixin.py:188} INFO - [2025-12-20T15:53:21.802+0000] {dag.py:3033} INFO - Sync 1 DAGs
[2025-12-20T15:53:21.815+0000] {logging_mixin.py:188} INFO - [2025-12-20T15:53:21.815+0000] {dag.py:3820} INFO - Setting next_dagrun for example_dag to 2025-12-20T00:00:00+00:00, run_after=2025-12-21T00:00:00+00:00
[2025-12-20T15:53:21.826+0000] {processor.py:183} INFO - Processing /opt/airflow/dags/example_dag.py took 0.054 seconds
[2025-12-20T15:53:52.112+0000] {processor.py:161} INFO - Started process (PID=82) to work on /opt/airflow/dags/example_dag.py
[2025-12-20T15:53:52.112+0000] {processor.py:830} INFO - Processing file /opt/airflow/dags/example_dag.py for tasks to queue
[2025-12-20T15:53:52.112+0000] {logging_mixin.py:188} INFO - [2025-12-20T15:53:52.112+0000] {dagbag.py:538} INFO - Filling up the DagBag from /opt/airflow/dags/example_dag.py
[2025-12-20T15:53:52.119+0000] {processor.py:840} INFO - DAG(s) 'example_dag' retrieved from /opt/airflow/dags/example_dag.py
[2025-12-20T15:53:52.137+0000] {logging_mixin.py:188} INFO - [2025-12-20T15:53:52.137+0000] {dag.py:3033} INFO - Sync 1 DAGs
[2025-12-20T15:53:52.149+0000] {logging_mixin.py:188} INFO - [2025-12-20T15:53:52.149+0000] {dag.py:3820} INFO - Setting next_dagrun for example_dag to 2025-12-20T00:00:00+00:00, run_after=2025-12-21T00:00:00+00:00
[2025-12-20T15:53:52.158+0000] {processor.py:183} INFO - Processing /opt/airflow/dags/example_dag.py took 0.048 seconds
[2025-12-20T15:54:22.487+0000] {processor.py:161} INFO - Started process (PID=116) to work on /opt/airflow/dags/example_dag.py
[2025-12-20T15:54:22.487+0000] {processor.py:830} INFO - Processing file /opt/airflow/dags/example_dag.py for tasks to queue
[2025-12-20T15:54:22.488+0000] {logging_mixin.py:188} INFO - [2025-12-20T15:54:22.488+0000] {dagbag.py:538} INFO - Filling up the DagBag from /opt/airflow/dags/example_dag.py
[2025-12-20T15:54:22.495+0000] {processor.py:840} INFO - DAG(s) 'example_dag' retrieved from /opt/airflow/dags/example_dag.py
[2025-12-20T15:54:22.513+0000] {logging_mixin.py:188} INFO - [2025-12-20T15:54:22.512+0000] {dag.py:3033} INFO - Sync 1 DAGs
[2025-12-20T15:54:22.526+0000] {logging_mixin.py:188} INFO - [2025-12-20T15:54:22.526+0000] {dag.py:3820} INFO - Setting next_dagrun for example_dag to 2025-12-20T00:00:00+00:00, run_after=2025-12-21T00:00:00+00:00
[2025-12-20T15:54:22.535+0000] {processor.py:183} INFO - Processing /opt/airflow/dags/example_dag.py took 0.051 seconds
[2025-12-20T15:54:53.005+0000] {processor.py:161} INFO - Started process (PID=126) to work on /opt/airflow/dags/example_dag.py
[2025-12-20T15:54:53.006+0000] {processor.py:830} INFO - Processing file /opt/airflow/dags/example_dag.py for tasks to queue
[2025-12-20T15:54:53.007+0000] {logging_mixin.py:188} INFO - [2025-12-20T15:54:53.007+0000] {dagbag.py:538} INFO - Filling up the DagBag from /opt/airflow/dags/example_dag.py
[2025-12-20T15:54:53.021+0000] {processor.py:840} INFO - DAG(s) 'example_dag' retrieved from /opt/airflow/dags/example_dag.py
[2025-12-20T15:54:53.045+0000] {logging_mixin.py:188} INFO - [2025-12-20T15:54:53.045+0000] {dag.py:3033} INFO - Sync 1 DAGs
[2025-12-20T15:54:53.075+0000] {logging_mixin.py:188} INFO - [2025-12-20T15:54:53.075+0000] {dag.py:3820} INFO - Setting next_dagrun for example_dag to 2025-12-20T00:00:00+00:00, run_after=2025-12-21T00:00:00+00:00
[2025-12-20T15:54:53.090+0000] {processor.py:183} INFO - Processing /opt/airflow/dags/example_dag.py took 0.088 seconds
[2025-12-20T15:55:23.389+0000] {processor.py:161} INFO - Started process (PID=129) to work on /opt/airflow/dags/example_dag.py
[2025-12-20T15:55:23.389+0000] {processor.py:830} INFO - Processing file /opt/airflow/dags/example_dag.py for tasks to queue
[2025-12-20T15:55:23.390+0000] {logging_mixin.py:188} INFO - [2025-12-20T15:55:23.390+0000] {dagbag.py:538} INFO - Filling up the DagBag from /opt/airflow/dags/example_dag.py
[2025-12-20T15:55:23.397+0000] {processor.py:840} INFO - DAG(s) 'example_dag' retrieved from /opt/airflow/dags/example_dag.py
[2025-12-20T15:55:23.416+0000] {logging_mixin.py:188} INFO - [2025-12-20T15:55:23.416+0000] {dag.py:3033} INFO - Sync 1 DAGs
[2025-12-20T15:55:23.428+0000] {logging_mixin.py:188} INFO - [2025-12-20T15:55:23.428+0000] {dag.py:3820} INFO - Setting next_dagrun for example_dag to 2025-12-20T00:00:00+00:00, run_after=2025-12-21T00:00:00+00:00
[2025-12-20T15:55:23.438+0000] {processor.py:183} INFO - Processing /opt/airflow/dags/example_dag.py took 0.051 seconds
[2025-12-20T15:55:53.723+0000] {processor.py:161} INFO - Started process (PID=139) to work on /opt/airflow/dags/example_dag.py
[2025-12-20T15:55:53.724+0000] {processor.py:830} INFO - Processing file /opt/airflow/dags/example_dag.py for tasks to queue
[2025-12-20T15:55:53.724+0000] {logging_mixin.py:188} INFO - [2025-12-20T15:55:53.724+0000] {dagbag.py:538} INFO - Filling up the DagBag from /opt/airflow/dags/example_dag.py
[2025-12-20T15:55:53.732+0000] {processor.py:840} INFO - DAG(s) 'example_dag' retrieved from /opt/airflow/dags/example_dag.py
[2025-12-20T15:55:53.750+0000] {logging_mixin.py:188} INFO - [2025-12-20T15:55:53.750+0000] {dag.py:3033} INFO - Sync 1 DAGs
[2025-12-20T15:55:53.762+0000] {logging_mixin.py:188} INFO - [2025-12-20T15:55:53.762+0000] {dag.py:3820} INFO - Setting next_dagrun for example_dag to 2025-12-20T00:00:00+00:00, run_after=2025-12-21T00:00:00+00:00
[2025-12-20T15:55:53.771+0000] {processor.py:183} INFO - Processing /opt/airflow/dags/example_dag.py took 0.050 seconds
[2025-12-20T15:56:24.109+0000] {processor.py:161} INFO - Started process (PID=149) to work on /opt/airflow/dags/example_dag.py
[2025-12-20T15:56:24.110+0000] {processor.py:830} INFO - Processing file /opt/airflow/dags/example_dag.py for tasks to queue
[2025-12-20T15:56:24.110+0000] {logging_mixin.py:188} INFO - [2025-12-20T15:56:24.110+0000] {dagbag.py:538} INFO - Filling up the DagBag from /opt/airflow/dags/example_dag.py
[2025-12-20T15:56:24.119+0000] {processor.py:840} INFO - DAG(s) 'example_dag' retrieved from /opt/airflow/dags/example_dag.py
[2025-12-20T15:56:24.140+0000] {logging_mixin.py:188} INFO - [2025-12-20T15:56:24.140+0000] {dag.py:3033} INFO - Sync 1 DAGs
[2025-12-20T15:56:24.154+0000] {logging_mixin.py:188} INFO - [2025-12-20T15:56:24.154+0000] {dag.py:3820} INFO - Setting next_dagrun for example_dag to 2025-12-20T00:00:00+00:00, run_after=2025-12-21T00:00:00+00:00
[2025-12-20T15:56:24.166+0000] {processor.py:183} INFO - Processing /opt/airflow/dags/example_dag.py took 0.060 seconds
[2025-12-20T15:56:54.523+0000] {processor.py:161} INFO - Started process (PID=159) to work on /opt/airflow/dags/example_dag.py
[2025-12-20T15:56:54.526+0000] {processor.py:830} INFO - Processing file /opt/airflow/dags/example_dag.py for tasks to queue
[2025-12-20T15:56:54.526+0000] {logging_mixin.py:188} INFO - [2025-12-20T15:56:54.526+0000] {dagbag.py:538} INFO - Filling up the DagBag from /opt/airflow/dags/example_dag.py
[2025-12-20T15:56:54.534+0000] {processor.py:840} INFO - DAG(s) 'example_dag' retrieved from /opt/airflow/dags/example_dag.py
[2025-12-20T15:56:54.555+0000] {logging_mixin.py:188} INFO - [2025-12-20T15:56:54.555+0000] {dag.py:3033} INFO - Sync 1 DAGs
[2025-12-20T15:56:54.571+0000] {logging_mixin.py:188} INFO - [2025-12-20T15:56:54.570+0000] {dag.py:3820} INFO - Setting next_dagrun for example_dag to 2025-12-20T00:00:00+00:00, run_after=2025-12-21T00:00:00+00:00
[2025-12-20T15:56:54.584+0000] {processor.py:183} INFO - Processing /opt/airflow/dags/example_dag.py took 0.067 seconds
[2025-12-20T15:57:24.904+0000] {processor.py:161} INFO - Started process (PID=169) to work on /opt/airflow/dags/example_dag.py
[2025-12-20T15:57:24.905+0000] {processor.py:830} INFO - Processing file /opt/airflow/dags/example_dag.py for tasks to queue
[2025-12-20T15:57:24.905+0000] {logging_mixin.py:188} INFO - [2025-12-20T15:57:24.905+0000] {dagbag.py:538} INFO - Filling up the DagBag from /opt/airflow/dags/example_dag.py
[2025-12-20T15:57:24.911+0000] {processor.py:840} INFO - DAG(s) 'example_dag' retrieved from /opt/airflow/dags/example_dag.py
[2025-12-20T15:57:24.932+0000] {logging_mixin.py:188} INFO - [2025-12-20T15:57:24.932+0000] {dag.py:3033} INFO - Sync 1 DAGs
[2025-12-20T15:57:24.947+0000] {logging_mixin.py:188} INFO - [2025-12-20T15:57:24.947+0000] {dag.py:3820} INFO - Setting next_dagrun for example_dag to 2025-12-20T00:00:00+00:00, run_after=2025-12-21T00:00:00+00:00
[2025-12-20T15:57:24.958+0000] {processor.py:183} INFO - Processing /opt/airflow/dags/example_dag.py took 0.057 seconds
[2025-12-20T15:57:55.289+0000] {processor.py:161} INFO - Started process (PID=179) to work on /opt/airflow/dags/example_dag.py
[2025-12-20T15:57:55.290+0000] {processor.py:830} INFO - Processing file /opt/airflow/dags/example_dag.py for tasks to queue
[2025-12-20T15:57:55.290+0000] {logging_mixin.py:188} INFO - [2025-12-20T15:57:55.290+0000] {dagbag.py:538} INFO - Filling up the DagBag from /opt/airflow/dags/example_dag.py
[2025-12-20T15:57:55.298+0000] {processor.py:840} INFO - DAG(s) 'example_dag' retrieved from /opt/airflow/dags/example_dag.py
[2025-12-20T15:57:55.322+0000] {logging_mixin.py:188} INFO - [2025-12-20T15:57:55.322+0000] {dag.py:3033} INFO - Sync 1 DAGs
[2025-12-20T15:57:55.340+0000] {logging_mixin.py:188} INFO - [2025-12-20T15:57:55.340+0000] {dag.py:3820} INFO - Setting next_dagrun for example_dag to 2025-12-20T00:00:00+00:00, run_after=2025-12-21T00:00:00+00:00
[2025-12-20T15:57:55.356+0000] {processor.py:183} INFO - Processing /opt/airflow/dags/example_dag.py took 0.070 seconds
[2025-12-20T15:58:25.680+0000] {processor.py:161} INFO - Started process (PID=189) to work on /opt/airflow/dags/example_dag.py
[2025-12-20T15:58:25.681+0000] {processor.py:830} INFO - Processing file /opt/airflow/dags/example_dag.py for tasks to queue
[2025-12-20T15:58:25.682+0000] {logging_mixin.py:188} INFO - [2025-12-20T15:58:25.681+0000] {dagbag.py:538} INFO - Filling up the DagBag from /opt/airflow/dags/example_dag.py
[2025-12-20T15:58:25.689+0000] {processor.py:840} INFO - DAG(s) 'example_dag' retrieved from /opt/airflow/dags/example_dag.py
[2025-12-20T15:58:25.708+0000] {logging_mixin.py:188} INFO - [2025-12-20T15:58:25.708+0000] {dag.py:3033} INFO - Sync 1 DAGs
[2025-12-20T15:58:25.722+0000] {logging_mixin.py:188} INFO - [2025-12-20T15:58:25.722+0000] {dag.py:3820} INFO - Setting next_dagrun for example_dag to 2025-12-20T00:00:00+00:00, run_after=2025-12-21T00:00:00+00:00
[2025-12-20T15:58:25.734+0000] {processor.py:183} INFO - Processing /opt/airflow/dags/example_dag.py took 0.056 seconds
[2025-12-20T15:58:56.091+0000] {processor.py:161} INFO - Started process (PID=199) to work on /opt/airflow/dags/example_dag.py
[2025-12-20T15:58:56.091+0000] {processor.py:830} INFO - Processing file /opt/airflow/dags/example_dag.py for tasks to queue
[2025-12-20T15:58:56.092+0000] {logging_mixin.py:188} INFO - [2025-12-20T15:58:56.092+0000] {dagbag.py:538} INFO - Filling up the DagBag from /opt/airflow/dags/example_dag.py
[2025-12-20T15:58:56.099+0000] {processor.py:840} INFO - DAG(s) 'example_dag' retrieved from /opt/airflow/dags/example_dag.py
[2025-12-20T15:58:56.117+0000] {logging_mixin.py:188} INFO - [2025-12-20T15:58:56.117+0000] {dag.py:3033} INFO - Sync 1 DAGs
[2025-12-20T15:58:56.130+0000] {logging_mixin.py:188} INFO - [2025-12-20T15:58:56.129+0000] {dag.py:3820} INFO - Setting next_dagrun for example_dag to 2025-12-20T00:00:00+00:00, run_after=2025-12-21T00:00:00+00:00
[2025-12-20T15:58:56.139+0000] {processor.py:183} INFO - Processing /opt/airflow/dags/example_dag.py took 0.051 seconds
[2025-12-20T15:59:26.574+0000] {processor.py:161} INFO - Started process (PID=233) to work on /opt/airflow/dags/example_dag.py
[2025-12-20T15:59:26.575+0000] {processor.py:830} INFO - Processing file /opt/airflow/dags/example_dag.py for tasks to queue
[2025-12-20T15:59:26.575+0000] {logging_mixin.py:188} INFO - [2025-12-20T15:59:26.575+0000] {dagbag.py:538} INFO - Filling up the DagBag from /opt/airflow/dags/example_dag.py
[2025-12-20T15:59:26.582+0000] {processor.py:840} INFO - DAG(s) 'example_dag' retrieved from /opt/airflow/dags/example_dag.py
[2025-12-20T15:59:26.600+0000] {logging_mixin.py:188} INFO - [2025-12-20T15:59:26.600+0000] {dag.py:3033} INFO - Sync 1 DAGs
[2025-12-20T15:59:26.612+0000] {logging_mixin.py:188} INFO - [2025-12-20T15:59:26.612+0000] {dag.py:3820} INFO - Setting next_dagrun for example_dag to 2025-12-20T00:00:00+00:00, run_after=2025-12-21T00:00:00+00:00
[2025-12-20T15:59:26.625+0000] {processor.py:183} INFO - Processing /opt/airflow/dags/example_dag.py took 0.053 seconds
[2025-12-20T15:59:56.877+0000] {processor.py:161} INFO - Started process (PID=243) to work on /opt/airflow/dags/example_dag.py
[2025-12-20T15:59:56.878+0000] {processor.py:830} INFO - Processing file /opt/airflow/dags/example_dag.py for tasks to queue
[2025-12-20T15:59:56.879+0000] {logging_mixin.py:188} INFO - [2025-12-20T15:59:56.879+0000] {dagbag.py:538} INFO - Filling up the DagBag from /opt/airflow/dags/example_dag.py
[2025-12-20T15:59:56.886+0000] {processor.py:840} INFO - DAG(s) 'example_dag' retrieved from /opt/airflow/dags/example_dag.py
[2025-12-20T15:59:56.905+0000] {logging_mixin.py:188} INFO - [2025-12-20T15:59:56.905+0000] {dag.py:3033} INFO - Sync 1 DAGs
[2025-12-20T15:59:56.920+0000] {logging_mixin.py:188} INFO - [2025-12-20T15:59:56.919+0000] {dag.py:3820} INFO - Setting next_dagrun for example_dag to 2025-12-20T00:00:00+00:00, run_after=2025-12-21T00:00:00+00:00
[2025-12-20T15:59:56.930+0000] {processor.py:183} INFO - Processing /opt/airflow/dags/example_dag.py took 0.055 seconds
[2025-12-20T16:00:27.254+0000] {processor.py:161} INFO - Started process (PID=253) to work on /opt/airflow/dags/example_dag.py
[2025-12-20T16:00:27.255+0000] {processor.py:830} INFO - Processing file /opt/airflow/dags/example_dag.py for tasks to queue
[2025-12-20T16:00:27.256+0000] {logging_mixin.py:188} INFO - [2025-12-20T16:00:27.255+0000] {dagbag.py:538} INFO - Filling up the DagBag from /opt/airflow/dags/example_dag.py
[2025-12-20T16:00:27.264+0000] {processor.py:840} INFO - DAG(s) 'example_dag' retrieved from /opt/airflow/dags/example_dag.py
[2025-12-20T16:00:27.284+0000] {logging_mixin.py:188} INFO - [2025-12-20T16:00:27.284+0000] {dag.py:3033} INFO - Sync 1 DAGs
[2025-12-20T16:00:27.299+0000] {logging_mixin.py:188} INFO - [2025-12-20T16:00:27.299+0000] {dag.py:3820} INFO - Setting next_dagrun for example_dag to 2025-12-20T00:00:00+00:00, run_after=2025-12-21T00:00:00+00:00
[2025-12-20T16:00:27.310+0000] {processor.py:183} INFO - Processing /opt/airflow/dags/example_dag.py took 0.058 seconds
[2025-12-20T16:00:57.702+0000] {processor.py:161} INFO - Started process (PID=263) to work on /opt/airflow/dags/example_dag.py
[2025-12-20T16:00:57.703+0000] {processor.py:830} INFO - Processing file /opt/airflow/dags/example_dag.py for tasks to queue
[2025-12-20T16:00:57.704+0000] {logging_mixin.py:188} INFO - [2025-12-20T16:00:57.704+0000] {dagbag.py:538} INFO - Filling up the DagBag from /opt/airflow/dags/example_dag.py
[2025-12-20T16:00:57.719+0000] {processor.py:840} INFO - DAG(s) 'example_dag' retrieved from /opt/airflow/dags/example_dag.py
[2025-12-20T16:00:57.748+0000] {logging_mixin.py:188} INFO - [2025-12-20T16:00:57.748+0000] {dag.py:3033} INFO - Sync 1 DAGs
[2025-12-20T16:00:57.764+0000] {logging_mixin.py:188} INFO - [2025-12-20T16:00:57.764+0000] {dag.py:3820} INFO - Setting next_dagrun for example_dag to 2025-12-20T00:00:00+00:00, run_after=2025-12-21T00:00:00+00:00
[2025-12-20T16:00:57.774+0000] {processor.py:183} INFO - Processing /opt/airflow/dags/example_dag.py took 0.079 seconds
[2025-12-20T16:01:28.091+0000] {processor.py:161} INFO - Started process (PID=273) to work on /opt/airflow/dags/example_dag.py
[2025-12-20T16:01:28.092+0000] {processor.py:830} INFO - Processing file /opt/airflow/dags/example_dag.py for tasks to queue
[2025-12-20T16:01:28.093+0000] {logging_mixin.py:188} INFO - [2025-12-20T16:01:28.093+0000] {dagbag.py:538} INFO - Filling up the DagBag from /opt/airflow/dags/example_dag.py
[2025-12-20T16:01:28.103+0000] {processor.py:840} INFO - DAG(s) 'example_dag' retrieved from /opt/airflow/dags/example_dag.py
[2025-12-20T16:01:28.128+0000] {logging_mixin.py:188} INFO - [2025-12-20T16:01:28.128+0000] {dag.py:3033} INFO - Sync 1 DAGs
[2025-12-20T16:01:28.140+0000] {logging_mixin.py:188} INFO - [2025-12-20T16:01:28.140+0000] {dag.py:3820} INFO - Setting next_dagrun for example_dag to 2025-12-20T00:00:00+00:00, run_after=2025-12-21T00:00:00+00:00
[2025-12-20T16:01:28.150+0000] {processor.py:183} INFO - Processing /opt/airflow/dags/example_dag.py took 0.062 seconds
[2025-12-20T16:01:58.507+0000] {processor.py:161} INFO - Started process (PID=283) to work on /opt/airflow/dags/example_dag.py
[2025-12-20T16:01:58.507+0000] {processor.py:830} INFO - Processing file /opt/airflow/dags/example_dag.py for tasks to queue
[2025-12-20T16:01:58.508+0000] {logging_mixin.py:188} INFO - [2025-12-20T16:01:58.507+0000] {dagbag.py:538} INFO - Filling up the DagBag from /opt/airflow/dags/example_dag.py
[2025-12-20T16:01:58.516+0000] {processor.py:840} INFO - DAG(s) 'example_dag' retrieved from /opt/airflow/dags/example_dag.py
[2025-12-20T16:01:58.544+0000] {logging_mixin.py:188} INFO - [2025-12-20T16:01:58.544+0000] {dag.py:3033} INFO - Sync 1 DAGs
[2025-12-20T16:01:58.561+0000] {logging_mixin.py:188} INFO - [2025-12-20T16:01:58.561+0000] {dag.py:3820} INFO - Setting next_dagrun for example_dag to 2025-12-20T00:00:00+00:00, run_after=2025-12-21T00:00:00+00:00
[2025-12-20T16:01:58.572+0000] {processor.py:183} INFO - Processing /opt/airflow/dags/example_dag.py took 0.068 seconds
[2025-12-20T16:02:28.858+0000] {processor.py:161} INFO - Started process (PID=293) to work on /opt/airflow/dags/example_dag.py
[2025-12-20T16:02:28.859+0000] {processor.py:830} INFO - Processing file /opt/airflow/dags/example_dag.py for tasks to queue
[2025-12-20T16:02:28.859+0000] {logging_mixin.py:188} INFO - [2025-12-20T16:02:28.859+0000] {dagbag.py:538} INFO - Filling up the DagBag from /opt/airflow/dags/example_dag.py
[2025-12-20T16:02:28.865+0000] {processor.py:840} INFO - DAG(s) 'example_dag' retrieved from /opt/airflow/dags/example_dag.py
[2025-12-20T16:02:28.883+0000] {logging_mixin.py:188} INFO - [2025-12-20T16:02:28.883+0000] {dag.py:3033} INFO - Sync 1 DAGs
[2025-12-20T16:02:28.895+0000] {logging_mixin.py:188} INFO - [2025-12-20T16:02:28.895+0000] {dag.py:3820} INFO - Setting next_dagrun for example_dag to 2025-12-20T00:00:00+00:00, run_after=2025-12-21T00:00:00+00:00
[2025-12-20T16:02:28.904+0000] {processor.py:183} INFO - Processing /opt/airflow/dags/example_dag.py took 0.048 seconds
[2025-12-20T16:02:59.248+0000] {processor.py:161} INFO - Started process (PID=303) to work on /opt/airflow/dags/example_dag.py
[2025-12-20T16:02:59.249+0000] {processor.py:830} INFO - Processing file /opt/airflow/dags/example_dag.py for tasks to queue
[2025-12-20T16:02:59.249+0000] {logging_mixin.py:188} INFO - [2025-12-20T16:02:59.249+0000] {dagbag.py:538} INFO - Filling up the DagBag from /opt/airflow/dags/example_dag.py
[2025-12-20T16:02:59.256+0000] {processor.py:840} INFO - DAG(s) 'example_dag' retrieved from /opt/airflow/dags/example_dag.py
[2025-12-20T16:02:59.273+0000] {logging_mixin.py:188} INFO - [2025-12-20T16:02:59.273+0000] {dag.py:3033} INFO - Sync 1 DAGs
[2025-12-20T16:02:59.285+0000] {logging_mixin.py:188} INFO - [2025-12-20T16:02:59.285+0000] {dag.py:3820} INFO - Setting next_dagrun for example_dag to 2025-12-20T00:00:00+00:00, run_after=2025-12-21T00:00:00+00:00
[2025-12-20T16:02:59.294+0000] {processor.py:183} INFO - Processing /opt/airflow/dags/example_dag.py took 0.048 seconds
[2025-12-20T16:03:29.647+0000] {processor.py:161} INFO - Started process (PID=313) to work on /opt/airflow/dags/example_dag.py
[2025-12-20T16:03:29.648+0000] {processor.py:830} INFO - Processing file /opt/airflow/dags/example_dag.py for tasks to queue
[2025-12-20T16:03:29.648+0000] {logging_mixin.py:188} INFO - [2025-12-20T16:03:29.648+0000] {dagbag.py:538} INFO - Filling up the DagBag from /opt/airflow/dags/example_dag.py
[2025-12-20T16:03:29.655+0000] {processor.py:840} INFO - DAG(s) 'example_dag' retrieved from /opt/airflow/dags/example_dag.py
[2025-12-20T16:03:29.676+0000] {logging_mixin.py:188} INFO - [2025-12-20T16:03:29.675+0000] {dag.py:3033} INFO - Sync 1 DAGs
[2025-12-20T16:03:29.688+0000] {logging_mixin.py:188} INFO - [2025-12-20T16:03:29.688+0000] {dag.py:3820} INFO - Setting next_dagrun for example_dag to 2025-12-20T00:00:00+00:00, run_after=2025-12-21T00:00:00+00:00
[2025-12-20T16:03:29.697+0000] {processor.py:183} INFO - Processing /opt/airflow/dags/example_dag.py took 0.052 seconds
[2025-12-20T16:04:00.037+0000] {processor.py:161} INFO - Started process (PID=323) to work on /opt/airflow/dags/example_dag.py
[2025-12-20T16:04:00.037+0000] {processor.py:830} INFO - Processing file /opt/airflow/dags/example_dag.py for tasks to queue
[2025-12-20T16:04:00.038+0000] {logging_mixin.py:188} INFO - [2025-12-20T16:04:00.038+0000] {dagbag.py:538} INFO - Filling up the DagBag from /opt/airflow/dags/example_dag.py
[2025-12-20T16:04:00.045+0000] {processor.py:840} INFO - DAG(s) 'example_dag' retrieved from /opt/airflow/dags/example_dag.py
[2025-12-20T16:04:00.064+0000] {logging_mixin.py:188} INFO - [2025-12-20T16:04:00.064+0000] {dag.py:3033} INFO - Sync 1 DAGs
[2025-12-20T16:04:00.077+0000] {logging_mixin.py:188} INFO - [2025-12-20T16:04:00.077+0000] {dag.py:3820} INFO - Setting next_dagrun for example_dag to 2025-12-20T00:00:00+00:00, run_after=2025-12-21T00:00:00+00:00
[2025-12-20T16:04:00.087+0000] {processor.py:183} INFO - Processing /opt/airflow/dags/example_dag.py took 0.052 seconds
[2025-12-20T16:04:30.433+0000] {processor.py:161} INFO - Started process (PID=333) to work on /opt/airflow/dags/example_dag.py
[2025-12-20T16:04:30.433+0000] {processor.py:830} INFO - Processing file /opt/airflow/dags/example_dag.py for tasks to queue
[2025-12-20T16:04:30.434+0000] {logging_mixin.py:188} INFO - [2025-12-20T16:04:30.434+0000] {dagbag.py:538} INFO - Filling up the DagBag from /opt/airflow/dags/example_dag.py
[2025-12-20T16:04:30.441+0000] {processor.py:840} INFO - DAG(s) 'example_dag' retrieved from /opt/airflow/dags/example_dag.py
[2025-12-20T16:04:30.462+0000] {logging_mixin.py:188} INFO - [2025-12-20T16:04:30.462+0000] {dag.py:3033} INFO - Sync 1 DAGs
[2025-12-20T16:04:30.475+0000] {logging_mixin.py:188} INFO - [2025-12-20T16:04:30.474+0000] {dag.py:3820} INFO - Setting next_dagrun for example_dag to 2025-12-20T00:00:00+00:00, run_after=2025-12-21T00:00:00+00:00
[2025-12-20T16:04:30.484+0000] {processor.py:183} INFO - Processing /opt/airflow/dags/example_dag.py took 0.053 seconds
[2025-12-20T16:05:00.927+0000] {processor.py:161} INFO - Started process (PID=343) to work on /opt/airflow/dags/example_dag.py
[2025-12-20T16:05:00.928+0000] {processor.py:830} INFO - Processing file /opt/airflow/dags/example_dag.py for tasks to queue
[2025-12-20T16:05:00.928+0000] {logging_mixin.py:188} INFO - [2025-12-20T16:05:00.928+0000] {dagbag.py:538} INFO - Filling up the DagBag from /opt/airflow/dags/example_dag.py
[2025-12-20T16:05:00.937+0000] {processor.py:840} INFO - DAG(s) 'example_dag' retrieved from /opt/airflow/dags/example_dag.py
[2025-12-20T16:05:00.961+0000] {logging_mixin.py:188} INFO - [2025-12-20T16:05:00.961+0000] {dag.py:3033} INFO - Sync 1 DAGs
[2025-12-20T16:05:00.979+0000] {logging_mixin.py:188} INFO - [2025-12-20T16:05:00.979+0000] {dag.py:3820} INFO - Setting next_dagrun for example_dag to 2025-12-20T00:00:00+00:00, run_after=2025-12-21T00:00:00+00:00
[2025-12-20T16:05:00.994+0000] {processor.py:183} INFO - Processing /opt/airflow/dags/example_dag.py took 0.070 seconds
[2025-12-20T16:05:31.377+0000] {processor.py:161} INFO - Started process (PID=353) to work on /opt/airflow/dags/example_dag.py
[2025-12-20T16:05:31.378+0000] {processor.py:830} INFO - Processing file /opt/airflow/dags/example_dag.py for tasks to queue
[2025-12-20T16:05:31.378+0000] {logging_mixin.py:188} INFO - [2025-12-20T16:05:31.378+0000] {dagbag.py:538} INFO - Filling up the DagBag from /opt/airflow/dags/example_dag.py
[2025-12-20T16:05:31.385+0000] {processor.py:840} INFO - DAG(s) 'example_dag' retrieved from /opt/airflow/dags/example_dag.py
[2025-12-20T16:05:31.406+0000] {logging_mixin.py:188} INFO - [2025-12-20T16:05:31.405+0000] {dag.py:3033} INFO - Sync 1 DAGs
[2025-12-20T16:05:31.420+0000] {logging_mixin.py:188} INFO - [2025-12-20T16:05:31.420+0000] {dag.py:3820} INFO - Setting next_dagrun for example_dag to 2025-12-20T00:00:00+00:00, run_after=2025-12-21T00:00:00+00:00
[2025-12-20T16:05:31.431+0000] {processor.py:183} INFO - Processing /opt/airflow/dags/example_dag.py took 0.056 seconds
[2025-12-20T16:06:01.779+0000] {processor.py:161} INFO - Started process (PID=363) to work on /opt/airflow/dags/example_dag.py
[2025-12-20T16:06:01.780+0000] {processor.py:830} INFO - Processing file /opt/airflow/dags/example_dag.py for tasks to queue
[2025-12-20T16:06:01.780+0000] {logging_mixin.py:188} INFO - [2025-12-20T16:06:01.780+0000] {dagbag.py:538} INFO - Filling up the DagBag from /opt/airflow/dags/example_dag.py
[2025-12-20T16:06:01.787+0000] {processor.py:840} INFO - DAG(s) 'example_dag' retrieved from /opt/airflow/dags/example_dag.py
[2025-12-20T16:06:01.808+0000] {logging_mixin.py:188} INFO - [2025-12-20T16:06:01.807+0000] {dag.py:3033} INFO - Sync 1 DAGs
[2025-12-20T16:06:01.821+0000] {logging_mixin.py:188} INFO - [2025-12-20T16:06:01.821+0000] {dag.py:3820} INFO - Setting next_dagrun for example_dag to 2025-12-20T00:00:00+00:00, run_after=2025-12-21T00:00:00+00:00
[2025-12-20T16:06:01.830+0000] {processor.py:183} INFO - Processing /opt/airflow/dags/example_dag.py took 0.053 seconds
[2025-12-20T16:06:32.278+0000] {processor.py:161} INFO - Started process (PID=373) to work on /opt/airflow/dags/example_dag.py
[2025-12-20T16:06:32.279+0000] {processor.py:830} INFO - Processing file /opt/airflow/dags/example_dag.py for tasks to queue
[2025-12-20T16:06:32.279+0000] {logging_mixin.py:188} INFO - [2025-12-20T16:06:32.279+0000] {dagbag.py:538} INFO - Filling up the DagBag from /opt/airflow/dags/example_dag.py
[2025-12-20T16:06:32.286+0000] {processor.py:840} INFO - DAG(s) 'example_dag' retrieved from /opt/airflow/dags/example_dag.py
[2025-12-20T16:06:32.310+0000] {logging_mixin.py:188} INFO - [2025-12-20T16:06:32.310+0000] {dag.py:3033} INFO - Sync 1 DAGs
[2025-12-20T16:06:32.325+0000] {logging_mixin.py:188} INFO - [2025-12-20T16:06:32.325+0000] {dag.py:3820} INFO - Setting next_dagrun for example_dag to 2025-12-20T00:00:00+00:00, run_after=2025-12-21T00:00:00+00:00
[2025-12-20T16:06:32.336+0000] {processor.py:183} INFO - Processing /opt/airflow/dags/example_dag.py took 0.060 seconds
[2025-12-20T16:07:02.666+0000] {processor.py:161} INFO - Started process (PID=383) to work on /opt/airflow/dags/example_dag.py
[2025-12-20T16:07:02.667+0000] {processor.py:830} INFO - Processing file /opt/airflow/dags/example_dag.py for tasks to queue
[2025-12-20T16:07:02.667+0000] {logging_mixin.py:188} INFO - [2025-12-20T16:07:02.667+0000] {dagbag.py:538} INFO - Filling up the DagBag from /opt/airflow/dags/example_dag.py
[2025-12-20T16:07:02.674+0000] {processor.py:840} INFO - DAG(s) 'example_dag' retrieved from /opt/airflow/dags/example_dag.py
[2025-12-20T16:07:02.690+0000] {logging_mixin.py:188} INFO - [2025-12-20T16:07:02.690+0000] {dag.py:3033} INFO - Sync 1 DAGs
[2025-12-20T16:07:02.703+0000] {logging_mixin.py:188} INFO - [2025-12-20T16:07:02.702+0000] {dag.py:3820} INFO - Setting next_dagrun for example_dag to 2025-12-20T00:00:00+00:00, run_after=2025-12-21T00:00:00+00:00
[2025-12-20T16:07:02.712+0000] {processor.py:183} INFO - Processing /opt/airflow/dags/example_dag.py took 0.048 seconds
[2025-12-20T16:07:33.138+0000] {processor.py:161} INFO - Started process (PID=393) to work on /opt/airflow/dags/example_dag.py
[2025-12-20T16:07:33.138+0000] {processor.py:830} INFO - Processing file /opt/airflow/dags/example_dag.py for tasks to queue
[2025-12-20T16:07:33.139+0000] {logging_mixin.py:188} INFO - [2025-12-20T16:07:33.138+0000] {dagbag.py:538} INFO - Filling up the DagBag from /opt/airflow/dags/example_dag.py
[2025-12-20T16:07:33.145+0000] {processor.py:840} INFO - DAG(s) 'example_dag' retrieved from /opt/airflow/dags/example_dag.py
[2025-12-20T16:07:33.162+0000] {logging_mixin.py:188} INFO - [2025-12-20T16:07:33.162+0000] {dag.py:3033} INFO - Sync 1 DAGs
[2025-12-20T16:07:33.174+0000] {logging_mixin.py:188} INFO - [2025-12-20T16:07:33.174+0000] {dag.py:3820} INFO - Setting next_dagrun for example_dag to 2025-12-20T00:00:00+00:00, run_after=2025-12-21T00:00:00+00:00
[2025-12-20T16:07:33.185+0000] {processor.py:183} INFO - Processing /opt/airflow/dags/example_dag.py took 0.049 seconds
[2025-12-20T16:08:03.501+0000] {processor.py:161} INFO - Started process (PID=403) to work on /opt/airflow/dags/example_dag.py
[2025-12-20T16:08:03.502+0000] {processor.py:830} INFO - Processing file /opt/airflow/dags/example_dag.py for tasks to queue
[2025-12-20T16:08:03.502+0000] {logging_mixin.py:188} INFO - [2025-12-20T16:08:03.502+0000] {dagbag.py:538} INFO - Filling up the DagBag from /opt/airflow/dags/example_dag.py
[2025-12-20T16:08:03.510+0000] {processor.py:840} INFO - DAG(s) 'example_dag' retrieved from /opt/airflow/dags/example_dag.py
[2025-12-20T16:08:03.529+0000] {logging_mixin.py:188} INFO - [2025-12-20T16:08:03.529+0000] {dag.py:3033} INFO - Sync 1 DAGs
[2025-12-20T16:08:03.542+0000] {logging_mixin.py:188} INFO - [2025-12-20T16:08:03.542+0000] {dag.py:3820} INFO - Setting next_dagrun for example_dag to 2025-12-20T00:00:00+00:00, run_after=2025-12-21T00:00:00+00:00
[2025-12-20T16:08:03.551+0000] {processor.py:183} INFO - Processing /opt/airflow/dags/example_dag.py took 0.053 seconds
[2025-12-20T16:08:33.922+0000] {processor.py:161} INFO - Started process (PID=413) to work on /opt/airflow/dags/example_dag.py
[2025-12-20T16:08:33.923+0000] {processor.py:830} INFO - Processing file /opt/airflow/dags/example_dag.py for tasks to queue
[2025-12-20T16:08:33.923+0000] {logging_mixin.py:188} INFO - [2025-12-20T16:08:33.923+0000] {dagbag.py:538} INFO - Filling up the DagBag from /opt/airflow/dags/example_dag.py
[2025-12-20T16:08:33.932+0000] {processor.py:840} INFO - DAG(s) 'example_dag' retrieved from /opt/airflow/dags/example_dag.py
[2025-12-20T16:08:33.952+0000] {logging_mixin.py:188} INFO - [2025-12-20T16:08:33.951+0000] {dag.py:3033} INFO - Sync 1 DAGs
[2025-12-20T16:08:33.965+0000] {logging_mixin.py:188} INFO - [2025-12-20T16:08:33.964+0000] {dag.py:3820} INFO - Setting next_dagrun for example_dag to 2025-12-20T00:00:00+00:00, run_after=2025-12-21T00:00:00+00:00
[2025-12-20T16:08:33.974+0000] {processor.py:183} INFO - Processing /opt/airflow/dags/example_dag.py took 0.055 seconds
[2025-12-20T16:09:04.415+0000] {processor.py:161} INFO - Started process (PID=423) to work on /opt/airflow/dags/example_dag.py
[2025-12-20T16:09:04.416+0000] {processor.py:830} INFO - Processing file /opt/airflow/dags/example_dag.py for tasks to queue
[2025-12-20T16:09:04.417+0000] {logging_mixin.py:188} INFO - [2025-12-20T16:09:04.417+0000] {dagbag.py:538} INFO - Filling up the DagBag from /opt/airflow/dags/example_dag.py
[2025-12-20T16:09:04.425+0000] {processor.py:840} INFO - DAG(s) 'example_dag' retrieved from /opt/airflow/dags/example_dag.py
[2025-12-20T16:09:04.447+0000] {logging_mixin.py:188} INFO - [2025-12-20T16:09:04.446+0000] {dag.py:3033} INFO - Sync 1 DAGs
[2025-12-20T16:09:04.460+0000] {logging_mixin.py:188} INFO - [2025-12-20T16:09:04.460+0000] {dag.py:3820} INFO - Setting next_dagrun for example_dag to 2025-12-20T00:00:00+00:00, run_after=2025-12-21T00:00:00+00:00
[2025-12-20T16:09:04.472+0000] {processor.py:183} INFO - Processing /opt/airflow/dags/example_dag.py took 0.059 seconds
[2025-12-20T16:09:34.688+0000] {processor.py:161} INFO - Started process (PID=433) to work on /opt/airflow/dags/example_dag.py
[2025-12-20T16:09:34.688+0000] {processor.py:830} INFO - Processing file /opt/airflow/dags/example_dag.py for tasks to queue
[2025-12-20T16:09:34.689+0000] {logging_mixin.py:188} INFO - [2025-12-20T16:09:34.689+0000] {dagbag.py:538} INFO - Filling up the DagBag from /opt/airflow/dags/example_dag.py
[2025-12-20T16:09:34.695+0000] {processor.py:840} INFO - DAG(s) 'example_dag' retrieved from /opt/airflow/dags/example_dag.py
[2025-12-20T16:09:34.712+0000] {logging_mixin.py:188} INFO - [2025-12-20T16:09:34.712+0000] {dag.py:3033} INFO - Sync 1 DAGs
[2025-12-20T16:09:34.724+0000] {logging_mixin.py:188} INFO - [2025-12-20T16:09:34.724+0000] {dag.py:3820} INFO - Setting next_dagrun for example_dag to 2025-12-20T00:00:00+00:00, run_after=2025-12-21T00:00:00+00:00
[2025-12-20T16:09:34.733+0000] {processor.py:183} INFO - Processing /opt/airflow/dags/example_dag.py took 0.047 seconds
[2025-12-20T16:10:05.232+0000] {processor.py:161} INFO - Started process (PID=443) to work on /opt/airflow/dags/example_dag.py
[2025-12-20T16:10:05.233+0000] {processor.py:830} INFO - Processing file /opt/airflow/dags/example_dag.py for tasks to queue
[2025-12-20T16:10:05.233+0000] {logging_mixin.py:188} INFO - [2025-12-20T16:10:05.233+0000] {dagbag.py:538} INFO - Filling up the DagBag from /opt/airflow/dags/example_dag.py
[2025-12-20T16:10:05.240+0000] {processor.py:840} INFO - DAG(s) 'example_dag' retrieved from /opt/airflow/dags/example_dag.py
[2025-12-20T16:10:05.259+0000] {logging_mixin.py:188} INFO - [2025-12-20T16:10:05.259+0000] {dag.py:3033} INFO - Sync 1 DAGs
[2025-12-20T16:10:05.271+0000] {logging_mixin.py:188} INFO - [2025-12-20T16:10:05.271+0000] {dag.py:3820} INFO - Setting next_dagrun for example_dag to 2025-12-20T00:00:00+00:00, run_after=2025-12-21T00:00:00+00:00
[2025-12-20T16:10:05.281+0000] {processor.py:183} INFO - Processing /opt/airflow/dags/example_dag.py took 0.051 seconds
[2025-12-20T16:10:35.739+0000] {processor.py:161} INFO - Started process (PID=453) to work on /opt/airflow/dags/example_dag.py
[2025-12-20T16:10:35.739+0000] {processor.py:830} INFO - Processing file /opt/airflow/dags/example_dag.py for tasks to queue
[2025-12-20T16:10:35.740+0000] {logging_mixin.py:188} INFO - [2025-12-20T16:10:35.739+0000] {dagbag.py:538} INFO - Filling up the DagBag from /opt/airflow/dags/example_dag.py
[2025-12-20T16:10:35.746+0000] {processor.py:840} INFO - DAG(s) 'example_dag' retrieved from /opt/airflow/dags/example_dag.py
[2025-12-20T16:10:35.764+0000] {logging_mixin.py:188} INFO - [2025-12-20T16:10:35.764+0000] {dag.py:3033} INFO - Sync 1 DAGs
[2025-12-20T16:10:35.776+0000] {logging_mixin.py:188} INFO - [2025-12-20T16:10:35.776+0000] {dag.py:3820} INFO - Setting next_dagrun for example_dag to 2025-12-20T00:00:00+00:00, run_after=2025-12-21T00:00:00+00:00
[2025-12-20T16:10:35.786+0000] {processor.py:183} INFO - Processing /opt/airflow/dags/example_dag.py took 0.049 seconds
[2025-12-20T16:11:06.144+0000] {processor.py:161} INFO - Started process (PID=463) to work on /opt/airflow/dags/example_dag.py
[2025-12-20T16:11:06.144+0000] {processor.py:830} INFO - Processing file /opt/airflow/dags/example_dag.py for tasks to queue
[2025-12-20T16:11:06.145+0000] {logging_mixin.py:188} INFO - [2025-12-20T16:11:06.145+0000] {dagbag.py:538} INFO - Filling up the DagBag from /opt/airflow/dags/example_dag.py
[2025-12-20T16:11:06.151+0000] {processor.py:840} INFO - DAG(s) 'example_dag' retrieved from /opt/airflow/dags/example_dag.py
[2025-12-20T16:11:06.168+0000] {logging_mixin.py:188} INFO - [2025-12-20T16:11:06.168+0000] {dag.py:3033} INFO - Sync 1 DAGs
[2025-12-20T16:11:06.181+0000] {logging_mixin.py:188} INFO - [2025-12-20T16:11:06.181+0000] {dag.py:3820} INFO - Setting next_dagrun for example_dag to 2025-12-20T00:00:00+00:00, run_after=2025-12-21T00:00:00+00:00
[2025-12-20T16:11:06.190+0000] {processor.py:183} INFO - Processing /opt/airflow/dags/example_dag.py took 0.048 seconds
[2025-12-20T16:11:36.628+0000] {processor.py:161} INFO - Started process (PID=473) to work on /opt/airflow/dags/example_dag.py
[2025-12-20T16:11:36.628+0000] {processor.py:830} INFO - Processing file /opt/airflow/dags/example_dag.py for tasks to queue
[2025-12-20T16:11:36.629+0000] {logging_mixin.py:188} INFO - [2025-12-20T16:11:36.629+0000] {dagbag.py:538} INFO - Filling up the DagBag from /opt/airflow/dags/example_dag.py
[2025-12-20T16:11:36.635+0000] {processor.py:840} INFO - DAG(s) 'example_dag' retrieved from /opt/airflow/dags/example_dag.py
[2025-12-20T16:11:36.652+0000] {logging_mixin.py:188} INFO - [2025-12-20T16:11:36.652+0000] {dag.py:3033} INFO - Sync 1 DAGs
[2025-12-20T16:11:36.664+0000] {logging_mixin.py:188} INFO - [2025-12-20T16:11:36.663+0000] {dag.py:3820} INFO - Setting next_dagrun for example_dag to 2025-12-20T00:00:00+00:00, run_after=2025-12-21T00:00:00+00:00
[2025-12-20T16:11:36.672+0000] {processor.py:183} INFO - Processing /opt/airflow/dags/example_dag.py took 0.047 seconds
[2025-12-20T16:12:07.009+0000] {processor.py:161} INFO - Started process (PID=483) to work on /opt/airflow/dags/example_dag.py
[2025-12-20T16:12:07.009+0000] {processor.py:830} INFO - Processing file /opt/airflow/dags/example_dag.py for tasks to queue
[2025-12-20T16:12:07.010+0000] {logging_mixin.py:188} INFO - [2025-12-20T16:12:07.010+0000] {dagbag.py:538} INFO - Filling up the DagBag from /opt/airflow/dags/example_dag.py
[2025-12-20T16:12:07.017+0000] {processor.py:840} INFO - DAG(s) 'example_dag' retrieved from /opt/airflow/dags/example_dag.py
[2025-12-20T16:12:07.036+0000] {logging_mixin.py:188} INFO - [2025-12-20T16:12:07.036+0000] {dag.py:3033} INFO - Sync 1 DAGs
[2025-12-20T16:12:07.048+0000] {logging_mixin.py:188} INFO - [2025-12-20T16:12:07.048+0000] {dag.py:3820} INFO - Setting next_dagrun for example_dag to 2025-12-20T00:00:00+00:00, run_after=2025-12-21T00:00:00+00:00
[2025-12-20T16:12:07.057+0000] {processor.py:183} INFO - Processing /opt/airflow/dags/example_dag.py took 0.051 seconds
[2025-12-20T16:12:37.453+0000] {processor.py:161} INFO - Started process (PID=493) to work on /opt/airflow/dags/example_dag.py
[2025-12-20T16:12:37.454+0000] {processor.py:830} INFO - Processing file /opt/airflow/dags/example_dag.py for tasks to queue
[2025-12-20T16:12:37.454+0000] {logging_mixin.py:188} INFO - [2025-12-20T16:12:37.454+0000] {dagbag.py:538} INFO - Filling up the DagBag from /opt/airflow/dags/example_dag.py
[2025-12-20T16:12:37.461+0000] {processor.py:840} INFO - DAG(s) 'example_dag' retrieved from /opt/airflow/dags/example_dag.py
[2025-12-20T16:12:37.479+0000] {logging_mixin.py:188} INFO - [2025-12-20T16:12:37.479+0000] {dag.py:3033} INFO - Sync 1 DAGs
[2025-12-20T16:12:37.490+0000] {logging_mixin.py:188} INFO - [2025-12-20T16:12:37.490+0000] {dag.py:3820} INFO - Setting next_dagrun for example_dag to 2025-12-20T00:00:00+00:00, run_after=2025-12-21T00:00:00+00:00
[2025-12-20T16:12:37.500+0000] {processor.py:183} INFO - Processing /opt/airflow/dags/example_dag.py took 0.048 seconds
[2025-12-20T16:13:07.910+0000] {processor.py:161} INFO - Started process (PID=503) to work on /opt/airflow/dags/example_dag.py
[2025-12-20T16:13:07.911+0000] {processor.py:830} INFO - Processing file /opt/airflow/dags/example_dag.py for tasks to queue
[2025-12-20T16:13:07.911+0000] {logging_mixin.py:188} INFO - [2025-12-20T16:13:07.911+0000] {dagbag.py:538} INFO - Filling up the DagBag from /opt/airflow/dags/example_dag.py
[2025-12-20T16:13:07.918+0000] {processor.py:840} INFO - DAG(s) 'example_dag' retrieved from /opt/airflow/dags/example_dag.py
[2025-12-20T16:13:07.934+0000] {logging_mixin.py:188} INFO - [2025-12-20T16:13:07.934+0000] {dag.py:3033} INFO - Sync 1 DAGs
[2025-12-20T16:13:07.946+0000] {logging_mixin.py:188} INFO - [2025-12-20T16:13:07.946+0000] {dag.py:3820} INFO - Setting next_dagrun for example_dag to 2025-12-20T00:00:00+00:00, run_after=2025-12-21T00:00:00+00:00
[2025-12-20T16:13:07.955+0000] {processor.py:183} INFO - Processing /opt/airflow/dags/example_dag.py took 0.047 seconds
[2025-12-20T16:13:38.395+0000] {processor.py:161} INFO - Started process (PID=513) to work on /opt/airflow/dags/example_dag.py
[2025-12-20T16:13:38.396+0000] {processor.py:830} INFO - Processing file /opt/airflow/dags/example_dag.py for tasks to queue
[2025-12-20T16:13:38.396+0000] {logging_mixin.py:188} INFO - [2025-12-20T16:13:38.396+0000] {dagbag.py:538} INFO - Filling up the DagBag from /opt/airflow/dags/example_dag.py
[2025-12-20T16:13:38.409+0000] {processor.py:840} INFO - DAG(s) 'example_dag' retrieved from /opt/airflow/dags/example_dag.py
[2025-12-20T16:13:38.433+0000] {logging_mixin.py:188} INFO - [2025-12-20T16:13:38.433+0000] {dag.py:3033} INFO - Sync 1 DAGs
[2025-12-20T16:13:38.446+0000] {logging_mixin.py:188} INFO - [2025-12-20T16:13:38.446+0000] {dag.py:3820} INFO - Setting next_dagrun for example_dag to 2025-12-20T00:00:00+00:00, run_after=2025-12-21T00:00:00+00:00
[2025-12-20T16:13:38.456+0000] {processor.py:183} INFO - Processing /opt/airflow/dags/example_dag.py took 0.065 seconds
[2025-12-20T16:14:08.723+0000] {processor.py:161} INFO - Started process (PID=523) to work on /opt/airflow/dags/example_dag.py
[2025-12-20T16:14:08.724+0000] {processor.py:830} INFO - Processing file /opt/airflow/dags/example_dag.py for tasks to queue
[2025-12-20T16:14:08.725+0000] {logging_mixin.py:188} INFO - [2025-12-20T16:14:08.725+0000] {dagbag.py:538} INFO - Filling up the DagBag from /opt/airflow/dags/example_dag.py
[2025-12-20T16:14:08.735+0000] {processor.py:840} INFO - DAG(s) 'example_dag' retrieved from /opt/airflow/dags/example_dag.py
[2025-12-20T16:14:08.757+0000] {logging_mixin.py:188} INFO - [2025-12-20T16:14:08.757+0000] {dag.py:3033} INFO - Sync 1 DAGs
[2025-12-20T16:14:08.769+0000] {logging_mixin.py:188} INFO - [2025-12-20T16:14:08.769+0000] {dag.py:3820} INFO - Setting next_dagrun for example_dag to 2025-12-20T00:00:00+00:00, run_after=2025-12-21T00:00:00+00:00
[2025-12-20T16:14:08.778+0000] {processor.py:183} INFO - Processing /opt/airflow/dags/example_dag.py took 0.057 seconds
[2025-12-20T16:14:39.155+0000] {processor.py:161} INFO - Started process (PID=533) to work on /opt/airflow/dags/example_dag.py
[2025-12-20T16:14:39.156+0000] {processor.py:830} INFO - Processing file /opt/airflow/dags/example_dag.py for tasks to queue
[2025-12-20T16:14:39.156+0000] {logging_mixin.py:188} INFO - [2025-12-20T16:14:39.156+0000] {dagbag.py:538} INFO - Filling up the DagBag from /opt/airflow/dags/example_dag.py
[2025-12-20T16:14:39.164+0000] {processor.py:840} INFO - DAG(s) 'example_dag' retrieved from /opt/airflow/dags/example_dag.py
[2025-12-20T16:14:39.182+0000] {logging_mixin.py:188} INFO - [2025-12-20T16:14:39.182+0000] {dag.py:3033} INFO - Sync 1 DAGs
[2025-12-20T16:14:39.193+0000] {logging_mixin.py:188} INFO - [2025-12-20T16:14:39.193+0000] {dag.py:3820} INFO - Setting next_dagrun for example_dag to 2025-12-20T00:00:00+00:00, run_after=2025-12-21T00:00:00+00:00
[2025-12-20T16:14:39.202+0000] {processor.py:183} INFO - Processing /opt/airflow/dags/example_dag.py took 0.049 seconds
[2025-12-20T16:15:09.604+0000] {processor.py:161} INFO - Started process (PID=543) to work on /opt/airflow/dags/example_dag.py
[2025-12-20T16:15:09.605+0000] {processor.py:830} INFO - Processing file /opt/airflow/dags/example_dag.py for tasks to queue
[2025-12-20T16:15:09.605+0000] {logging_mixin.py:188} INFO - [2025-12-20T16:15:09.605+0000] {dagbag.py:538} INFO - Filling up the DagBag from /opt/airflow/dags/example_dag.py
[2025-12-20T16:15:09.611+0000] {processor.py:840} INFO - DAG(s) 'example_dag' retrieved from /opt/airflow/dags/example_dag.py
[2025-12-20T16:15:09.628+0000] {logging_mixin.py:188} INFO - [2025-12-20T16:15:09.628+0000] {dag.py:3033} INFO - Sync 1 DAGs
[2025-12-20T16:15:09.641+0000] {logging_mixin.py:188} INFO - [2025-12-20T16:15:09.640+0000] {dag.py:3820} INFO - Setting next_dagrun for example_dag to 2025-12-20T00:00:00+00:00, run_after=2025-12-21T00:00:00+00:00
[2025-12-20T16:15:09.650+0000] {processor.py:183} INFO - Processing /opt/airflow/dags/example_dag.py took 0.048 seconds
[2025-12-20T16:15:40.010+0000] {processor.py:161} INFO - Started process (PID=552) to work on /opt/airflow/dags/example_dag.py
[2025-12-20T16:15:40.011+0000] {processor.py:830} INFO - Processing file /opt/airflow/dags/example_dag.py for tasks to queue
[2025-12-20T16:15:40.012+0000] {logging_mixin.py:188} INFO - [2025-12-20T16:15:40.012+0000] {dagbag.py:538} INFO - Filling up the DagBag from /opt/airflow/dags/example_dag.py
[2025-12-20T16:15:40.019+0000] {processor.py:840} INFO - DAG(s) 'example_dag' retrieved from /opt/airflow/dags/example_dag.py
[2025-12-20T16:15:40.037+0000] {logging_mixin.py:188} INFO - [2025-12-20T16:15:40.037+0000] {dag.py:3033} INFO - Sync 1 DAGs
[2025-12-20T16:15:40.050+0000] {logging_mixin.py:188} INFO - [2025-12-20T16:15:40.050+0000] {dag.py:3820} INFO - Setting next_dagrun for example_dag to 2025-12-20T00:00:00+00:00, run_after=2025-12-21T00:00:00+00:00
[2025-12-20T16:15:40.059+0000] {processor.py:183} INFO - Processing /opt/airflow/dags/example_dag.py took 0.051 seconds
[2025-12-20T16:16:10.386+0000] {processor.py:161} INFO - Started process (PID=562) to work on /opt/airflow/dags/example_dag.py
[2025-12-20T16:16:10.386+0000] {processor.py:830} INFO - Processing file /opt/airflow/dags/example_dag.py for tasks to queue
[2025-12-20T16:16:10.387+0000] {logging_mixin.py:188} INFO - [2025-12-20T16:16:10.387+0000] {dagbag.py:538} INFO - Filling up the DagBag from /opt/airflow/dags/example_dag.py
[2025-12-20T16:16:10.394+0000] {processor.py:840} INFO - DAG(s) 'example_dag' retrieved from /opt/airflow/dags/example_dag.py
[2025-12-20T16:16:10.414+0000] {logging_mixin.py:188} INFO - [2025-12-20T16:16:10.414+0000] {dag.py:3033} INFO - Sync 1 DAGs
[2025-12-20T16:16:10.428+0000] {logging_mixin.py:188} INFO - [2025-12-20T16:16:10.428+0000] {dag.py:3820} INFO - Setting next_dagrun for example_dag to 2025-12-20T00:00:00+00:00, run_after=2025-12-21T00:00:00+00:00
[2025-12-20T16:16:10.441+0000] {processor.py:183} INFO - Processing /opt/airflow/dags/example_dag.py took 0.058 seconds
[2025-12-20T16:16:40.777+0000] {processor.py:161} INFO - Started process (PID=571) to work on /opt/airflow/dags/example_dag.py
[2025-12-20T16:16:40.777+0000] {processor.py:830} INFO - Processing file /opt/airflow/dags/example_dag.py for tasks to queue
[2025-12-20T16:16:40.778+0000] {logging_mixin.py:188} INFO - [2025-12-20T16:16:40.778+0000] {dagbag.py:538} INFO - Filling up the DagBag from /opt/airflow/dags/example_dag.py
[2025-12-20T16:16:40.784+0000] {processor.py:840} INFO - DAG(s) 'example_dag' retrieved from /opt/airflow/dags/example_dag.py
[2025-12-20T16:16:40.802+0000] {logging_mixin.py:188} INFO - [2025-12-20T16:16:40.802+0000] {dag.py:3033} INFO - Sync 1 DAGs
[2025-12-20T16:16:40.816+0000] {logging_mixin.py:188} INFO - [2025-12-20T16:16:40.816+0000] {dag.py:3820} INFO - Setting next_dagrun for example_dag to 2025-12-20T00:00:00+00:00, run_after=2025-12-21T00:00:00+00:00
[2025-12-20T16:16:40.826+0000] {processor.py:183} INFO - Processing /opt/airflow/dags/example_dag.py took 0.051 seconds
[2025-12-20T16:17:11.177+0000] {processor.py:161} INFO - Started process (PID=575) to work on /opt/airflow/dags/example_dag.py
[2025-12-20T16:17:11.178+0000] {processor.py:830} INFO - Processing file /opt/airflow/dags/example_dag.py for tasks to queue
[2025-12-20T16:17:11.178+0000] {logging_mixin.py:188} INFO - [2025-12-20T16:17:11.178+0000] {dagbag.py:538} INFO - Filling up the DagBag from /opt/airflow/dags/example_dag.py
[2025-12-20T16:17:11.184+0000] {processor.py:840} INFO - DAG(s) 'example_dag' retrieved from /opt/airflow/dags/example_dag.py
[2025-12-20T16:17:11.202+0000] {logging_mixin.py:188} INFO - [2025-12-20T16:17:11.202+0000] {dag.py:3033} INFO - Sync 1 DAGs
[2025-12-20T16:17:11.214+0000] {logging_mixin.py:188} INFO - [2025-12-20T16:17:11.214+0000] {dag.py:3820} INFO - Setting next_dagrun for example_dag to 2025-12-20T00:00:00+00:00, run_after=2025-12-21T00:00:00+00:00
[2025-12-20T16:17:11.225+0000] {processor.py:183} INFO - Processing /opt/airflow/dags/example_dag.py took 0.049 seconds
[2025-12-20T16:17:41.621+0000] {processor.py:161} INFO - Started process (PID=585) to work on /opt/airflow/dags/example_dag.py
[2025-12-20T16:17:41.622+0000] {processor.py:830} INFO - Processing file /opt/airflow/dags/example_dag.py for tasks to queue
[2025-12-20T16:17:41.622+0000] {logging_mixin.py:188} INFO - [2025-12-20T16:17:41.622+0000] {dagbag.py:538} INFO - Filling up the DagBag from /opt/airflow/dags/example_dag.py
[2025-12-20T16:17:41.628+0000] {processor.py:840} INFO - DAG(s) 'example_dag' retrieved from /opt/airflow/dags/example_dag.py
[2025-12-20T16:17:41.648+0000] {logging_mixin.py:188} INFO - [2025-12-20T16:17:41.648+0000] {dag.py:3033} INFO - Sync 1 DAGs
[2025-12-20T16:17:41.661+0000] {logging_mixin.py:188} INFO - [2025-12-20T16:17:41.661+0000] {dag.py:3820} INFO - Setting next_dagrun for example_dag to 2025-12-20T00:00:00+00:00, run_after=2025-12-21T00:00:00+00:00
[2025-12-20T16:17:41.670+0000] {processor.py:183} INFO - Processing /opt/airflow/dags/example_dag.py took 0.051 seconds
[2025-12-20T16:18:12.041+0000] {processor.py:161} INFO - Started process (PID=595) to work on /opt/airflow/dags/example_dag.py
[2025-12-20T16:18:12.041+0000] {processor.py:830} INFO - Processing file /opt/airflow/dags/example_dag.py for tasks to queue
[2025-12-20T16:18:12.042+0000] {logging_mixin.py:188} INFO - [2025-12-20T16:18:12.042+0000] {dagbag.py:538} INFO - Filling up the DagBag from /opt/airflow/dags/example_dag.py
[2025-12-20T16:18:12.048+0000] {processor.py:840} INFO - DAG(s) 'example_dag' retrieved from /opt/airflow/dags/example_dag.py
[2025-12-20T16:18:12.065+0000] {logging_mixin.py:188} INFO - [2025-12-20T16:18:12.065+0000] {dag.py:3033} INFO - Sync 1 DAGs
[2025-12-20T16:18:12.077+0000] {logging_mixin.py:188} INFO - [2025-12-20T16:18:12.077+0000] {dag.py:3820} INFO - Setting next_dagrun for example_dag to 2025-12-20T00:00:00+00:00, run_after=2025-12-21T00:00:00+00:00
[2025-12-20T16:18:12.086+0000] {processor.py:183} INFO - Processing /opt/airflow/dags/example_dag.py took 0.047 seconds
[2025-12-20T16:18:42.451+0000] {processor.py:161} INFO - Started process (PID=605) to work on /opt/airflow/dags/example_dag.py
[2025-12-20T16:18:42.452+0000] {processor.py:830} INFO - Processing file /opt/airflow/dags/example_dag.py for tasks to queue
[2025-12-20T16:18:42.452+0000] {logging_mixin.py:188} INFO - [2025-12-20T16:18:42.452+0000] {dagbag.py:538} INFO - Filling up the DagBag from /opt/airflow/dags/example_dag.py
[2025-12-20T16:18:42.460+0000] {processor.py:840} INFO - DAG(s) 'example_dag' retrieved from /opt/airflow/dags/example_dag.py
[2025-12-20T16:18:42.481+0000] {logging_mixin.py:188} INFO - [2025-12-20T16:18:42.481+0000] {dag.py:3033} INFO - Sync 1 DAGs
[2025-12-20T16:18:42.495+0000] {logging_mixin.py:188} INFO - [2025-12-20T16:18:42.495+0000] {dag.py:3820} INFO - Setting next_dagrun for example_dag to 2025-12-20T00:00:00+00:00, run_after=2025-12-21T00:00:00+00:00
[2025-12-20T16:18:42.507+0000] {processor.py:183} INFO - Processing /opt/airflow/dags/example_dag.py took 0.059 seconds
[2025-12-20T16:19:12.776+0000] {processor.py:161} INFO - Started process (PID=615) to work on /opt/airflow/dags/example_dag.py
[2025-12-20T16:19:12.776+0000] {processor.py:830} INFO - Processing file /opt/airflow/dags/example_dag.py for tasks to queue
[2025-12-20T16:19:12.777+0000] {logging_mixin.py:188} INFO - [2025-12-20T16:19:12.776+0000] {dagbag.py:538} INFO - Filling up the DagBag from /opt/airflow/dags/example_dag.py
[2025-12-20T16:19:12.783+0000] {processor.py:840} INFO - DAG(s) 'example_dag' retrieved from /opt/airflow/dags/example_dag.py
[2025-12-20T16:19:12.800+0000] {logging_mixin.py:188} INFO - [2025-12-20T16:19:12.800+0000] {dag.py:3033} INFO - Sync 1 DAGs
[2025-12-20T16:19:12.812+0000] {logging_mixin.py:188} INFO - [2025-12-20T16:19:12.812+0000] {dag.py:3820} INFO - Setting next_dagrun for example_dag to 2025-12-20T00:00:00+00:00, run_after=2025-12-21T00:00:00+00:00
[2025-12-20T16:19:12.822+0000] {processor.py:183} INFO - Processing /opt/airflow/dags/example_dag.py took 0.048 seconds
[2025-12-20T16:19:43.109+0000] {processor.py:161} INFO - Started process (PID=625) to work on /opt/airflow/dags/example_dag.py
[2025-12-20T16:19:43.110+0000] {processor.py:830} INFO - Processing file /opt/airflow/dags/example_dag.py for tasks to queue
[2025-12-20T16:19:43.110+0000] {logging_mixin.py:188} INFO - [2025-12-20T16:19:43.110+0000] {dagbag.py:538} INFO - Filling up the DagBag from /opt/airflow/dags/example_dag.py
[2025-12-20T16:19:43.116+0000] {processor.py:840} INFO - DAG(s) 'example_dag' retrieved from /opt/airflow/dags/example_dag.py
[2025-12-20T16:19:43.137+0000] {logging_mixin.py:188} INFO - [2025-12-20T16:19:43.137+0000] {dag.py:3033} INFO - Sync 1 DAGs
[2025-12-20T16:19:43.149+0000] {logging_mixin.py:188} INFO - [2025-12-20T16:19:43.149+0000] {dag.py:3820} INFO - Setting next_dagrun for example_dag to 2025-12-20T00:00:00+00:00, run_after=2025-12-21T00:00:00+00:00
[2025-12-20T16:19:43.158+0000] {processor.py:183} INFO - Processing /opt/airflow/dags/example_dag.py took 0.051 seconds
[2025-12-20T16:20:13.468+0000] {processor.py:161} INFO - Started process (PID=635) to work on /opt/airflow/dags/example_dag.py
[2025-12-20T16:20:13.468+0000] {processor.py:830} INFO - Processing file /opt/airflow/dags/example_dag.py for tasks to queue
[2025-12-20T16:20:13.469+0000] {logging_mixin.py:188} INFO - [2025-12-20T16:20:13.469+0000] {dagbag.py:538} INFO - Filling up the DagBag from /opt/airflow/dags/example_dag.py
[2025-12-20T16:20:13.476+0000] {processor.py:840} INFO - DAG(s) 'example_dag' retrieved from /opt/airflow/dags/example_dag.py
[2025-12-20T16:20:13.498+0000] {logging_mixin.py:188} INFO - [2025-12-20T16:20:13.498+0000] {dag.py:3033} INFO - Sync 1 DAGs
[2025-12-20T16:20:13.511+0000] {logging_mixin.py:188} INFO - [2025-12-20T16:20:13.511+0000] {dag.py:3820} INFO - Setting next_dagrun for example_dag to 2025-12-20T00:00:00+00:00, run_after=2025-12-21T00:00:00+00:00
[2025-12-20T16:20:13.520+0000] {processor.py:183} INFO - Processing /opt/airflow/dags/example_dag.py took 0.055 seconds
[2025-12-20T16:20:43.860+0000] {processor.py:161} INFO - Started process (PID=645) to work on /opt/airflow/dags/example_dag.py
[2025-12-20T16:20:43.860+0000] {processor.py:830} INFO - Processing file /opt/airflow/dags/example_dag.py for tasks to queue
[2025-12-20T16:20:43.861+0000] {logging_mixin.py:188} INFO - [2025-12-20T16:20:43.861+0000] {dagbag.py:538} INFO - Filling up the DagBag from /opt/airflow/dags/example_dag.py
[2025-12-20T16:20:43.867+0000] {processor.py:840} INFO - DAG(s) 'example_dag' retrieved from /opt/airflow/dags/example_dag.py
[2025-12-20T16:20:43.884+0000] {logging_mixin.py:188} INFO - [2025-12-20T16:20:43.884+0000] {dag.py:3033} INFO - Sync 1 DAGs
[2025-12-20T16:20:43.895+0000] {logging_mixin.py:188} INFO - [2025-12-20T16:20:43.895+0000] {dag.py:3820} INFO - Setting next_dagrun for example_dag to 2025-12-20T00:00:00+00:00, run_after=2025-12-21T00:00:00+00:00
[2025-12-20T16:20:43.904+0000] {processor.py:183} INFO - Processing /opt/airflow/dags/example_dag.py took 0.046 seconds
[2025-12-20T16:21:14.312+0000] {processor.py:161} INFO - Started process (PID=655) to work on /opt/airflow/dags/example_dag.py
[2025-12-20T16:21:14.313+0000] {processor.py:830} INFO - Processing file /opt/airflow/dags/example_dag.py for tasks to queue
[2025-12-20T16:21:14.313+0000] {logging_mixin.py:188} INFO - [2025-12-20T16:21:14.313+0000] {dagbag.py:538} INFO - Filling up the DagBag from /opt/airflow/dags/example_dag.py
[2025-12-20T16:21:14.320+0000] {processor.py:840} INFO - DAG(s) 'example_dag' retrieved from /opt/airflow/dags/example_dag.py
[2025-12-20T16:21:14.338+0000] {logging_mixin.py:188} INFO - [2025-12-20T16:21:14.338+0000] {dag.py:3033} INFO - Sync 1 DAGs
[2025-12-20T16:21:14.351+0000] {logging_mixin.py:188} INFO - [2025-12-20T16:21:14.351+0000] {dag.py:3820} INFO - Setting next_dagrun for example_dag to 2025-12-20T00:00:00+00:00, run_after=2025-12-21T00:00:00+00:00
[2025-12-20T16:21:14.365+0000] {processor.py:183} INFO - Processing /opt/airflow/dags/example_dag.py took 0.055 seconds
[2025-12-20T16:21:44.696+0000] {processor.py:161} INFO - Started process (PID=665) to work on /opt/airflow/dags/example_dag.py
[2025-12-20T16:21:44.696+0000] {processor.py:830} INFO - Processing file /opt/airflow/dags/example_dag.py for tasks to queue
[2025-12-20T16:21:44.697+0000] {logging_mixin.py:188} INFO - [2025-12-20T16:21:44.696+0000] {dagbag.py:538} INFO - Filling up the DagBag from /opt/airflow/dags/example_dag.py
[2025-12-20T16:21:44.703+0000] {processor.py:840} INFO - DAG(s) 'example_dag' retrieved from /opt/airflow/dags/example_dag.py
[2025-12-20T16:21:44.720+0000] {logging_mixin.py:188} INFO - [2025-12-20T16:21:44.720+0000] {dag.py:3033} INFO - Sync 1 DAGs
[2025-12-20T16:21:44.732+0000] {logging_mixin.py:188} INFO - [2025-12-20T16:21:44.732+0000] {dag.py:3820} INFO - Setting next_dagrun for example_dag to 2025-12-20T00:00:00+00:00, run_after=2025-12-21T00:00:00+00:00
[2025-12-20T16:21:44.742+0000] {processor.py:183} INFO - Processing /opt/airflow/dags/example_dag.py took 0.048 seconds
[2025-12-20T16:22:15.052+0000] {processor.py:161} INFO - Started process (PID=675) to work on /opt/airflow/dags/example_dag.py
[2025-12-20T16:22:15.052+0000] {processor.py:830} INFO - Processing file /opt/airflow/dags/example_dag.py for tasks to queue
[2025-12-20T16:22:15.053+0000] {logging_mixin.py:188} INFO - [2025-12-20T16:22:15.053+0000] {dagbag.py:538} INFO - Filling up the DagBag from /opt/airflow/dags/example_dag.py
[2025-12-20T16:22:15.059+0000] {processor.py:840} INFO - DAG(s) 'example_dag' retrieved from /opt/airflow/dags/example_dag.py
[2025-12-20T16:22:15.077+0000] {logging_mixin.py:188} INFO - [2025-12-20T16:22:15.077+0000] {dag.py:3033} INFO - Sync 1 DAGs
[2025-12-20T16:22:15.090+0000] {logging_mixin.py:188} INFO - [2025-12-20T16:22:15.089+0000] {dag.py:3820} INFO - Setting next_dagrun for example_dag to 2025-12-20T00:00:00+00:00, run_after=2025-12-21T00:00:00+00:00
[2025-12-20T16:22:15.100+0000] {processor.py:183} INFO - Processing /opt/airflow/dags/example_dag.py took 0.050 seconds
[2025-12-20T16:22:45.468+0000] {processor.py:161} INFO - Started process (PID=685) to work on /opt/airflow/dags/example_dag.py
[2025-12-20T16:22:45.469+0000] {processor.py:830} INFO - Processing file /opt/airflow/dags/example_dag.py for tasks to queue
[2025-12-20T16:22:45.469+0000] {logging_mixin.py:188} INFO - [2025-12-20T16:22:45.469+0000] {dagbag.py:538} INFO - Filling up the DagBag from /opt/airflow/dags/example_dag.py
[2025-12-20T16:22:45.476+0000] {processor.py:840} INFO - DAG(s) 'example_dag' retrieved from /opt/airflow/dags/example_dag.py
[2025-12-20T16:22:45.493+0000] {logging_mixin.py:188} INFO - [2025-12-20T16:22:45.493+0000] {dag.py:3033} INFO - Sync 1 DAGs
[2025-12-20T16:22:45.505+0000] {logging_mixin.py:188} INFO - [2025-12-20T16:22:45.505+0000] {dag.py:3820} INFO - Setting next_dagrun for example_dag to 2025-12-20T00:00:00+00:00, run_after=2025-12-21T00:00:00+00:00
[2025-12-20T16:22:45.515+0000] {processor.py:183} INFO - Processing /opt/airflow/dags/example_dag.py took 0.048 seconds
[2025-12-20T16:23:15.859+0000] {processor.py:161} INFO - Started process (PID=695) to work on /opt/airflow/dags/example_dag.py
[2025-12-20T16:23:15.860+0000] {processor.py:830} INFO - Processing file /opt/airflow/dags/example_dag.py for tasks to queue
[2025-12-20T16:23:15.860+0000] {logging_mixin.py:188} INFO - [2025-12-20T16:23:15.860+0000] {dagbag.py:538} INFO - Filling up the DagBag from /opt/airflow/dags/example_dag.py
[2025-12-20T16:23:15.867+0000] {processor.py:840} INFO - DAG(s) 'example_dag' retrieved from /opt/airflow/dags/example_dag.py
[2025-12-20T16:23:15.884+0000] {logging_mixin.py:188} INFO - [2025-12-20T16:23:15.884+0000] {dag.py:3033} INFO - Sync 1 DAGs
[2025-12-20T16:23:15.896+0000] {logging_mixin.py:188} INFO - [2025-12-20T16:23:15.896+0000] {dag.py:3820} INFO - Setting next_dagrun for example_dag to 2025-12-20T00:00:00+00:00, run_after=2025-12-21T00:00:00+00:00
[2025-12-20T16:23:15.905+0000] {processor.py:183} INFO - Processing /opt/airflow/dags/example_dag.py took 0.048 seconds
[2025-12-20T16:23:46.224+0000] {processor.py:161} INFO - Started process (PID=705) to work on /opt/airflow/dags/example_dag.py
[2025-12-20T16:23:46.224+0000] {processor.py:830} INFO - Processing file /opt/airflow/dags/example_dag.py for tasks to queue
[2025-12-20T16:23:46.224+0000] {logging_mixin.py:188} INFO - [2025-12-20T16:23:46.224+0000] {dagbag.py:538} INFO - Filling up the DagBag from /opt/airflow/dags/example_dag.py
[2025-12-20T16:23:46.231+0000] {processor.py:840} INFO - DAG(s) 'example_dag' retrieved from /opt/airflow/dags/example_dag.py
[2025-12-20T16:23:46.248+0000] {logging_mixin.py:188} INFO - [2025-12-20T16:23:46.248+0000] {dag.py:3033} INFO - Sync 1 DAGs
[2025-12-20T16:23:46.261+0000] {logging_mixin.py:188} INFO - [2025-12-20T16:23:46.261+0000] {dag.py:3820} INFO - Setting next_dagrun for example_dag to 2025-12-20T00:00:00+00:00, run_after=2025-12-21T00:00:00+00:00
[2025-12-20T16:23:46.270+0000] {processor.py:183} INFO - Processing /opt/airflow/dags/example_dag.py took 0.048 seconds
[2025-12-20T16:24:16.635+0000] {processor.py:161} INFO - Started process (PID=715) to work on /opt/airflow/dags/example_dag.py
[2025-12-20T16:24:16.635+0000] {processor.py:830} INFO - Processing file /opt/airflow/dags/example_dag.py for tasks to queue
[2025-12-20T16:24:16.636+0000] {logging_mixin.py:188} INFO - [2025-12-20T16:24:16.636+0000] {dagbag.py:538} INFO - Filling up the DagBag from /opt/airflow/dags/example_dag.py
[2025-12-20T16:24:16.642+0000] {processor.py:840} INFO - DAG(s) 'example_dag' retrieved from /opt/airflow/dags/example_dag.py
[2025-12-20T16:24:16.659+0000] {logging_mixin.py:188} INFO - [2025-12-20T16:24:16.659+0000] {dag.py:3033} INFO - Sync 1 DAGs
[2025-12-20T16:24:16.673+0000] {logging_mixin.py:188} INFO - [2025-12-20T16:24:16.673+0000] {dag.py:3820} INFO - Setting next_dagrun for example_dag to 2025-12-20T00:00:00+00:00, run_after=2025-12-21T00:00:00+00:00
[2025-12-20T16:24:16.683+0000] {processor.py:183} INFO - Processing /opt/airflow/dags/example_dag.py took 0.050 seconds
[2025-12-20T16:24:47.057+0000] {processor.py:161} INFO - Started process (PID=725) to work on /opt/airflow/dags/example_dag.py
[2025-12-20T16:24:47.058+0000] {processor.py:830} INFO - Processing file /opt/airflow/dags/example_dag.py for tasks to queue
[2025-12-20T16:24:47.058+0000] {logging_mixin.py:188} INFO - [2025-12-20T16:24:47.058+0000] {dagbag.py:538} INFO - Filling up the DagBag from /opt/airflow/dags/example_dag.py
[2025-12-20T16:24:47.065+0000] {processor.py:840} INFO - DAG(s) 'example_dag' retrieved from /opt/airflow/dags/example_dag.py
[2025-12-20T16:24:47.083+0000] {logging_mixin.py:188} INFO - [2025-12-20T16:24:47.083+0000] {dag.py:3033} INFO - Sync 1 DAGs
[2025-12-20T16:24:47.096+0000] {logging_mixin.py:188} INFO - [2025-12-20T16:24:47.096+0000] {dag.py:3820} INFO - Setting next_dagrun for example_dag to 2025-12-20T00:00:00+00:00, run_after=2025-12-21T00:00:00+00:00
[2025-12-20T16:24:47.105+0000] {processor.py:183} INFO - Processing /opt/airflow/dags/example_dag.py took 0.050 seconds
[2025-12-20T16:25:17.430+0000] {processor.py:161} INFO - Started process (PID=734) to work on /opt/airflow/dags/example_dag.py
[2025-12-20T16:25:17.430+0000] {processor.py:830} INFO - Processing file /opt/airflow/dags/example_dag.py for tasks to queue
[2025-12-20T16:25:17.430+0000] {logging_mixin.py:188} INFO - [2025-12-20T16:25:17.430+0000] {dagbag.py:538} INFO - Filling up the DagBag from /opt/airflow/dags/example_dag.py
[2025-12-20T16:25:17.437+0000] {processor.py:840} INFO - DAG(s) 'example_dag' retrieved from /opt/airflow/dags/example_dag.py
[2025-12-20T16:25:17.453+0000] {logging_mixin.py:188} INFO - [2025-12-20T16:25:17.453+0000] {dag.py:3033} INFO - Sync 1 DAGs
[2025-12-20T16:25:17.466+0000] {logging_mixin.py:188} INFO - [2025-12-20T16:25:17.466+0000] {dag.py:3820} INFO - Setting next_dagrun for example_dag to 2025-12-20T00:00:00+00:00, run_after=2025-12-21T00:00:00+00:00
[2025-12-20T16:25:17.475+0000] {processor.py:183} INFO - Processing /opt/airflow/dags/example_dag.py took 0.047 seconds
[2025-12-20T16:25:47.814+0000] {processor.py:161} INFO - Started process (PID=744) to work on /opt/airflow/dags/example_dag.py
[2025-12-20T16:25:47.814+0000] {processor.py:830} INFO - Processing file /opt/airflow/dags/example_dag.py for tasks to queue
[2025-12-20T16:25:47.815+0000] {logging_mixin.py:188} INFO - [2025-12-20T16:25:47.815+0000] {dagbag.py:538} INFO - Filling up the DagBag from /opt/airflow/dags/example_dag.py
[2025-12-20T16:25:47.821+0000] {processor.py:840} INFO - DAG(s) 'example_dag' retrieved from /opt/airflow/dags/example_dag.py
[2025-12-20T16:25:47.838+0000] {logging_mixin.py:188} INFO - [2025-12-20T16:25:47.838+0000] {dag.py:3033} INFO - Sync 1 DAGs
[2025-12-20T16:25:47.850+0000] {logging_mixin.py:188} INFO - [2025-12-20T16:25:47.850+0000] {dag.py:3820} INFO - Setting next_dagrun for example_dag to 2025-12-20T00:00:00+00:00, run_after=2025-12-21T00:00:00+00:00
[2025-12-20T16:25:47.859+0000] {processor.py:183} INFO - Processing /opt/airflow/dags/example_dag.py took 0.048 seconds
[2025-12-20T16:26:18.236+0000] {processor.py:161} INFO - Started process (PID=753) to work on /opt/airflow/dags/example_dag.py
[2025-12-20T16:26:18.236+0000] {processor.py:830} INFO - Processing file /opt/airflow/dags/example_dag.py for tasks to queue
[2025-12-20T16:26:18.236+0000] {logging_mixin.py:188} INFO - [2025-12-20T16:26:18.236+0000] {dagbag.py:538} INFO - Filling up the DagBag from /opt/airflow/dags/example_dag.py
[2025-12-20T16:26:18.242+0000] {processor.py:840} INFO - DAG(s) 'example_dag' retrieved from /opt/airflow/dags/example_dag.py
[2025-12-20T16:26:18.260+0000] {logging_mixin.py:188} INFO - [2025-12-20T16:26:18.259+0000] {dag.py:3033} INFO - Sync 1 DAGs
[2025-12-20T16:26:18.271+0000] {logging_mixin.py:188} INFO - [2025-12-20T16:26:18.271+0000] {dag.py:3820} INFO - Setting next_dagrun for example_dag to 2025-12-20T00:00:00+00:00, run_after=2025-12-21T00:00:00+00:00
[2025-12-20T16:26:18.280+0000] {processor.py:183} INFO - Processing /opt/airflow/dags/example_dag.py took 0.047 seconds
[2025-12-20T16:26:48.619+0000] {processor.py:161} INFO - Started process (PID=763) to work on /opt/airflow/dags/example_dag.py
[2025-12-20T16:26:48.619+0000] {processor.py:830} INFO - Processing file /opt/airflow/dags/example_dag.py for tasks to queue
[2025-12-20T16:26:48.620+0000] {logging_mixin.py:188} INFO - [2025-12-20T16:26:48.620+0000] {dagbag.py:538} INFO - Filling up the DagBag from /opt/airflow/dags/example_dag.py
[2025-12-20T16:26:48.626+0000] {processor.py:840} INFO - DAG(s) 'example_dag' retrieved from /opt/airflow/dags/example_dag.py
[2025-12-20T16:26:48.643+0000] {logging_mixin.py:188} INFO - [2025-12-20T16:26:48.643+0000] {dag.py:3033} INFO - Sync 1 DAGs
[2025-12-20T16:26:48.657+0000] {logging_mixin.py:188} INFO - [2025-12-20T16:26:48.656+0000] {dag.py:3820} INFO - Setting next_dagrun for example_dag to 2025-12-20T00:00:00+00:00, run_after=2025-12-21T00:00:00+00:00
[2025-12-20T16:26:48.670+0000] {processor.py:183} INFO - Processing /opt/airflow/dags/example_dag.py took 0.053 seconds
[2025-12-20T16:27:19.026+0000] {processor.py:161} INFO - Started process (PID=773) to work on /opt/airflow/dags/example_dag.py
[2025-12-20T16:27:19.026+0000] {processor.py:830} INFO - Processing file /opt/airflow/dags/example_dag.py for tasks to queue
[2025-12-20T16:27:19.027+0000] {logging_mixin.py:188} INFO - [2025-12-20T16:27:19.027+0000] {dagbag.py:538} INFO - Filling up the DagBag from /opt/airflow/dags/example_dag.py
[2025-12-20T16:27:19.034+0000] {processor.py:840} INFO - DAG(s) 'example_dag' retrieved from /opt/airflow/dags/example_dag.py
[2025-12-20T16:27:19.053+0000] {logging_mixin.py:188} INFO - [2025-12-20T16:27:19.053+0000] {dag.py:3033} INFO - Sync 1 DAGs
[2025-12-20T16:27:19.066+0000] {logging_mixin.py:188} INFO - [2025-12-20T16:27:19.066+0000] {dag.py:3820} INFO - Setting next_dagrun for example_dag to 2025-12-20T00:00:00+00:00, run_after=2025-12-21T00:00:00+00:00
[2025-12-20T16:27:19.077+0000] {processor.py:183} INFO - Processing /opt/airflow/dags/example_dag.py took 0.054 seconds
[2025-12-20T16:27:49.402+0000] {processor.py:161} INFO - Started process (PID=783) to work on /opt/airflow/dags/example_dag.py
[2025-12-20T16:27:49.403+0000] {processor.py:830} INFO - Processing file /opt/airflow/dags/example_dag.py for tasks to queue
[2025-12-20T16:27:49.403+0000] {logging_mixin.py:188} INFO - [2025-12-20T16:27:49.403+0000] {dagbag.py:538} INFO - Filling up the DagBag from /opt/airflow/dags/example_dag.py
[2025-12-20T16:27:49.409+0000] {processor.py:840} INFO - DAG(s) 'example_dag' retrieved from /opt/airflow/dags/example_dag.py
[2025-12-20T16:27:49.426+0000] {logging_mixin.py:188} INFO - [2025-12-20T16:27:49.426+0000] {dag.py:3033} INFO - Sync 1 DAGs
[2025-12-20T16:27:49.438+0000] {logging_mixin.py:188} INFO - [2025-12-20T16:27:49.438+0000] {dag.py:3820} INFO - Setting next_dagrun for example_dag to 2025-12-20T00:00:00+00:00, run_after=2025-12-21T00:00:00+00:00
[2025-12-20T16:27:49.447+0000] {processor.py:183} INFO - Processing /opt/airflow/dags/example_dag.py took 0.047 seconds
[2025-12-20T16:28:19.819+0000] {processor.py:161} INFO - Started process (PID=793) to work on /opt/airflow/dags/example_dag.py
[2025-12-20T16:28:19.819+0000] {processor.py:830} INFO - Processing file /opt/airflow/dags/example_dag.py for tasks to queue
[2025-12-20T16:28:19.820+0000] {logging_mixin.py:188} INFO - [2025-12-20T16:28:19.820+0000] {dagbag.py:538} INFO - Filling up the DagBag from /opt/airflow/dags/example_dag.py
[2025-12-20T16:28:19.827+0000] {processor.py:840} INFO - DAG(s) 'example_dag' retrieved from /opt/airflow/dags/example_dag.py
[2025-12-20T16:28:19.846+0000] {logging_mixin.py:188} INFO - [2025-12-20T16:28:19.846+0000] {dag.py:3033} INFO - Sync 1 DAGs
[2025-12-20T16:28:19.859+0000] {logging_mixin.py:188} INFO - [2025-12-20T16:28:19.859+0000] {dag.py:3820} INFO - Setting next_dagrun for example_dag to 2025-12-20T00:00:00+00:00, run_after=2025-12-21T00:00:00+00:00
[2025-12-20T16:28:19.869+0000] {processor.py:183} INFO - Processing /opt/airflow/dags/example_dag.py took 0.053 seconds
[2025-12-20T16:28:50.167+0000] {processor.py:161} INFO - Started process (PID=803) to work on /opt/airflow/dags/example_dag.py
[2025-12-20T16:28:50.167+0000] {processor.py:830} INFO - Processing file /opt/airflow/dags/example_dag.py for tasks to queue
[2025-12-20T16:28:50.168+0000] {logging_mixin.py:188} INFO - [2025-12-20T16:28:50.168+0000] {dagbag.py:538} INFO - Filling up the DagBag from /opt/airflow/dags/example_dag.py
[2025-12-20T16:28:50.174+0000] {processor.py:840} INFO - DAG(s) 'example_dag' retrieved from /opt/airflow/dags/example_dag.py
[2025-12-20T16:28:50.192+0000] {logging_mixin.py:188} INFO - [2025-12-20T16:28:50.192+0000] {dag.py:3033} INFO - Sync 1 DAGs
[2025-12-20T16:28:50.204+0000] {logging_mixin.py:188} INFO - [2025-12-20T16:28:50.204+0000] {dag.py:3820} INFO - Setting next_dagrun for example_dag to 2025-12-20T00:00:00+00:00, run_after=2025-12-21T00:00:00+00:00
[2025-12-20T16:28:50.213+0000] {processor.py:183} INFO - Processing /opt/airflow/dags/example_dag.py took 0.048 seconds
[2025-12-20T16:29:20.611+0000] {processor.py:161} INFO - Started process (PID=813) to work on /opt/airflow/dags/example_dag.py
[2025-12-20T16:29:20.611+0000] {processor.py:830} INFO - Processing file /opt/airflow/dags/example_dag.py for tasks to queue
[2025-12-20T16:29:20.612+0000] {logging_mixin.py:188} INFO - [2025-12-20T16:29:20.612+0000] {dagbag.py:538} INFO - Filling up the DagBag from /opt/airflow/dags/example_dag.py
[2025-12-20T16:29:20.618+0000] {processor.py:840} INFO - DAG(s) 'example_dag' retrieved from /opt/airflow/dags/example_dag.py
[2025-12-20T16:29:20.637+0000] {logging_mixin.py:188} INFO - [2025-12-20T16:29:20.637+0000] {dag.py:3033} INFO - Sync 1 DAGs
[2025-12-20T16:29:20.650+0000] {logging_mixin.py:188} INFO - [2025-12-20T16:29:20.650+0000] {dag.py:3820} INFO - Setting next_dagrun for example_dag to 2025-12-20T00:00:00+00:00, run_after=2025-12-21T00:00:00+00:00
[2025-12-20T16:29:20.659+0000] {processor.py:183} INFO - Processing /opt/airflow/dags/example_dag.py took 0.049 seconds
[2025-12-20T16:29:50.909+0000] {processor.py:161} INFO - Started process (PID=823) to work on /opt/airflow/dags/example_dag.py
[2025-12-20T16:29:50.910+0000] {processor.py:830} INFO - Processing file /opt/airflow/dags/example_dag.py for tasks to queue
[2025-12-20T16:29:50.910+0000] {logging_mixin.py:188} INFO - [2025-12-20T16:29:50.910+0000] {dagbag.py:538} INFO - Filling up the DagBag from /opt/airflow/dags/example_dag.py
[2025-12-20T16:29:50.917+0000] {processor.py:840} INFO - DAG(s) 'example_dag' retrieved from /opt/airflow/dags/example_dag.py
[2025-12-20T16:29:50.933+0000] {logging_mixin.py:188} INFO - [2025-12-20T16:29:50.933+0000] {dag.py:3033} INFO - Sync 1 DAGs
[2025-12-20T16:29:50.945+0000] {logging_mixin.py:188} INFO - [2025-12-20T16:29:50.945+0000] {dag.py:3820} INFO - Setting next_dagrun for example_dag to 2025-12-20T00:00:00+00:00, run_after=2025-12-21T00:00:00+00:00
[2025-12-20T16:29:50.954+0000] {processor.py:183} INFO - Processing /opt/airflow/dags/example_dag.py took 0.047 seconds
[2025-12-20T16:30:21.305+0000] {processor.py:161} INFO - Started process (PID=833) to work on /opt/airflow/dags/example_dag.py
[2025-12-20T16:30:21.306+0000] {processor.py:830} INFO - Processing file /opt/airflow/dags/example_dag.py for tasks to queue
[2025-12-20T16:30:21.306+0000] {logging_mixin.py:188} INFO - [2025-12-20T16:30:21.306+0000] {dagbag.py:538} INFO - Filling up the DagBag from /opt/airflow/dags/example_dag.py
[2025-12-20T16:30:21.314+0000] {processor.py:840} INFO - DAG(s) 'example_dag' retrieved from /opt/airflow/dags/example_dag.py
[2025-12-20T16:30:21.333+0000] {logging_mixin.py:188} INFO - [2025-12-20T16:30:21.333+0000] {dag.py:3033} INFO - Sync 1 DAGs
[2025-12-20T16:30:21.346+0000] {logging_mixin.py:188} INFO - [2025-12-20T16:30:21.346+0000] {dag.py:3820} INFO - Setting next_dagrun for example_dag to 2025-12-20T00:00:00+00:00, run_after=2025-12-21T00:00:00+00:00
[2025-12-20T16:30:21.356+0000] {processor.py:183} INFO - Processing /opt/airflow/dags/example_dag.py took 0.053 seconds
[2025-12-20T16:30:51.736+0000] {processor.py:161} INFO - Started process (PID=843) to work on /opt/airflow/dags/example_dag.py
[2025-12-20T16:30:51.736+0000] {processor.py:830} INFO - Processing file /opt/airflow/dags/example_dag.py for tasks to queue
[2025-12-20T16:30:51.737+0000] {logging_mixin.py:188} INFO - [2025-12-20T16:30:51.736+0000] {dagbag.py:538} INFO - Filling up the DagBag from /opt/airflow/dags/example_dag.py
[2025-12-20T16:30:51.742+0000] {processor.py:840} INFO - DAG(s) 'example_dag' retrieved from /opt/airflow/dags/example_dag.py
[2025-12-20T16:30:51.759+0000] {logging_mixin.py:188} INFO - [2025-12-20T16:30:51.759+0000] {dag.py:3033} INFO - Sync 1 DAGs
[2025-12-20T16:30:51.771+0000] {logging_mixin.py:188} INFO - [2025-12-20T16:30:51.771+0000] {dag.py:3820} INFO - Setting next_dagrun for example_dag to 2025-12-20T00:00:00+00:00, run_after=2025-12-21T00:00:00+00:00
[2025-12-20T16:30:51.781+0000] {processor.py:183} INFO - Processing /opt/airflow/dags/example_dag.py took 0.047 seconds
[2025-12-20T16:31:22.111+0000] {processor.py:161} INFO - Started process (PID=853) to work on /opt/airflow/dags/example_dag.py
[2025-12-20T16:31:22.111+0000] {processor.py:830} INFO - Processing file /opt/airflow/dags/example_dag.py for tasks to queue
[2025-12-20T16:31:22.112+0000] {logging_mixin.py:188} INFO - [2025-12-20T16:31:22.112+0000] {dagbag.py:538} INFO - Filling up the DagBag from /opt/airflow/dags/example_dag.py
[2025-12-20T16:31:22.118+0000] {processor.py:840} INFO - DAG(s) 'example_dag' retrieved from /opt/airflow/dags/example_dag.py
[2025-12-20T16:31:22.137+0000] {logging_mixin.py:188} INFO - [2025-12-20T16:31:22.137+0000] {dag.py:3033} INFO - Sync 1 DAGs
[2025-12-20T16:31:22.151+0000] {logging_mixin.py:188} INFO - [2025-12-20T16:31:22.151+0000] {dag.py:3820} INFO - Setting next_dagrun for example_dag to 2025-12-20T00:00:00+00:00, run_after=2025-12-21T00:00:00+00:00
[2025-12-20T16:31:22.162+0000] {processor.py:183} INFO - Processing /opt/airflow/dags/example_dag.py took 0.053 seconds
[2025-12-20T16:31:52.525+0000] {processor.py:161} INFO - Started process (PID=863) to work on /opt/airflow/dags/example_dag.py
[2025-12-20T16:31:52.526+0000] {processor.py:830} INFO - Processing file /opt/airflow/dags/example_dag.py for tasks to queue
[2025-12-20T16:31:52.526+0000] {logging_mixin.py:188} INFO - [2025-12-20T16:31:52.526+0000] {dagbag.py:538} INFO - Filling up the DagBag from /opt/airflow/dags/example_dag.py
[2025-12-20T16:31:52.533+0000] {processor.py:840} INFO - DAG(s) 'example_dag' retrieved from /opt/airflow/dags/example_dag.py
[2025-12-20T16:31:52.553+0000] {logging_mixin.py:188} INFO - [2025-12-20T16:31:52.553+0000] {dag.py:3033} INFO - Sync 1 DAGs
[2025-12-20T16:31:52.565+0000] {logging_mixin.py:188} INFO - [2025-12-20T16:31:52.565+0000] {dag.py:3820} INFO - Setting next_dagrun for example_dag to 2025-12-20T00:00:00+00:00, run_after=2025-12-21T00:00:00+00:00
[2025-12-20T16:31:52.574+0000] {processor.py:183} INFO - Processing /opt/airflow/dags/example_dag.py took 0.051 seconds
[2025-12-20T16:32:22.958+0000] {processor.py:161} INFO - Started process (PID=873) to work on /opt/airflow/dags/example_dag.py
[2025-12-20T16:32:22.959+0000] {processor.py:830} INFO - Processing file /opt/airflow/dags/example_dag.py for tasks to queue
[2025-12-20T16:32:22.960+0000] {logging_mixin.py:188} INFO - [2025-12-20T16:32:22.960+0000] {dagbag.py:538} INFO - Filling up the DagBag from /opt/airflow/dags/example_dag.py
[2025-12-20T16:32:22.970+0000] {processor.py:840} INFO - DAG(s) 'example_dag' retrieved from /opt/airflow/dags/example_dag.py
[2025-12-20T16:32:22.991+0000] {logging_mixin.py:188} INFO - [2025-12-20T16:32:22.991+0000] {dag.py:3033} INFO - Sync 1 DAGs
[2025-12-20T16:32:23.004+0000] {logging_mixin.py:188} INFO - [2025-12-20T16:32:23.004+0000] {dag.py:3820} INFO - Setting next_dagrun for example_dag to 2025-12-20T00:00:00+00:00, run_after=2025-12-21T00:00:00+00:00
[2025-12-20T16:32:23.015+0000] {processor.py:183} INFO - Processing /opt/airflow/dags/example_dag.py took 0.062 seconds
[2025-12-20T16:32:53.319+0000] {processor.py:161} INFO - Started process (PID=883) to work on /opt/airflow/dags/example_dag.py
[2025-12-20T16:32:53.320+0000] {processor.py:830} INFO - Processing file /opt/airflow/dags/example_dag.py for tasks to queue
[2025-12-20T16:32:53.320+0000] {logging_mixin.py:188} INFO - [2025-12-20T16:32:53.320+0000] {dagbag.py:538} INFO - Filling up the DagBag from /opt/airflow/dags/example_dag.py
[2025-12-20T16:32:53.327+0000] {processor.py:840} INFO - DAG(s) 'example_dag' retrieved from /opt/airflow/dags/example_dag.py
[2025-12-20T16:32:53.349+0000] {logging_mixin.py:188} INFO - [2025-12-20T16:32:53.349+0000] {dag.py:3033} INFO - Sync 1 DAGs
[2025-12-20T16:32:53.363+0000] {logging_mixin.py:188} INFO - [2025-12-20T16:32:53.363+0000] {dag.py:3820} INFO - Setting next_dagrun for example_dag to 2025-12-20T00:00:00+00:00, run_after=2025-12-21T00:00:00+00:00
[2025-12-20T16:32:53.375+0000] {processor.py:183} INFO - Processing /opt/airflow/dags/example_dag.py took 0.058 seconds
[2025-12-20T16:33:23.741+0000] {processor.py:161} INFO - Started process (PID=893) to work on /opt/airflow/dags/example_dag.py
[2025-12-20T16:33:23.742+0000] {processor.py:830} INFO - Processing file /opt/airflow/dags/example_dag.py for tasks to queue
[2025-12-20T16:33:23.742+0000] {logging_mixin.py:188} INFO - [2025-12-20T16:33:23.742+0000] {dagbag.py:538} INFO - Filling up the DagBag from /opt/airflow/dags/example_dag.py
[2025-12-20T16:33:23.748+0000] {processor.py:840} INFO - DAG(s) 'example_dag' retrieved from /opt/airflow/dags/example_dag.py
[2025-12-20T16:33:23.765+0000] {logging_mixin.py:188} INFO - [2025-12-20T16:33:23.765+0000] {dag.py:3033} INFO - Sync 1 DAGs
[2025-12-20T16:33:23.778+0000] {logging_mixin.py:188} INFO - [2025-12-20T16:33:23.778+0000] {dag.py:3820} INFO - Setting next_dagrun for example_dag to 2025-12-20T00:00:00+00:00, run_after=2025-12-21T00:00:00+00:00
[2025-12-20T16:33:23.788+0000] {processor.py:183} INFO - Processing /opt/airflow/dags/example_dag.py took 0.049 seconds
[2025-12-20T16:33:54.119+0000] {processor.py:161} INFO - Started process (PID=903) to work on /opt/airflow/dags/example_dag.py
[2025-12-20T16:33:54.120+0000] {processor.py:830} INFO - Processing file /opt/airflow/dags/example_dag.py for tasks to queue
[2025-12-20T16:33:54.120+0000] {logging_mixin.py:188} INFO - [2025-12-20T16:33:54.120+0000] {dagbag.py:538} INFO - Filling up the DagBag from /opt/airflow/dags/example_dag.py
[2025-12-20T16:33:54.127+0000] {processor.py:840} INFO - DAG(s) 'example_dag' retrieved from /opt/airflow/dags/example_dag.py
[2025-12-20T16:33:54.144+0000] {logging_mixin.py:188} INFO - [2025-12-20T16:33:54.144+0000] {dag.py:3033} INFO - Sync 1 DAGs
[2025-12-20T16:33:54.157+0000] {logging_mixin.py:188} INFO - [2025-12-20T16:33:54.157+0000] {dag.py:3820} INFO - Setting next_dagrun for example_dag to 2025-12-20T00:00:00+00:00, run_after=2025-12-21T00:00:00+00:00
[2025-12-20T16:33:54.166+0000] {processor.py:183} INFO - Processing /opt/airflow/dags/example_dag.py took 0.049 seconds
[2025-12-20T16:34:24.484+0000] {processor.py:161} INFO - Started process (PID=913) to work on /opt/airflow/dags/example_dag.py
[2025-12-20T16:34:24.484+0000] {processor.py:830} INFO - Processing file /opt/airflow/dags/example_dag.py for tasks to queue
[2025-12-20T16:34:24.485+0000] {logging_mixin.py:188} INFO - [2025-12-20T16:34:24.485+0000] {dagbag.py:538} INFO - Filling up the DagBag from /opt/airflow/dags/example_dag.py
[2025-12-20T16:34:24.493+0000] {processor.py:840} INFO - DAG(s) 'example_dag' retrieved from /opt/airflow/dags/example_dag.py
[2025-12-20T16:34:24.513+0000] {logging_mixin.py:188} INFO - [2025-12-20T16:34:24.513+0000] {dag.py:3033} INFO - Sync 1 DAGs
[2025-12-20T16:34:24.527+0000] {logging_mixin.py:188} INFO - [2025-12-20T16:34:24.527+0000] {dag.py:3820} INFO - Setting next_dagrun for example_dag to 2025-12-20T00:00:00+00:00, run_after=2025-12-21T00:00:00+00:00
[2025-12-20T16:34:24.544+0000] {processor.py:183} INFO - Processing /opt/airflow/dags/example_dag.py took 0.063 seconds
[2025-12-20T16:34:54.883+0000] {processor.py:161} INFO - Started process (PID=923) to work on /opt/airflow/dags/example_dag.py
[2025-12-20T16:34:54.883+0000] {processor.py:830} INFO - Processing file /opt/airflow/dags/example_dag.py for tasks to queue
[2025-12-20T16:34:54.883+0000] {logging_mixin.py:188} INFO - [2025-12-20T16:34:54.883+0000] {dagbag.py:538} INFO - Filling up the DagBag from /opt/airflow/dags/example_dag.py
[2025-12-20T16:34:54.889+0000] {processor.py:840} INFO - DAG(s) 'example_dag' retrieved from /opt/airflow/dags/example_dag.py
[2025-12-20T16:34:54.906+0000] {logging_mixin.py:188} INFO - [2025-12-20T16:34:54.906+0000] {dag.py:3033} INFO - Sync 1 DAGs
[2025-12-20T16:34:54.918+0000] {logging_mixin.py:188} INFO - [2025-12-20T16:34:54.918+0000] {dag.py:3820} INFO - Setting next_dagrun for example_dag to 2025-12-20T00:00:00+00:00, run_after=2025-12-21T00:00:00+00:00
[2025-12-20T16:34:54.927+0000] {processor.py:183} INFO - Processing /opt/airflow/dags/example_dag.py took 0.046 seconds
[2025-12-20T16:35:25.269+0000] {processor.py:161} INFO - Started process (PID=933) to work on /opt/airflow/dags/example_dag.py
[2025-12-20T16:35:25.269+0000] {processor.py:830} INFO - Processing file /opt/airflow/dags/example_dag.py for tasks to queue
[2025-12-20T16:35:25.270+0000] {logging_mixin.py:188} INFO - [2025-12-20T16:35:25.270+0000] {dagbag.py:538} INFO - Filling up the DagBag from /opt/airflow/dags/example_dag.py
[2025-12-20T16:35:25.276+0000] {processor.py:840} INFO - DAG(s) 'example_dag' retrieved from /opt/airflow/dags/example_dag.py
[2025-12-20T16:35:25.294+0000] {logging_mixin.py:188} INFO - [2025-12-20T16:35:25.294+0000] {dag.py:3033} INFO - Sync 1 DAGs
[2025-12-20T16:35:25.306+0000] {logging_mixin.py:188} INFO - [2025-12-20T16:35:25.306+0000] {dag.py:3820} INFO - Setting next_dagrun for example_dag to 2025-12-20T00:00:00+00:00, run_after=2025-12-21T00:00:00+00:00
[2025-12-20T16:35:25.316+0000] {processor.py:183} INFO - Processing /opt/airflow/dags/example_dag.py took 0.049 seconds
[2025-12-20T16:35:55.656+0000] {processor.py:161} INFO - Started process (PID=943) to work on /opt/airflow/dags/example_dag.py
[2025-12-20T16:35:55.656+0000] {processor.py:830} INFO - Processing file /opt/airflow/dags/example_dag.py for tasks to queue
[2025-12-20T16:35:55.657+0000] {logging_mixin.py:188} INFO - [2025-12-20T16:35:55.657+0000] {dagbag.py:538} INFO - Filling up the DagBag from /opt/airflow/dags/example_dag.py
[2025-12-20T16:35:55.665+0000] {processor.py:840} INFO - DAG(s) 'example_dag' retrieved from /opt/airflow/dags/example_dag.py
[2025-12-20T16:35:55.685+0000] {logging_mixin.py:188} INFO - [2025-12-20T16:35:55.685+0000] {dag.py:3033} INFO - Sync 1 DAGs
[2025-12-20T16:35:55.700+0000] {logging_mixin.py:188} INFO - [2025-12-20T16:35:55.700+0000] {dag.py:3820} INFO - Setting next_dagrun for example_dag to 2025-12-20T00:00:00+00:00, run_after=2025-12-21T00:00:00+00:00
[2025-12-20T16:35:55.710+0000] {processor.py:183} INFO - Processing /opt/airflow/dags/example_dag.py took 0.056 seconds
[2025-12-20T16:36:26.093+0000] {processor.py:161} INFO - Started process (PID=953) to work on /opt/airflow/dags/example_dag.py
[2025-12-20T16:36:26.093+0000] {processor.py:830} INFO - Processing file /opt/airflow/dags/example_dag.py for tasks to queue
[2025-12-20T16:36:26.094+0000] {logging_mixin.py:188} INFO - [2025-12-20T16:36:26.094+0000] {dagbag.py:538} INFO - Filling up the DagBag from /opt/airflow/dags/example_dag.py
[2025-12-20T16:36:26.101+0000] {processor.py:840} INFO - DAG(s) 'example_dag' retrieved from /opt/airflow/dags/example_dag.py
[2025-12-20T16:36:26.122+0000] {logging_mixin.py:188} INFO - [2025-12-20T16:36:26.122+0000] {dag.py:3033} INFO - Sync 1 DAGs
[2025-12-20T16:36:26.136+0000] {logging_mixin.py:188} INFO - [2025-12-20T16:36:26.136+0000] {dag.py:3820} INFO - Setting next_dagrun for example_dag to 2025-12-20T00:00:00+00:00, run_after=2025-12-21T00:00:00+00:00
[2025-12-20T16:36:26.146+0000] {processor.py:183} INFO - Processing /opt/airflow/dags/example_dag.py took 0.055 seconds
[2025-12-20T16:36:56.471+0000] {processor.py:161} INFO - Started process (PID=963) to work on /opt/airflow/dags/example_dag.py
[2025-12-20T16:36:56.472+0000] {processor.py:830} INFO - Processing file /opt/airflow/dags/example_dag.py for tasks to queue
[2025-12-20T16:36:56.472+0000] {logging_mixin.py:188} INFO - [2025-12-20T16:36:56.472+0000] {dagbag.py:538} INFO - Filling up the DagBag from /opt/airflow/dags/example_dag.py
[2025-12-20T16:36:56.478+0000] {processor.py:840} INFO - DAG(s) 'example_dag' retrieved from /opt/airflow/dags/example_dag.py
[2025-12-20T16:36:56.495+0000] {logging_mixin.py:188} INFO - [2025-12-20T16:36:56.495+0000] {dag.py:3033} INFO - Sync 1 DAGs
[2025-12-20T16:36:56.507+0000] {logging_mixin.py:188} INFO - [2025-12-20T16:36:56.507+0000] {dag.py:3820} INFO - Setting next_dagrun for example_dag to 2025-12-20T00:00:00+00:00, run_after=2025-12-21T00:00:00+00:00
[2025-12-20T16:36:56.516+0000] {processor.py:183} INFO - Processing /opt/airflow/dags/example_dag.py took 0.047 seconds
[2025-12-20T16:37:27.195+0000] {processor.py:161} INFO - Started process (PID=973) to work on /opt/airflow/dags/example_dag.py
[2025-12-20T16:37:27.196+0000] {processor.py:830} INFO - Processing file /opt/airflow/dags/example_dag.py for tasks to queue
[2025-12-20T16:37:27.196+0000] {logging_mixin.py:188} INFO - [2025-12-20T16:37:27.196+0000] {dagbag.py:538} INFO - Filling up the DagBag from /opt/airflow/dags/example_dag.py
[2025-12-20T16:37:27.202+0000] {processor.py:840} INFO - DAG(s) 'example_dag' retrieved from /opt/airflow/dags/example_dag.py
[2025-12-20T16:37:27.226+0000] {logging_mixin.py:188} INFO - [2025-12-20T16:37:27.226+0000] {dag.py:3033} INFO - Sync 1 DAGs
[2025-12-20T16:37:27.239+0000] {logging_mixin.py:188} INFO - [2025-12-20T16:37:27.239+0000] {dag.py:3820} INFO - Setting next_dagrun for example_dag to 2025-12-20T00:00:00+00:00, run_after=2025-12-21T00:00:00+00:00
[2025-12-20T16:37:27.250+0000] {processor.py:183} INFO - Processing /opt/airflow/dags/example_dag.py took 0.059 seconds
[2025-12-20T16:37:57.624+0000] {processor.py:161} INFO - Started process (PID=983) to work on /opt/airflow/dags/example_dag.py
[2025-12-20T16:37:57.625+0000] {processor.py:830} INFO - Processing file /opt/airflow/dags/example_dag.py for tasks to queue
[2025-12-20T16:37:57.625+0000] {logging_mixin.py:188} INFO - [2025-12-20T16:37:57.625+0000] {dagbag.py:538} INFO - Filling up the DagBag from /opt/airflow/dags/example_dag.py
[2025-12-20T16:37:57.632+0000] {processor.py:840} INFO - DAG(s) 'example_dag' retrieved from /opt/airflow/dags/example_dag.py
[2025-12-20T16:37:57.651+0000] {logging_mixin.py:188} INFO - [2025-12-20T16:37:57.651+0000] {dag.py:3033} INFO - Sync 1 DAGs
[2025-12-20T16:37:57.664+0000] {logging_mixin.py:188} INFO - [2025-12-20T16:37:57.663+0000] {dag.py:3820} INFO - Setting next_dagrun for example_dag to 2025-12-20T00:00:00+00:00, run_after=2025-12-21T00:00:00+00:00
[2025-12-20T16:37:57.674+0000] {processor.py:183} INFO - Processing /opt/airflow/dags/example_dag.py took 0.051 seconds
[2025-12-20T16:38:28.063+0000] {processor.py:161} INFO - Started process (PID=993) to work on /opt/airflow/dags/example_dag.py
[2025-12-20T16:38:28.064+0000] {processor.py:830} INFO - Processing file /opt/airflow/dags/example_dag.py for tasks to queue
[2025-12-20T16:38:28.065+0000] {logging_mixin.py:188} INFO - [2025-12-20T16:38:28.065+0000] {dagbag.py:538} INFO - Filling up the DagBag from /opt/airflow/dags/example_dag.py
[2025-12-20T16:38:28.072+0000] {processor.py:840} INFO - DAG(s) 'example_dag' retrieved from /opt/airflow/dags/example_dag.py
[2025-12-20T16:38:28.095+0000] {logging_mixin.py:188} INFO - [2025-12-20T16:38:28.095+0000] {dag.py:3033} INFO - Sync 1 DAGs
[2025-12-20T16:38:28.110+0000] {logging_mixin.py:188} INFO - [2025-12-20T16:38:28.110+0000] {dag.py:3820} INFO - Setting next_dagrun for example_dag to 2025-12-20T00:00:00+00:00, run_after=2025-12-21T00:00:00+00:00
[2025-12-20T16:38:28.123+0000] {processor.py:183} INFO - Processing /opt/airflow/dags/example_dag.py took 0.063 seconds
[2025-12-20T16:38:58.476+0000] {processor.py:161} INFO - Started process (PID=996) to work on /opt/airflow/dags/example_dag.py
[2025-12-20T16:38:58.477+0000] {processor.py:830} INFO - Processing file /opt/airflow/dags/example_dag.py for tasks to queue
[2025-12-20T16:38:58.478+0000] {logging_mixin.py:188} INFO - [2025-12-20T16:38:58.478+0000] {dagbag.py:538} INFO - Filling up the DagBag from /opt/airflow/dags/example_dag.py
[2025-12-20T16:38:58.487+0000] {processor.py:840} INFO - DAG(s) 'example_dag' retrieved from /opt/airflow/dags/example_dag.py
[2025-12-20T16:38:58.509+0000] {logging_mixin.py:188} INFO - [2025-12-20T16:38:58.509+0000] {dag.py:3033} INFO - Sync 1 DAGs
[2025-12-20T16:38:58.523+0000] {logging_mixin.py:188} INFO - [2025-12-20T16:38:58.523+0000] {dag.py:3820} INFO - Setting next_dagrun for example_dag to 2025-12-20T00:00:00+00:00, run_after=2025-12-21T00:00:00+00:00
[2025-12-20T16:38:58.535+0000] {processor.py:183} INFO - Processing /opt/airflow/dags/example_dag.py took 0.061 seconds
[2025-12-20T16:39:28.979+0000] {processor.py:161} INFO - Started process (PID=1006) to work on /opt/airflow/dags/example_dag.py
[2025-12-20T16:39:28.981+0000] {processor.py:830} INFO - Processing file /opt/airflow/dags/example_dag.py for tasks to queue
[2025-12-20T16:39:28.982+0000] {logging_mixin.py:188} INFO - [2025-12-20T16:39:28.981+0000] {dagbag.py:538} INFO - Filling up the DagBag from /opt/airflow/dags/example_dag.py
[2025-12-20T16:39:29.010+0000] {processor.py:840} INFO - DAG(s) 'example_dag' retrieved from /opt/airflow/dags/example_dag.py
[2025-12-20T16:39:29.038+0000] {logging_mixin.py:188} INFO - [2025-12-20T16:39:29.038+0000] {dag.py:3033} INFO - Sync 1 DAGs
[2025-12-20T16:39:29.053+0000] {logging_mixin.py:188} INFO - [2025-12-20T16:39:29.053+0000] {dag.py:3820} INFO - Setting next_dagrun for example_dag to 2025-12-20T00:00:00+00:00, run_after=2025-12-21T00:00:00+00:00
[2025-12-20T16:39:29.065+0000] {processor.py:183} INFO - Processing /opt/airflow/dags/example_dag.py took 0.092 seconds
[2025-12-20T16:39:59.466+0000] {processor.py:161} INFO - Started process (PID=1016) to work on /opt/airflow/dags/example_dag.py
[2025-12-20T16:39:59.467+0000] {processor.py:830} INFO - Processing file /opt/airflow/dags/example_dag.py for tasks to queue
[2025-12-20T16:39:59.467+0000] {logging_mixin.py:188} INFO - [2025-12-20T16:39:59.467+0000] {dagbag.py:538} INFO - Filling up the DagBag from /opt/airflow/dags/example_dag.py
[2025-12-20T16:39:59.474+0000] {processor.py:840} INFO - DAG(s) 'example_dag' retrieved from /opt/airflow/dags/example_dag.py
[2025-12-20T16:39:59.493+0000] {logging_mixin.py:188} INFO - [2025-12-20T16:39:59.493+0000] {dag.py:3033} INFO - Sync 1 DAGs
[2025-12-20T16:39:59.506+0000] {logging_mixin.py:188} INFO - [2025-12-20T16:39:59.506+0000] {dag.py:3820} INFO - Setting next_dagrun for example_dag to 2025-12-20T00:00:00+00:00, run_after=2025-12-21T00:00:00+00:00
[2025-12-20T16:39:59.517+0000] {processor.py:183} INFO - Processing /opt/airflow/dags/example_dag.py took 0.053 seconds
[2025-12-20T16:40:30.318+0000] {processor.py:161} INFO - Started process (PID=1026) to work on /opt/airflow/dags/example_dag.py
[2025-12-20T16:40:30.319+0000] {processor.py:830} INFO - Processing file /opt/airflow/dags/example_dag.py for tasks to queue
[2025-12-20T16:40:30.319+0000] {logging_mixin.py:188} INFO - [2025-12-20T16:40:30.319+0000] {dagbag.py:538} INFO - Filling up the DagBag from /opt/airflow/dags/example_dag.py
[2025-12-20T16:40:30.327+0000] {processor.py:840} INFO - DAG(s) 'example_dag' retrieved from /opt/airflow/dags/example_dag.py
[2025-12-20T16:40:30.348+0000] {logging_mixin.py:188} INFO - [2025-12-20T16:40:30.347+0000] {dag.py:3033} INFO - Sync 1 DAGs
[2025-12-20T16:40:30.362+0000] {logging_mixin.py:188} INFO - [2025-12-20T16:40:30.361+0000] {dag.py:3820} INFO - Setting next_dagrun for example_dag to 2025-12-20T00:00:00+00:00, run_after=2025-12-21T00:00:00+00:00
[2025-12-20T16:40:30.374+0000] {processor.py:183} INFO - Processing /opt/airflow/dags/example_dag.py took 0.060 seconds
[2025-12-20T16:41:00.724+0000] {processor.py:161} INFO - Started process (PID=1036) to work on /opt/airflow/dags/example_dag.py
[2025-12-20T16:41:00.724+0000] {processor.py:830} INFO - Processing file /opt/airflow/dags/example_dag.py for tasks to queue
[2025-12-20T16:41:00.725+0000] {logging_mixin.py:188} INFO - [2025-12-20T16:41:00.725+0000] {dagbag.py:538} INFO - Filling up the DagBag from /opt/airflow/dags/example_dag.py
[2025-12-20T16:41:00.734+0000] {processor.py:840} INFO - DAG(s) 'example_dag' retrieved from /opt/airflow/dags/example_dag.py
[2025-12-20T16:41:00.760+0000] {logging_mixin.py:188} INFO - [2025-12-20T16:41:00.760+0000] {dag.py:3033} INFO - Sync 1 DAGs
[2025-12-20T16:41:00.778+0000] {logging_mixin.py:188} INFO - [2025-12-20T16:41:00.778+0000] {dag.py:3820} INFO - Setting next_dagrun for example_dag to 2025-12-20T00:00:00+00:00, run_after=2025-12-21T00:00:00+00:00
[2025-12-20T16:41:00.789+0000] {processor.py:183} INFO - Processing /opt/airflow/dags/example_dag.py took 0.067 seconds
[2025-12-20T16:41:31.196+0000] {processor.py:161} INFO - Started process (PID=1046) to work on /opt/airflow/dags/example_dag.py
[2025-12-20T16:41:31.197+0000] {processor.py:830} INFO - Processing file /opt/airflow/dags/example_dag.py for tasks to queue
[2025-12-20T16:41:31.199+0000] {logging_mixin.py:188} INFO - [2025-12-20T16:41:31.198+0000] {dagbag.py:538} INFO - Filling up the DagBag from /opt/airflow/dags/example_dag.py
[2025-12-20T16:41:31.209+0000] {processor.py:840} INFO - DAG(s) 'example_dag' retrieved from /opt/airflow/dags/example_dag.py
[2025-12-20T16:41:31.236+0000] {logging_mixin.py:188} INFO - [2025-12-20T16:41:31.236+0000] {dag.py:3033} INFO - Sync 1 DAGs
[2025-12-20T16:41:31.252+0000] {logging_mixin.py:188} INFO - [2025-12-20T16:41:31.252+0000] {dag.py:3820} INFO - Setting next_dagrun for example_dag to 2025-12-20T00:00:00+00:00, run_after=2025-12-21T00:00:00+00:00
[2025-12-20T16:41:31.267+0000] {processor.py:183} INFO - Processing /opt/airflow/dags/example_dag.py took 0.074 seconds
[2025-12-20T16:42:01.675+0000] {processor.py:161} INFO - Started process (PID=1056) to work on /opt/airflow/dags/example_dag.py
[2025-12-20T16:42:01.676+0000] {processor.py:830} INFO - Processing file /opt/airflow/dags/example_dag.py for tasks to queue
[2025-12-20T16:42:01.677+0000] {logging_mixin.py:188} INFO - [2025-12-20T16:42:01.677+0000] {dagbag.py:538} INFO - Filling up the DagBag from /opt/airflow/dags/example_dag.py
[2025-12-20T16:42:01.688+0000] {processor.py:840} INFO - DAG(s) 'example_dag' retrieved from /opt/airflow/dags/example_dag.py
[2025-12-20T16:42:01.715+0000] {logging_mixin.py:188} INFO - [2025-12-20T16:42:01.715+0000] {dag.py:3033} INFO - Sync 1 DAGs
[2025-12-20T16:42:01.731+0000] {logging_mixin.py:188} INFO - [2025-12-20T16:42:01.730+0000] {dag.py:3820} INFO - Setting next_dagrun for example_dag to 2025-12-20T00:00:00+00:00, run_after=2025-12-21T00:00:00+00:00
[2025-12-20T16:42:01.744+0000] {processor.py:183} INFO - Processing /opt/airflow/dags/example_dag.py took 0.074 seconds
[2025-12-20T16:42:32.078+0000] {processor.py:161} INFO - Started process (PID=1068) to work on /opt/airflow/dags/example_dag.py
[2025-12-20T16:42:32.079+0000] {processor.py:830} INFO - Processing file /opt/airflow/dags/example_dag.py for tasks to queue
[2025-12-20T16:42:32.080+0000] {logging_mixin.py:188} INFO - [2025-12-20T16:42:32.080+0000] {dagbag.py:538} INFO - Filling up the DagBag from /opt/airflow/dags/example_dag.py
[2025-12-20T16:42:32.091+0000] {processor.py:840} INFO - DAG(s) 'example_dag' retrieved from /opt/airflow/dags/example_dag.py
[2025-12-20T16:42:32.109+0000] {logging_mixin.py:188} INFO - [2025-12-20T16:42:32.109+0000] {dag.py:3033} INFO - Sync 1 DAGs
[2025-12-20T16:42:32.123+0000] {logging_mixin.py:188} INFO - [2025-12-20T16:42:32.123+0000] {dag.py:3820} INFO - Setting next_dagrun for example_dag to 2025-12-20T00:00:00+00:00, run_after=2025-12-21T00:00:00+00:00
[2025-12-20T16:42:32.134+0000] {processor.py:183} INFO - Processing /opt/airflow/dags/example_dag.py took 0.059 seconds
[2025-12-20T16:43:02.691+0000] {processor.py:161} INFO - Started process (PID=1100) to work on /opt/airflow/dags/example_dag.py
[2025-12-20T16:43:02.692+0000] {processor.py:830} INFO - Processing file /opt/airflow/dags/example_dag.py for tasks to queue
[2025-12-20T16:43:02.693+0000] {logging_mixin.py:188} INFO - [2025-12-20T16:43:02.693+0000] {dagbag.py:538} INFO - Filling up the DagBag from /opt/airflow/dags/example_dag.py
[2025-12-20T16:43:02.706+0000] {processor.py:840} INFO - DAG(s) 'example_dag' retrieved from /opt/airflow/dags/example_dag.py
[2025-12-20T16:43:02.736+0000] {logging_mixin.py:188} INFO - [2025-12-20T16:43:02.736+0000] {dag.py:3033} INFO - Sync 1 DAGs
[2025-12-20T16:43:02.757+0000] {logging_mixin.py:188} INFO - [2025-12-20T16:43:02.757+0000] {dag.py:3820} INFO - Setting next_dagrun for example_dag to 2025-12-20T00:00:00+00:00, run_after=2025-12-21T00:00:00+00:00
[2025-12-20T16:43:02.773+0000] {processor.py:183} INFO - Processing /opt/airflow/dags/example_dag.py took 0.088 seconds
[2025-12-20T16:43:33.108+0000] {processor.py:161} INFO - Started process (PID=1110) to work on /opt/airflow/dags/example_dag.py
[2025-12-20T16:43:33.110+0000] {processor.py:830} INFO - Processing file /opt/airflow/dags/example_dag.py for tasks to queue
[2025-12-20T16:43:33.111+0000] {logging_mixin.py:188} INFO - [2025-12-20T16:43:33.111+0000] {dagbag.py:538} INFO - Filling up the DagBag from /opt/airflow/dags/example_dag.py
[2025-12-20T16:43:33.124+0000] {processor.py:840} INFO - DAG(s) 'example_dag' retrieved from /opt/airflow/dags/example_dag.py
[2025-12-20T16:43:33.159+0000] {logging_mixin.py:188} INFO - [2025-12-20T16:43:33.159+0000] {dag.py:3033} INFO - Sync 1 DAGs
[2025-12-20T16:43:33.176+0000] {logging_mixin.py:188} INFO - [2025-12-20T16:43:33.176+0000] {dag.py:3820} INFO - Setting next_dagrun for example_dag to 2025-12-20T00:00:00+00:00, run_after=2025-12-21T00:00:00+00:00
[2025-12-20T16:43:33.187+0000] {processor.py:183} INFO - Processing /opt/airflow/dags/example_dag.py took 0.083 seconds
[2025-12-20T16:44:03.521+0000] {processor.py:161} INFO - Started process (PID=1120) to work on /opt/airflow/dags/example_dag.py
[2025-12-20T16:44:03.522+0000] {processor.py:830} INFO - Processing file /opt/airflow/dags/example_dag.py for tasks to queue
[2025-12-20T16:44:03.522+0000] {logging_mixin.py:188} INFO - [2025-12-20T16:44:03.522+0000] {dagbag.py:538} INFO - Filling up the DagBag from /opt/airflow/dags/example_dag.py
[2025-12-20T16:44:03.528+0000] {processor.py:840} INFO - DAG(s) 'example_dag' retrieved from /opt/airflow/dags/example_dag.py
[2025-12-20T16:44:03.544+0000] {logging_mixin.py:188} INFO - [2025-12-20T16:44:03.544+0000] {dag.py:3033} INFO - Sync 1 DAGs
[2025-12-20T16:44:03.556+0000] {logging_mixin.py:188} INFO - [2025-12-20T16:44:03.556+0000] {dag.py:3820} INFO - Setting next_dagrun for example_dag to 2025-12-20T00:00:00+00:00, run_after=2025-12-21T00:00:00+00:00
[2025-12-20T16:44:03.565+0000] {processor.py:183} INFO - Processing /opt/airflow/dags/example_dag.py took 0.047 seconds
[2025-12-20T16:44:34.012+0000] {processor.py:161} INFO - Started process (PID=1130) to work on /opt/airflow/dags/example_dag.py
[2025-12-20T16:44:34.013+0000] {processor.py:830} INFO - Processing file /opt/airflow/dags/example_dag.py for tasks to queue
[2025-12-20T16:44:34.013+0000] {logging_mixin.py:188} INFO - [2025-12-20T16:44:34.013+0000] {dagbag.py:538} INFO - Filling up the DagBag from /opt/airflow/dags/example_dag.py
[2025-12-20T16:44:34.019+0000] {processor.py:840} INFO - DAG(s) 'example_dag' retrieved from /opt/airflow/dags/example_dag.py
[2025-12-20T16:44:34.040+0000] {logging_mixin.py:188} INFO - [2025-12-20T16:44:34.040+0000] {dag.py:3033} INFO - Sync 1 DAGs
[2025-12-20T16:44:34.053+0000] {logging_mixin.py:188} INFO - [2025-12-20T16:44:34.053+0000] {dag.py:3820} INFO - Setting next_dagrun for example_dag to 2025-12-20T00:00:00+00:00, run_after=2025-12-21T00:00:00+00:00
[2025-12-20T16:44:34.063+0000] {processor.py:183} INFO - Processing /opt/airflow/dags/example_dag.py took 0.053 seconds
[2025-12-20T16:45:04.424+0000] {processor.py:161} INFO - Started process (PID=1140) to work on /opt/airflow/dags/example_dag.py
[2025-12-20T16:45:04.425+0000] {processor.py:830} INFO - Processing file /opt/airflow/dags/example_dag.py for tasks to queue
[2025-12-20T16:45:04.425+0000] {logging_mixin.py:188} INFO - [2025-12-20T16:45:04.425+0000] {dagbag.py:538} INFO - Filling up the DagBag from /opt/airflow/dags/example_dag.py
[2025-12-20T16:45:04.432+0000] {processor.py:840} INFO - DAG(s) 'example_dag' retrieved from /opt/airflow/dags/example_dag.py
[2025-12-20T16:45:04.450+0000] {logging_mixin.py:188} INFO - [2025-12-20T16:45:04.450+0000] {dag.py:3033} INFO - Sync 1 DAGs
[2025-12-20T16:45:04.463+0000] {logging_mixin.py:188} INFO - [2025-12-20T16:45:04.463+0000] {dag.py:3820} INFO - Setting next_dagrun for example_dag to 2025-12-20T00:00:00+00:00, run_after=2025-12-21T00:00:00+00:00
[2025-12-20T16:45:04.474+0000] {processor.py:183} INFO - Processing /opt/airflow/dags/example_dag.py took 0.052 seconds
[2025-12-20T16:45:34.983+0000] {processor.py:161} INFO - Started process (PID=1150) to work on /opt/airflow/dags/example_dag.py
[2025-12-20T16:45:34.983+0000] {processor.py:830} INFO - Processing file /opt/airflow/dags/example_dag.py for tasks to queue
[2025-12-20T16:45:34.984+0000] {logging_mixin.py:188} INFO - [2025-12-20T16:45:34.984+0000] {dagbag.py:538} INFO - Filling up the DagBag from /opt/airflow/dags/example_dag.py
[2025-12-20T16:45:34.992+0000] {processor.py:840} INFO - DAG(s) 'example_dag' retrieved from /opt/airflow/dags/example_dag.py
[2025-12-20T16:45:35.015+0000] {logging_mixin.py:188} INFO - [2025-12-20T16:45:35.015+0000] {dag.py:3033} INFO - Sync 1 DAGs
[2025-12-20T16:45:35.030+0000] {logging_mixin.py:188} INFO - [2025-12-20T16:45:35.030+0000] {dag.py:3820} INFO - Setting next_dagrun for example_dag to 2025-12-20T00:00:00+00:00, run_after=2025-12-21T00:00:00+00:00
[2025-12-20T16:45:35.043+0000] {processor.py:183} INFO - Processing /opt/airflow/dags/example_dag.py took 0.063 seconds
[2025-12-20T16:46:05.370+0000] {processor.py:161} INFO - Started process (PID=1160) to work on /opt/airflow/dags/example_dag.py
[2025-12-20T16:46:05.375+0000] {processor.py:830} INFO - Processing file /opt/airflow/dags/example_dag.py for tasks to queue
[2025-12-20T16:46:05.380+0000] {logging_mixin.py:188} INFO - [2025-12-20T16:46:05.379+0000] {dagbag.py:538} INFO - Filling up the DagBag from /opt/airflow/dags/example_dag.py
[2025-12-20T16:46:05.434+0000] {processor.py:840} INFO - DAG(s) 'example_dag' retrieved from /opt/airflow/dags/example_dag.py
[2025-12-20T16:46:05.519+0000] {logging_mixin.py:188} INFO - [2025-12-20T16:46:05.519+0000] {dag.py:3033} INFO - Sync 1 DAGs
[2025-12-20T16:46:05.563+0000] {logging_mixin.py:188} INFO - [2025-12-20T16:46:05.563+0000] {dag.py:3820} INFO - Setting next_dagrun for example_dag to 2025-12-20T00:00:00+00:00, run_after=2025-12-21T00:00:00+00:00
[2025-12-20T16:46:05.582+0000] {processor.py:183} INFO - Processing /opt/airflow/dags/example_dag.py took 0.227 seconds
[2025-12-20T16:46:35.681+0000] {processor.py:161} INFO - Started process (PID=1170) to work on /opt/airflow/dags/example_dag.py
[2025-12-20T16:46:35.682+0000] {processor.py:830} INFO - Processing file /opt/airflow/dags/example_dag.py for tasks to queue
[2025-12-20T16:46:35.683+0000] {logging_mixin.py:188} INFO - [2025-12-20T16:46:35.683+0000] {dagbag.py:538} INFO - Filling up the DagBag from /opt/airflow/dags/example_dag.py
[2025-12-20T16:46:35.717+0000] {processor.py:840} INFO - DAG(s) 'example_dag' retrieved from /opt/airflow/dags/example_dag.py
[2025-12-20T16:46:35.766+0000] {logging_mixin.py:188} INFO - [2025-12-20T16:46:35.766+0000] {dag.py:3033} INFO - Sync 1 DAGs
[2025-12-20T16:46:35.793+0000] {logging_mixin.py:188} INFO - [2025-12-20T16:46:35.793+0000] {dag.py:3820} INFO - Setting next_dagrun for example_dag to 2025-12-20T00:00:00+00:00, run_after=2025-12-21T00:00:00+00:00
[2025-12-20T16:46:35.808+0000] {processor.py:183} INFO - Processing /opt/airflow/dags/example_dag.py took 0.136 seconds
[2025-12-20T16:47:06.103+0000] {processor.py:161} INFO - Started process (PID=1192) to work on /opt/airflow/dags/example_dag.py
[2025-12-20T16:47:06.106+0000] {processor.py:830} INFO - Processing file /opt/airflow/dags/example_dag.py for tasks to queue
[2025-12-20T16:47:06.108+0000] {logging_mixin.py:188} INFO - [2025-12-20T16:47:06.107+0000] {dagbag.py:538} INFO - Filling up the DagBag from /opt/airflow/dags/example_dag.py
[2025-12-20T16:47:06.139+0000] {processor.py:840} INFO - DAG(s) 'example_dag' retrieved from /opt/airflow/dags/example_dag.py
[2025-12-20T16:47:06.195+0000] {logging_mixin.py:188} INFO - [2025-12-20T16:47:06.194+0000] {dag.py:3033} INFO - Sync 1 DAGs
[2025-12-20T16:47:06.228+0000] {logging_mixin.py:188} INFO - [2025-12-20T16:47:06.228+0000] {dag.py:3820} INFO - Setting next_dagrun for example_dag to 2025-12-20T00:00:00+00:00, run_after=2025-12-21T00:00:00+00:00
[2025-12-20T16:47:06.247+0000] {processor.py:183} INFO - Processing /opt/airflow/dags/example_dag.py took 0.153 seconds
[2025-12-20T16:47:36.395+0000] {processor.py:161} INFO - Started process (PID=1214) to work on /opt/airflow/dags/example_dag.py
[2025-12-20T16:47:36.397+0000] {processor.py:830} INFO - Processing file /opt/airflow/dags/example_dag.py for tasks to queue
[2025-12-20T16:47:36.400+0000] {logging_mixin.py:188} INFO - [2025-12-20T16:47:36.399+0000] {dagbag.py:538} INFO - Filling up the DagBag from /opt/airflow/dags/example_dag.py
[2025-12-20T16:47:36.422+0000] {processor.py:840} INFO - DAG(s) 'example_dag' retrieved from /opt/airflow/dags/example_dag.py
[2025-12-20T16:47:36.460+0000] {logging_mixin.py:188} INFO - [2025-12-20T16:47:36.460+0000] {dag.py:3033} INFO - Sync 1 DAGs
[2025-12-20T16:47:36.480+0000] {logging_mixin.py:188} INFO - [2025-12-20T16:47:36.480+0000] {dag.py:3820} INFO - Setting next_dagrun for example_dag to 2025-12-20T00:00:00+00:00, run_after=2025-12-21T00:00:00+00:00
[2025-12-20T16:47:36.495+0000] {processor.py:183} INFO - Processing /opt/airflow/dags/example_dag.py took 0.105 seconds
[2025-12-20T16:48:06.928+0000] {processor.py:161} INFO - Started process (PID=1236) to work on /opt/airflow/dags/example_dag.py
[2025-12-20T16:48:06.930+0000] {processor.py:830} INFO - Processing file /opt/airflow/dags/example_dag.py for tasks to queue
[2025-12-20T16:48:06.931+0000] {logging_mixin.py:188} INFO - [2025-12-20T16:48:06.931+0000] {dagbag.py:538} INFO - Filling up the DagBag from /opt/airflow/dags/example_dag.py
[2025-12-20T16:48:06.968+0000] {processor.py:840} INFO - DAG(s) 'example_dag' retrieved from /opt/airflow/dags/example_dag.py
[2025-12-20T16:48:07.030+0000] {logging_mixin.py:188} INFO - [2025-12-20T16:48:07.030+0000] {dag.py:3033} INFO - Sync 1 DAGs
[2025-12-20T16:48:07.058+0000] {logging_mixin.py:188} INFO - [2025-12-20T16:48:07.058+0000] {dag.py:3820} INFO - Setting next_dagrun for example_dag to 2025-12-20T00:00:00+00:00, run_after=2025-12-21T00:00:00+00:00
[2025-12-20T16:48:07.091+0000] {processor.py:183} INFO - Processing /opt/airflow/dags/example_dag.py took 0.175 seconds
[2025-12-20T16:48:37.797+0000] {processor.py:161} INFO - Started process (PID=1250) to work on /opt/airflow/dags/example_dag.py
[2025-12-20T16:48:37.798+0000] {processor.py:830} INFO - Processing file /opt/airflow/dags/example_dag.py for tasks to queue
[2025-12-20T16:48:37.799+0000] {logging_mixin.py:188} INFO - [2025-12-20T16:48:37.799+0000] {dagbag.py:538} INFO - Filling up the DagBag from /opt/airflow/dags/example_dag.py
[2025-12-20T16:48:37.813+0000] {processor.py:840} INFO - DAG(s) 'example_dag' retrieved from /opt/airflow/dags/example_dag.py
[2025-12-20T16:48:37.843+0000] {logging_mixin.py:188} INFO - [2025-12-20T16:48:37.843+0000] {dag.py:3033} INFO - Sync 1 DAGs
[2025-12-20T16:48:37.857+0000] {logging_mixin.py:188} INFO - [2025-12-20T16:48:37.857+0000] {dag.py:3820} INFO - Setting next_dagrun for example_dag to 2025-12-20T00:00:00+00:00, run_after=2025-12-21T00:00:00+00:00
[2025-12-20T16:48:37.867+0000] {processor.py:183} INFO - Processing /opt/airflow/dags/example_dag.py took 0.074 seconds
[2025-12-20T16:49:08.251+0000] {processor.py:161} INFO - Started process (PID=1260) to work on /opt/airflow/dags/example_dag.py
[2025-12-20T16:49:08.253+0000] {processor.py:830} INFO - Processing file /opt/airflow/dags/example_dag.py for tasks to queue
[2025-12-20T16:49:08.254+0000] {logging_mixin.py:188} INFO - [2025-12-20T16:49:08.254+0000] {dagbag.py:538} INFO - Filling up the DagBag from /opt/airflow/dags/example_dag.py
[2025-12-20T16:49:08.279+0000] {processor.py:840} INFO - DAG(s) 'example_dag' retrieved from /opt/airflow/dags/example_dag.py
[2025-12-20T16:49:08.332+0000] {logging_mixin.py:188} INFO - [2025-12-20T16:49:08.332+0000] {dag.py:3033} INFO - Sync 1 DAGs
[2025-12-20T16:49:08.367+0000] {logging_mixin.py:188} INFO - [2025-12-20T16:49:08.367+0000] {dag.py:3820} INFO - Setting next_dagrun for example_dag to 2025-12-20T00:00:00+00:00, run_after=2025-12-21T00:00:00+00:00
[2025-12-20T16:49:08.389+0000] {processor.py:183} INFO - Processing /opt/airflow/dags/example_dag.py took 0.158 seconds
[2025-12-20T16:49:38.618+0000] {processor.py:161} INFO - Started process (PID=1270) to work on /opt/airflow/dags/example_dag.py
[2025-12-20T16:49:38.619+0000] {processor.py:830} INFO - Processing file /opt/airflow/dags/example_dag.py for tasks to queue
[2025-12-20T16:49:38.620+0000] {logging_mixin.py:188} INFO - [2025-12-20T16:49:38.620+0000] {dagbag.py:538} INFO - Filling up the DagBag from /opt/airflow/dags/example_dag.py
[2025-12-20T16:49:38.645+0000] {processor.py:840} INFO - DAG(s) 'example_dag' retrieved from /opt/airflow/dags/example_dag.py
[2025-12-20T16:49:38.687+0000] {logging_mixin.py:188} INFO - [2025-12-20T16:49:38.687+0000] {dag.py:3033} INFO - Sync 1 DAGs
[2025-12-20T16:49:38.716+0000] {logging_mixin.py:188} INFO - [2025-12-20T16:49:38.716+0000] {dag.py:3820} INFO - Setting next_dagrun for example_dag to 2025-12-20T00:00:00+00:00, run_after=2025-12-21T00:00:00+00:00
[2025-12-20T16:49:38.738+0000] {processor.py:183} INFO - Processing /opt/airflow/dags/example_dag.py took 0.128 seconds
[2025-12-20T16:50:09.057+0000] {processor.py:161} INFO - Started process (PID=1280) to work on /opt/airflow/dags/example_dag.py
[2025-12-20T16:50:09.059+0000] {processor.py:830} INFO - Processing file /opt/airflow/dags/example_dag.py for tasks to queue
[2025-12-20T16:50:09.060+0000] {logging_mixin.py:188} INFO - [2025-12-20T16:50:09.060+0000] {dagbag.py:538} INFO - Filling up the DagBag from /opt/airflow/dags/example_dag.py
[2025-12-20T16:50:09.093+0000] {processor.py:840} INFO - DAG(s) 'example_dag' retrieved from /opt/airflow/dags/example_dag.py
[2025-12-20T16:50:09.151+0000] {logging_mixin.py:188} INFO - [2025-12-20T16:50:09.151+0000] {dag.py:3033} INFO - Sync 1 DAGs
[2025-12-20T16:50:09.179+0000] {logging_mixin.py:188} INFO - [2025-12-20T16:50:09.179+0000] {dag.py:3820} INFO - Setting next_dagrun for example_dag to 2025-12-20T00:00:00+00:00, run_after=2025-12-21T00:00:00+00:00
[2025-12-20T16:50:09.202+0000] {processor.py:183} INFO - Processing /opt/airflow/dags/example_dag.py took 0.157 seconds
[2025-12-20T16:50:39.539+0000] {processor.py:161} INFO - Started process (PID=1290) to work on /opt/airflow/dags/example_dag.py
[2025-12-20T16:50:39.541+0000] {processor.py:830} INFO - Processing file /opt/airflow/dags/example_dag.py for tasks to queue
[2025-12-20T16:50:39.542+0000] {logging_mixin.py:188} INFO - [2025-12-20T16:50:39.541+0000] {dagbag.py:538} INFO - Filling up the DagBag from /opt/airflow/dags/example_dag.py
[2025-12-20T16:50:39.563+0000] {processor.py:840} INFO - DAG(s) 'example_dag' retrieved from /opt/airflow/dags/example_dag.py
[2025-12-20T16:50:39.611+0000] {logging_mixin.py:188} INFO - [2025-12-20T16:50:39.611+0000] {dag.py:3033} INFO - Sync 1 DAGs
[2025-12-20T16:50:39.639+0000] {logging_mixin.py:188} INFO - [2025-12-20T16:50:39.639+0000] {dag.py:3820} INFO - Setting next_dagrun for example_dag to 2025-12-20T00:00:00+00:00, run_after=2025-12-21T00:00:00+00:00
[2025-12-20T16:50:39.654+0000] {processor.py:183} INFO - Processing /opt/airflow/dags/example_dag.py took 0.122 seconds
[2025-12-20T16:51:09.980+0000] {processor.py:161} INFO - Started process (PID=1300) to work on /opt/airflow/dags/example_dag.py
[2025-12-20T16:51:09.981+0000] {processor.py:830} INFO - Processing file /opt/airflow/dags/example_dag.py for tasks to queue
[2025-12-20T16:51:09.982+0000] {logging_mixin.py:188} INFO - [2025-12-20T16:51:09.982+0000] {dagbag.py:538} INFO - Filling up the DagBag from /opt/airflow/dags/example_dag.py
[2025-12-20T16:51:10.011+0000] {processor.py:840} INFO - DAG(s) 'example_dag' retrieved from /opt/airflow/dags/example_dag.py
[2025-12-20T16:51:10.068+0000] {logging_mixin.py:188} INFO - [2025-12-20T16:51:10.068+0000] {dag.py:3033} INFO - Sync 1 DAGs
[2025-12-20T16:51:10.106+0000] {logging_mixin.py:188} INFO - [2025-12-20T16:51:10.106+0000] {dag.py:3820} INFO - Setting next_dagrun for example_dag to 2025-12-20T00:00:00+00:00, run_after=2025-12-21T00:00:00+00:00
[2025-12-20T16:51:10.126+0000] {processor.py:183} INFO - Processing /opt/airflow/dags/example_dag.py took 0.158 seconds
[2025-12-20T16:51:40.634+0000] {processor.py:161} INFO - Started process (PID=1310) to work on /opt/airflow/dags/example_dag.py
[2025-12-20T16:51:40.635+0000] {processor.py:830} INFO - Processing file /opt/airflow/dags/example_dag.py for tasks to queue
[2025-12-20T16:51:40.636+0000] {logging_mixin.py:188} INFO - [2025-12-20T16:51:40.635+0000] {dagbag.py:538} INFO - Filling up the DagBag from /opt/airflow/dags/example_dag.py
[2025-12-20T16:51:40.652+0000] {processor.py:840} INFO - DAG(s) 'example_dag' retrieved from /opt/airflow/dags/example_dag.py
[2025-12-20T16:51:40.694+0000] {logging_mixin.py:188} INFO - [2025-12-20T16:51:40.694+0000] {dag.py:3033} INFO - Sync 1 DAGs
[2025-12-20T16:51:40.715+0000] {logging_mixin.py:188} INFO - [2025-12-20T16:51:40.715+0000] {dag.py:3820} INFO - Setting next_dagrun for example_dag to 2025-12-20T00:00:00+00:00, run_after=2025-12-21T00:00:00+00:00
[2025-12-20T16:51:40.731+0000] {processor.py:183} INFO - Processing /opt/airflow/dags/example_dag.py took 0.103 seconds
[2025-12-20T16:52:11.042+0000] {processor.py:161} INFO - Started process (PID=1332) to work on /opt/airflow/dags/example_dag.py
[2025-12-20T16:52:11.043+0000] {processor.py:830} INFO - Processing file /opt/airflow/dags/example_dag.py for tasks to queue
[2025-12-20T16:52:11.048+0000] {logging_mixin.py:188} INFO - [2025-12-20T16:52:11.046+0000] {dagbag.py:538} INFO - Filling up the DagBag from /opt/airflow/dags/example_dag.py
[2025-12-20T16:52:11.082+0000] {processor.py:840} INFO - DAG(s) 'example_dag' retrieved from /opt/airflow/dags/example_dag.py
[2025-12-20T16:52:11.136+0000] {logging_mixin.py:188} INFO - [2025-12-20T16:52:11.136+0000] {dag.py:3033} INFO - Sync 1 DAGs
[2025-12-20T16:52:11.164+0000] {logging_mixin.py:188} INFO - [2025-12-20T16:52:11.164+0000] {dag.py:3820} INFO - Setting next_dagrun for example_dag to 2025-12-20T00:00:00+00:00, run_after=2025-12-21T00:00:00+00:00
[2025-12-20T16:52:11.187+0000] {processor.py:183} INFO - Processing /opt/airflow/dags/example_dag.py took 0.151 seconds
[2025-12-20T16:52:41.453+0000] {processor.py:161} INFO - Started process (PID=1342) to work on /opt/airflow/dags/example_dag.py
[2025-12-20T16:52:41.454+0000] {processor.py:830} INFO - Processing file /opt/airflow/dags/example_dag.py for tasks to queue
[2025-12-20T16:52:41.455+0000] {logging_mixin.py:188} INFO - [2025-12-20T16:52:41.455+0000] {dagbag.py:538} INFO - Filling up the DagBag from /opt/airflow/dags/example_dag.py
[2025-12-20T16:52:41.480+0000] {processor.py:840} INFO - DAG(s) 'example_dag' retrieved from /opt/airflow/dags/example_dag.py
[2025-12-20T16:52:41.516+0000] {logging_mixin.py:188} INFO - [2025-12-20T16:52:41.516+0000] {dag.py:3033} INFO - Sync 1 DAGs
[2025-12-20T16:52:41.544+0000] {logging_mixin.py:188} INFO - [2025-12-20T16:52:41.544+0000] {dag.py:3820} INFO - Setting next_dagrun for example_dag to 2025-12-20T00:00:00+00:00, run_after=2025-12-21T00:00:00+00:00
[2025-12-20T16:52:41.565+0000] {processor.py:183} INFO - Processing /opt/airflow/dags/example_dag.py took 0.117 seconds
[2025-12-20T16:53:11.840+0000] {processor.py:161} INFO - Started process (PID=1352) to work on /opt/airflow/dags/example_dag.py
[2025-12-20T16:53:11.841+0000] {processor.py:830} INFO - Processing file /opt/airflow/dags/example_dag.py for tasks to queue
[2025-12-20T16:53:11.843+0000] {logging_mixin.py:188} INFO - [2025-12-20T16:53:11.842+0000] {dagbag.py:538} INFO - Filling up the DagBag from /opt/airflow/dags/example_dag.py
[2025-12-20T16:53:11.870+0000] {processor.py:840} INFO - DAG(s) 'example_dag' retrieved from /opt/airflow/dags/example_dag.py
[2025-12-20T16:53:11.921+0000] {logging_mixin.py:188} INFO - [2025-12-20T16:53:11.921+0000] {dag.py:3033} INFO - Sync 1 DAGs
[2025-12-20T16:53:11.951+0000] {logging_mixin.py:188} INFO - [2025-12-20T16:53:11.951+0000] {dag.py:3820} INFO - Setting next_dagrun for example_dag to 2025-12-20T00:00:00+00:00, run_after=2025-12-21T00:00:00+00:00
[2025-12-20T16:53:11.970+0000] {processor.py:183} INFO - Processing /opt/airflow/dags/example_dag.py took 0.133 seconds
[2025-12-20T16:53:42.223+0000] {processor.py:161} INFO - Started process (PID=1362) to work on /opt/airflow/dags/example_dag.py
[2025-12-20T16:53:42.224+0000] {processor.py:830} INFO - Processing file /opt/airflow/dags/example_dag.py for tasks to queue
[2025-12-20T16:53:42.225+0000] {logging_mixin.py:188} INFO - [2025-12-20T16:53:42.224+0000] {dagbag.py:538} INFO - Filling up the DagBag from /opt/airflow/dags/example_dag.py
[2025-12-20T16:53:42.235+0000] {processor.py:840} INFO - DAG(s) 'example_dag' retrieved from /opt/airflow/dags/example_dag.py
[2025-12-20T16:53:42.264+0000] {logging_mixin.py:188} INFO - [2025-12-20T16:53:42.264+0000] {dag.py:3033} INFO - Sync 1 DAGs
[2025-12-20T16:53:42.279+0000] {logging_mixin.py:188} INFO - [2025-12-20T16:53:42.279+0000] {dag.py:3820} INFO - Setting next_dagrun for example_dag to 2025-12-20T00:00:00+00:00, run_after=2025-12-21T00:00:00+00:00
[2025-12-20T16:53:42.290+0000] {processor.py:183} INFO - Processing /opt/airflow/dags/example_dag.py took 0.070 seconds
[2025-12-20T16:54:12.596+0000] {processor.py:161} INFO - Started process (PID=1372) to work on /opt/airflow/dags/example_dag.py
[2025-12-20T16:54:12.596+0000] {processor.py:830} INFO - Processing file /opt/airflow/dags/example_dag.py for tasks to queue
[2025-12-20T16:54:12.597+0000] {logging_mixin.py:188} INFO - [2025-12-20T16:54:12.597+0000] {dagbag.py:538} INFO - Filling up the DagBag from /opt/airflow/dags/example_dag.py
[2025-12-20T16:54:12.605+0000] {processor.py:840} INFO - DAG(s) 'example_dag' retrieved from /opt/airflow/dags/example_dag.py
[2025-12-20T16:54:12.628+0000] {logging_mixin.py:188} INFO - [2025-12-20T16:54:12.627+0000] {dag.py:3033} INFO - Sync 1 DAGs
[2025-12-20T16:54:12.646+0000] {logging_mixin.py:188} INFO - [2025-12-20T16:54:12.646+0000] {dag.py:3820} INFO - Setting next_dagrun for example_dag to 2025-12-20T00:00:00+00:00, run_after=2025-12-21T00:00:00+00:00
[2025-12-20T16:54:12.659+0000] {processor.py:183} INFO - Processing /opt/airflow/dags/example_dag.py took 0.068 seconds
[2025-12-20T16:54:42.981+0000] {processor.py:161} INFO - Started process (PID=1381) to work on /opt/airflow/dags/example_dag.py
[2025-12-20T16:54:42.982+0000] {processor.py:830} INFO - Processing file /opt/airflow/dags/example_dag.py for tasks to queue
[2025-12-20T16:54:42.983+0000] {logging_mixin.py:188} INFO - [2025-12-20T16:54:42.983+0000] {dagbag.py:538} INFO - Filling up the DagBag from /opt/airflow/dags/example_dag.py
[2025-12-20T16:54:43.013+0000] {processor.py:840} INFO - DAG(s) 'example_dag' retrieved from /opt/airflow/dags/example_dag.py
[2025-12-20T16:54:43.067+0000] {logging_mixin.py:188} INFO - [2025-12-20T16:54:43.067+0000] {dag.py:3033} INFO - Sync 1 DAGs
[2025-12-20T16:54:43.092+0000] {logging_mixin.py:188} INFO - [2025-12-20T16:54:43.092+0000] {dag.py:3820} INFO - Setting next_dagrun for example_dag to 2025-12-20T00:00:00+00:00, run_after=2025-12-21T00:00:00+00:00
[2025-12-20T16:54:43.116+0000] {processor.py:183} INFO - Processing /opt/airflow/dags/example_dag.py took 0.144 seconds
[2025-12-20T16:55:13.433+0000] {processor.py:161} INFO - Started process (PID=1385) to work on /opt/airflow/dags/example_dag.py
[2025-12-20T16:55:13.434+0000] {processor.py:830} INFO - Processing file /opt/airflow/dags/example_dag.py for tasks to queue
[2025-12-20T16:55:13.435+0000] {logging_mixin.py:188} INFO - [2025-12-20T16:55:13.434+0000] {dagbag.py:538} INFO - Filling up the DagBag from /opt/airflow/dags/example_dag.py
[2025-12-20T16:55:13.457+0000] {processor.py:840} INFO - DAG(s) 'example_dag' retrieved from /opt/airflow/dags/example_dag.py
[2025-12-20T16:55:13.500+0000] {logging_mixin.py:188} INFO - [2025-12-20T16:55:13.500+0000] {dag.py:3033} INFO - Sync 1 DAGs
[2025-12-20T16:55:13.533+0000] {logging_mixin.py:188} INFO - [2025-12-20T16:55:13.533+0000] {dag.py:3820} INFO - Setting next_dagrun for example_dag to 2025-12-20T00:00:00+00:00, run_after=2025-12-21T00:00:00+00:00
[2025-12-20T16:55:13.548+0000] {processor.py:183} INFO - Processing /opt/airflow/dags/example_dag.py took 0.124 seconds
[2025-12-20T16:55:43.823+0000] {processor.py:161} INFO - Started process (PID=1395) to work on /opt/airflow/dags/example_dag.py
[2025-12-20T16:55:43.825+0000] {processor.py:830} INFO - Processing file /opt/airflow/dags/example_dag.py for tasks to queue
[2025-12-20T16:55:43.826+0000] {logging_mixin.py:188} INFO - [2025-12-20T16:55:43.825+0000] {dagbag.py:538} INFO - Filling up the DagBag from /opt/airflow/dags/example_dag.py
[2025-12-20T16:55:43.854+0000] {processor.py:840} INFO - DAG(s) 'example_dag' retrieved from /opt/airflow/dags/example_dag.py
[2025-12-20T16:55:43.900+0000] {logging_mixin.py:188} INFO - [2025-12-20T16:55:43.900+0000] {dag.py:3033} INFO - Sync 1 DAGs
[2025-12-20T16:55:43.924+0000] {logging_mixin.py:188} INFO - [2025-12-20T16:55:43.924+0000] {dag.py:3820} INFO - Setting next_dagrun for example_dag to 2025-12-20T00:00:00+00:00, run_after=2025-12-21T00:00:00+00:00
[2025-12-20T16:55:43.942+0000] {processor.py:183} INFO - Processing /opt/airflow/dags/example_dag.py took 0.134 seconds
[2025-12-20T16:56:14.364+0000] {processor.py:161} INFO - Started process (PID=1405) to work on /opt/airflow/dags/example_dag.py
[2025-12-20T16:56:14.366+0000] {processor.py:830} INFO - Processing file /opt/airflow/dags/example_dag.py for tasks to queue
[2025-12-20T16:56:14.367+0000] {logging_mixin.py:188} INFO - [2025-12-20T16:56:14.366+0000] {dagbag.py:538} INFO - Filling up the DagBag from /opt/airflow/dags/example_dag.py
[2025-12-20T16:56:14.390+0000] {processor.py:840} INFO - DAG(s) 'example_dag' retrieved from /opt/airflow/dags/example_dag.py
[2025-12-20T16:56:14.433+0000] {logging_mixin.py:188} INFO - [2025-12-20T16:56:14.433+0000] {dag.py:3033} INFO - Sync 1 DAGs
[2025-12-20T16:56:14.457+0000] {logging_mixin.py:188} INFO - [2025-12-20T16:56:14.457+0000] {dag.py:3820} INFO - Setting next_dagrun for example_dag to 2025-12-20T00:00:00+00:00, run_after=2025-12-21T00:00:00+00:00
[2025-12-20T16:56:14.471+0000] {processor.py:183} INFO - Processing /opt/airflow/dags/example_dag.py took 0.120 seconds
[2025-12-20T16:56:44.973+0000] {processor.py:161} INFO - Started process (PID=1415) to work on /opt/airflow/dags/example_dag.py
[2025-12-20T16:56:44.978+0000] {processor.py:830} INFO - Processing file /opt/airflow/dags/example_dag.py for tasks to queue
[2025-12-20T16:56:44.980+0000] {logging_mixin.py:188} INFO - [2025-12-20T16:56:44.979+0000] {dagbag.py:538} INFO - Filling up the DagBag from /opt/airflow/dags/example_dag.py
[2025-12-20T16:56:45.021+0000] {processor.py:840} INFO - DAG(s) 'example_dag' retrieved from /opt/airflow/dags/example_dag.py
[2025-12-20T16:56:45.125+0000] {logging_mixin.py:188} INFO - [2025-12-20T16:56:45.125+0000] {dag.py:3033} INFO - Sync 1 DAGs
[2025-12-20T16:56:45.156+0000] {logging_mixin.py:188} INFO - [2025-12-20T16:56:45.156+0000] {dag.py:3820} INFO - Setting next_dagrun for example_dag to 2025-12-20T00:00:00+00:00, run_after=2025-12-21T00:00:00+00:00
[2025-12-20T16:56:45.183+0000] {processor.py:183} INFO - Processing /opt/airflow/dags/example_dag.py took 0.237 seconds
[2025-12-20T16:57:15.579+0000] {processor.py:161} INFO - Started process (PID=1425) to work on /opt/airflow/dags/example_dag.py
[2025-12-20T16:57:15.580+0000] {processor.py:830} INFO - Processing file /opt/airflow/dags/example_dag.py for tasks to queue
[2025-12-20T16:57:15.581+0000] {logging_mixin.py:188} INFO - [2025-12-20T16:57:15.581+0000] {dagbag.py:538} INFO - Filling up the DagBag from /opt/airflow/dags/example_dag.py
[2025-12-20T16:57:15.609+0000] {processor.py:840} INFO - DAG(s) 'example_dag' retrieved from /opt/airflow/dags/example_dag.py
[2025-12-20T16:57:15.646+0000] {logging_mixin.py:188} INFO - [2025-12-20T16:57:15.646+0000] {dag.py:3033} INFO - Sync 1 DAGs
[2025-12-20T16:57:15.669+0000] {logging_mixin.py:188} INFO - [2025-12-20T16:57:15.668+0000] {dag.py:3820} INFO - Setting next_dagrun for example_dag to 2025-12-20T00:00:00+00:00, run_after=2025-12-21T00:00:00+00:00
[2025-12-20T16:57:15.692+0000] {processor.py:183} INFO - Processing /opt/airflow/dags/example_dag.py took 0.122 seconds
[2025-12-20T16:57:46.012+0000] {processor.py:161} INFO - Started process (PID=1435) to work on /opt/airflow/dags/example_dag.py
[2025-12-20T16:57:46.013+0000] {processor.py:830} INFO - Processing file /opt/airflow/dags/example_dag.py for tasks to queue
[2025-12-20T16:57:46.015+0000] {logging_mixin.py:188} INFO - [2025-12-20T16:57:46.014+0000] {dagbag.py:538} INFO - Filling up the DagBag from /opt/airflow/dags/example_dag.py
[2025-12-20T16:57:46.039+0000] {processor.py:840} INFO - DAG(s) 'example_dag' retrieved from /opt/airflow/dags/example_dag.py
[2025-12-20T16:57:46.092+0000] {logging_mixin.py:188} INFO - [2025-12-20T16:57:46.092+0000] {dag.py:3033} INFO - Sync 1 DAGs
[2025-12-20T16:57:46.116+0000] {logging_mixin.py:188} INFO - [2025-12-20T16:57:46.116+0000] {dag.py:3820} INFO - Setting next_dagrun for example_dag to 2025-12-20T00:00:00+00:00, run_after=2025-12-21T00:00:00+00:00
[2025-12-20T16:57:46.139+0000] {processor.py:183} INFO - Processing /opt/airflow/dags/example_dag.py took 0.139 seconds
[2025-12-20T16:58:16.442+0000] {processor.py:161} INFO - Started process (PID=1445) to work on /opt/airflow/dags/example_dag.py
[2025-12-20T16:58:16.444+0000] {processor.py:830} INFO - Processing file /opt/airflow/dags/example_dag.py for tasks to queue
[2025-12-20T16:58:16.445+0000] {logging_mixin.py:188} INFO - [2025-12-20T16:58:16.444+0000] {dagbag.py:538} INFO - Filling up the DagBag from /opt/airflow/dags/example_dag.py
[2025-12-20T16:58:16.476+0000] {processor.py:840} INFO - DAG(s) 'example_dag' retrieved from /opt/airflow/dags/example_dag.py
[2025-12-20T16:58:16.532+0000] {logging_mixin.py:188} INFO - [2025-12-20T16:58:16.532+0000] {dag.py:3033} INFO - Sync 1 DAGs
[2025-12-20T16:58:16.560+0000] {logging_mixin.py:188} INFO - [2025-12-20T16:58:16.560+0000] {dag.py:3820} INFO - Setting next_dagrun for example_dag to 2025-12-20T00:00:00+00:00, run_after=2025-12-21T00:00:00+00:00
[2025-12-20T16:58:16.584+0000] {processor.py:183} INFO - Processing /opt/airflow/dags/example_dag.py took 0.153 seconds
[2025-12-20T16:58:46.924+0000] {processor.py:161} INFO - Started process (PID=1455) to work on /opt/airflow/dags/example_dag.py
[2025-12-20T16:58:46.925+0000] {processor.py:830} INFO - Processing file /opt/airflow/dags/example_dag.py for tasks to queue
[2025-12-20T16:58:46.927+0000] {logging_mixin.py:188} INFO - [2025-12-20T16:58:46.926+0000] {dagbag.py:538} INFO - Filling up the DagBag from /opt/airflow/dags/example_dag.py
[2025-12-20T16:58:46.968+0000] {processor.py:840} INFO - DAG(s) 'example_dag' retrieved from /opt/airflow/dags/example_dag.py
[2025-12-20T16:58:47.029+0000] {logging_mixin.py:188} INFO - [2025-12-20T16:58:47.029+0000] {dag.py:3033} INFO - Sync 1 DAGs
[2025-12-20T16:58:47.068+0000] {logging_mixin.py:188} INFO - [2025-12-20T16:58:47.068+0000] {dag.py:3820} INFO - Setting next_dagrun for example_dag to 2025-12-20T00:00:00+00:00, run_after=2025-12-21T00:00:00+00:00
[2025-12-20T16:58:47.093+0000] {processor.py:183} INFO - Processing /opt/airflow/dags/example_dag.py took 0.184 seconds
[2025-12-20T16:59:17.279+0000] {processor.py:161} INFO - Started process (PID=1465) to work on /opt/airflow/dags/example_dag.py
[2025-12-20T16:59:17.280+0000] {processor.py:830} INFO - Processing file /opt/airflow/dags/example_dag.py for tasks to queue
[2025-12-20T16:59:17.282+0000] {logging_mixin.py:188} INFO - [2025-12-20T16:59:17.281+0000] {dagbag.py:538} INFO - Filling up the DagBag from /opt/airflow/dags/example_dag.py
[2025-12-20T16:59:17.304+0000] {processor.py:840} INFO - DAG(s) 'example_dag' retrieved from /opt/airflow/dags/example_dag.py
[2025-12-20T16:59:17.357+0000] {logging_mixin.py:188} INFO - [2025-12-20T16:59:17.357+0000] {dag.py:3033} INFO - Sync 1 DAGs
[2025-12-20T16:59:17.384+0000] {logging_mixin.py:188} INFO - [2025-12-20T16:59:17.384+0000] {dag.py:3820} INFO - Setting next_dagrun for example_dag to 2025-12-20T00:00:00+00:00, run_after=2025-12-21T00:00:00+00:00
[2025-12-20T16:59:17.401+0000] {processor.py:183} INFO - Processing /opt/airflow/dags/example_dag.py took 0.128 seconds
[2025-12-20T16:59:47.666+0000] {processor.py:161} INFO - Started process (PID=1475) to work on /opt/airflow/dags/example_dag.py
[2025-12-20T16:59:47.667+0000] {processor.py:830} INFO - Processing file /opt/airflow/dags/example_dag.py for tasks to queue
[2025-12-20T16:59:47.668+0000] {logging_mixin.py:188} INFO - [2025-12-20T16:59:47.668+0000] {dagbag.py:538} INFO - Filling up the DagBag from /opt/airflow/dags/example_dag.py
[2025-12-20T16:59:47.689+0000] {processor.py:840} INFO - DAG(s) 'example_dag' retrieved from /opt/airflow/dags/example_dag.py
[2025-12-20T16:59:47.734+0000] {logging_mixin.py:188} INFO - [2025-12-20T16:59:47.734+0000] {dag.py:3033} INFO - Sync 1 DAGs
[2025-12-20T16:59:47.769+0000] {logging_mixin.py:188} INFO - [2025-12-20T16:59:47.769+0000] {dag.py:3820} INFO - Setting next_dagrun for example_dag to 2025-12-20T00:00:00+00:00, run_after=2025-12-21T00:00:00+00:00
[2025-12-20T16:59:47.783+0000] {processor.py:183} INFO - Processing /opt/airflow/dags/example_dag.py took 0.127 seconds
[2025-12-20T17:00:18.093+0000] {processor.py:161} INFO - Started process (PID=1485) to work on /opt/airflow/dags/example_dag.py
[2025-12-20T17:00:18.094+0000] {processor.py:830} INFO - Processing file /opt/airflow/dags/example_dag.py for tasks to queue
[2025-12-20T17:00:18.095+0000] {logging_mixin.py:188} INFO - [2025-12-20T17:00:18.095+0000] {dagbag.py:538} INFO - Filling up the DagBag from /opt/airflow/dags/example_dag.py
[2025-12-20T17:00:18.116+0000] {processor.py:840} INFO - DAG(s) 'example_dag' retrieved from /opt/airflow/dags/example_dag.py
[2025-12-20T17:00:18.160+0000] {logging_mixin.py:188} INFO - [2025-12-20T17:00:18.160+0000] {dag.py:3033} INFO - Sync 1 DAGs
[2025-12-20T17:00:18.183+0000] {logging_mixin.py:188} INFO - [2025-12-20T17:00:18.183+0000] {dag.py:3820} INFO - Setting next_dagrun for example_dag to 2025-12-20T00:00:00+00:00, run_after=2025-12-21T00:00:00+00:00
[2025-12-20T17:00:18.207+0000] {processor.py:183} INFO - Processing /opt/airflow/dags/example_dag.py took 0.132 seconds
[2025-12-20T17:00:48.550+0000] {processor.py:161} INFO - Started process (PID=1495) to work on /opt/airflow/dags/example_dag.py
[2025-12-20T17:00:48.551+0000] {processor.py:830} INFO - Processing file /opt/airflow/dags/example_dag.py for tasks to queue
[2025-12-20T17:00:48.552+0000] {logging_mixin.py:188} INFO - [2025-12-20T17:00:48.552+0000] {dagbag.py:538} INFO - Filling up the DagBag from /opt/airflow/dags/example_dag.py
[2025-12-20T17:00:48.576+0000] {processor.py:840} INFO - DAG(s) 'example_dag' retrieved from /opt/airflow/dags/example_dag.py
[2025-12-20T17:00:48.619+0000] {logging_mixin.py:188} INFO - [2025-12-20T17:00:48.618+0000] {dag.py:3033} INFO - Sync 1 DAGs
[2025-12-20T17:00:48.651+0000] {logging_mixin.py:188} INFO - [2025-12-20T17:00:48.651+0000] {dag.py:3820} INFO - Setting next_dagrun for example_dag to 2025-12-20T00:00:00+00:00, run_after=2025-12-21T00:00:00+00:00
[2025-12-20T17:00:48.667+0000] {processor.py:183} INFO - Processing /opt/airflow/dags/example_dag.py took 0.125 seconds
[2025-12-20T17:04:42.239+0000] {processor.py:161} INFO - Started process (PID=32) to work on /opt/airflow/dags/example_dag.py
[2025-12-20T17:04:42.240+0000] {processor.py:830} INFO - Processing file /opt/airflow/dags/example_dag.py for tasks to queue
[2025-12-20T17:04:42.241+0000] {logging_mixin.py:188} INFO - [2025-12-20T17:04:42.240+0000] {dagbag.py:538} INFO - Filling up the DagBag from /opt/airflow/dags/example_dag.py
[2025-12-20T17:04:42.249+0000] {processor.py:840} INFO - DAG(s) 'example_dag' retrieved from /opt/airflow/dags/example_dag.py
[2025-12-20T17:04:42.263+0000] {logging_mixin.py:188} INFO - [2025-12-20T17:04:42.263+0000] {dag.py:3033} INFO - Sync 1 DAGs
[2025-12-20T17:04:42.286+0000] {logging_mixin.py:188} INFO - [2025-12-20T17:04:42.286+0000] {dag.py:3820} INFO - Setting next_dagrun for example_dag to 2025-12-20T00:00:00+00:00, run_after=2025-12-21T00:00:00+00:00
[2025-12-20T17:04:42.300+0000] {processor.py:183} INFO - Processing /opt/airflow/dags/example_dag.py took 0.063 seconds
[2025-12-20T17:05:13.044+0000] {processor.py:161} INFO - Started process (PID=42) to work on /opt/airflow/dags/example_dag.py
[2025-12-20T17:05:13.045+0000] {processor.py:830} INFO - Processing file /opt/airflow/dags/example_dag.py for tasks to queue
[2025-12-20T17:05:13.045+0000] {logging_mixin.py:188} INFO - [2025-12-20T17:05:13.045+0000] {dagbag.py:538} INFO - Filling up the DagBag from /opt/airflow/dags/example_dag.py
[2025-12-20T17:05:13.053+0000] {processor.py:840} INFO - DAG(s) 'example_dag' retrieved from /opt/airflow/dags/example_dag.py
[2025-12-20T17:05:13.114+0000] {logging_mixin.py:188} INFO - [2025-12-20T17:05:13.113+0000] {dag.py:3033} INFO - Sync 1 DAGs
[2025-12-20T17:05:13.125+0000] {logging_mixin.py:188} INFO - [2025-12-20T17:05:13.125+0000] {dag.py:3820} INFO - Setting next_dagrun for example_dag to 2025-12-20T00:00:00+00:00, run_after=2025-12-21T00:00:00+00:00
[2025-12-20T17:05:13.136+0000] {processor.py:183} INFO - Processing /opt/airflow/dags/example_dag.py took 0.093 seconds
[2025-12-20T17:05:43.372+0000] {processor.py:161} INFO - Started process (PID=64) to work on /opt/airflow/dags/example_dag.py
[2025-12-20T17:05:43.372+0000] {processor.py:830} INFO - Processing file /opt/airflow/dags/example_dag.py for tasks to queue
[2025-12-20T17:05:43.373+0000] {logging_mixin.py:188} INFO - [2025-12-20T17:05:43.373+0000] {dagbag.py:538} INFO - Filling up the DagBag from /opt/airflow/dags/example_dag.py
[2025-12-20T17:05:43.379+0000] {processor.py:840} INFO - DAG(s) 'example_dag' retrieved from /opt/airflow/dags/example_dag.py
[2025-12-20T17:05:43.397+0000] {logging_mixin.py:188} INFO - [2025-12-20T17:05:43.397+0000] {dag.py:3033} INFO - Sync 1 DAGs
[2025-12-20T17:05:43.410+0000] {logging_mixin.py:188} INFO - [2025-12-20T17:05:43.410+0000] {dag.py:3820} INFO - Setting next_dagrun for example_dag to 2025-12-20T00:00:00+00:00, run_after=2025-12-21T00:00:00+00:00
[2025-12-20T17:05:43.419+0000] {processor.py:183} INFO - Processing /opt/airflow/dags/example_dag.py took 0.050 seconds
[2025-12-20T17:06:13.730+0000] {processor.py:161} INFO - Started process (PID=74) to work on /opt/airflow/dags/example_dag.py
[2025-12-20T17:06:13.731+0000] {processor.py:830} INFO - Processing file /opt/airflow/dags/example_dag.py for tasks to queue
[2025-12-20T17:06:13.731+0000] {logging_mixin.py:188} INFO - [2025-12-20T17:06:13.731+0000] {dagbag.py:538} INFO - Filling up the DagBag from /opt/airflow/dags/example_dag.py
[2025-12-20T17:06:13.738+0000] {processor.py:840} INFO - DAG(s) 'example_dag' retrieved from /opt/airflow/dags/example_dag.py
[2025-12-20T17:06:13.755+0000] {logging_mixin.py:188} INFO - [2025-12-20T17:06:13.755+0000] {dag.py:3033} INFO - Sync 1 DAGs
[2025-12-20T17:06:13.766+0000] {logging_mixin.py:188} INFO - [2025-12-20T17:06:13.766+0000] {dag.py:3820} INFO - Setting next_dagrun for example_dag to 2025-12-20T00:00:00+00:00, run_after=2025-12-21T00:00:00+00:00
[2025-12-20T17:06:13.776+0000] {processor.py:183} INFO - Processing /opt/airflow/dags/example_dag.py took 0.049 seconds
[2025-12-20T17:06:44.024+0000] {processor.py:161} INFO - Started process (PID=84) to work on /opt/airflow/dags/example_dag.py
[2025-12-20T17:06:44.024+0000] {processor.py:830} INFO - Processing file /opt/airflow/dags/example_dag.py for tasks to queue
[2025-12-20T17:06:44.025+0000] {logging_mixin.py:188} INFO - [2025-12-20T17:06:44.025+0000] {dagbag.py:538} INFO - Filling up the DagBag from /opt/airflow/dags/example_dag.py
[2025-12-20T17:06:44.031+0000] {processor.py:840} INFO - DAG(s) 'example_dag' retrieved from /opt/airflow/dags/example_dag.py
[2025-12-20T17:06:44.051+0000] {logging_mixin.py:188} INFO - [2025-12-20T17:06:44.050+0000] {dag.py:3033} INFO - Sync 1 DAGs
[2025-12-20T17:06:44.064+0000] {logging_mixin.py:188} INFO - [2025-12-20T17:06:44.064+0000] {dag.py:3820} INFO - Setting next_dagrun for example_dag to 2025-12-20T00:00:00+00:00, run_after=2025-12-21T00:00:00+00:00
[2025-12-20T17:06:44.074+0000] {processor.py:183} INFO - Processing /opt/airflow/dags/example_dag.py took 0.052 seconds
[2025-12-20T17:07:14.550+0000] {processor.py:161} INFO - Started process (PID=94) to work on /opt/airflow/dags/example_dag.py
[2025-12-20T17:07:14.551+0000] {processor.py:830} INFO - Processing file /opt/airflow/dags/example_dag.py for tasks to queue
[2025-12-20T17:07:14.552+0000] {logging_mixin.py:188} INFO - [2025-12-20T17:07:14.552+0000] {dagbag.py:538} INFO - Filling up the DagBag from /opt/airflow/dags/example_dag.py
[2025-12-20T17:07:14.561+0000] {processor.py:840} INFO - DAG(s) 'example_dag' retrieved from /opt/airflow/dags/example_dag.py
[2025-12-20T17:07:14.587+0000] {logging_mixin.py:188} INFO - [2025-12-20T17:07:14.587+0000] {dag.py:3033} INFO - Sync 1 DAGs
[2025-12-20T17:07:14.601+0000] {logging_mixin.py:188} INFO - [2025-12-20T17:07:14.601+0000] {dag.py:3820} INFO - Setting next_dagrun for example_dag to 2025-12-20T00:00:00+00:00, run_after=2025-12-21T00:00:00+00:00
[2025-12-20T17:07:14.615+0000] {processor.py:183} INFO - Processing /opt/airflow/dags/example_dag.py took 0.080 seconds
[2025-12-20T17:07:44.919+0000] {processor.py:161} INFO - Started process (PID=104) to work on /opt/airflow/dags/example_dag.py
[2025-12-20T17:07:44.920+0000] {processor.py:830} INFO - Processing file /opt/airflow/dags/example_dag.py for tasks to queue
[2025-12-20T17:07:44.920+0000] {logging_mixin.py:188} INFO - [2025-12-20T17:07:44.920+0000] {dagbag.py:538} INFO - Filling up the DagBag from /opt/airflow/dags/example_dag.py
[2025-12-20T17:07:44.926+0000] {processor.py:840} INFO - DAG(s) 'example_dag' retrieved from /opt/airflow/dags/example_dag.py
[2025-12-20T17:07:44.946+0000] {logging_mixin.py:188} INFO - [2025-12-20T17:07:44.945+0000] {dag.py:3033} INFO - Sync 1 DAGs
[2025-12-20T17:07:44.958+0000] {logging_mixin.py:188} INFO - [2025-12-20T17:07:44.958+0000] {dag.py:3820} INFO - Setting next_dagrun for example_dag to 2025-12-20T00:00:00+00:00, run_after=2025-12-21T00:00:00+00:00
[2025-12-20T17:07:44.968+0000] {processor.py:183} INFO - Processing /opt/airflow/dags/example_dag.py took 0.051 seconds
[2025-12-20T17:08:15.331+0000] {processor.py:161} INFO - Started process (PID=114) to work on /opt/airflow/dags/example_dag.py
[2025-12-20T17:08:15.332+0000] {processor.py:830} INFO - Processing file /opt/airflow/dags/example_dag.py for tasks to queue
[2025-12-20T17:08:15.332+0000] {logging_mixin.py:188} INFO - [2025-12-20T17:08:15.332+0000] {dagbag.py:538} INFO - Filling up the DagBag from /opt/airflow/dags/example_dag.py
[2025-12-20T17:08:15.340+0000] {processor.py:840} INFO - DAG(s) 'example_dag' retrieved from /opt/airflow/dags/example_dag.py
[2025-12-20T17:08:15.360+0000] {logging_mixin.py:188} INFO - [2025-12-20T17:08:15.360+0000] {dag.py:3033} INFO - Sync 1 DAGs
[2025-12-20T17:08:15.373+0000] {logging_mixin.py:188} INFO - [2025-12-20T17:08:15.373+0000] {dag.py:3820} INFO - Setting next_dagrun for example_dag to 2025-12-20T00:00:00+00:00, run_after=2025-12-21T00:00:00+00:00
[2025-12-20T17:08:15.384+0000] {processor.py:183} INFO - Processing /opt/airflow/dags/example_dag.py took 0.056 seconds
[2025-12-20T17:08:45.691+0000] {processor.py:161} INFO - Started process (PID=124) to work on /opt/airflow/dags/example_dag.py
[2025-12-20T17:08:45.691+0000] {processor.py:830} INFO - Processing file /opt/airflow/dags/example_dag.py for tasks to queue
[2025-12-20T17:08:45.692+0000] {logging_mixin.py:188} INFO - [2025-12-20T17:08:45.692+0000] {dagbag.py:538} INFO - Filling up the DagBag from /opt/airflow/dags/example_dag.py
[2025-12-20T17:08:45.698+0000] {processor.py:840} INFO - DAG(s) 'example_dag' retrieved from /opt/airflow/dags/example_dag.py
[2025-12-20T17:08:45.715+0000] {logging_mixin.py:188} INFO - [2025-12-20T17:08:45.715+0000] {dag.py:3033} INFO - Sync 1 DAGs
[2025-12-20T17:08:45.727+0000] {logging_mixin.py:188} INFO - [2025-12-20T17:08:45.727+0000] {dag.py:3820} INFO - Setting next_dagrun for example_dag to 2025-12-20T00:00:00+00:00, run_after=2025-12-21T00:00:00+00:00
[2025-12-20T17:08:45.737+0000] {processor.py:183} INFO - Processing /opt/airflow/dags/example_dag.py took 0.048 seconds
[2025-12-20T17:09:16.030+0000] {processor.py:161} INFO - Started process (PID=134) to work on /opt/airflow/dags/example_dag.py
[2025-12-20T17:09:16.031+0000] {processor.py:830} INFO - Processing file /opt/airflow/dags/example_dag.py for tasks to queue
[2025-12-20T17:09:16.031+0000] {logging_mixin.py:188} INFO - [2025-12-20T17:09:16.031+0000] {dagbag.py:538} INFO - Filling up the DagBag from /opt/airflow/dags/example_dag.py
[2025-12-20T17:09:16.038+0000] {processor.py:840} INFO - DAG(s) 'example_dag' retrieved from /opt/airflow/dags/example_dag.py
[2025-12-20T17:09:16.056+0000] {logging_mixin.py:188} INFO - [2025-12-20T17:09:16.056+0000] {dag.py:3033} INFO - Sync 1 DAGs
[2025-12-20T17:09:16.070+0000] {logging_mixin.py:188} INFO - [2025-12-20T17:09:16.070+0000] {dag.py:3820} INFO - Setting next_dagrun for example_dag to 2025-12-20T00:00:00+00:00, run_after=2025-12-21T00:00:00+00:00
[2025-12-20T17:09:16.081+0000] {processor.py:183} INFO - Processing /opt/airflow/dags/example_dag.py took 0.053 seconds
[2025-12-20T17:09:46.399+0000] {processor.py:161} INFO - Started process (PID=143) to work on /opt/airflow/dags/example_dag.py
[2025-12-20T17:09:46.400+0000] {processor.py:830} INFO - Processing file /opt/airflow/dags/example_dag.py for tasks to queue
[2025-12-20T17:09:46.400+0000] {logging_mixin.py:188} INFO - [2025-12-20T17:09:46.400+0000] {dagbag.py:538} INFO - Filling up the DagBag from /opt/airflow/dags/example_dag.py
[2025-12-20T17:09:46.408+0000] {processor.py:840} INFO - DAG(s) 'example_dag' retrieved from /opt/airflow/dags/example_dag.py
[2025-12-20T17:09:46.426+0000] {logging_mixin.py:188} INFO - [2025-12-20T17:09:46.426+0000] {dag.py:3033} INFO - Sync 1 DAGs
[2025-12-20T17:09:46.439+0000] {logging_mixin.py:188} INFO - [2025-12-20T17:09:46.439+0000] {dag.py:3820} INFO - Setting next_dagrun for example_dag to 2025-12-20T00:00:00+00:00, run_after=2025-12-21T00:00:00+00:00
[2025-12-20T17:09:46.449+0000] {processor.py:183} INFO - Processing /opt/airflow/dags/example_dag.py took 0.052 seconds
[2025-12-20T17:10:16.848+0000] {processor.py:161} INFO - Started process (PID=147) to work on /opt/airflow/dags/example_dag.py
[2025-12-20T17:10:16.849+0000] {processor.py:830} INFO - Processing file /opt/airflow/dags/example_dag.py for tasks to queue
[2025-12-20T17:10:16.850+0000] {logging_mixin.py:188} INFO - [2025-12-20T17:10:16.849+0000] {dagbag.py:538} INFO - Filling up the DagBag from /opt/airflow/dags/example_dag.py
[2025-12-20T17:10:16.856+0000] {processor.py:840} INFO - DAG(s) 'example_dag' retrieved from /opt/airflow/dags/example_dag.py
[2025-12-20T17:10:16.876+0000] {logging_mixin.py:188} INFO - [2025-12-20T17:10:16.876+0000] {dag.py:3033} INFO - Sync 1 DAGs
[2025-12-20T17:10:16.889+0000] {logging_mixin.py:188} INFO - [2025-12-20T17:10:16.889+0000] {dag.py:3820} INFO - Setting next_dagrun for example_dag to 2025-12-20T00:00:00+00:00, run_after=2025-12-21T00:00:00+00:00
[2025-12-20T17:10:16.899+0000] {processor.py:183} INFO - Processing /opt/airflow/dags/example_dag.py took 0.053 seconds
[2025-12-20T17:10:47.168+0000] {processor.py:161} INFO - Started process (PID=169) to work on /opt/airflow/dags/example_dag.py
[2025-12-20T17:10:47.168+0000] {processor.py:830} INFO - Processing file /opt/airflow/dags/example_dag.py for tasks to queue
[2025-12-20T17:10:47.169+0000] {logging_mixin.py:188} INFO - [2025-12-20T17:10:47.168+0000] {dagbag.py:538} INFO - Filling up the DagBag from /opt/airflow/dags/example_dag.py
[2025-12-20T17:10:47.175+0000] {processor.py:840} INFO - DAG(s) 'example_dag' retrieved from /opt/airflow/dags/example_dag.py
[2025-12-20T17:10:47.194+0000] {logging_mixin.py:188} INFO - [2025-12-20T17:10:47.194+0000] {dag.py:3033} INFO - Sync 1 DAGs
[2025-12-20T17:10:47.206+0000] {logging_mixin.py:188} INFO - [2025-12-20T17:10:47.206+0000] {dag.py:3820} INFO - Setting next_dagrun for example_dag to 2025-12-20T00:00:00+00:00, run_after=2025-12-21T00:00:00+00:00
[2025-12-20T17:10:47.216+0000] {processor.py:183} INFO - Processing /opt/airflow/dags/example_dag.py took 0.050 seconds
[2025-12-20T17:11:17.595+0000] {processor.py:161} INFO - Started process (PID=179) to work on /opt/airflow/dags/example_dag.py
[2025-12-20T17:11:17.596+0000] {processor.py:830} INFO - Processing file /opt/airflow/dags/example_dag.py for tasks to queue
[2025-12-20T17:11:17.597+0000] {logging_mixin.py:188} INFO - [2025-12-20T17:11:17.596+0000] {dagbag.py:538} INFO - Filling up the DagBag from /opt/airflow/dags/example_dag.py
[2025-12-20T17:11:17.604+0000] {processor.py:840} INFO - DAG(s) 'example_dag' retrieved from /opt/airflow/dags/example_dag.py
[2025-12-20T17:11:17.627+0000] {logging_mixin.py:188} INFO - [2025-12-20T17:11:17.627+0000] {dag.py:3033} INFO - Sync 1 DAGs
[2025-12-20T17:11:17.643+0000] {logging_mixin.py:188} INFO - [2025-12-20T17:11:17.643+0000] {dag.py:3820} INFO - Setting next_dagrun for example_dag to 2025-12-20T00:00:00+00:00, run_after=2025-12-21T00:00:00+00:00
[2025-12-20T17:11:17.654+0000] {processor.py:183} INFO - Processing /opt/airflow/dags/example_dag.py took 0.061 seconds
[2025-12-20T17:11:48.144+0000] {processor.py:161} INFO - Started process (PID=189) to work on /opt/airflow/dags/example_dag.py
[2025-12-20T17:11:48.145+0000] {processor.py:830} INFO - Processing file /opt/airflow/dags/example_dag.py for tasks to queue
[2025-12-20T17:11:48.146+0000] {logging_mixin.py:188} INFO - [2025-12-20T17:11:48.146+0000] {dagbag.py:538} INFO - Filling up the DagBag from /opt/airflow/dags/example_dag.py
[2025-12-20T17:11:48.154+0000] {processor.py:840} INFO - DAG(s) 'example_dag' retrieved from /opt/airflow/dags/example_dag.py
[2025-12-20T17:11:48.175+0000] {logging_mixin.py:188} INFO - [2025-12-20T17:11:48.174+0000] {dag.py:3033} INFO - Sync 1 DAGs
[2025-12-20T17:11:48.189+0000] {logging_mixin.py:188} INFO - [2025-12-20T17:11:48.189+0000] {dag.py:3820} INFO - Setting next_dagrun for example_dag to 2025-12-20T00:00:00+00:00, run_after=2025-12-21T00:00:00+00:00
[2025-12-20T17:11:48.201+0000] {processor.py:183} INFO - Processing /opt/airflow/dags/example_dag.py took 0.060 seconds
[2025-12-20T17:12:18.548+0000] {processor.py:161} INFO - Started process (PID=199) to work on /opt/airflow/dags/example_dag.py
[2025-12-20T17:12:18.549+0000] {processor.py:830} INFO - Processing file /opt/airflow/dags/example_dag.py for tasks to queue
[2025-12-20T17:12:18.549+0000] {logging_mixin.py:188} INFO - [2025-12-20T17:12:18.549+0000] {dagbag.py:538} INFO - Filling up the DagBag from /opt/airflow/dags/example_dag.py
[2025-12-20T17:12:18.557+0000] {processor.py:840} INFO - DAG(s) 'example_dag' retrieved from /opt/airflow/dags/example_dag.py
[2025-12-20T17:12:18.575+0000] {logging_mixin.py:188} INFO - [2025-12-20T17:12:18.575+0000] {dag.py:3033} INFO - Sync 1 DAGs
[2025-12-20T17:12:18.587+0000] {logging_mixin.py:188} INFO - [2025-12-20T17:12:18.587+0000] {dag.py:3820} INFO - Setting next_dagrun for example_dag to 2025-12-20T00:00:00+00:00, run_after=2025-12-21T00:00:00+00:00
[2025-12-20T17:12:18.597+0000] {processor.py:183} INFO - Processing /opt/airflow/dags/example_dag.py took 0.051 seconds
[2025-12-20T17:12:48.912+0000] {processor.py:161} INFO - Started process (PID=209) to work on /opt/airflow/dags/example_dag.py
[2025-12-20T17:12:48.913+0000] {processor.py:830} INFO - Processing file /opt/airflow/dags/example_dag.py for tasks to queue
[2025-12-20T17:12:48.914+0000] {logging_mixin.py:188} INFO - [2025-12-20T17:12:48.914+0000] {dagbag.py:538} INFO - Filling up the DagBag from /opt/airflow/dags/example_dag.py
[2025-12-20T17:12:48.922+0000] {processor.py:840} INFO - DAG(s) 'example_dag' retrieved from /opt/airflow/dags/example_dag.py
[2025-12-20T17:12:48.942+0000] {logging_mixin.py:188} INFO - [2025-12-20T17:12:48.942+0000] {dag.py:3033} INFO - Sync 1 DAGs
[2025-12-20T17:12:48.956+0000] {logging_mixin.py:188} INFO - [2025-12-20T17:12:48.956+0000] {dag.py:3820} INFO - Setting next_dagrun for example_dag to 2025-12-20T00:00:00+00:00, run_after=2025-12-21T00:00:00+00:00
[2025-12-20T17:12:48.970+0000] {processor.py:183} INFO - Processing /opt/airflow/dags/example_dag.py took 0.060 seconds
[2025-12-20T17:13:19.536+0000] {processor.py:161} INFO - Started process (PID=219) to work on /opt/airflow/dags/example_dag.py
[2025-12-20T17:13:19.538+0000] {processor.py:830} INFO - Processing file /opt/airflow/dags/example_dag.py for tasks to queue
[2025-12-20T17:13:19.538+0000] {logging_mixin.py:188} INFO - [2025-12-20T17:13:19.538+0000] {dagbag.py:538} INFO - Filling up the DagBag from /opt/airflow/dags/example_dag.py
[2025-12-20T17:13:19.546+0000] {processor.py:840} INFO - DAG(s) 'example_dag' retrieved from /opt/airflow/dags/example_dag.py
[2025-12-20T17:13:19.565+0000] {logging_mixin.py:188} INFO - [2025-12-20T17:13:19.565+0000] {dag.py:3033} INFO - Sync 1 DAGs
[2025-12-20T17:13:19.577+0000] {logging_mixin.py:188} INFO - [2025-12-20T17:13:19.577+0000] {dag.py:3820} INFO - Setting next_dagrun for example_dag to 2025-12-20T00:00:00+00:00, run_after=2025-12-21T00:00:00+00:00
[2025-12-20T17:13:19.586+0000] {processor.py:183} INFO - Processing /opt/airflow/dags/example_dag.py took 0.055 seconds
[2025-12-20T17:13:49.888+0000] {processor.py:161} INFO - Started process (PID=229) to work on /opt/airflow/dags/example_dag.py
[2025-12-20T17:13:49.889+0000] {processor.py:830} INFO - Processing file /opt/airflow/dags/example_dag.py for tasks to queue
[2025-12-20T17:13:49.890+0000] {logging_mixin.py:188} INFO - [2025-12-20T17:13:49.889+0000] {dagbag.py:538} INFO - Filling up the DagBag from /opt/airflow/dags/example_dag.py
[2025-12-20T17:13:49.916+0000] {processor.py:840} INFO - DAG(s) 'example_dag' retrieved from /opt/airflow/dags/example_dag.py
[2025-12-20T17:13:49.972+0000] {logging_mixin.py:188} INFO - [2025-12-20T17:13:49.972+0000] {dag.py:3033} INFO - Sync 1 DAGs
[2025-12-20T17:13:50.000+0000] {logging_mixin.py:188} INFO - [2025-12-20T17:13:50.000+0000] {dag.py:3820} INFO - Setting next_dagrun for example_dag to 2025-12-20T00:00:00+00:00, run_after=2025-12-21T00:00:00+00:00
[2025-12-20T17:13:50.019+0000] {processor.py:183} INFO - Processing /opt/airflow/dags/example_dag.py took 0.136 seconds
[2025-12-20T17:14:20.446+0000] {processor.py:161} INFO - Started process (PID=240) to work on /opt/airflow/dags/example_dag.py
[2025-12-20T17:14:20.448+0000] {processor.py:830} INFO - Processing file /opt/airflow/dags/example_dag.py for tasks to queue
[2025-12-20T17:14:20.449+0000] {logging_mixin.py:188} INFO - [2025-12-20T17:14:20.448+0000] {dagbag.py:538} INFO - Filling up the DagBag from /opt/airflow/dags/example_dag.py
[2025-12-20T17:14:20.484+0000] {processor.py:840} INFO - DAG(s) 'example_dag' retrieved from /opt/airflow/dags/example_dag.py
[2025-12-20T17:14:20.541+0000] {logging_mixin.py:188} INFO - [2025-12-20T17:14:20.541+0000] {dag.py:3033} INFO - Sync 1 DAGs
[2025-12-20T17:14:20.568+0000] {logging_mixin.py:188} INFO - [2025-12-20T17:14:20.568+0000] {dag.py:3820} INFO - Setting next_dagrun for example_dag to 2025-12-20T00:00:00+00:00, run_after=2025-12-21T00:00:00+00:00
[2025-12-20T17:14:20.585+0000] {processor.py:183} INFO - Processing /opt/airflow/dags/example_dag.py took 0.152 seconds
[2025-12-20T17:14:50.843+0000] {processor.py:161} INFO - Started process (PID=250) to work on /opt/airflow/dags/example_dag.py
[2025-12-20T17:14:50.844+0000] {processor.py:830} INFO - Processing file /opt/airflow/dags/example_dag.py for tasks to queue
[2025-12-20T17:14:50.845+0000] {logging_mixin.py:188} INFO - [2025-12-20T17:14:50.845+0000] {dagbag.py:538} INFO - Filling up the DagBag from /opt/airflow/dags/example_dag.py
[2025-12-20T17:14:50.867+0000] {processor.py:840} INFO - DAG(s) 'example_dag' retrieved from /opt/airflow/dags/example_dag.py
[2025-12-20T17:14:50.906+0000] {logging_mixin.py:188} INFO - [2025-12-20T17:14:50.906+0000] {dag.py:3033} INFO - Sync 1 DAGs
[2025-12-20T17:14:50.937+0000] {logging_mixin.py:188} INFO - [2025-12-20T17:14:50.937+0000] {dag.py:3820} INFO - Setting next_dagrun for example_dag to 2025-12-20T00:00:00+00:00, run_after=2025-12-21T00:00:00+00:00
[2025-12-20T17:14:50.951+0000] {processor.py:183} INFO - Processing /opt/airflow/dags/example_dag.py took 0.116 seconds
[2025-12-20T17:15:42.162+0000] {processor.py:161} INFO - Started process (PID=32) to work on /opt/airflow/dags/example_dag.py
[2025-12-20T17:15:42.163+0000] {processor.py:830} INFO - Processing file /opt/airflow/dags/example_dag.py for tasks to queue
[2025-12-20T17:15:42.163+0000] {logging_mixin.py:188} INFO - [2025-12-20T17:15:42.163+0000] {dagbag.py:538} INFO - Filling up the DagBag from /opt/airflow/dags/example_dag.py
[2025-12-20T17:15:42.172+0000] {processor.py:840} INFO - DAG(s) 'example_dag' retrieved from /opt/airflow/dags/example_dag.py
[2025-12-20T17:15:42.185+0000] {logging_mixin.py:188} INFO - [2025-12-20T17:15:42.184+0000] {dag.py:3033} INFO - Sync 1 DAGs
[2025-12-20T17:15:42.200+0000] {logging_mixin.py:188} INFO - [2025-12-20T17:15:42.200+0000] {dag.py:3820} INFO - Setting next_dagrun for example_dag to 2025-12-20T00:00:00+00:00, run_after=2025-12-21T00:00:00+00:00
[2025-12-20T17:15:42.214+0000] {processor.py:183} INFO - Processing /opt/airflow/dags/example_dag.py took 0.054 seconds
[2025-12-20T17:16:12.664+0000] {processor.py:161} INFO - Started process (PID=54) to work on /opt/airflow/dags/example_dag.py
[2025-12-20T17:16:12.665+0000] {processor.py:830} INFO - Processing file /opt/airflow/dags/example_dag.py for tasks to queue
[2025-12-20T17:16:12.665+0000] {logging_mixin.py:188} INFO - [2025-12-20T17:16:12.665+0000] {dagbag.py:538} INFO - Filling up the DagBag from /opt/airflow/dags/example_dag.py
[2025-12-20T17:16:12.673+0000] {processor.py:840} INFO - DAG(s) 'example_dag' retrieved from /opt/airflow/dags/example_dag.py
[2025-12-20T17:16:12.742+0000] {logging_mixin.py:188} INFO - [2025-12-20T17:16:12.742+0000] {dag.py:3033} INFO - Sync 1 DAGs
[2025-12-20T17:16:12.758+0000] {logging_mixin.py:188} INFO - [2025-12-20T17:16:12.758+0000] {dag.py:3820} INFO - Setting next_dagrun for example_dag to 2025-12-20T00:00:00+00:00, run_after=2025-12-21T00:00:00+00:00
[2025-12-20T17:16:12.770+0000] {processor.py:183} INFO - Processing /opt/airflow/dags/example_dag.py took 0.108 seconds
[2025-12-20T17:16:43.065+0000] {processor.py:161} INFO - Started process (PID=64) to work on /opt/airflow/dags/example_dag.py
[2025-12-20T17:16:43.066+0000] {processor.py:830} INFO - Processing file /opt/airflow/dags/example_dag.py for tasks to queue
[2025-12-20T17:16:43.067+0000] {logging_mixin.py:188} INFO - [2025-12-20T17:16:43.066+0000] {dagbag.py:538} INFO - Filling up the DagBag from /opt/airflow/dags/example_dag.py
[2025-12-20T17:16:43.075+0000] {processor.py:840} INFO - DAG(s) 'example_dag' retrieved from /opt/airflow/dags/example_dag.py
[2025-12-20T17:16:43.101+0000] {logging_mixin.py:188} INFO - [2025-12-20T17:16:43.101+0000] {dag.py:3033} INFO - Sync 1 DAGs
[2025-12-20T17:16:43.114+0000] {logging_mixin.py:188} INFO - [2025-12-20T17:16:43.114+0000] {dag.py:3820} INFO - Setting next_dagrun for example_dag to 2025-12-20T00:00:00+00:00, run_after=2025-12-21T00:00:00+00:00
[2025-12-20T17:16:43.123+0000] {processor.py:183} INFO - Processing /opt/airflow/dags/example_dag.py took 0.060 seconds
[2025-12-20T17:17:13.468+0000] {processor.py:161} INFO - Started process (PID=74) to work on /opt/airflow/dags/example_dag.py
[2025-12-20T17:17:13.469+0000] {processor.py:830} INFO - Processing file /opt/airflow/dags/example_dag.py for tasks to queue
[2025-12-20T17:17:13.470+0000] {logging_mixin.py:188} INFO - [2025-12-20T17:17:13.469+0000] {dagbag.py:538} INFO - Filling up the DagBag from /opt/airflow/dags/example_dag.py
[2025-12-20T17:17:13.477+0000] {processor.py:840} INFO - DAG(s) 'example_dag' retrieved from /opt/airflow/dags/example_dag.py
[2025-12-20T17:17:13.494+0000] {logging_mixin.py:188} INFO - [2025-12-20T17:17:13.494+0000] {dag.py:3033} INFO - Sync 1 DAGs
[2025-12-20T17:17:13.506+0000] {logging_mixin.py:188} INFO - [2025-12-20T17:17:13.506+0000] {dag.py:3820} INFO - Setting next_dagrun for example_dag to 2025-12-20T00:00:00+00:00, run_after=2025-12-21T00:00:00+00:00
[2025-12-20T17:17:13.516+0000] {processor.py:183} INFO - Processing /opt/airflow/dags/example_dag.py took 0.051 seconds
[2025-12-20T17:17:43.849+0000] {processor.py:161} INFO - Started process (PID=84) to work on /opt/airflow/dags/example_dag.py
[2025-12-20T17:17:43.850+0000] {processor.py:830} INFO - Processing file /opt/airflow/dags/example_dag.py for tasks to queue
[2025-12-20T17:17:43.851+0000] {logging_mixin.py:188} INFO - [2025-12-20T17:17:43.851+0000] {dagbag.py:538} INFO - Filling up the DagBag from /opt/airflow/dags/example_dag.py
[2025-12-20T17:17:43.861+0000] {processor.py:840} INFO - DAG(s) 'example_dag' retrieved from /opt/airflow/dags/example_dag.py
[2025-12-20T17:17:43.880+0000] {logging_mixin.py:188} INFO - [2025-12-20T17:17:43.880+0000] {dag.py:3033} INFO - Sync 1 DAGs
[2025-12-20T17:17:43.893+0000] {logging_mixin.py:188} INFO - [2025-12-20T17:17:43.893+0000] {dag.py:3820} INFO - Setting next_dagrun for example_dag to 2025-12-20T00:00:00+00:00, run_after=2025-12-21T00:00:00+00:00
[2025-12-20T17:17:43.903+0000] {processor.py:183} INFO - Processing /opt/airflow/dags/example_dag.py took 0.057 seconds
[2025-12-20T17:18:14.283+0000] {processor.py:161} INFO - Started process (PID=94) to work on /opt/airflow/dags/example_dag.py
[2025-12-20T17:18:14.284+0000] {processor.py:830} INFO - Processing file /opt/airflow/dags/example_dag.py for tasks to queue
[2025-12-20T17:18:14.284+0000] {logging_mixin.py:188} INFO - [2025-12-20T17:18:14.284+0000] {dagbag.py:538} INFO - Filling up the DagBag from /opt/airflow/dags/example_dag.py
[2025-12-20T17:18:14.291+0000] {processor.py:840} INFO - DAG(s) 'example_dag' retrieved from /opt/airflow/dags/example_dag.py
[2025-12-20T17:18:14.310+0000] {logging_mixin.py:188} INFO - [2025-12-20T17:18:14.310+0000] {dag.py:3033} INFO - Sync 1 DAGs
[2025-12-20T17:18:14.323+0000] {logging_mixin.py:188} INFO - [2025-12-20T17:18:14.323+0000] {dag.py:3820} INFO - Setting next_dagrun for example_dag to 2025-12-20T00:00:00+00:00, run_after=2025-12-21T00:00:00+00:00
[2025-12-20T17:18:14.333+0000] {processor.py:183} INFO - Processing /opt/airflow/dags/example_dag.py took 0.052 seconds
[2025-12-20T17:18:44.661+0000] {processor.py:161} INFO - Started process (PID=104) to work on /opt/airflow/dags/example_dag.py
[2025-12-20T17:18:44.662+0000] {processor.py:830} INFO - Processing file /opt/airflow/dags/example_dag.py for tasks to queue
[2025-12-20T17:18:44.662+0000] {logging_mixin.py:188} INFO - [2025-12-20T17:18:44.662+0000] {dagbag.py:538} INFO - Filling up the DagBag from /opt/airflow/dags/example_dag.py
[2025-12-20T17:18:44.669+0000] {processor.py:840} INFO - DAG(s) 'example_dag' retrieved from /opt/airflow/dags/example_dag.py
[2025-12-20T17:18:44.686+0000] {logging_mixin.py:188} INFO - [2025-12-20T17:18:44.686+0000] {dag.py:3033} INFO - Sync 1 DAGs
[2025-12-20T17:18:44.698+0000] {logging_mixin.py:188} INFO - [2025-12-20T17:18:44.698+0000] {dag.py:3820} INFO - Setting next_dagrun for example_dag to 2025-12-20T00:00:00+00:00, run_after=2025-12-21T00:00:00+00:00
[2025-12-20T17:18:44.707+0000] {processor.py:183} INFO - Processing /opt/airflow/dags/example_dag.py took 0.047 seconds
[2025-12-20T17:19:15.109+0000] {processor.py:161} INFO - Started process (PID=114) to work on /opt/airflow/dags/example_dag.py
[2025-12-20T17:19:15.109+0000] {processor.py:830} INFO - Processing file /opt/airflow/dags/example_dag.py for tasks to queue
[2025-12-20T17:19:15.110+0000] {logging_mixin.py:188} INFO - [2025-12-20T17:19:15.110+0000] {dagbag.py:538} INFO - Filling up the DagBag from /opt/airflow/dags/example_dag.py
[2025-12-20T17:19:15.116+0000] {processor.py:840} INFO - DAG(s) 'example_dag' retrieved from /opt/airflow/dags/example_dag.py
[2025-12-20T17:19:15.134+0000] {logging_mixin.py:188} INFO - [2025-12-20T17:19:15.134+0000] {dag.py:3033} INFO - Sync 1 DAGs
[2025-12-20T17:19:15.146+0000] {logging_mixin.py:188} INFO - [2025-12-20T17:19:15.146+0000] {dag.py:3820} INFO - Setting next_dagrun for example_dag to 2025-12-20T00:00:00+00:00, run_after=2025-12-21T00:00:00+00:00
[2025-12-20T17:19:15.155+0000] {processor.py:183} INFO - Processing /opt/airflow/dags/example_dag.py took 0.047 seconds
[2025-12-20T17:19:45.498+0000] {processor.py:161} INFO - Started process (PID=124) to work on /opt/airflow/dags/example_dag.py
[2025-12-20T17:19:45.498+0000] {processor.py:830} INFO - Processing file /opt/airflow/dags/example_dag.py for tasks to queue
[2025-12-20T17:19:45.499+0000] {logging_mixin.py:188} INFO - [2025-12-20T17:19:45.498+0000] {dagbag.py:538} INFO - Filling up the DagBag from /opt/airflow/dags/example_dag.py
[2025-12-20T17:19:45.506+0000] {processor.py:840} INFO - DAG(s) 'example_dag' retrieved from /opt/airflow/dags/example_dag.py
[2025-12-20T17:19:45.524+0000] {logging_mixin.py:188} INFO - [2025-12-20T17:19:45.523+0000] {dag.py:3033} INFO - Sync 1 DAGs
[2025-12-20T17:19:45.537+0000] {logging_mixin.py:188} INFO - [2025-12-20T17:19:45.536+0000] {dag.py:3820} INFO - Setting next_dagrun for example_dag to 2025-12-20T00:00:00+00:00, run_after=2025-12-21T00:00:00+00:00
[2025-12-20T17:19:45.546+0000] {processor.py:183} INFO - Processing /opt/airflow/dags/example_dag.py took 0.051 seconds
[2025-12-20T17:20:15.899+0000] {processor.py:161} INFO - Started process (PID=134) to work on /opt/airflow/dags/example_dag.py
[2025-12-20T17:20:15.900+0000] {processor.py:830} INFO - Processing file /opt/airflow/dags/example_dag.py for tasks to queue
[2025-12-20T17:20:15.901+0000] {logging_mixin.py:188} INFO - [2025-12-20T17:20:15.900+0000] {dagbag.py:538} INFO - Filling up the DagBag from /opt/airflow/dags/example_dag.py
[2025-12-20T17:20:15.910+0000] {processor.py:840} INFO - DAG(s) 'example_dag' retrieved from /opt/airflow/dags/example_dag.py
[2025-12-20T17:20:15.934+0000] {logging_mixin.py:188} INFO - [2025-12-20T17:20:15.934+0000] {dag.py:3033} INFO - Sync 1 DAGs
[2025-12-20T17:20:15.950+0000] {logging_mixin.py:188} INFO - [2025-12-20T17:20:15.950+0000] {dag.py:3820} INFO - Setting next_dagrun for example_dag to 2025-12-20T00:00:00+00:00, run_after=2025-12-21T00:00:00+00:00
[2025-12-20T17:20:15.964+0000] {processor.py:183} INFO - Processing /opt/airflow/dags/example_dag.py took 0.067 seconds
[2025-12-20T17:20:46.303+0000] {processor.py:161} INFO - Started process (PID=137) to work on /opt/airflow/dags/example_dag.py
[2025-12-20T17:20:46.304+0000] {processor.py:830} INFO - Processing file /opt/airflow/dags/example_dag.py for tasks to queue
[2025-12-20T17:20:46.304+0000] {logging_mixin.py:188} INFO - [2025-12-20T17:20:46.304+0000] {dagbag.py:538} INFO - Filling up the DagBag from /opt/airflow/dags/example_dag.py
[2025-12-20T17:20:46.312+0000] {processor.py:840} INFO - DAG(s) 'example_dag' retrieved from /opt/airflow/dags/example_dag.py
[2025-12-20T17:20:46.334+0000] {logging_mixin.py:188} INFO - [2025-12-20T17:20:46.334+0000] {dag.py:3033} INFO - Sync 1 DAGs
[2025-12-20T17:20:46.348+0000] {logging_mixin.py:188} INFO - [2025-12-20T17:20:46.348+0000] {dag.py:3820} INFO - Setting next_dagrun for example_dag to 2025-12-20T00:00:00+00:00, run_after=2025-12-21T00:00:00+00:00
[2025-12-20T17:20:46.361+0000] {processor.py:183} INFO - Processing /opt/airflow/dags/example_dag.py took 0.060 seconds
[2025-12-20T17:21:16.762+0000] {processor.py:161} INFO - Started process (PID=147) to work on /opt/airflow/dags/example_dag.py
[2025-12-20T17:21:16.763+0000] {processor.py:830} INFO - Processing file /opt/airflow/dags/example_dag.py for tasks to queue
[2025-12-20T17:21:16.763+0000] {logging_mixin.py:188} INFO - [2025-12-20T17:21:16.763+0000] {dagbag.py:538} INFO - Filling up the DagBag from /opt/airflow/dags/example_dag.py
[2025-12-20T17:21:16.774+0000] {processor.py:840} INFO - DAG(s) 'example_dag' retrieved from /opt/airflow/dags/example_dag.py
[2025-12-20T17:21:16.800+0000] {logging_mixin.py:188} INFO - [2025-12-20T17:21:16.800+0000] {dag.py:3033} INFO - Sync 1 DAGs
[2025-12-20T17:21:16.817+0000] {logging_mixin.py:188} INFO - [2025-12-20T17:21:16.817+0000] {dag.py:3820} INFO - Setting next_dagrun for example_dag to 2025-12-20T00:00:00+00:00, run_after=2025-12-21T00:00:00+00:00
[2025-12-20T17:21:16.828+0000] {processor.py:183} INFO - Processing /opt/airflow/dags/example_dag.py took 0.069 seconds
[2025-12-20T17:21:47.297+0000] {processor.py:161} INFO - Started process (PID=157) to work on /opt/airflow/dags/example_dag.py
[2025-12-20T17:21:47.299+0000] {processor.py:830} INFO - Processing file /opt/airflow/dags/example_dag.py for tasks to queue
[2025-12-20T17:21:47.301+0000] {logging_mixin.py:188} INFO - [2025-12-20T17:21:47.300+0000] {dagbag.py:538} INFO - Filling up the DagBag from /opt/airflow/dags/example_dag.py
[2025-12-20T17:21:47.336+0000] {processor.py:840} INFO - DAG(s) 'example_dag' retrieved from /opt/airflow/dags/example_dag.py
[2025-12-20T17:21:47.411+0000] {logging_mixin.py:188} INFO - [2025-12-20T17:21:47.411+0000] {dag.py:3033} INFO - Sync 1 DAGs
[2025-12-20T17:21:47.466+0000] {logging_mixin.py:188} INFO - [2025-12-20T17:21:47.465+0000] {dag.py:3820} INFO - Setting next_dagrun for example_dag to 2025-12-20T00:00:00+00:00, run_after=2025-12-21T00:00:00+00:00
[2025-12-20T17:21:47.492+0000] {processor.py:183} INFO - Processing /opt/airflow/dags/example_dag.py took 0.209 seconds
[2025-12-20T17:22:17.704+0000] {processor.py:161} INFO - Started process (PID=167) to work on /opt/airflow/dags/example_dag.py
[2025-12-20T17:22:17.705+0000] {processor.py:830} INFO - Processing file /opt/airflow/dags/example_dag.py for tasks to queue
[2025-12-20T17:22:17.705+0000] {logging_mixin.py:188} INFO - [2025-12-20T17:22:17.705+0000] {dagbag.py:538} INFO - Filling up the DagBag from /opt/airflow/dags/example_dag.py
[2025-12-20T17:22:17.712+0000] {processor.py:840} INFO - DAG(s) 'example_dag' retrieved from /opt/airflow/dags/example_dag.py
[2025-12-20T17:22:17.733+0000] {logging_mixin.py:188} INFO - [2025-12-20T17:22:17.733+0000] {dag.py:3033} INFO - Sync 1 DAGs
[2025-12-20T17:22:17.749+0000] {logging_mixin.py:188} INFO - [2025-12-20T17:22:17.748+0000] {dag.py:3820} INFO - Setting next_dagrun for example_dag to 2025-12-20T00:00:00+00:00, run_after=2025-12-21T00:00:00+00:00
[2025-12-20T17:22:17.760+0000] {processor.py:183} INFO - Processing /opt/airflow/dags/example_dag.py took 0.059 seconds
[2025-12-20T17:22:48.195+0000] {processor.py:161} INFO - Started process (PID=177) to work on /opt/airflow/dags/example_dag.py
[2025-12-20T17:22:48.196+0000] {processor.py:830} INFO - Processing file /opt/airflow/dags/example_dag.py for tasks to queue
[2025-12-20T17:22:48.197+0000] {logging_mixin.py:188} INFO - [2025-12-20T17:22:48.197+0000] {dagbag.py:538} INFO - Filling up the DagBag from /opt/airflow/dags/example_dag.py
[2025-12-20T17:22:48.204+0000] {processor.py:840} INFO - DAG(s) 'example_dag' retrieved from /opt/airflow/dags/example_dag.py
[2025-12-20T17:22:48.228+0000] {logging_mixin.py:188} INFO - [2025-12-20T17:22:48.228+0000] {dag.py:3033} INFO - Sync 1 DAGs
[2025-12-20T17:22:48.246+0000] {logging_mixin.py:188} INFO - [2025-12-20T17:22:48.246+0000] {dag.py:3820} INFO - Setting next_dagrun for example_dag to 2025-12-20T00:00:00+00:00, run_after=2025-12-21T00:00:00+00:00
[2025-12-20T17:22:48.262+0000] {processor.py:183} INFO - Processing /opt/airflow/dags/example_dag.py took 0.069 seconds
[2025-12-20T17:23:18.616+0000] {processor.py:161} INFO - Started process (PID=187) to work on /opt/airflow/dags/example_dag.py
[2025-12-20T17:23:18.617+0000] {processor.py:830} INFO - Processing file /opt/airflow/dags/example_dag.py for tasks to queue
[2025-12-20T17:23:18.618+0000] {logging_mixin.py:188} INFO - [2025-12-20T17:23:18.618+0000] {dagbag.py:538} INFO - Filling up the DagBag from /opt/airflow/dags/example_dag.py
[2025-12-20T17:23:18.637+0000] {processor.py:840} INFO - DAG(s) 'example_dag' retrieved from /opt/airflow/dags/example_dag.py
[2025-12-20T17:23:18.660+0000] {logging_mixin.py:188} INFO - [2025-12-20T17:23:18.660+0000] {dag.py:3033} INFO - Sync 1 DAGs
[2025-12-20T17:23:18.676+0000] {logging_mixin.py:188} INFO - [2025-12-20T17:23:18.676+0000] {dag.py:3820} INFO - Setting next_dagrun for example_dag to 2025-12-20T00:00:00+00:00, run_after=2025-12-21T00:00:00+00:00
[2025-12-20T17:23:18.687+0000] {processor.py:183} INFO - Processing /opt/airflow/dags/example_dag.py took 0.076 seconds
[2025-12-20T17:23:49.023+0000] {processor.py:161} INFO - Started process (PID=197) to work on /opt/airflow/dags/example_dag.py
[2025-12-20T17:23:49.026+0000] {processor.py:830} INFO - Processing file /opt/airflow/dags/example_dag.py for tasks to queue
[2025-12-20T17:23:49.027+0000] {logging_mixin.py:188} INFO - [2025-12-20T17:23:49.027+0000] {dagbag.py:538} INFO - Filling up the DagBag from /opt/airflow/dags/example_dag.py
[2025-12-20T17:23:49.039+0000] {processor.py:840} INFO - DAG(s) 'example_dag' retrieved from /opt/airflow/dags/example_dag.py
[2025-12-20T17:23:49.066+0000] {logging_mixin.py:188} INFO - [2025-12-20T17:23:49.065+0000] {dag.py:3033} INFO - Sync 1 DAGs
[2025-12-20T17:23:49.082+0000] {logging_mixin.py:188} INFO - [2025-12-20T17:23:49.082+0000] {dag.py:3820} INFO - Setting next_dagrun for example_dag to 2025-12-20T00:00:00+00:00, run_after=2025-12-21T00:00:00+00:00
[2025-12-20T17:23:49.097+0000] {processor.py:183} INFO - Processing /opt/airflow/dags/example_dag.py took 0.084 seconds
[2025-12-20T17:24:19.481+0000] {processor.py:161} INFO - Started process (PID=207) to work on /opt/airflow/dags/example_dag.py
[2025-12-20T17:24:19.482+0000] {processor.py:830} INFO - Processing file /opt/airflow/dags/example_dag.py for tasks to queue
[2025-12-20T17:24:19.483+0000] {logging_mixin.py:188} INFO - [2025-12-20T17:24:19.482+0000] {dagbag.py:538} INFO - Filling up the DagBag from /opt/airflow/dags/example_dag.py
[2025-12-20T17:24:19.502+0000] {processor.py:840} INFO - DAG(s) 'example_dag' retrieved from /opt/airflow/dags/example_dag.py
[2025-12-20T17:24:19.523+0000] {logging_mixin.py:188} INFO - [2025-12-20T17:24:19.523+0000] {dag.py:3033} INFO - Sync 1 DAGs
[2025-12-20T17:24:19.538+0000] {logging_mixin.py:188} INFO - [2025-12-20T17:24:19.537+0000] {dag.py:3820} INFO - Setting next_dagrun for example_dag to 2025-12-20T00:00:00+00:00, run_after=2025-12-21T00:00:00+00:00
[2025-12-20T17:24:19.549+0000] {processor.py:183} INFO - Processing /opt/airflow/dags/example_dag.py took 0.070 seconds
[2025-12-20T17:24:50.001+0000] {processor.py:161} INFO - Started process (PID=217) to work on /opt/airflow/dags/example_dag.py
[2025-12-20T17:24:50.001+0000] {processor.py:830} INFO - Processing file /opt/airflow/dags/example_dag.py for tasks to queue
[2025-12-20T17:24:50.002+0000] {logging_mixin.py:188} INFO - [2025-12-20T17:24:50.002+0000] {dagbag.py:538} INFO - Filling up the DagBag from /opt/airflow/dags/example_dag.py
[2025-12-20T17:24:50.011+0000] {processor.py:840} INFO - DAG(s) 'example_dag' retrieved from /opt/airflow/dags/example_dag.py
[2025-12-20T17:24:50.035+0000] {logging_mixin.py:188} INFO - [2025-12-20T17:24:50.035+0000] {dag.py:3033} INFO - Sync 1 DAGs
[2025-12-20T17:24:50.049+0000] {logging_mixin.py:188} INFO - [2025-12-20T17:24:50.049+0000] {dag.py:3820} INFO - Setting next_dagrun for example_dag to 2025-12-20T00:00:00+00:00, run_after=2025-12-21T00:00:00+00:00
[2025-12-20T17:24:50.061+0000] {processor.py:183} INFO - Processing /opt/airflow/dags/example_dag.py took 0.062 seconds
[2025-12-20T17:25:20.418+0000] {processor.py:161} INFO - Started process (PID=227) to work on /opt/airflow/dags/example_dag.py
[2025-12-20T17:25:20.419+0000] {processor.py:830} INFO - Processing file /opt/airflow/dags/example_dag.py for tasks to queue
[2025-12-20T17:25:20.419+0000] {logging_mixin.py:188} INFO - [2025-12-20T17:25:20.419+0000] {dagbag.py:538} INFO - Filling up the DagBag from /opt/airflow/dags/example_dag.py
[2025-12-20T17:25:20.426+0000] {processor.py:840} INFO - DAG(s) 'example_dag' retrieved from /opt/airflow/dags/example_dag.py
[2025-12-20T17:25:20.444+0000] {logging_mixin.py:188} INFO - [2025-12-20T17:25:20.444+0000] {dag.py:3033} INFO - Sync 1 DAGs
[2025-12-20T17:25:20.457+0000] {logging_mixin.py:188} INFO - [2025-12-20T17:25:20.457+0000] {dag.py:3820} INFO - Setting next_dagrun for example_dag to 2025-12-20T00:00:00+00:00, run_after=2025-12-21T00:00:00+00:00
[2025-12-20T17:25:20.468+0000] {processor.py:183} INFO - Processing /opt/airflow/dags/example_dag.py took 0.052 seconds
[2025-12-20T17:25:50.907+0000] {processor.py:161} INFO - Started process (PID=237) to work on /opt/airflow/dags/example_dag.py
[2025-12-20T17:25:50.909+0000] {processor.py:830} INFO - Processing file /opt/airflow/dags/example_dag.py for tasks to queue
[2025-12-20T17:25:50.909+0000] {logging_mixin.py:188} INFO - [2025-12-20T17:25:50.909+0000] {dagbag.py:538} INFO - Filling up the DagBag from /opt/airflow/dags/example_dag.py
[2025-12-20T17:25:50.918+0000] {processor.py:840} INFO - DAG(s) 'example_dag' retrieved from /opt/airflow/dags/example_dag.py
[2025-12-20T17:25:50.949+0000] {logging_mixin.py:188} INFO - [2025-12-20T17:25:50.949+0000] {dag.py:3033} INFO - Sync 1 DAGs
[2025-12-20T17:25:50.971+0000] {logging_mixin.py:188} INFO - [2025-12-20T17:25:50.971+0000] {dag.py:3820} INFO - Setting next_dagrun for example_dag to 2025-12-20T00:00:00+00:00, run_after=2025-12-21T00:00:00+00:00
[2025-12-20T17:25:50.993+0000] {processor.py:183} INFO - Processing /opt/airflow/dags/example_dag.py took 0.091 seconds
[2025-12-20T17:26:21.378+0000] {processor.py:161} INFO - Started process (PID=247) to work on /opt/airflow/dags/example_dag.py
[2025-12-20T17:26:21.379+0000] {processor.py:830} INFO - Processing file /opt/airflow/dags/example_dag.py for tasks to queue
[2025-12-20T17:26:21.379+0000] {logging_mixin.py:188} INFO - [2025-12-20T17:26:21.379+0000] {dagbag.py:538} INFO - Filling up the DagBag from /opt/airflow/dags/example_dag.py
[2025-12-20T17:26:21.391+0000] {processor.py:840} INFO - DAG(s) 'example_dag' retrieved from /opt/airflow/dags/example_dag.py
[2025-12-20T17:26:21.413+0000] {logging_mixin.py:188} INFO - [2025-12-20T17:26:21.413+0000] {dag.py:3033} INFO - Sync 1 DAGs
[2025-12-20T17:26:21.427+0000] {logging_mixin.py:188} INFO - [2025-12-20T17:26:21.427+0000] {dag.py:3820} INFO - Setting next_dagrun for example_dag to 2025-12-20T00:00:00+00:00, run_after=2025-12-21T00:00:00+00:00
[2025-12-20T17:26:21.439+0000] {processor.py:183} INFO - Processing /opt/airflow/dags/example_dag.py took 0.063 seconds
[2025-12-20T17:37:19.956+0000] {processor.py:161} INFO - Started process (PID=32) to work on /opt/airflow/dags/example_dag.py
[2025-12-20T17:37:19.958+0000] {processor.py:830} INFO - Processing file /opt/airflow/dags/example_dag.py for tasks to queue
[2025-12-20T17:37:19.958+0000] {logging_mixin.py:188} INFO - [2025-12-20T17:37:19.958+0000] {dagbag.py:538} INFO - Filling up the DagBag from /opt/airflow/dags/example_dag.py
[2025-12-20T17:37:19.967+0000] {processor.py:840} INFO - DAG(s) 'example_dag' retrieved from /opt/airflow/dags/example_dag.py
[2025-12-20T17:37:19.981+0000] {logging_mixin.py:188} INFO - [2025-12-20T17:37:19.981+0000] {dag.py:3033} INFO - Sync 1 DAGs
[2025-12-20T17:37:19.996+0000] {logging_mixin.py:188} INFO - [2025-12-20T17:37:19.996+0000] {dag.py:3820} INFO - Setting next_dagrun for example_dag to 2025-12-20T00:00:00+00:00, run_after=2025-12-21T00:00:00+00:00
[2025-12-20T17:37:20.023+0000] {processor.py:183} INFO - Processing /opt/airflow/dags/example_dag.py took 0.070 seconds
[2025-12-20T17:37:50.441+0000] {processor.py:161} INFO - Started process (PID=42) to work on /opt/airflow/dags/example_dag.py
[2025-12-20T17:37:50.442+0000] {processor.py:830} INFO - Processing file /opt/airflow/dags/example_dag.py for tasks to queue
[2025-12-20T17:37:50.443+0000] {logging_mixin.py:188} INFO - [2025-12-20T17:37:50.442+0000] {dagbag.py:538} INFO - Filling up the DagBag from /opt/airflow/dags/example_dag.py
[2025-12-20T17:37:50.451+0000] {processor.py:840} INFO - DAG(s) 'example_dag' retrieved from /opt/airflow/dags/example_dag.py
[2025-12-20T17:37:50.506+0000] {logging_mixin.py:188} INFO - [2025-12-20T17:37:50.506+0000] {dag.py:3033} INFO - Sync 1 DAGs
[2025-12-20T17:37:50.517+0000] {logging_mixin.py:188} INFO - [2025-12-20T17:37:50.517+0000] {dag.py:3820} INFO - Setting next_dagrun for example_dag to 2025-12-20T00:00:00+00:00, run_after=2025-12-21T00:00:00+00:00
[2025-12-20T17:37:50.531+0000] {processor.py:183} INFO - Processing /opt/airflow/dags/example_dag.py took 0.092 seconds
[2025-12-20T17:38:20.851+0000] {processor.py:161} INFO - Started process (PID=52) to work on /opt/airflow/dags/example_dag.py
[2025-12-20T17:38:20.852+0000] {processor.py:830} INFO - Processing file /opt/airflow/dags/example_dag.py for tasks to queue
[2025-12-20T17:38:20.852+0000] {logging_mixin.py:188} INFO - [2025-12-20T17:38:20.852+0000] {dagbag.py:538} INFO - Filling up the DagBag from /opt/airflow/dags/example_dag.py
[2025-12-20T17:38:20.858+0000] {processor.py:840} INFO - DAG(s) 'example_dag' retrieved from /opt/airflow/dags/example_dag.py
[2025-12-20T17:38:20.878+0000] {logging_mixin.py:188} INFO - [2025-12-20T17:38:20.878+0000] {dag.py:3033} INFO - Sync 1 DAGs
[2025-12-20T17:38:20.889+0000] {logging_mixin.py:188} INFO - [2025-12-20T17:38:20.889+0000] {dag.py:3820} INFO - Setting next_dagrun for example_dag to 2025-12-20T00:00:00+00:00, run_after=2025-12-21T00:00:00+00:00
[2025-12-20T17:38:20.898+0000] {processor.py:183} INFO - Processing /opt/airflow/dags/example_dag.py took 0.049 seconds
[2025-12-20T17:38:51.299+0000] {processor.py:161} INFO - Started process (PID=62) to work on /opt/airflow/dags/example_dag.py
[2025-12-20T17:38:51.300+0000] {processor.py:830} INFO - Processing file /opt/airflow/dags/example_dag.py for tasks to queue
[2025-12-20T17:38:51.301+0000] {logging_mixin.py:188} INFO - [2025-12-20T17:38:51.301+0000] {dagbag.py:538} INFO - Filling up the DagBag from /opt/airflow/dags/example_dag.py
[2025-12-20T17:38:51.312+0000] {processor.py:840} INFO - DAG(s) 'example_dag' retrieved from /opt/airflow/dags/example_dag.py
[2025-12-20T17:38:51.333+0000] {logging_mixin.py:188} INFO - [2025-12-20T17:38:51.333+0000] {dag.py:3033} INFO - Sync 1 DAGs
[2025-12-20T17:38:51.346+0000] {logging_mixin.py:188} INFO - [2025-12-20T17:38:51.346+0000] {dag.py:3820} INFO - Setting next_dagrun for example_dag to 2025-12-20T00:00:00+00:00, run_after=2025-12-21T00:00:00+00:00
[2025-12-20T17:38:51.357+0000] {processor.py:183} INFO - Processing /opt/airflow/dags/example_dag.py took 0.060 seconds
[2025-12-20T17:39:21.638+0000] {processor.py:161} INFO - Started process (PID=72) to work on /opt/airflow/dags/example_dag.py
[2025-12-20T17:39:21.639+0000] {processor.py:830} INFO - Processing file /opt/airflow/dags/example_dag.py for tasks to queue
[2025-12-20T17:39:21.639+0000] {logging_mixin.py:188} INFO - [2025-12-20T17:39:21.639+0000] {dagbag.py:538} INFO - Filling up the DagBag from /opt/airflow/dags/example_dag.py
[2025-12-20T17:39:21.646+0000] {processor.py:840} INFO - DAG(s) 'example_dag' retrieved from /opt/airflow/dags/example_dag.py
[2025-12-20T17:39:21.665+0000] {logging_mixin.py:188} INFO - [2025-12-20T17:39:21.665+0000] {dag.py:3033} INFO - Sync 1 DAGs
[2025-12-20T17:39:21.679+0000] {logging_mixin.py:188} INFO - [2025-12-20T17:39:21.679+0000] {dag.py:3820} INFO - Setting next_dagrun for example_dag to 2025-12-20T00:00:00+00:00, run_after=2025-12-21T00:00:00+00:00
[2025-12-20T17:39:21.690+0000] {processor.py:183} INFO - Processing /opt/airflow/dags/example_dag.py took 0.054 seconds
[2025-12-20T17:39:52.114+0000] {processor.py:161} INFO - Started process (PID=82) to work on /opt/airflow/dags/example_dag.py
[2025-12-20T17:39:52.115+0000] {processor.py:830} INFO - Processing file /opt/airflow/dags/example_dag.py for tasks to queue
[2025-12-20T17:39:52.115+0000] {logging_mixin.py:188} INFO - [2025-12-20T17:39:52.115+0000] {dagbag.py:538} INFO - Filling up the DagBag from /opt/airflow/dags/example_dag.py
[2025-12-20T17:39:52.125+0000] {processor.py:840} INFO - DAG(s) 'example_dag' retrieved from /opt/airflow/dags/example_dag.py
[2025-12-20T17:39:52.147+0000] {logging_mixin.py:188} INFO - [2025-12-20T17:39:52.147+0000] {dag.py:3033} INFO - Sync 1 DAGs
[2025-12-20T17:39:52.161+0000] {logging_mixin.py:188} INFO - [2025-12-20T17:39:52.161+0000] {dag.py:3820} INFO - Setting next_dagrun for example_dag to 2025-12-20T00:00:00+00:00, run_after=2025-12-21T00:00:00+00:00
[2025-12-20T17:39:52.175+0000] {processor.py:183} INFO - Processing /opt/airflow/dags/example_dag.py took 0.063 seconds
[2025-12-20T17:40:22.597+0000] {processor.py:161} INFO - Started process (PID=92) to work on /opt/airflow/dags/example_dag.py
[2025-12-20T17:40:22.598+0000] {processor.py:830} INFO - Processing file /opt/airflow/dags/example_dag.py for tasks to queue
[2025-12-20T17:40:22.598+0000] {logging_mixin.py:188} INFO - [2025-12-20T17:40:22.598+0000] {dagbag.py:538} INFO - Filling up the DagBag from /opt/airflow/dags/example_dag.py
[2025-12-20T17:40:22.605+0000] {processor.py:840} INFO - DAG(s) 'example_dag' retrieved from /opt/airflow/dags/example_dag.py
[2025-12-20T17:40:22.623+0000] {logging_mixin.py:188} INFO - [2025-12-20T17:40:22.623+0000] {dag.py:3033} INFO - Sync 1 DAGs
[2025-12-20T17:40:22.638+0000] {logging_mixin.py:188} INFO - [2025-12-20T17:40:22.638+0000] {dag.py:3820} INFO - Setting next_dagrun for example_dag to 2025-12-20T00:00:00+00:00, run_after=2025-12-21T00:00:00+00:00
[2025-12-20T17:40:22.649+0000] {processor.py:183} INFO - Processing /opt/airflow/dags/example_dag.py took 0.054 seconds
[2025-12-20T17:40:53.103+0000] {processor.py:161} INFO - Started process (PID=102) to work on /opt/airflow/dags/example_dag.py
[2025-12-20T17:40:53.104+0000] {processor.py:830} INFO - Processing file /opt/airflow/dags/example_dag.py for tasks to queue
[2025-12-20T17:40:53.104+0000] {logging_mixin.py:188} INFO - [2025-12-20T17:40:53.104+0000] {dagbag.py:538} INFO - Filling up the DagBag from /opt/airflow/dags/example_dag.py
[2025-12-20T17:40:53.111+0000] {processor.py:840} INFO - DAG(s) 'example_dag' retrieved from /opt/airflow/dags/example_dag.py
[2025-12-20T17:40:53.130+0000] {logging_mixin.py:188} INFO - [2025-12-20T17:40:53.130+0000] {dag.py:3033} INFO - Sync 1 DAGs
[2025-12-20T17:40:53.143+0000] {logging_mixin.py:188} INFO - [2025-12-20T17:40:53.143+0000] {dag.py:3820} INFO - Setting next_dagrun for example_dag to 2025-12-20T00:00:00+00:00, run_after=2025-12-21T00:00:00+00:00
[2025-12-20T17:40:53.153+0000] {processor.py:183} INFO - Processing /opt/airflow/dags/example_dag.py took 0.052 seconds
[2025-12-20T17:41:23.541+0000] {processor.py:161} INFO - Started process (PID=111) to work on /opt/airflow/dags/example_dag.py
[2025-12-20T17:41:23.542+0000] {processor.py:830} INFO - Processing file /opt/airflow/dags/example_dag.py for tasks to queue
[2025-12-20T17:41:23.542+0000] {logging_mixin.py:188} INFO - [2025-12-20T17:41:23.542+0000] {dagbag.py:538} INFO - Filling up the DagBag from /opt/airflow/dags/example_dag.py
[2025-12-20T17:41:23.549+0000] {processor.py:840} INFO - DAG(s) 'example_dag' retrieved from /opt/airflow/dags/example_dag.py
[2025-12-20T17:41:23.574+0000] {logging_mixin.py:188} INFO - [2025-12-20T17:41:23.573+0000] {dag.py:3033} INFO - Sync 1 DAGs
[2025-12-20T17:41:23.589+0000] {logging_mixin.py:188} INFO - [2025-12-20T17:41:23.589+0000] {dag.py:3820} INFO - Setting next_dagrun for example_dag to 2025-12-20T00:00:00+00:00, run_after=2025-12-21T00:00:00+00:00
[2025-12-20T17:41:23.606+0000] {processor.py:183} INFO - Processing /opt/airflow/dags/example_dag.py took 0.068 seconds
[2025-12-20T17:41:54.111+0000] {processor.py:161} INFO - Started process (PID=115) to work on /opt/airflow/dags/example_dag.py
[2025-12-20T17:41:54.113+0000] {processor.py:830} INFO - Processing file /opt/airflow/dags/example_dag.py for tasks to queue
[2025-12-20T17:41:54.114+0000] {logging_mixin.py:188} INFO - [2025-12-20T17:41:54.114+0000] {dagbag.py:538} INFO - Filling up the DagBag from /opt/airflow/dags/example_dag.py
[2025-12-20T17:41:54.121+0000] {processor.py:840} INFO - DAG(s) 'example_dag' retrieved from /opt/airflow/dags/example_dag.py
[2025-12-20T17:41:54.152+0000] {logging_mixin.py:188} INFO - [2025-12-20T17:41:54.151+0000] {dag.py:3033} INFO - Sync 1 DAGs
[2025-12-20T17:41:54.170+0000] {logging_mixin.py:188} INFO - [2025-12-20T17:41:54.170+0000] {dag.py:3820} INFO - Setting next_dagrun for example_dag to 2025-12-20T00:00:00+00:00, run_after=2025-12-21T00:00:00+00:00
[2025-12-20T17:41:54.182+0000] {processor.py:183} INFO - Processing /opt/airflow/dags/example_dag.py took 0.073 seconds
[2025-12-20T17:42:24.859+0000] {processor.py:161} INFO - Started process (PID=124) to work on /opt/airflow/dags/example_dag.py
[2025-12-20T17:42:24.861+0000] {processor.py:830} INFO - Processing file /opt/airflow/dags/example_dag.py for tasks to queue
[2025-12-20T17:42:24.861+0000] {logging_mixin.py:188} INFO - [2025-12-20T17:42:24.861+0000] {dagbag.py:538} INFO - Filling up the DagBag from /opt/airflow/dags/example_dag.py
[2025-12-20T17:42:24.870+0000] {processor.py:840} INFO - DAG(s) 'example_dag' retrieved from /opt/airflow/dags/example_dag.py
[2025-12-20T17:42:24.910+0000] {logging_mixin.py:188} INFO - [2025-12-20T17:42:24.910+0000] {dag.py:3033} INFO - Sync 1 DAGs
[2025-12-20T17:42:24.927+0000] {logging_mixin.py:188} INFO - [2025-12-20T17:42:24.926+0000] {dag.py:3820} INFO - Setting next_dagrun for example_dag to 2025-12-20T00:00:00+00:00, run_after=2025-12-21T00:00:00+00:00
[2025-12-20T17:42:24.942+0000] {processor.py:183} INFO - Processing /opt/airflow/dags/example_dag.py took 0.089 seconds
[2025-12-20T17:42:55.509+0000] {processor.py:161} INFO - Started process (PID=134) to work on /opt/airflow/dags/example_dag.py
[2025-12-20T17:42:55.510+0000] {processor.py:830} INFO - Processing file /opt/airflow/dags/example_dag.py for tasks to queue
[2025-12-20T17:42:55.510+0000] {logging_mixin.py:188} INFO - [2025-12-20T17:42:55.510+0000] {dagbag.py:538} INFO - Filling up the DagBag from /opt/airflow/dags/example_dag.py
[2025-12-20T17:42:55.517+0000] {processor.py:840} INFO - DAG(s) 'example_dag' retrieved from /opt/airflow/dags/example_dag.py
[2025-12-20T17:42:55.537+0000] {logging_mixin.py:188} INFO - [2025-12-20T17:42:55.537+0000] {dag.py:3033} INFO - Sync 1 DAGs
[2025-12-20T17:42:55.550+0000] {logging_mixin.py:188} INFO - [2025-12-20T17:42:55.550+0000] {dag.py:3820} INFO - Setting next_dagrun for example_dag to 2025-12-20T00:00:00+00:00, run_after=2025-12-21T00:00:00+00:00
[2025-12-20T17:42:55.560+0000] {processor.py:183} INFO - Processing /opt/airflow/dags/example_dag.py took 0.053 seconds
[2025-12-20T17:43:25.991+0000] {processor.py:161} INFO - Started process (PID=144) to work on /opt/airflow/dags/example_dag.py
[2025-12-20T17:43:25.992+0000] {processor.py:830} INFO - Processing file /opt/airflow/dags/example_dag.py for tasks to queue
[2025-12-20T17:43:25.992+0000] {logging_mixin.py:188} INFO - [2025-12-20T17:43:25.992+0000] {dagbag.py:538} INFO - Filling up the DagBag from /opt/airflow/dags/example_dag.py
[2025-12-20T17:43:26.000+0000] {processor.py:840} INFO - DAG(s) 'example_dag' retrieved from /opt/airflow/dags/example_dag.py
[2025-12-20T17:43:26.022+0000] {logging_mixin.py:188} INFO - [2025-12-20T17:43:26.022+0000] {dag.py:3033} INFO - Sync 1 DAGs
[2025-12-20T17:43:26.070+0000] {logging_mixin.py:188} INFO - [2025-12-20T17:43:26.070+0000] {dag.py:3820} INFO - Setting next_dagrun for example_dag to 2025-12-20T00:00:00+00:00, run_after=2025-12-21T00:00:00+00:00
[2025-12-20T17:43:26.104+0000] {processor.py:183} INFO - Processing /opt/airflow/dags/example_dag.py took 0.115 seconds
[2025-12-20T17:43:56.441+0000] {processor.py:161} INFO - Started process (PID=153) to work on /opt/airflow/dags/example_dag.py
[2025-12-20T17:43:56.443+0000] {processor.py:830} INFO - Processing file /opt/airflow/dags/example_dag.py for tasks to queue
[2025-12-20T17:43:56.443+0000] {logging_mixin.py:188} INFO - [2025-12-20T17:43:56.443+0000] {dagbag.py:538} INFO - Filling up the DagBag from /opt/airflow/dags/example_dag.py
[2025-12-20T17:43:56.451+0000] {processor.py:840} INFO - DAG(s) 'example_dag' retrieved from /opt/airflow/dags/example_dag.py
[2025-12-20T17:43:56.476+0000] {logging_mixin.py:188} INFO - [2025-12-20T17:43:56.476+0000] {dag.py:3033} INFO - Sync 1 DAGs
[2025-12-20T17:43:56.493+0000] {logging_mixin.py:188} INFO - [2025-12-20T17:43:56.493+0000] {dag.py:3820} INFO - Setting next_dagrun for example_dag to 2025-12-20T00:00:00+00:00, run_after=2025-12-21T00:00:00+00:00
[2025-12-20T17:43:56.506+0000] {processor.py:183} INFO - Processing /opt/airflow/dags/example_dag.py took 0.070 seconds
[2025-12-20T17:44:26.992+0000] {processor.py:161} INFO - Started process (PID=163) to work on /opt/airflow/dags/example_dag.py
[2025-12-20T17:44:26.993+0000] {processor.py:830} INFO - Processing file /opt/airflow/dags/example_dag.py for tasks to queue
[2025-12-20T17:44:26.993+0000] {logging_mixin.py:188} INFO - [2025-12-20T17:44:26.993+0000] {dagbag.py:538} INFO - Filling up the DagBag from /opt/airflow/dags/example_dag.py
[2025-12-20T17:44:27.002+0000] {processor.py:840} INFO - DAG(s) 'example_dag' retrieved from /opt/airflow/dags/example_dag.py
[2025-12-20T17:44:27.027+0000] {logging_mixin.py:188} INFO - [2025-12-20T17:44:27.027+0000] {dag.py:3033} INFO - Sync 1 DAGs
[2025-12-20T17:44:27.044+0000] {logging_mixin.py:188} INFO - [2025-12-20T17:44:27.043+0000] {dag.py:3820} INFO - Setting next_dagrun for example_dag to 2025-12-20T00:00:00+00:00, run_after=2025-12-21T00:00:00+00:00
[2025-12-20T17:44:27.059+0000] {processor.py:183} INFO - Processing /opt/airflow/dags/example_dag.py took 0.069 seconds
[2025-12-20T17:44:57.368+0000] {processor.py:161} INFO - Started process (PID=173) to work on /opt/airflow/dags/example_dag.py
[2025-12-20T17:44:57.371+0000] {processor.py:830} INFO - Processing file /opt/airflow/dags/example_dag.py for tasks to queue
[2025-12-20T17:44:57.372+0000] {logging_mixin.py:188} INFO - [2025-12-20T17:44:57.372+0000] {dagbag.py:538} INFO - Filling up the DagBag from /opt/airflow/dags/example_dag.py
[2025-12-20T17:44:57.378+0000] {processor.py:840} INFO - DAG(s) 'example_dag' retrieved from /opt/airflow/dags/example_dag.py
[2025-12-20T17:44:57.397+0000] {logging_mixin.py:188} INFO - [2025-12-20T17:44:57.397+0000] {dag.py:3033} INFO - Sync 1 DAGs
[2025-12-20T17:44:57.409+0000] {logging_mixin.py:188} INFO - [2025-12-20T17:44:57.409+0000] {dag.py:3820} INFO - Setting next_dagrun for example_dag to 2025-12-20T00:00:00+00:00, run_after=2025-12-21T00:00:00+00:00
[2025-12-20T17:44:57.418+0000] {processor.py:183} INFO - Processing /opt/airflow/dags/example_dag.py took 0.054 seconds
[2025-12-20T17:59:40.118+0000] {processor.py:161} INFO - Started process (PID=32) to work on /opt/airflow/dags/example_dag.py
[2025-12-20T17:59:40.119+0000] {processor.py:830} INFO - Processing file /opt/airflow/dags/example_dag.py for tasks to queue
[2025-12-20T17:59:40.120+0000] {logging_mixin.py:188} INFO - [2025-12-20T17:59:40.120+0000] {dagbag.py:538} INFO - Filling up the DagBag from /opt/airflow/dags/example_dag.py
[2025-12-20T17:59:40.138+0000] {processor.py:840} INFO - DAG(s) 'example_dag' retrieved from /opt/airflow/dags/example_dag.py
[2025-12-20T17:59:40.155+0000] {logging_mixin.py:188} INFO - [2025-12-20T17:59:40.154+0000] {dag.py:3033} INFO - Sync 1 DAGs
[2025-12-20T17:59:40.240+0000] {logging_mixin.py:188} INFO - [2025-12-20T17:59:40.240+0000] {dag.py:3820} INFO - Setting next_dagrun for example_dag to 2025-12-20T00:00:00+00:00, run_after=2025-12-21T00:00:00+00:00
[2025-12-20T17:59:40.265+0000] {processor.py:183} INFO - Processing /opt/airflow/dags/example_dag.py took 0.153 seconds
[2025-12-20T18:00:10.596+0000] {processor.py:161} INFO - Started process (PID=42) to work on /opt/airflow/dags/example_dag.py
[2025-12-20T18:00:10.596+0000] {processor.py:830} INFO - Processing file /opt/airflow/dags/example_dag.py for tasks to queue
[2025-12-20T18:00:10.597+0000] {logging_mixin.py:188} INFO - [2025-12-20T18:00:10.597+0000] {dagbag.py:538} INFO - Filling up the DagBag from /opt/airflow/dags/example_dag.py
[2025-12-20T18:00:10.604+0000] {processor.py:840} INFO - DAG(s) 'example_dag' retrieved from /opt/airflow/dags/example_dag.py
[2025-12-20T18:00:10.663+0000] {logging_mixin.py:188} INFO - [2025-12-20T18:00:10.663+0000] {dag.py:3033} INFO - Sync 1 DAGs
[2025-12-20T18:00:10.677+0000] {logging_mixin.py:188} INFO - [2025-12-20T18:00:10.677+0000] {dag.py:3820} INFO - Setting next_dagrun for example_dag to 2025-12-20T00:00:00+00:00, run_after=2025-12-21T00:00:00+00:00
[2025-12-20T18:00:10.689+0000] {processor.py:183} INFO - Processing /opt/airflow/dags/example_dag.py took 0.095 seconds
[2025-12-20T18:00:41.163+0000] {processor.py:161} INFO - Started process (PID=64) to work on /opt/airflow/dags/example_dag.py
[2025-12-20T18:00:41.164+0000] {processor.py:830} INFO - Processing file /opt/airflow/dags/example_dag.py for tasks to queue
[2025-12-20T18:00:41.165+0000] {logging_mixin.py:188} INFO - [2025-12-20T18:00:41.165+0000] {dagbag.py:538} INFO - Filling up the DagBag from /opt/airflow/dags/example_dag.py
[2025-12-20T18:00:41.174+0000] {processor.py:840} INFO - DAG(s) 'example_dag' retrieved from /opt/airflow/dags/example_dag.py
[2025-12-20T18:00:41.196+0000] {logging_mixin.py:188} INFO - [2025-12-20T18:00:41.196+0000] {dag.py:3033} INFO - Sync 1 DAGs
[2025-12-20T18:00:41.210+0000] {logging_mixin.py:188} INFO - [2025-12-20T18:00:41.210+0000] {dag.py:3820} INFO - Setting next_dagrun for example_dag to 2025-12-20T00:00:00+00:00, run_after=2025-12-21T00:00:00+00:00
[2025-12-20T18:00:41.222+0000] {processor.py:183} INFO - Processing /opt/airflow/dags/example_dag.py took 0.066 seconds
[2025-12-20T18:01:11.588+0000] {processor.py:161} INFO - Started process (PID=74) to work on /opt/airflow/dags/example_dag.py
[2025-12-20T18:01:11.588+0000] {processor.py:830} INFO - Processing file /opt/airflow/dags/example_dag.py for tasks to queue
[2025-12-20T18:01:11.589+0000] {logging_mixin.py:188} INFO - [2025-12-20T18:01:11.589+0000] {dagbag.py:538} INFO - Filling up the DagBag from /opt/airflow/dags/example_dag.py
[2025-12-20T18:01:11.595+0000] {processor.py:840} INFO - DAG(s) 'example_dag' retrieved from /opt/airflow/dags/example_dag.py
[2025-12-20T18:01:11.614+0000] {logging_mixin.py:188} INFO - [2025-12-20T18:01:11.614+0000] {dag.py:3033} INFO - Sync 1 DAGs
[2025-12-20T18:01:11.631+0000] {logging_mixin.py:188} INFO - [2025-12-20T18:01:11.631+0000] {dag.py:3820} INFO - Setting next_dagrun for example_dag to 2025-12-20T00:00:00+00:00, run_after=2025-12-21T00:00:00+00:00
[2025-12-20T18:01:11.641+0000] {processor.py:183} INFO - Processing /opt/airflow/dags/example_dag.py took 0.056 seconds
[2025-12-20T18:01:41.944+0000] {processor.py:161} INFO - Started process (PID=84) to work on /opt/airflow/dags/example_dag.py
[2025-12-20T18:01:41.944+0000] {processor.py:830} INFO - Processing file /opt/airflow/dags/example_dag.py for tasks to queue
[2025-12-20T18:01:41.945+0000] {logging_mixin.py:188} INFO - [2025-12-20T18:01:41.945+0000] {dagbag.py:538} INFO - Filling up the DagBag from /opt/airflow/dags/example_dag.py
[2025-12-20T18:01:41.951+0000] {processor.py:840} INFO - DAG(s) 'example_dag' retrieved from /opt/airflow/dags/example_dag.py
[2025-12-20T18:01:41.973+0000] {logging_mixin.py:188} INFO - [2025-12-20T18:01:41.973+0000] {dag.py:3033} INFO - Sync 1 DAGs
[2025-12-20T18:01:41.985+0000] {logging_mixin.py:188} INFO - [2025-12-20T18:01:41.985+0000] {dag.py:3820} INFO - Setting next_dagrun for example_dag to 2025-12-20T00:00:00+00:00, run_after=2025-12-21T00:00:00+00:00
[2025-12-20T18:01:41.996+0000] {processor.py:183} INFO - Processing /opt/airflow/dags/example_dag.py took 0.054 seconds
[2025-12-20T18:02:12.417+0000] {processor.py:161} INFO - Started process (PID=94) to work on /opt/airflow/dags/example_dag.py
[2025-12-20T18:02:12.418+0000] {processor.py:830} INFO - Processing file /opt/airflow/dags/example_dag.py for tasks to queue
[2025-12-20T18:02:12.418+0000] {logging_mixin.py:188} INFO - [2025-12-20T18:02:12.418+0000] {dagbag.py:538} INFO - Filling up the DagBag from /opt/airflow/dags/example_dag.py
[2025-12-20T18:02:12.425+0000] {processor.py:840} INFO - DAG(s) 'example_dag' retrieved from /opt/airflow/dags/example_dag.py
[2025-12-20T18:02:12.443+0000] {logging_mixin.py:188} INFO - [2025-12-20T18:02:12.443+0000] {dag.py:3033} INFO - Sync 1 DAGs
[2025-12-20T18:02:12.456+0000] {logging_mixin.py:188} INFO - [2025-12-20T18:02:12.456+0000] {dag.py:3820} INFO - Setting next_dagrun for example_dag to 2025-12-20T00:00:00+00:00, run_after=2025-12-21T00:00:00+00:00
[2025-12-20T18:02:12.466+0000] {processor.py:183} INFO - Processing /opt/airflow/dags/example_dag.py took 0.051 seconds
[2025-12-20T18:02:42.872+0000] {processor.py:161} INFO - Started process (PID=104) to work on /opt/airflow/dags/example_dag.py
[2025-12-20T18:02:42.873+0000] {processor.py:830} INFO - Processing file /opt/airflow/dags/example_dag.py for tasks to queue
[2025-12-20T18:02:42.874+0000] {logging_mixin.py:188} INFO - [2025-12-20T18:02:42.874+0000] {dagbag.py:538} INFO - Filling up the DagBag from /opt/airflow/dags/example_dag.py
[2025-12-20T18:02:42.881+0000] {processor.py:840} INFO - DAG(s) 'example_dag' retrieved from /opt/airflow/dags/example_dag.py
[2025-12-20T18:02:42.904+0000] {logging_mixin.py:188} INFO - [2025-12-20T18:02:42.904+0000] {dag.py:3033} INFO - Sync 1 DAGs
[2025-12-20T18:02:42.920+0000] {logging_mixin.py:188} INFO - [2025-12-20T18:02:42.920+0000] {dag.py:3820} INFO - Setting next_dagrun for example_dag to 2025-12-20T00:00:00+00:00, run_after=2025-12-21T00:00:00+00:00
[2025-12-20T18:02:42.932+0000] {processor.py:183} INFO - Processing /opt/airflow/dags/example_dag.py took 0.062 seconds
[2025-12-20T18:03:13.317+0000] {processor.py:161} INFO - Started process (PID=114) to work on /opt/airflow/dags/example_dag.py
[2025-12-20T18:03:13.318+0000] {processor.py:830} INFO - Processing file /opt/airflow/dags/example_dag.py for tasks to queue
[2025-12-20T18:03:13.319+0000] {logging_mixin.py:188} INFO - [2025-12-20T18:03:13.318+0000] {dagbag.py:538} INFO - Filling up the DagBag from /opt/airflow/dags/example_dag.py
[2025-12-20T18:03:13.332+0000] {processor.py:840} INFO - DAG(s) 'example_dag' retrieved from /opt/airflow/dags/example_dag.py
[2025-12-20T18:03:13.354+0000] {logging_mixin.py:188} INFO - [2025-12-20T18:03:13.353+0000] {dag.py:3033} INFO - Sync 1 DAGs
[2025-12-20T18:03:13.368+0000] {logging_mixin.py:188} INFO - [2025-12-20T18:03:13.368+0000] {dag.py:3820} INFO - Setting next_dagrun for example_dag to 2025-12-20T00:00:00+00:00, run_after=2025-12-21T00:00:00+00:00
[2025-12-20T18:03:13.379+0000] {processor.py:183} INFO - Processing /opt/airflow/dags/example_dag.py took 0.065 seconds
[2025-12-20T18:03:43.692+0000] {processor.py:161} INFO - Started process (PID=124) to work on /opt/airflow/dags/example_dag.py
[2025-12-20T18:03:43.693+0000] {processor.py:830} INFO - Processing file /opt/airflow/dags/example_dag.py for tasks to queue
[2025-12-20T18:03:43.693+0000] {logging_mixin.py:188} INFO - [2025-12-20T18:03:43.693+0000] {dagbag.py:538} INFO - Filling up the DagBag from /opt/airflow/dags/example_dag.py
[2025-12-20T18:03:43.700+0000] {processor.py:840} INFO - DAG(s) 'example_dag' retrieved from /opt/airflow/dags/example_dag.py
[2025-12-20T18:03:43.723+0000] {logging_mixin.py:188} INFO - [2025-12-20T18:03:43.723+0000] {dag.py:3033} INFO - Sync 1 DAGs
[2025-12-20T18:03:43.739+0000] {logging_mixin.py:188} INFO - [2025-12-20T18:03:43.739+0000] {dag.py:3820} INFO - Setting next_dagrun for example_dag to 2025-12-20T00:00:00+00:00, run_after=2025-12-21T00:00:00+00:00
[2025-12-20T18:03:43.753+0000] {processor.py:183} INFO - Processing /opt/airflow/dags/example_dag.py took 0.063 seconds
[2025-12-20T18:04:14.172+0000] {processor.py:161} INFO - Started process (PID=127) to work on /opt/airflow/dags/example_dag.py
[2025-12-20T18:04:14.173+0000] {processor.py:830} INFO - Processing file /opt/airflow/dags/example_dag.py for tasks to queue
[2025-12-20T18:04:14.174+0000] {logging_mixin.py:188} INFO - [2025-12-20T18:04:14.174+0000] {dagbag.py:538} INFO - Filling up the DagBag from /opt/airflow/dags/example_dag.py
[2025-12-20T18:04:14.184+0000] {processor.py:840} INFO - DAG(s) 'example_dag' retrieved from /opt/airflow/dags/example_dag.py
[2025-12-20T18:04:14.205+0000] {logging_mixin.py:188} INFO - [2025-12-20T18:04:14.204+0000] {dag.py:3033} INFO - Sync 1 DAGs
[2025-12-20T18:04:14.222+0000] {logging_mixin.py:188} INFO - [2025-12-20T18:04:14.222+0000] {dag.py:3820} INFO - Setting next_dagrun for example_dag to 2025-12-20T00:00:00+00:00, run_after=2025-12-21T00:00:00+00:00
[2025-12-20T18:04:14.234+0000] {processor.py:183} INFO - Processing /opt/airflow/dags/example_dag.py took 0.065 seconds
[2025-12-20T18:04:44.671+0000] {processor.py:161} INFO - Started process (PID=137) to work on /opt/airflow/dags/example_dag.py
[2025-12-20T18:04:44.672+0000] {processor.py:830} INFO - Processing file /opt/airflow/dags/example_dag.py for tasks to queue
[2025-12-20T18:04:44.672+0000] {logging_mixin.py:188} INFO - [2025-12-20T18:04:44.672+0000] {dagbag.py:538} INFO - Filling up the DagBag from /opt/airflow/dags/example_dag.py
[2025-12-20T18:04:44.681+0000] {processor.py:840} INFO - DAG(s) 'example_dag' retrieved from /opt/airflow/dags/example_dag.py
[2025-12-20T18:04:44.705+0000] {logging_mixin.py:188} INFO - [2025-12-20T18:04:44.705+0000] {dag.py:3033} INFO - Sync 1 DAGs
[2025-12-20T18:04:44.720+0000] {logging_mixin.py:188} INFO - [2025-12-20T18:04:44.720+0000] {dag.py:3820} INFO - Setting next_dagrun for example_dag to 2025-12-20T00:00:00+00:00, run_after=2025-12-21T00:00:00+00:00
[2025-12-20T18:04:44.736+0000] {processor.py:183} INFO - Processing /opt/airflow/dags/example_dag.py took 0.067 seconds
[2025-12-20T18:05:15.140+0000] {processor.py:161} INFO - Started process (PID=147) to work on /opt/airflow/dags/example_dag.py
[2025-12-20T18:05:15.141+0000] {processor.py:830} INFO - Processing file /opt/airflow/dags/example_dag.py for tasks to queue
[2025-12-20T18:05:15.141+0000] {logging_mixin.py:188} INFO - [2025-12-20T18:05:15.141+0000] {dagbag.py:538} INFO - Filling up the DagBag from /opt/airflow/dags/example_dag.py
[2025-12-20T18:05:15.148+0000] {processor.py:840} INFO - DAG(s) 'example_dag' retrieved from /opt/airflow/dags/example_dag.py
[2025-12-20T18:05:15.169+0000] {logging_mixin.py:188} INFO - [2025-12-20T18:05:15.168+0000] {dag.py:3033} INFO - Sync 1 DAGs
[2025-12-20T18:05:15.183+0000] {logging_mixin.py:188} INFO - [2025-12-20T18:05:15.183+0000] {dag.py:3820} INFO - Setting next_dagrun for example_dag to 2025-12-20T00:00:00+00:00, run_after=2025-12-21T00:00:00+00:00
[2025-12-20T18:05:15.194+0000] {processor.py:183} INFO - Processing /opt/airflow/dags/example_dag.py took 0.056 seconds
[2025-12-20T18:05:45.804+0000] {processor.py:161} INFO - Started process (PID=157) to work on /opt/airflow/dags/example_dag.py
[2025-12-20T18:05:45.805+0000] {processor.py:830} INFO - Processing file /opt/airflow/dags/example_dag.py for tasks to queue
[2025-12-20T18:05:45.805+0000] {logging_mixin.py:188} INFO - [2025-12-20T18:05:45.805+0000] {dagbag.py:538} INFO - Filling up the DagBag from /opt/airflow/dags/example_dag.py
[2025-12-20T18:05:45.813+0000] {processor.py:840} INFO - DAG(s) 'example_dag' retrieved from /opt/airflow/dags/example_dag.py
[2025-12-20T18:05:45.837+0000] {logging_mixin.py:188} INFO - [2025-12-20T18:05:45.836+0000] {dag.py:3033} INFO - Sync 1 DAGs
[2025-12-20T18:05:45.854+0000] {logging_mixin.py:188} INFO - [2025-12-20T18:05:45.854+0000] {dag.py:3820} INFO - Setting next_dagrun for example_dag to 2025-12-20T00:00:00+00:00, run_after=2025-12-21T00:00:00+00:00
[2025-12-20T18:05:45.869+0000] {processor.py:183} INFO - Processing /opt/airflow/dags/example_dag.py took 0.068 seconds
[2025-12-20T18:06:16.292+0000] {processor.py:161} INFO - Started process (PID=167) to work on /opt/airflow/dags/example_dag.py
[2025-12-20T18:06:16.293+0000] {processor.py:830} INFO - Processing file /opt/airflow/dags/example_dag.py for tasks to queue
[2025-12-20T18:06:16.294+0000] {logging_mixin.py:188} INFO - [2025-12-20T18:06:16.294+0000] {dagbag.py:538} INFO - Filling up the DagBag from /opt/airflow/dags/example_dag.py
[2025-12-20T18:06:16.302+0000] {processor.py:840} INFO - DAG(s) 'example_dag' retrieved from /opt/airflow/dags/example_dag.py
[2025-12-20T18:06:16.322+0000] {logging_mixin.py:188} INFO - [2025-12-20T18:06:16.322+0000] {dag.py:3033} INFO - Sync 1 DAGs
[2025-12-20T18:06:16.341+0000] {logging_mixin.py:188} INFO - [2025-12-20T18:06:16.341+0000] {dag.py:3820} INFO - Setting next_dagrun for example_dag to 2025-12-20T00:00:00+00:00, run_after=2025-12-21T00:00:00+00:00
[2025-12-20T18:06:16.353+0000] {processor.py:183} INFO - Processing /opt/airflow/dags/example_dag.py took 0.062 seconds
[2025-12-20T18:06:46.784+0000] {processor.py:161} INFO - Started process (PID=177) to work on /opt/airflow/dags/example_dag.py
[2025-12-20T18:06:46.785+0000] {processor.py:830} INFO - Processing file /opt/airflow/dags/example_dag.py for tasks to queue
[2025-12-20T18:06:46.785+0000] {logging_mixin.py:188} INFO - [2025-12-20T18:06:46.785+0000] {dagbag.py:538} INFO - Filling up the DagBag from /opt/airflow/dags/example_dag.py
[2025-12-20T18:06:46.793+0000] {processor.py:840} INFO - DAG(s) 'example_dag' retrieved from /opt/airflow/dags/example_dag.py
[2025-12-20T18:06:46.813+0000] {logging_mixin.py:188} INFO - [2025-12-20T18:06:46.813+0000] {dag.py:3033} INFO - Sync 1 DAGs
[2025-12-20T18:06:46.828+0000] {logging_mixin.py:188} INFO - [2025-12-20T18:06:46.828+0000] {dag.py:3820} INFO - Setting next_dagrun for example_dag to 2025-12-20T00:00:00+00:00, run_after=2025-12-21T00:00:00+00:00
[2025-12-20T18:06:46.838+0000] {processor.py:183} INFO - Processing /opt/airflow/dags/example_dag.py took 0.058 seconds
[2025-12-20T18:07:17.354+0000] {processor.py:161} INFO - Started process (PID=187) to work on /opt/airflow/dags/example_dag.py
[2025-12-20T18:07:17.356+0000] {processor.py:830} INFO - Processing file /opt/airflow/dags/example_dag.py for tasks to queue
[2025-12-20T18:07:17.357+0000] {logging_mixin.py:188} INFO - [2025-12-20T18:07:17.357+0000] {dagbag.py:538} INFO - Filling up the DagBag from /opt/airflow/dags/example_dag.py
[2025-12-20T18:07:17.368+0000] {processor.py:840} INFO - DAG(s) 'example_dag' retrieved from /opt/airflow/dags/example_dag.py
[2025-12-20T18:07:17.410+0000] {logging_mixin.py:188} INFO - [2025-12-20T18:07:17.410+0000] {dag.py:3033} INFO - Sync 1 DAGs
[2025-12-20T18:07:17.428+0000] {logging_mixin.py:188} INFO - [2025-12-20T18:07:17.428+0000] {dag.py:3820} INFO - Setting next_dagrun for example_dag to 2025-12-20T00:00:00+00:00, run_after=2025-12-21T00:00:00+00:00
[2025-12-20T18:07:17.442+0000] {processor.py:183} INFO - Processing /opt/airflow/dags/example_dag.py took 0.096 seconds
[2025-12-20T19:00:11.138+0000] {processor.py:161} INFO - Started process (PID=32) to work on /opt/airflow/dags/example_dag.py
[2025-12-20T19:00:11.143+0000] {processor.py:830} INFO - Processing file /opt/airflow/dags/example_dag.py for tasks to queue
[2025-12-20T19:00:11.143+0000] {logging_mixin.py:188} INFO - [2025-12-20T19:00:11.143+0000] {dagbag.py:538} INFO - Filling up the DagBag from /opt/airflow/dags/example_dag.py
[2025-12-20T19:00:11.177+0000] {processor.py:840} INFO - DAG(s) 'example_dag' retrieved from /opt/airflow/dags/example_dag.py
[2025-12-20T19:00:11.209+0000] {logging_mixin.py:188} INFO - [2025-12-20T19:00:11.209+0000] {dag.py:3033} INFO - Sync 1 DAGs
[2025-12-20T19:00:11.225+0000] {logging_mixin.py:188} INFO - [2025-12-20T19:00:11.225+0000] {dag.py:3820} INFO - Setting next_dagrun for example_dag to 2025-12-20T00:00:00+00:00, run_after=2025-12-21T00:00:00+00:00
[2025-12-20T19:00:11.237+0000] {processor.py:183} INFO - Processing /opt/airflow/dags/example_dag.py took 0.101 seconds
[2025-12-20T19:00:41.688+0000] {processor.py:161} INFO - Started process (PID=42) to work on /opt/airflow/dags/example_dag.py
[2025-12-20T19:00:41.689+0000] {processor.py:830} INFO - Processing file /opt/airflow/dags/example_dag.py for tasks to queue
[2025-12-20T19:00:41.689+0000] {logging_mixin.py:188} INFO - [2025-12-20T19:00:41.689+0000] {dagbag.py:538} INFO - Filling up the DagBag from /opt/airflow/dags/example_dag.py
[2025-12-20T19:00:41.698+0000] {processor.py:840} INFO - DAG(s) 'example_dag' retrieved from /opt/airflow/dags/example_dag.py
[2025-12-20T19:00:41.758+0000] {logging_mixin.py:188} INFO - [2025-12-20T19:00:41.758+0000] {dag.py:3033} INFO - Sync 1 DAGs
[2025-12-20T19:00:41.772+0000] {logging_mixin.py:188} INFO - [2025-12-20T19:00:41.772+0000] {dag.py:3820} INFO - Setting next_dagrun for example_dag to 2025-12-20T00:00:00+00:00, run_after=2025-12-21T00:00:00+00:00
[2025-12-20T19:00:41.783+0000] {processor.py:183} INFO - Processing /opt/airflow/dags/example_dag.py took 0.097 seconds
[2025-12-20T19:01:12.085+0000] {processor.py:161} INFO - Started process (PID=64) to work on /opt/airflow/dags/example_dag.py
[2025-12-20T19:01:12.086+0000] {processor.py:830} INFO - Processing file /opt/airflow/dags/example_dag.py for tasks to queue
[2025-12-20T19:01:12.087+0000] {logging_mixin.py:188} INFO - [2025-12-20T19:01:12.087+0000] {dagbag.py:538} INFO - Filling up the DagBag from /opt/airflow/dags/example_dag.py
[2025-12-20T19:01:12.094+0000] {processor.py:840} INFO - DAG(s) 'example_dag' retrieved from /opt/airflow/dags/example_dag.py
[2025-12-20T19:01:12.115+0000] {logging_mixin.py:188} INFO - [2025-12-20T19:01:12.115+0000] {dag.py:3033} INFO - Sync 1 DAGs
[2025-12-20T19:01:12.128+0000] {logging_mixin.py:188} INFO - [2025-12-20T19:01:12.128+0000] {dag.py:3820} INFO - Setting next_dagrun for example_dag to 2025-12-20T00:00:00+00:00, run_after=2025-12-21T00:00:00+00:00
[2025-12-20T19:01:12.141+0000] {processor.py:183} INFO - Processing /opt/airflow/dags/example_dag.py took 0.059 seconds
[2025-12-20T19:01:42.496+0000] {processor.py:161} INFO - Started process (PID=73) to work on /opt/airflow/dags/example_dag.py
[2025-12-20T19:01:42.497+0000] {processor.py:830} INFO - Processing file /opt/airflow/dags/example_dag.py for tasks to queue
[2025-12-20T19:01:42.497+0000] {logging_mixin.py:188} INFO - [2025-12-20T19:01:42.497+0000] {dagbag.py:538} INFO - Filling up the DagBag from /opt/airflow/dags/example_dag.py
[2025-12-20T19:01:42.505+0000] {processor.py:840} INFO - DAG(s) 'example_dag' retrieved from /opt/airflow/dags/example_dag.py
[2025-12-20T19:01:42.527+0000] {logging_mixin.py:188} INFO - [2025-12-20T19:01:42.527+0000] {dag.py:3033} INFO - Sync 1 DAGs
[2025-12-20T19:01:42.545+0000] {logging_mixin.py:188} INFO - [2025-12-20T19:01:42.544+0000] {dag.py:3820} INFO - Setting next_dagrun for example_dag to 2025-12-20T00:00:00+00:00, run_after=2025-12-21T00:00:00+00:00
[2025-12-20T19:01:42.557+0000] {processor.py:183} INFO - Processing /opt/airflow/dags/example_dag.py took 0.062 seconds
[2025-12-20T19:02:13.033+0000] {processor.py:161} INFO - Started process (PID=83) to work on /opt/airflow/dags/example_dag.py
[2025-12-20T19:02:13.034+0000] {processor.py:830} INFO - Processing file /opt/airflow/dags/example_dag.py for tasks to queue
[2025-12-20T19:02:13.034+0000] {logging_mixin.py:188} INFO - [2025-12-20T19:02:13.034+0000] {dagbag.py:538} INFO - Filling up the DagBag from /opt/airflow/dags/example_dag.py
[2025-12-20T19:02:13.042+0000] {processor.py:840} INFO - DAG(s) 'example_dag' retrieved from /opt/airflow/dags/example_dag.py
[2025-12-20T19:02:13.061+0000] {logging_mixin.py:188} INFO - [2025-12-20T19:02:13.061+0000] {dag.py:3033} INFO - Sync 1 DAGs
[2025-12-20T19:02:13.075+0000] {logging_mixin.py:188} INFO - [2025-12-20T19:02:13.075+0000] {dag.py:3820} INFO - Setting next_dagrun for example_dag to 2025-12-20T00:00:00+00:00, run_after=2025-12-21T00:00:00+00:00
[2025-12-20T19:02:13.086+0000] {processor.py:183} INFO - Processing /opt/airflow/dags/example_dag.py took 0.055 seconds
[2025-12-20T19:02:43.564+0000] {processor.py:161} INFO - Started process (PID=93) to work on /opt/airflow/dags/example_dag.py
[2025-12-20T19:02:43.565+0000] {processor.py:830} INFO - Processing file /opt/airflow/dags/example_dag.py for tasks to queue
[2025-12-20T19:02:43.566+0000] {logging_mixin.py:188} INFO - [2025-12-20T19:02:43.566+0000] {dagbag.py:538} INFO - Filling up the DagBag from /opt/airflow/dags/example_dag.py
[2025-12-20T19:02:43.574+0000] {processor.py:840} INFO - DAG(s) 'example_dag' retrieved from /opt/airflow/dags/example_dag.py
[2025-12-20T19:02:43.594+0000] {logging_mixin.py:188} INFO - [2025-12-20T19:02:43.594+0000] {dag.py:3033} INFO - Sync 1 DAGs
[2025-12-20T19:02:43.609+0000] {logging_mixin.py:188} INFO - [2025-12-20T19:02:43.609+0000] {dag.py:3820} INFO - Setting next_dagrun for example_dag to 2025-12-20T00:00:00+00:00, run_after=2025-12-21T00:00:00+00:00
[2025-12-20T19:02:43.619+0000] {processor.py:183} INFO - Processing /opt/airflow/dags/example_dag.py took 0.056 seconds
[2025-12-20T19:03:13.950+0000] {processor.py:161} INFO - Started process (PID=103) to work on /opt/airflow/dags/example_dag.py
[2025-12-20T19:03:13.951+0000] {processor.py:830} INFO - Processing file /opt/airflow/dags/example_dag.py for tasks to queue
[2025-12-20T19:03:13.951+0000] {logging_mixin.py:188} INFO - [2025-12-20T19:03:13.951+0000] {dagbag.py:538} INFO - Filling up the DagBag from /opt/airflow/dags/example_dag.py
[2025-12-20T19:03:13.958+0000] {processor.py:840} INFO - DAG(s) 'example_dag' retrieved from /opt/airflow/dags/example_dag.py
[2025-12-20T19:03:13.977+0000] {logging_mixin.py:188} INFO - [2025-12-20T19:03:13.977+0000] {dag.py:3033} INFO - Sync 1 DAGs
[2025-12-20T19:03:13.991+0000] {logging_mixin.py:188} INFO - [2025-12-20T19:03:13.991+0000] {dag.py:3820} INFO - Setting next_dagrun for example_dag to 2025-12-20T00:00:00+00:00, run_after=2025-12-21T00:00:00+00:00
[2025-12-20T19:03:14.002+0000] {processor.py:183} INFO - Processing /opt/airflow/dags/example_dag.py took 0.054 seconds
[2025-12-20T19:03:44.356+0000] {processor.py:161} INFO - Started process (PID=113) to work on /opt/airflow/dags/example_dag.py
[2025-12-20T19:03:44.358+0000] {processor.py:830} INFO - Processing file /opt/airflow/dags/example_dag.py for tasks to queue
[2025-12-20T19:03:44.359+0000] {logging_mixin.py:188} INFO - [2025-12-20T19:03:44.359+0000] {dagbag.py:538} INFO - Filling up the DagBag from /opt/airflow/dags/example_dag.py
[2025-12-20T19:03:44.369+0000] {processor.py:840} INFO - DAG(s) 'example_dag' retrieved from /opt/airflow/dags/example_dag.py
[2025-12-20T19:03:44.400+0000] {logging_mixin.py:188} INFO - [2025-12-20T19:03:44.400+0000] {dag.py:3033} INFO - Sync 1 DAGs
[2025-12-20T19:03:44.418+0000] {logging_mixin.py:188} INFO - [2025-12-20T19:03:44.418+0000] {dag.py:3820} INFO - Setting next_dagrun for example_dag to 2025-12-20T00:00:00+00:00, run_after=2025-12-21T00:00:00+00:00
[2025-12-20T19:03:44.432+0000] {processor.py:183} INFO - Processing /opt/airflow/dags/example_dag.py took 0.079 seconds
[2025-12-20T19:04:14.819+0000] {processor.py:161} INFO - Started process (PID=123) to work on /opt/airflow/dags/example_dag.py
[2025-12-20T19:04:14.820+0000] {processor.py:830} INFO - Processing file /opt/airflow/dags/example_dag.py for tasks to queue
[2025-12-20T19:04:14.820+0000] {logging_mixin.py:188} INFO - [2025-12-20T19:04:14.820+0000] {dagbag.py:538} INFO - Filling up the DagBag from /opt/airflow/dags/example_dag.py
[2025-12-20T19:04:14.827+0000] {processor.py:840} INFO - DAG(s) 'example_dag' retrieved from /opt/airflow/dags/example_dag.py
[2025-12-20T19:04:14.846+0000] {logging_mixin.py:188} INFO - [2025-12-20T19:04:14.846+0000] {dag.py:3033} INFO - Sync 1 DAGs
[2025-12-20T19:04:14.861+0000] {logging_mixin.py:188} INFO - [2025-12-20T19:04:14.861+0000] {dag.py:3820} INFO - Setting next_dagrun for example_dag to 2025-12-20T00:00:00+00:00, run_after=2025-12-21T00:00:00+00:00
[2025-12-20T19:04:14.871+0000] {processor.py:183} INFO - Processing /opt/airflow/dags/example_dag.py took 0.055 seconds
[2025-12-20T19:04:45.602+0000] {processor.py:161} INFO - Started process (PID=133) to work on /opt/airflow/dags/example_dag.py
[2025-12-20T19:04:45.603+0000] {processor.py:830} INFO - Processing file /opt/airflow/dags/example_dag.py for tasks to queue
[2025-12-20T19:04:45.604+0000] {logging_mixin.py:188} INFO - [2025-12-20T19:04:45.603+0000] {dagbag.py:538} INFO - Filling up the DagBag from /opt/airflow/dags/example_dag.py
[2025-12-20T19:04:45.612+0000] {processor.py:840} INFO - DAG(s) 'example_dag' retrieved from /opt/airflow/dags/example_dag.py
[2025-12-20T19:04:45.639+0000] {logging_mixin.py:188} INFO - [2025-12-20T19:04:45.639+0000] {dag.py:3033} INFO - Sync 1 DAGs
[2025-12-20T19:04:45.658+0000] {logging_mixin.py:188} INFO - [2025-12-20T19:04:45.658+0000] {dag.py:3820} INFO - Setting next_dagrun for example_dag to 2025-12-20T00:00:00+00:00, run_after=2025-12-21T00:00:00+00:00
[2025-12-20T19:04:45.668+0000] {processor.py:183} INFO - Processing /opt/airflow/dags/example_dag.py took 0.069 seconds
[2025-12-20T19:05:16.018+0000] {processor.py:161} INFO - Started process (PID=136) to work on /opt/airflow/dags/example_dag.py
[2025-12-20T19:05:16.019+0000] {processor.py:830} INFO - Processing file /opt/airflow/dags/example_dag.py for tasks to queue
[2025-12-20T19:05:16.020+0000] {logging_mixin.py:188} INFO - [2025-12-20T19:05:16.019+0000] {dagbag.py:538} INFO - Filling up the DagBag from /opt/airflow/dags/example_dag.py
[2025-12-20T19:05:16.026+0000] {processor.py:840} INFO - DAG(s) 'example_dag' retrieved from /opt/airflow/dags/example_dag.py
[2025-12-20T19:05:16.048+0000] {logging_mixin.py:188} INFO - [2025-12-20T19:05:16.048+0000] {dag.py:3033} INFO - Sync 1 DAGs
[2025-12-20T19:05:16.065+0000] {logging_mixin.py:188} INFO - [2025-12-20T19:05:16.065+0000] {dag.py:3820} INFO - Setting next_dagrun for example_dag to 2025-12-20T00:00:00+00:00, run_after=2025-12-21T00:00:00+00:00
[2025-12-20T19:05:16.079+0000] {processor.py:183} INFO - Processing /opt/airflow/dags/example_dag.py took 0.063 seconds
[2025-12-20T19:05:46.511+0000] {processor.py:161} INFO - Started process (PID=146) to work on /opt/airflow/dags/example_dag.py
[2025-12-20T19:05:46.538+0000] {processor.py:830} INFO - Processing file /opt/airflow/dags/example_dag.py for tasks to queue
[2025-12-20T19:05:46.539+0000] {logging_mixin.py:188} INFO - [2025-12-20T19:05:46.539+0000] {dagbag.py:538} INFO - Filling up the DagBag from /opt/airflow/dags/example_dag.py
[2025-12-20T19:05:46.552+0000] {processor.py:840} INFO - DAG(s) 'example_dag' retrieved from /opt/airflow/dags/example_dag.py
[2025-12-20T19:05:46.578+0000] {logging_mixin.py:188} INFO - [2025-12-20T19:05:46.578+0000] {dag.py:3033} INFO - Sync 1 DAGs
[2025-12-20T19:05:46.600+0000] {logging_mixin.py:188} INFO - [2025-12-20T19:05:46.600+0000] {dag.py:3820} INFO - Setting next_dagrun for example_dag to 2025-12-20T00:00:00+00:00, run_after=2025-12-21T00:00:00+00:00
[2025-12-20T19:05:46.616+0000] {processor.py:183} INFO - Processing /opt/airflow/dags/example_dag.py took 0.116 seconds
[2025-12-20T19:06:17.018+0000] {processor.py:161} INFO - Started process (PID=156) to work on /opt/airflow/dags/example_dag.py
[2025-12-20T19:06:17.019+0000] {processor.py:830} INFO - Processing file /opt/airflow/dags/example_dag.py for tasks to queue
[2025-12-20T19:06:17.019+0000] {logging_mixin.py:188} INFO - [2025-12-20T19:06:17.019+0000] {dagbag.py:538} INFO - Filling up the DagBag from /opt/airflow/dags/example_dag.py
[2025-12-20T19:06:17.030+0000] {processor.py:840} INFO - DAG(s) 'example_dag' retrieved from /opt/airflow/dags/example_dag.py
[2025-12-20T19:06:17.056+0000] {logging_mixin.py:188} INFO - [2025-12-20T19:06:17.056+0000] {dag.py:3033} INFO - Sync 1 DAGs
[2025-12-20T19:06:17.076+0000] {logging_mixin.py:188} INFO - [2025-12-20T19:06:17.075+0000] {dag.py:3820} INFO - Setting next_dagrun for example_dag to 2025-12-20T00:00:00+00:00, run_after=2025-12-21T00:00:00+00:00
[2025-12-20T19:06:17.094+0000] {processor.py:183} INFO - Processing /opt/airflow/dags/example_dag.py took 0.079 seconds
[2025-12-20T19:06:47.497+0000] {processor.py:161} INFO - Started process (PID=168) to work on /opt/airflow/dags/example_dag.py
[2025-12-20T19:06:47.499+0000] {processor.py:830} INFO - Processing file /opt/airflow/dags/example_dag.py for tasks to queue
[2025-12-20T19:06:47.500+0000] {logging_mixin.py:188} INFO - [2025-12-20T19:06:47.500+0000] {dagbag.py:538} INFO - Filling up the DagBag from /opt/airflow/dags/example_dag.py
[2025-12-20T19:06:47.520+0000] {processor.py:840} INFO - DAG(s) 'example_dag' retrieved from /opt/airflow/dags/example_dag.py
[2025-12-20T19:06:47.553+0000] {logging_mixin.py:188} INFO - [2025-12-20T19:06:47.553+0000] {dag.py:3033} INFO - Sync 1 DAGs
[2025-12-20T19:06:47.571+0000] {logging_mixin.py:188} INFO - [2025-12-20T19:06:47.571+0000] {dag.py:3820} INFO - Setting next_dagrun for example_dag to 2025-12-20T00:00:00+00:00, run_after=2025-12-21T00:00:00+00:00
[2025-12-20T19:06:47.584+0000] {processor.py:183} INFO - Processing /opt/airflow/dags/example_dag.py took 0.093 seconds
[2025-12-20T20:08:51.590+0000] {processor.py:161} INFO - Started process (PID=32) to work on /opt/airflow/dags/example_dag.py
[2025-12-20T20:08:51.592+0000] {processor.py:830} INFO - Processing file /opt/airflow/dags/example_dag.py for tasks to queue
[2025-12-20T20:08:51.593+0000] {logging_mixin.py:188} INFO - [2025-12-20T20:08:51.593+0000] {dagbag.py:538} INFO - Filling up the DagBag from /opt/airflow/dags/example_dag.py
[2025-12-20T20:08:51.608+0000] {processor.py:840} INFO - DAG(s) 'example_dag' retrieved from /opt/airflow/dags/example_dag.py
[2025-12-20T20:08:51.629+0000] {logging_mixin.py:188} INFO - [2025-12-20T20:08:51.628+0000] {dag.py:3033} INFO - Sync 1 DAGs
[2025-12-20T20:08:51.657+0000] {logging_mixin.py:188} INFO - [2025-12-20T20:08:51.656+0000] {dag.py:3820} INFO - Setting next_dagrun for example_dag to 2025-12-20T00:00:00+00:00, run_after=2025-12-21T00:00:00+00:00
[2025-12-20T20:08:51.685+0000] {processor.py:183} INFO - Processing /opt/airflow/dags/example_dag.py took 0.098 seconds
[2025-12-20T20:09:22.549+0000] {processor.py:161} INFO - Started process (PID=44) to work on /opt/airflow/dags/example_dag.py
[2025-12-20T20:09:22.551+0000] {processor.py:830} INFO - Processing file /opt/airflow/dags/example_dag.py for tasks to queue
[2025-12-20T20:09:22.553+0000] {logging_mixin.py:188} INFO - [2025-12-20T20:09:22.552+0000] {dagbag.py:538} INFO - Filling up the DagBag from /opt/airflow/dags/example_dag.py
[2025-12-20T20:09:22.566+0000] {processor.py:840} INFO - DAG(s) 'example_dag' retrieved from /opt/airflow/dags/example_dag.py
[2025-12-20T20:09:22.650+0000] {logging_mixin.py:188} INFO - [2025-12-20T20:09:22.650+0000] {dag.py:3033} INFO - Sync 1 DAGs
[2025-12-20T20:09:22.669+0000] {logging_mixin.py:188} INFO - [2025-12-20T20:09:22.669+0000] {dag.py:3820} INFO - Setting next_dagrun for example_dag to 2025-12-20T00:00:00+00:00, run_after=2025-12-21T00:00:00+00:00
[2025-12-20T20:09:22.685+0000] {processor.py:183} INFO - Processing /opt/airflow/dags/example_dag.py took 0.143 seconds
[2025-12-20T20:09:53.415+0000] {processor.py:161} INFO - Started process (PID=64) to work on /opt/airflow/dags/example_dag.py
[2025-12-20T20:09:53.416+0000] {processor.py:830} INFO - Processing file /opt/airflow/dags/example_dag.py for tasks to queue
[2025-12-20T20:09:53.417+0000] {logging_mixin.py:188} INFO - [2025-12-20T20:09:53.417+0000] {dagbag.py:538} INFO - Filling up the DagBag from /opt/airflow/dags/example_dag.py
[2025-12-20T20:09:53.431+0000] {processor.py:840} INFO - DAG(s) 'example_dag' retrieved from /opt/airflow/dags/example_dag.py
[2025-12-20T20:09:53.462+0000] {logging_mixin.py:188} INFO - [2025-12-20T20:09:53.462+0000] {dag.py:3033} INFO - Sync 1 DAGs
[2025-12-20T20:09:53.478+0000] {logging_mixin.py:188} INFO - [2025-12-20T20:09:53.478+0000] {dag.py:3820} INFO - Setting next_dagrun for example_dag to 2025-12-20T00:00:00+00:00, run_after=2025-12-21T00:00:00+00:00
[2025-12-20T20:09:53.493+0000] {processor.py:183} INFO - Processing /opt/airflow/dags/example_dag.py took 0.080 seconds
[2025-12-20T20:10:23.845+0000] {processor.py:161} INFO - Started process (PID=74) to work on /opt/airflow/dags/example_dag.py
[2025-12-20T20:10:23.846+0000] {processor.py:830} INFO - Processing file /opt/airflow/dags/example_dag.py for tasks to queue
[2025-12-20T20:10:23.847+0000] {logging_mixin.py:188} INFO - [2025-12-20T20:10:23.847+0000] {dagbag.py:538} INFO - Filling up the DagBag from /opt/airflow/dags/example_dag.py
[2025-12-20T20:10:23.859+0000] {processor.py:840} INFO - DAG(s) 'example_dag' retrieved from /opt/airflow/dags/example_dag.py
[2025-12-20T20:10:23.892+0000] {logging_mixin.py:188} INFO - [2025-12-20T20:10:23.891+0000] {dag.py:3033} INFO - Sync 1 DAGs
[2025-12-20T20:10:23.908+0000] {logging_mixin.py:188} INFO - [2025-12-20T20:10:23.908+0000] {dag.py:3820} INFO - Setting next_dagrun for example_dag to 2025-12-20T00:00:00+00:00, run_after=2025-12-21T00:00:00+00:00
[2025-12-20T20:10:23.922+0000] {processor.py:183} INFO - Processing /opt/airflow/dags/example_dag.py took 0.081 seconds
[2025-12-20T20:10:54.179+0000] {processor.py:161} INFO - Started process (PID=84) to work on /opt/airflow/dags/example_dag.py
[2025-12-20T20:10:54.180+0000] {processor.py:830} INFO - Processing file /opt/airflow/dags/example_dag.py for tasks to queue
[2025-12-20T20:10:54.180+0000] {logging_mixin.py:188} INFO - [2025-12-20T20:10:54.180+0000] {dagbag.py:538} INFO - Filling up the DagBag from /opt/airflow/dags/example_dag.py
[2025-12-20T20:10:54.188+0000] {processor.py:840} INFO - DAG(s) 'example_dag' retrieved from /opt/airflow/dags/example_dag.py
[2025-12-20T20:10:54.206+0000] {logging_mixin.py:188} INFO - [2025-12-20T20:10:54.206+0000] {dag.py:3033} INFO - Sync 1 DAGs
[2025-12-20T20:10:54.220+0000] {logging_mixin.py:188} INFO - [2025-12-20T20:10:54.220+0000] {dag.py:3820} INFO - Setting next_dagrun for example_dag to 2025-12-20T00:00:00+00:00, run_after=2025-12-21T00:00:00+00:00
[2025-12-20T20:10:54.232+0000] {processor.py:183} INFO - Processing /opt/airflow/dags/example_dag.py took 0.055 seconds
[2025-12-20T20:11:24.540+0000] {processor.py:161} INFO - Started process (PID=94) to work on /opt/airflow/dags/example_dag.py
[2025-12-20T20:11:24.541+0000] {processor.py:830} INFO - Processing file /opt/airflow/dags/example_dag.py for tasks to queue
[2025-12-20T20:11:24.541+0000] {logging_mixin.py:188} INFO - [2025-12-20T20:11:24.541+0000] {dagbag.py:538} INFO - Filling up the DagBag from /opt/airflow/dags/example_dag.py
[2025-12-20T20:11:24.552+0000] {processor.py:840} INFO - DAG(s) 'example_dag' retrieved from /opt/airflow/dags/example_dag.py
[2025-12-20T20:11:24.572+0000] {logging_mixin.py:188} INFO - [2025-12-20T20:11:24.572+0000] {dag.py:3033} INFO - Sync 1 DAGs
[2025-12-20T20:11:24.588+0000] {logging_mixin.py:188} INFO - [2025-12-20T20:11:24.587+0000] {dag.py:3820} INFO - Setting next_dagrun for example_dag to 2025-12-20T00:00:00+00:00, run_after=2025-12-21T00:00:00+00:00
[2025-12-20T20:11:24.599+0000] {processor.py:183} INFO - Processing /opt/airflow/dags/example_dag.py took 0.061 seconds
[2025-12-20T20:11:55.327+0000] {processor.py:161} INFO - Started process (PID=104) to work on /opt/airflow/dags/example_dag.py
[2025-12-20T20:11:55.327+0000] {processor.py:830} INFO - Processing file /opt/airflow/dags/example_dag.py for tasks to queue
[2025-12-20T20:11:55.328+0000] {logging_mixin.py:188} INFO - [2025-12-20T20:11:55.328+0000] {dagbag.py:538} INFO - Filling up the DagBag from /opt/airflow/dags/example_dag.py
[2025-12-20T20:11:55.336+0000] {processor.py:840} INFO - DAG(s) 'example_dag' retrieved from /opt/airflow/dags/example_dag.py
[2025-12-20T20:11:55.359+0000] {logging_mixin.py:188} INFO - [2025-12-20T20:11:55.359+0000] {dag.py:3033} INFO - Sync 1 DAGs
[2025-12-20T20:11:55.375+0000] {logging_mixin.py:188} INFO - [2025-12-20T20:11:55.375+0000] {dag.py:3820} INFO - Setting next_dagrun for example_dag to 2025-12-20T00:00:00+00:00, run_after=2025-12-21T00:00:00+00:00
[2025-12-20T20:11:55.387+0000] {processor.py:183} INFO - Processing /opt/airflow/dags/example_dag.py took 0.063 seconds
[2025-12-20T20:12:25.865+0000] {processor.py:161} INFO - Started process (PID=126) to work on /opt/airflow/dags/example_dag.py
[2025-12-20T20:12:25.866+0000] {processor.py:830} INFO - Processing file /opt/airflow/dags/example_dag.py for tasks to queue
[2025-12-20T20:12:25.867+0000] {logging_mixin.py:188} INFO - [2025-12-20T20:12:25.866+0000] {dagbag.py:538} INFO - Filling up the DagBag from /opt/airflow/dags/example_dag.py
[2025-12-20T20:12:25.874+0000] {processor.py:840} INFO - DAG(s) 'example_dag' retrieved from /opt/airflow/dags/example_dag.py
[2025-12-20T20:12:25.895+0000] {logging_mixin.py:188} INFO - [2025-12-20T20:12:25.895+0000] {dag.py:3033} INFO - Sync 1 DAGs
[2025-12-20T20:12:25.908+0000] {logging_mixin.py:188} INFO - [2025-12-20T20:12:25.908+0000] {dag.py:3820} INFO - Setting next_dagrun for example_dag to 2025-12-20T00:00:00+00:00, run_after=2025-12-21T00:00:00+00:00
[2025-12-20T20:12:25.920+0000] {processor.py:183} INFO - Processing /opt/airflow/dags/example_dag.py took 0.059 seconds
[2025-12-20T20:12:56.370+0000] {processor.py:161} INFO - Started process (PID=136) to work on /opt/airflow/dags/example_dag.py
[2025-12-20T20:12:56.371+0000] {processor.py:830} INFO - Processing file /opt/airflow/dags/example_dag.py for tasks to queue
[2025-12-20T20:12:56.372+0000] {logging_mixin.py:188} INFO - [2025-12-20T20:12:56.372+0000] {dagbag.py:538} INFO - Filling up the DagBag from /opt/airflow/dags/example_dag.py
[2025-12-20T20:12:56.382+0000] {processor.py:840} INFO - DAG(s) 'example_dag' retrieved from /opt/airflow/dags/example_dag.py
[2025-12-20T20:12:56.403+0000] {logging_mixin.py:188} INFO - [2025-12-20T20:12:56.403+0000] {dag.py:3033} INFO - Sync 1 DAGs
[2025-12-20T20:12:56.422+0000] {logging_mixin.py:188} INFO - [2025-12-20T20:12:56.421+0000] {dag.py:3820} INFO - Setting next_dagrun for example_dag to 2025-12-20T00:00:00+00:00, run_after=2025-12-21T00:00:00+00:00
[2025-12-20T20:12:56.435+0000] {processor.py:183} INFO - Processing /opt/airflow/dags/example_dag.py took 0.067 seconds
[2025-12-20T20:13:26.883+0000] {processor.py:161} INFO - Started process (PID=145) to work on /opt/airflow/dags/example_dag.py
[2025-12-20T20:13:26.885+0000] {processor.py:830} INFO - Processing file /opt/airflow/dags/example_dag.py for tasks to queue
[2025-12-20T20:13:26.888+0000] {logging_mixin.py:188} INFO - [2025-12-20T20:13:26.887+0000] {dagbag.py:538} INFO - Filling up the DagBag from /opt/airflow/dags/example_dag.py
[2025-12-20T20:13:26.897+0000] {processor.py:840} INFO - DAG(s) 'example_dag' retrieved from /opt/airflow/dags/example_dag.py
[2025-12-20T20:13:26.917+0000] {logging_mixin.py:188} INFO - [2025-12-20T20:13:26.916+0000] {dag.py:3033} INFO - Sync 1 DAGs
[2025-12-20T20:13:26.931+0000] {logging_mixin.py:188} INFO - [2025-12-20T20:13:26.931+0000] {dag.py:3820} INFO - Setting next_dagrun for example_dag to 2025-12-20T00:00:00+00:00, run_after=2025-12-21T00:00:00+00:00
[2025-12-20T20:13:26.944+0000] {processor.py:183} INFO - Processing /opt/airflow/dags/example_dag.py took 0.063 seconds
[2025-12-20T20:13:57.497+0000] {processor.py:161} INFO - Started process (PID=149) to work on /opt/airflow/dags/example_dag.py
[2025-12-20T20:13:57.498+0000] {processor.py:830} INFO - Processing file /opt/airflow/dags/example_dag.py for tasks to queue
[2025-12-20T20:13:57.499+0000] {logging_mixin.py:188} INFO - [2025-12-20T20:13:57.498+0000] {dagbag.py:538} INFO - Filling up the DagBag from /opt/airflow/dags/example_dag.py
[2025-12-20T20:13:57.506+0000] {processor.py:840} INFO - DAG(s) 'example_dag' retrieved from /opt/airflow/dags/example_dag.py
[2025-12-20T20:13:57.527+0000] {logging_mixin.py:188} INFO - [2025-12-20T20:13:57.527+0000] {dag.py:3033} INFO - Sync 1 DAGs
[2025-12-20T20:13:57.542+0000] {logging_mixin.py:188} INFO - [2025-12-20T20:13:57.542+0000] {dag.py:3820} INFO - Setting next_dagrun for example_dag to 2025-12-20T00:00:00+00:00, run_after=2025-12-21T00:00:00+00:00
[2025-12-20T20:13:57.556+0000] {processor.py:183} INFO - Processing /opt/airflow/dags/example_dag.py took 0.061 seconds
[2025-12-20T20:14:27.969+0000] {processor.py:161} INFO - Started process (PID=158) to work on /opt/airflow/dags/example_dag.py
[2025-12-20T20:14:27.969+0000] {processor.py:830} INFO - Processing file /opt/airflow/dags/example_dag.py for tasks to queue
[2025-12-20T20:14:27.970+0000] {logging_mixin.py:188} INFO - [2025-12-20T20:14:27.970+0000] {dagbag.py:538} INFO - Filling up the DagBag from /opt/airflow/dags/example_dag.py
[2025-12-20T20:14:27.977+0000] {processor.py:840} INFO - DAG(s) 'example_dag' retrieved from /opt/airflow/dags/example_dag.py
[2025-12-20T20:14:27.999+0000] {logging_mixin.py:188} INFO - [2025-12-20T20:14:27.999+0000] {dag.py:3033} INFO - Sync 1 DAGs
[2025-12-20T20:14:28.019+0000] {logging_mixin.py:188} INFO - [2025-12-20T20:14:28.019+0000] {dag.py:3820} INFO - Setting next_dagrun for example_dag to 2025-12-20T00:00:00+00:00, run_after=2025-12-21T00:00:00+00:00
[2025-12-20T20:14:28.038+0000] {processor.py:183} INFO - Processing /opt/airflow/dags/example_dag.py took 0.072 seconds
[2025-12-20T20:14:58.494+0000] {processor.py:161} INFO - Started process (PID=168) to work on /opt/airflow/dags/example_dag.py
[2025-12-20T20:14:58.495+0000] {processor.py:830} INFO - Processing file /opt/airflow/dags/example_dag.py for tasks to queue
[2025-12-20T20:14:58.496+0000] {logging_mixin.py:188} INFO - [2025-12-20T20:14:58.495+0000] {dagbag.py:538} INFO - Filling up the DagBag from /opt/airflow/dags/example_dag.py
[2025-12-20T20:14:58.503+0000] {processor.py:840} INFO - DAG(s) 'example_dag' retrieved from /opt/airflow/dags/example_dag.py
[2025-12-20T20:14:58.524+0000] {logging_mixin.py:188} INFO - [2025-12-20T20:14:58.523+0000] {dag.py:3033} INFO - Sync 1 DAGs
[2025-12-20T20:14:58.540+0000] {logging_mixin.py:188} INFO - [2025-12-20T20:14:58.539+0000] {dag.py:3820} INFO - Setting next_dagrun for example_dag to 2025-12-20T00:00:00+00:00, run_after=2025-12-21T00:00:00+00:00
[2025-12-20T20:14:58.554+0000] {processor.py:183} INFO - Processing /opt/airflow/dags/example_dag.py took 0.061 seconds
[2025-12-20T20:15:28.886+0000] {processor.py:161} INFO - Started process (PID=178) to work on /opt/airflow/dags/example_dag.py
[2025-12-20T20:15:28.888+0000] {processor.py:830} INFO - Processing file /opt/airflow/dags/example_dag.py for tasks to queue
[2025-12-20T20:15:28.889+0000] {logging_mixin.py:188} INFO - [2025-12-20T20:15:28.889+0000] {dagbag.py:538} INFO - Filling up the DagBag from /opt/airflow/dags/example_dag.py
[2025-12-20T20:15:28.910+0000] {processor.py:840} INFO - DAG(s) 'example_dag' retrieved from /opt/airflow/dags/example_dag.py
[2025-12-20T20:15:28.956+0000] {logging_mixin.py:188} INFO - [2025-12-20T20:15:28.955+0000] {dag.py:3033} INFO - Sync 1 DAGs
[2025-12-20T20:15:28.980+0000] {logging_mixin.py:188} INFO - [2025-12-20T20:15:28.980+0000] {dag.py:3820} INFO - Setting next_dagrun for example_dag to 2025-12-20T00:00:00+00:00, run_after=2025-12-21T00:00:00+00:00
[2025-12-20T20:15:29.002+0000] {processor.py:183} INFO - Processing /opt/airflow/dags/example_dag.py took 0.135 seconds
[2025-12-20T20:15:59.507+0000] {processor.py:161} INFO - Started process (PID=188) to work on /opt/airflow/dags/example_dag.py
[2025-12-20T20:15:59.509+0000] {processor.py:830} INFO - Processing file /opt/airflow/dags/example_dag.py for tasks to queue
[2025-12-20T20:15:59.510+0000] {logging_mixin.py:188} INFO - [2025-12-20T20:15:59.510+0000] {dagbag.py:538} INFO - Filling up the DagBag from /opt/airflow/dags/example_dag.py
[2025-12-20T20:15:59.547+0000] {processor.py:840} INFO - DAG(s) 'example_dag' retrieved from /opt/airflow/dags/example_dag.py
[2025-12-20T20:15:59.597+0000] {logging_mixin.py:188} INFO - [2025-12-20T20:15:59.597+0000] {dag.py:3033} INFO - Sync 1 DAGs
[2025-12-20T20:15:59.621+0000] {logging_mixin.py:188} INFO - [2025-12-20T20:15:59.621+0000] {dag.py:3820} INFO - Setting next_dagrun for example_dag to 2025-12-20T00:00:00+00:00, run_after=2025-12-21T00:00:00+00:00
[2025-12-20T20:15:59.641+0000] {processor.py:183} INFO - Processing /opt/airflow/dags/example_dag.py took 0.142 seconds
[2025-12-20T20:16:30.177+0000] {processor.py:161} INFO - Started process (PID=200) to work on /opt/airflow/dags/example_dag.py
[2025-12-20T20:16:30.179+0000] {processor.py:830} INFO - Processing file /opt/airflow/dags/example_dag.py for tasks to queue
[2025-12-20T20:16:30.182+0000] {logging_mixin.py:188} INFO - [2025-12-20T20:16:30.181+0000] {dagbag.py:538} INFO - Filling up the DagBag from /opt/airflow/dags/example_dag.py
[2025-12-20T20:16:30.207+0000] {processor.py:840} INFO - DAG(s) 'example_dag' retrieved from /opt/airflow/dags/example_dag.py
[2025-12-20T20:16:30.258+0000] {logging_mixin.py:188} INFO - [2025-12-20T20:16:30.258+0000] {dag.py:3033} INFO - Sync 1 DAGs
[2025-12-20T20:16:30.287+0000] {logging_mixin.py:188} INFO - [2025-12-20T20:16:30.287+0000] {dag.py:3820} INFO - Setting next_dagrun for example_dag to 2025-12-20T00:00:00+00:00, run_after=2025-12-21T00:00:00+00:00
[2025-12-20T20:16:30.306+0000] {processor.py:183} INFO - Processing /opt/airflow/dags/example_dag.py took 0.141 seconds
[2025-12-20T20:17:00.595+0000] {processor.py:161} INFO - Started process (PID=210) to work on /opt/airflow/dags/example_dag.py
[2025-12-20T20:17:00.596+0000] {processor.py:830} INFO - Processing file /opt/airflow/dags/example_dag.py for tasks to queue
[2025-12-20T20:17:00.598+0000] {logging_mixin.py:188} INFO - [2025-12-20T20:17:00.597+0000] {dagbag.py:538} INFO - Filling up the DagBag from /opt/airflow/dags/example_dag.py
[2025-12-20T20:17:00.617+0000] {processor.py:840} INFO - DAG(s) 'example_dag' retrieved from /opt/airflow/dags/example_dag.py
[2025-12-20T20:17:00.664+0000] {logging_mixin.py:188} INFO - [2025-12-20T20:17:00.664+0000] {dag.py:3033} INFO - Sync 1 DAGs
[2025-12-20T20:17:00.696+0000] {logging_mixin.py:188} INFO - [2025-12-20T20:17:00.695+0000] {dag.py:3820} INFO - Setting next_dagrun for example_dag to 2025-12-20T00:00:00+00:00, run_after=2025-12-21T00:00:00+00:00
[2025-12-20T20:17:00.722+0000] {processor.py:183} INFO - Processing /opt/airflow/dags/example_dag.py took 0.136 seconds
[2025-12-20T20:17:31.049+0000] {processor.py:161} INFO - Started process (PID=220) to work on /opt/airflow/dags/example_dag.py
[2025-12-20T20:17:31.050+0000] {processor.py:830} INFO - Processing file /opt/airflow/dags/example_dag.py for tasks to queue
[2025-12-20T20:17:31.051+0000] {logging_mixin.py:188} INFO - [2025-12-20T20:17:31.051+0000] {dagbag.py:538} INFO - Filling up the DagBag from /opt/airflow/dags/example_dag.py
[2025-12-20T20:17:31.067+0000] {processor.py:840} INFO - DAG(s) 'example_dag' retrieved from /opt/airflow/dags/example_dag.py
[2025-12-20T20:17:31.100+0000] {logging_mixin.py:188} INFO - [2025-12-20T20:17:31.100+0000] {dag.py:3033} INFO - Sync 1 DAGs
[2025-12-20T20:17:31.124+0000] {logging_mixin.py:188} INFO - [2025-12-20T20:17:31.124+0000] {dag.py:3820} INFO - Setting next_dagrun for example_dag to 2025-12-20T00:00:00+00:00, run_after=2025-12-21T00:00:00+00:00
[2025-12-20T20:17:31.142+0000] {processor.py:183} INFO - Processing /opt/airflow/dags/example_dag.py took 0.098 seconds
[2025-12-20T20:18:01.572+0000] {processor.py:161} INFO - Started process (PID=232) to work on /opt/airflow/dags/example_dag.py
[2025-12-20T20:18:01.574+0000] {processor.py:830} INFO - Processing file /opt/airflow/dags/example_dag.py for tasks to queue
[2025-12-20T20:18:01.576+0000] {logging_mixin.py:188} INFO - [2025-12-20T20:18:01.576+0000] {dagbag.py:538} INFO - Filling up the DagBag from /opt/airflow/dags/example_dag.py
[2025-12-20T20:18:01.621+0000] {processor.py:840} INFO - DAG(s) 'example_dag' retrieved from /opt/airflow/dags/example_dag.py
[2025-12-20T20:18:01.698+0000] {logging_mixin.py:188} INFO - [2025-12-20T20:18:01.698+0000] {dag.py:3033} INFO - Sync 1 DAGs
[2025-12-20T20:18:01.743+0000] {logging_mixin.py:188} INFO - [2025-12-20T20:18:01.743+0000] {dag.py:3820} INFO - Setting next_dagrun for example_dag to 2025-12-20T00:00:00+00:00, run_after=2025-12-21T00:00:00+00:00
[2025-12-20T20:18:01.764+0000] {processor.py:183} INFO - Processing /opt/airflow/dags/example_dag.py took 0.201 seconds
[2025-12-20T20:18:32.104+0000] {processor.py:161} INFO - Started process (PID=242) to work on /opt/airflow/dags/example_dag.py
[2025-12-20T20:18:32.105+0000] {processor.py:830} INFO - Processing file /opt/airflow/dags/example_dag.py for tasks to queue
[2025-12-20T20:18:32.106+0000] {logging_mixin.py:188} INFO - [2025-12-20T20:18:32.106+0000] {dagbag.py:538} INFO - Filling up the DagBag from /opt/airflow/dags/example_dag.py
[2025-12-20T20:18:32.123+0000] {processor.py:840} INFO - DAG(s) 'example_dag' retrieved from /opt/airflow/dags/example_dag.py
[2025-12-20T20:18:32.155+0000] {logging_mixin.py:188} INFO - [2025-12-20T20:18:32.155+0000] {dag.py:3033} INFO - Sync 1 DAGs
[2025-12-20T20:18:32.186+0000] {logging_mixin.py:188} INFO - [2025-12-20T20:18:32.186+0000] {dag.py:3820} INFO - Setting next_dagrun for example_dag to 2025-12-20T00:00:00+00:00, run_after=2025-12-21T00:00:00+00:00
[2025-12-20T20:18:32.201+0000] {processor.py:183} INFO - Processing /opt/airflow/dags/example_dag.py took 0.103 seconds
[2025-12-20T20:19:02.778+0000] {processor.py:161} INFO - Started process (PID=264) to work on /opt/airflow/dags/example_dag.py
[2025-12-20T20:19:02.779+0000] {processor.py:830} INFO - Processing file /opt/airflow/dags/example_dag.py for tasks to queue
[2025-12-20T20:19:02.781+0000] {logging_mixin.py:188} INFO - [2025-12-20T20:19:02.780+0000] {dagbag.py:538} INFO - Filling up the DagBag from /opt/airflow/dags/example_dag.py
[2025-12-20T20:19:02.809+0000] {processor.py:840} INFO - DAG(s) 'example_dag' retrieved from /opt/airflow/dags/example_dag.py
[2025-12-20T20:19:02.963+0000] {logging_mixin.py:188} INFO - [2025-12-20T20:19:02.963+0000] {dag.py:3033} INFO - Sync 1 DAGs
[2025-12-20T20:19:02.983+0000] {logging_mixin.py:188} INFO - [2025-12-20T20:19:02.983+0000] {dag.py:3820} INFO - Setting next_dagrun for example_dag to 2025-12-20T00:00:00+00:00, run_after=2025-12-21T00:00:00+00:00
[2025-12-20T20:19:02.999+0000] {processor.py:183} INFO - Processing /opt/airflow/dags/example_dag.py took 0.230 seconds
[2025-12-20T20:19:33.286+0000] {processor.py:161} INFO - Started process (PID=274) to work on /opt/airflow/dags/example_dag.py
[2025-12-20T20:19:33.287+0000] {processor.py:830} INFO - Processing file /opt/airflow/dags/example_dag.py for tasks to queue
[2025-12-20T20:19:33.288+0000] {logging_mixin.py:188} INFO - [2025-12-20T20:19:33.287+0000] {dagbag.py:538} INFO - Filling up the DagBag from /opt/airflow/dags/example_dag.py
[2025-12-20T20:19:33.297+0000] {processor.py:840} INFO - DAG(s) 'example_dag' retrieved from /opt/airflow/dags/example_dag.py
[2025-12-20T20:19:33.320+0000] {logging_mixin.py:188} INFO - [2025-12-20T20:19:33.320+0000] {dag.py:3033} INFO - Sync 1 DAGs
[2025-12-20T20:19:33.338+0000] {logging_mixin.py:188} INFO - [2025-12-20T20:19:33.338+0000] {dag.py:3820} INFO - Setting next_dagrun for example_dag to 2025-12-20T00:00:00+00:00, run_after=2025-12-21T00:00:00+00:00
[2025-12-20T20:19:33.350+0000] {processor.py:183} INFO - Processing /opt/airflow/dags/example_dag.py took 0.071 seconds
[2025-12-20T20:20:03.673+0000] {processor.py:161} INFO - Started process (PID=284) to work on /opt/airflow/dags/example_dag.py
[2025-12-20T20:20:03.674+0000] {processor.py:830} INFO - Processing file /opt/airflow/dags/example_dag.py for tasks to queue
[2025-12-20T20:20:03.675+0000] {logging_mixin.py:188} INFO - [2025-12-20T20:20:03.675+0000] {dagbag.py:538} INFO - Filling up the DagBag from /opt/airflow/dags/example_dag.py
[2025-12-20T20:20:03.687+0000] {processor.py:840} INFO - DAG(s) 'example_dag' retrieved from /opt/airflow/dags/example_dag.py
[2025-12-20T20:20:03.710+0000] {logging_mixin.py:188} INFO - [2025-12-20T20:20:03.710+0000] {dag.py:3033} INFO - Sync 1 DAGs
[2025-12-20T20:20:03.725+0000] {logging_mixin.py:188} INFO - [2025-12-20T20:20:03.725+0000] {dag.py:3820} INFO - Setting next_dagrun for example_dag to 2025-12-20T00:00:00+00:00, run_after=2025-12-21T00:00:00+00:00
[2025-12-20T20:20:03.736+0000] {processor.py:183} INFO - Processing /opt/airflow/dags/example_dag.py took 0.071 seconds
[2025-12-20T20:20:34.077+0000] {processor.py:161} INFO - Started process (PID=294) to work on /opt/airflow/dags/example_dag.py
[2025-12-20T20:20:34.078+0000] {processor.py:830} INFO - Processing file /opt/airflow/dags/example_dag.py for tasks to queue
[2025-12-20T20:20:34.079+0000] {logging_mixin.py:188} INFO - [2025-12-20T20:20:34.079+0000] {dagbag.py:538} INFO - Filling up the DagBag from /opt/airflow/dags/example_dag.py
[2025-12-20T20:20:34.091+0000] {processor.py:840} INFO - DAG(s) 'example_dag' retrieved from /opt/airflow/dags/example_dag.py
[2025-12-20T20:20:34.116+0000] {logging_mixin.py:188} INFO - [2025-12-20T20:20:34.116+0000] {dag.py:3033} INFO - Sync 1 DAGs
[2025-12-20T20:20:34.132+0000] {logging_mixin.py:188} INFO - [2025-12-20T20:20:34.132+0000] {dag.py:3820} INFO - Setting next_dagrun for example_dag to 2025-12-20T00:00:00+00:00, run_after=2025-12-21T00:00:00+00:00
[2025-12-20T20:20:34.143+0000] {processor.py:183} INFO - Processing /opt/airflow/dags/example_dag.py took 0.069 seconds
[2025-12-20T20:21:04.511+0000] {processor.py:161} INFO - Started process (PID=304) to work on /opt/airflow/dags/example_dag.py
[2025-12-20T20:21:04.513+0000] {processor.py:830} INFO - Processing file /opt/airflow/dags/example_dag.py for tasks to queue
[2025-12-20T20:21:04.515+0000] {logging_mixin.py:188} INFO - [2025-12-20T20:21:04.514+0000] {dagbag.py:538} INFO - Filling up the DagBag from /opt/airflow/dags/example_dag.py
[2025-12-20T20:21:04.549+0000] {processor.py:840} INFO - DAG(s) 'example_dag' retrieved from /opt/airflow/dags/example_dag.py
[2025-12-20T20:21:04.624+0000] {logging_mixin.py:188} INFO - [2025-12-20T20:21:04.624+0000] {dag.py:3033} INFO - Sync 1 DAGs
[2025-12-20T20:21:04.653+0000] {logging_mixin.py:188} INFO - [2025-12-20T20:21:04.653+0000] {dag.py:3820} INFO - Setting next_dagrun for example_dag to 2025-12-20T00:00:00+00:00, run_after=2025-12-21T00:00:00+00:00
[2025-12-20T20:21:04.671+0000] {processor.py:183} INFO - Processing /opt/airflow/dags/example_dag.py took 0.171 seconds
[2025-12-20T20:21:34.925+0000] {processor.py:161} INFO - Started process (PID=326) to work on /opt/airflow/dags/example_dag.py
[2025-12-20T20:21:34.926+0000] {processor.py:830} INFO - Processing file /opt/airflow/dags/example_dag.py for tasks to queue
[2025-12-20T20:21:34.927+0000] {logging_mixin.py:188} INFO - [2025-12-20T20:21:34.927+0000] {dagbag.py:538} INFO - Filling up the DagBag from /opt/airflow/dags/example_dag.py
[2025-12-20T20:21:34.941+0000] {processor.py:840} INFO - DAG(s) 'example_dag' retrieved from /opt/airflow/dags/example_dag.py
[2025-12-20T20:21:34.975+0000] {logging_mixin.py:188} INFO - [2025-12-20T20:21:34.975+0000] {dag.py:3033} INFO - Sync 1 DAGs
[2025-12-20T20:21:34.999+0000] {logging_mixin.py:188} INFO - [2025-12-20T20:21:34.999+0000] {dag.py:3820} INFO - Setting next_dagrun for example_dag to 2025-12-20T00:00:00+00:00, run_after=2025-12-21T00:00:00+00:00
[2025-12-20T20:21:35.012+0000] {processor.py:183} INFO - Processing /opt/airflow/dags/example_dag.py took 0.092 seconds
[2025-12-20T20:22:05.507+0000] {processor.py:161} INFO - Started process (PID=335) to work on /opt/airflow/dags/example_dag.py
[2025-12-20T20:22:05.509+0000] {processor.py:830} INFO - Processing file /opt/airflow/dags/example_dag.py for tasks to queue
[2025-12-20T20:22:05.510+0000] {logging_mixin.py:188} INFO - [2025-12-20T20:22:05.510+0000] {dagbag.py:538} INFO - Filling up the DagBag from /opt/airflow/dags/example_dag.py
[2025-12-20T20:22:05.546+0000] {processor.py:840} INFO - DAG(s) 'example_dag' retrieved from /opt/airflow/dags/example_dag.py
[2025-12-20T20:22:05.602+0000] {logging_mixin.py:188} INFO - [2025-12-20T20:22:05.602+0000] {dag.py:3033} INFO - Sync 1 DAGs
[2025-12-20T20:22:05.627+0000] {logging_mixin.py:188} INFO - [2025-12-20T20:22:05.627+0000] {dag.py:3820} INFO - Setting next_dagrun for example_dag to 2025-12-20T00:00:00+00:00, run_after=2025-12-21T00:00:00+00:00
[2025-12-20T20:22:05.649+0000] {processor.py:183} INFO - Processing /opt/airflow/dags/example_dag.py took 0.151 seconds
[2025-12-20T20:22:35.937+0000] {processor.py:161} INFO - Started process (PID=345) to work on /opt/airflow/dags/example_dag.py
[2025-12-20T20:22:35.940+0000] {processor.py:830} INFO - Processing file /opt/airflow/dags/example_dag.py for tasks to queue
[2025-12-20T20:22:35.943+0000] {logging_mixin.py:188} INFO - [2025-12-20T20:22:35.942+0000] {dagbag.py:538} INFO - Filling up the DagBag from /opt/airflow/dags/example_dag.py
[2025-12-20T20:22:35.976+0000] {processor.py:840} INFO - DAG(s) 'example_dag' retrieved from /opt/airflow/dags/example_dag.py
[2025-12-20T20:22:36.040+0000] {logging_mixin.py:188} INFO - [2025-12-20T20:22:36.039+0000] {dag.py:3033} INFO - Sync 1 DAGs
[2025-12-20T20:22:36.068+0000] {logging_mixin.py:188} INFO - [2025-12-20T20:22:36.068+0000] {dag.py:3820} INFO - Setting next_dagrun for example_dag to 2025-12-20T00:00:00+00:00, run_after=2025-12-21T00:00:00+00:00
[2025-12-20T20:22:36.083+0000] {processor.py:183} INFO - Processing /opt/airflow/dags/example_dag.py took 0.151 seconds
[2025-12-20T20:23:06.493+0000] {processor.py:161} INFO - Started process (PID=355) to work on /opt/airflow/dags/example_dag.py
[2025-12-20T20:23:06.495+0000] {processor.py:830} INFO - Processing file /opt/airflow/dags/example_dag.py for tasks to queue
[2025-12-20T20:23:06.497+0000] {logging_mixin.py:188} INFO - [2025-12-20T20:23:06.496+0000] {dagbag.py:538} INFO - Filling up the DagBag from /opt/airflow/dags/example_dag.py
[2025-12-20T20:23:06.531+0000] {processor.py:840} INFO - DAG(s) 'example_dag' retrieved from /opt/airflow/dags/example_dag.py
[2025-12-20T20:23:06.594+0000] {logging_mixin.py:188} INFO - [2025-12-20T20:23:06.594+0000] {dag.py:3033} INFO - Sync 1 DAGs
[2025-12-20T20:23:06.629+0000] {logging_mixin.py:188} INFO - [2025-12-20T20:23:06.628+0000] {dag.py:3820} INFO - Setting next_dagrun for example_dag to 2025-12-20T00:00:00+00:00, run_after=2025-12-21T00:00:00+00:00
[2025-12-20T20:23:06.645+0000] {processor.py:183} INFO - Processing /opt/airflow/dags/example_dag.py took 0.160 seconds
[2025-12-20T20:23:37.041+0000] {processor.py:161} INFO - Started process (PID=366) to work on /opt/airflow/dags/example_dag.py
[2025-12-20T20:23:37.045+0000] {processor.py:830} INFO - Processing file /opt/airflow/dags/example_dag.py for tasks to queue
[2025-12-20T20:23:37.046+0000] {logging_mixin.py:188} INFO - [2025-12-20T20:23:37.046+0000] {dagbag.py:538} INFO - Filling up the DagBag from /opt/airflow/dags/example_dag.py
[2025-12-20T20:23:37.076+0000] {processor.py:840} INFO - DAG(s) 'example_dag' retrieved from /opt/airflow/dags/example_dag.py
[2025-12-20T20:23:37.132+0000] {logging_mixin.py:188} INFO - [2025-12-20T20:23:37.132+0000] {dag.py:3033} INFO - Sync 1 DAGs
[2025-12-20T20:23:37.158+0000] {logging_mixin.py:188} INFO - [2025-12-20T20:23:37.157+0000] {dag.py:3820} INFO - Setting next_dagrun for example_dag to 2025-12-20T00:00:00+00:00, run_after=2025-12-21T00:00:00+00:00
[2025-12-20T20:23:37.177+0000] {processor.py:183} INFO - Processing /opt/airflow/dags/example_dag.py took 0.144 seconds
[2025-12-20T20:24:07.852+0000] {processor.py:161} INFO - Started process (PID=388) to work on /opt/airflow/dags/example_dag.py
[2025-12-20T20:24:07.855+0000] {processor.py:830} INFO - Processing file /opt/airflow/dags/example_dag.py for tasks to queue
[2025-12-20T20:24:07.857+0000] {logging_mixin.py:188} INFO - [2025-12-20T20:24:07.856+0000] {dagbag.py:538} INFO - Filling up the DagBag from /opt/airflow/dags/example_dag.py
[2025-12-20T20:24:07.901+0000] {processor.py:840} INFO - DAG(s) 'example_dag' retrieved from /opt/airflow/dags/example_dag.py
[2025-12-20T20:24:07.966+0000] {logging_mixin.py:188} INFO - [2025-12-20T20:24:07.966+0000] {dag.py:3033} INFO - Sync 1 DAGs
[2025-12-20T20:24:07.998+0000] {logging_mixin.py:188} INFO - [2025-12-20T20:24:07.997+0000] {dag.py:3820} INFO - Setting next_dagrun for example_dag to 2025-12-20T00:00:00+00:00, run_after=2025-12-21T00:00:00+00:00
[2025-12-20T20:24:08.015+0000] {processor.py:183} INFO - Processing /opt/airflow/dags/example_dag.py took 0.174 seconds
[2025-12-20T20:24:38.566+0000] {processor.py:161} INFO - Started process (PID=398) to work on /opt/airflow/dags/example_dag.py
[2025-12-20T20:24:38.568+0000] {processor.py:830} INFO - Processing file /opt/airflow/dags/example_dag.py for tasks to queue
[2025-12-20T20:24:38.570+0000] {logging_mixin.py:188} INFO - [2025-12-20T20:24:38.569+0000] {dagbag.py:538} INFO - Filling up the DagBag from /opt/airflow/dags/example_dag.py
[2025-12-20T20:24:38.603+0000] {processor.py:840} INFO - DAG(s) 'example_dag' retrieved from /opt/airflow/dags/example_dag.py
[2025-12-20T20:24:38.652+0000] {logging_mixin.py:188} INFO - [2025-12-20T20:24:38.651+0000] {dag.py:3033} INFO - Sync 1 DAGs
[2025-12-20T20:24:38.674+0000] {logging_mixin.py:188} INFO - [2025-12-20T20:24:38.674+0000] {dag.py:3820} INFO - Setting next_dagrun for example_dag to 2025-12-20T00:00:00+00:00, run_after=2025-12-21T00:00:00+00:00
[2025-12-20T20:24:38.696+0000] {processor.py:183} INFO - Processing /opt/airflow/dags/example_dag.py took 0.138 seconds
[2025-12-20T20:25:09.130+0000] {processor.py:161} INFO - Started process (PID=408) to work on /opt/airflow/dags/example_dag.py
[2025-12-20T20:25:09.131+0000] {processor.py:830} INFO - Processing file /opt/airflow/dags/example_dag.py for tasks to queue
[2025-12-20T20:25:09.133+0000] {logging_mixin.py:188} INFO - [2025-12-20T20:25:09.132+0000] {dagbag.py:538} INFO - Filling up the DagBag from /opt/airflow/dags/example_dag.py
[2025-12-20T20:25:09.176+0000] {processor.py:840} INFO - DAG(s) 'example_dag' retrieved from /opt/airflow/dags/example_dag.py
[2025-12-20T20:25:09.242+0000] {logging_mixin.py:188} INFO - [2025-12-20T20:25:09.242+0000] {dag.py:3033} INFO - Sync 1 DAGs
[2025-12-20T20:25:09.276+0000] {logging_mixin.py:188} INFO - [2025-12-20T20:25:09.276+0000] {dag.py:3820} INFO - Setting next_dagrun for example_dag to 2025-12-20T00:00:00+00:00, run_after=2025-12-21T00:00:00+00:00
[2025-12-20T20:25:09.295+0000] {processor.py:183} INFO - Processing /opt/airflow/dags/example_dag.py took 0.175 seconds
[2025-12-20T20:25:39.902+0000] {processor.py:161} INFO - Started process (PID=418) to work on /opt/airflow/dags/example_dag.py
[2025-12-20T20:25:39.904+0000] {processor.py:830} INFO - Processing file /opt/airflow/dags/example_dag.py for tasks to queue
[2025-12-20T20:25:39.905+0000] {logging_mixin.py:188} INFO - [2025-12-20T20:25:39.905+0000] {dagbag.py:538} INFO - Filling up the DagBag from /opt/airflow/dags/example_dag.py
[2025-12-20T20:25:39.946+0000] {processor.py:840} INFO - DAG(s) 'example_dag' retrieved from /opt/airflow/dags/example_dag.py
[2025-12-20T20:25:39.976+0000] {logging_mixin.py:188} INFO - [2025-12-20T20:25:39.975+0000] {dag.py:3033} INFO - Sync 1 DAGs
[2025-12-20T20:25:39.994+0000] {logging_mixin.py:188} INFO - [2025-12-20T20:25:39.994+0000] {dag.py:3820} INFO - Setting next_dagrun for example_dag to 2025-12-20T00:00:00+00:00, run_after=2025-12-21T00:00:00+00:00
[2025-12-20T20:25:40.012+0000] {processor.py:183} INFO - Processing /opt/airflow/dags/example_dag.py took 0.116 seconds
[2025-12-20T20:26:10.536+0000] {processor.py:161} INFO - Started process (PID=429) to work on /opt/airflow/dags/example_dag.py
[2025-12-20T20:26:10.537+0000] {processor.py:830} INFO - Processing file /opt/airflow/dags/example_dag.py for tasks to queue
[2025-12-20T20:26:10.538+0000] {logging_mixin.py:188} INFO - [2025-12-20T20:26:10.538+0000] {dagbag.py:538} INFO - Filling up the DagBag from /opt/airflow/dags/example_dag.py
[2025-12-20T20:26:10.549+0000] {processor.py:840} INFO - DAG(s) 'example_dag' retrieved from /opt/airflow/dags/example_dag.py
[2025-12-20T20:26:10.570+0000] {logging_mixin.py:188} INFO - [2025-12-20T20:26:10.570+0000] {dag.py:3033} INFO - Sync 1 DAGs
[2025-12-20T20:26:10.585+0000] {logging_mixin.py:188} INFO - [2025-12-20T20:26:10.585+0000] {dag.py:3820} INFO - Setting next_dagrun for example_dag to 2025-12-20T00:00:00+00:00, run_after=2025-12-21T00:00:00+00:00
[2025-12-20T20:26:10.598+0000] {processor.py:183} INFO - Processing /opt/airflow/dags/example_dag.py took 0.065 seconds
[2025-12-20T20:26:40.934+0000] {processor.py:161} INFO - Started process (PID=439) to work on /opt/airflow/dags/example_dag.py
[2025-12-20T20:26:40.935+0000] {processor.py:830} INFO - Processing file /opt/airflow/dags/example_dag.py for tasks to queue
[2025-12-20T20:26:40.935+0000] {logging_mixin.py:188} INFO - [2025-12-20T20:26:40.935+0000] {dagbag.py:538} INFO - Filling up the DagBag from /opt/airflow/dags/example_dag.py
[2025-12-20T20:26:40.946+0000] {processor.py:840} INFO - DAG(s) 'example_dag' retrieved from /opt/airflow/dags/example_dag.py
[2025-12-20T20:26:40.971+0000] {logging_mixin.py:188} INFO - [2025-12-20T20:26:40.970+0000] {dag.py:3033} INFO - Sync 1 DAGs
[2025-12-20T20:26:40.987+0000] {logging_mixin.py:188} INFO - [2025-12-20T20:26:40.987+0000] {dag.py:3820} INFO - Setting next_dagrun for example_dag to 2025-12-20T00:00:00+00:00, run_after=2025-12-21T00:00:00+00:00
[2025-12-20T20:26:40.999+0000] {processor.py:183} INFO - Processing /opt/airflow/dags/example_dag.py took 0.068 seconds
[2025-12-20T20:27:11.409+0000] {processor.py:161} INFO - Started process (PID=450) to work on /opt/airflow/dags/example_dag.py
[2025-12-20T20:27:11.410+0000] {processor.py:830} INFO - Processing file /opt/airflow/dags/example_dag.py for tasks to queue
[2025-12-20T20:27:11.412+0000] {logging_mixin.py:188} INFO - [2025-12-20T20:27:11.411+0000] {dagbag.py:538} INFO - Filling up the DagBag from /opt/airflow/dags/example_dag.py
[2025-12-20T20:27:11.428+0000] {processor.py:840} INFO - DAG(s) 'example_dag' retrieved from /opt/airflow/dags/example_dag.py
[2025-12-20T20:27:11.481+0000] {logging_mixin.py:188} INFO - [2025-12-20T20:27:11.481+0000] {dag.py:3033} INFO - Sync 1 DAGs
[2025-12-20T20:27:11.520+0000] {logging_mixin.py:188} INFO - [2025-12-20T20:27:11.520+0000] {dag.py:3820} INFO - Setting next_dagrun for example_dag to 2025-12-20T00:00:00+00:00, run_after=2025-12-21T00:00:00+00:00
[2025-12-20T20:27:11.539+0000] {processor.py:183} INFO - Processing /opt/airflow/dags/example_dag.py took 0.134 seconds
[2025-12-20T20:31:00.464+0000] {processor.py:161} INFO - Started process (PID=32) to work on /opt/airflow/dags/example_dag.py
[2025-12-20T20:31:00.465+0000] {processor.py:830} INFO - Processing file /opt/airflow/dags/example_dag.py for tasks to queue
[2025-12-20T20:31:00.466+0000] {logging_mixin.py:188} INFO - [2025-12-20T20:31:00.465+0000] {dagbag.py:538} INFO - Filling up the DagBag from /opt/airflow/dags/example_dag.py
[2025-12-20T20:31:00.473+0000] {processor.py:840} INFO - DAG(s) 'example_dag' retrieved from /opt/airflow/dags/example_dag.py
[2025-12-20T20:31:00.489+0000] {logging_mixin.py:188} INFO - [2025-12-20T20:31:00.488+0000] {dag.py:3033} INFO - Sync 1 DAGs
[2025-12-20T20:31:00.504+0000] {logging_mixin.py:188} INFO - [2025-12-20T20:31:00.504+0000] {dag.py:3820} INFO - Setting next_dagrun for example_dag to 2025-12-20T00:00:00+00:00, run_after=2025-12-21T00:00:00+00:00
[2025-12-20T20:31:00.519+0000] {processor.py:183} INFO - Processing /opt/airflow/dags/example_dag.py took 0.057 seconds
[2025-12-20T20:31:31.004+0000] {processor.py:161} INFO - Started process (PID=42) to work on /opt/airflow/dags/example_dag.py
[2025-12-20T20:31:31.006+0000] {processor.py:830} INFO - Processing file /opt/airflow/dags/example_dag.py for tasks to queue
[2025-12-20T20:31:31.006+0000] {logging_mixin.py:188} INFO - [2025-12-20T20:31:31.006+0000] {dagbag.py:538} INFO - Filling up the DagBag from /opt/airflow/dags/example_dag.py
[2025-12-20T20:31:31.014+0000] {processor.py:840} INFO - DAG(s) 'example_dag' retrieved from /opt/airflow/dags/example_dag.py
[2025-12-20T20:31:31.145+0000] {logging_mixin.py:188} INFO - [2025-12-20T20:31:31.145+0000] {dag.py:3033} INFO - Sync 1 DAGs
[2025-12-20T20:31:31.160+0000] {logging_mixin.py:188} INFO - [2025-12-20T20:31:31.160+0000] {dag.py:3820} INFO - Setting next_dagrun for example_dag to 2025-12-20T00:00:00+00:00, run_after=2025-12-21T00:00:00+00:00
[2025-12-20T20:31:31.182+0000] {processor.py:183} INFO - Processing /opt/airflow/dags/example_dag.py took 0.183 seconds
[2025-12-20T20:32:01.328+0000] {processor.py:161} INFO - Started process (PID=64) to work on /opt/airflow/dags/example_dag.py
[2025-12-20T20:32:01.329+0000] {processor.py:830} INFO - Processing file /opt/airflow/dags/example_dag.py for tasks to queue
[2025-12-20T20:32:01.330+0000] {logging_mixin.py:188} INFO - [2025-12-20T20:32:01.330+0000] {dagbag.py:538} INFO - Filling up the DagBag from /opt/airflow/dags/example_dag.py
[2025-12-20T20:32:01.337+0000] {processor.py:840} INFO - DAG(s) 'example_dag' retrieved from /opt/airflow/dags/example_dag.py
[2025-12-20T20:32:01.359+0000] {logging_mixin.py:188} INFO - [2025-12-20T20:32:01.359+0000] {dag.py:3033} INFO - Sync 1 DAGs
[2025-12-20T20:32:01.373+0000] {logging_mixin.py:188} INFO - [2025-12-20T20:32:01.373+0000] {dag.py:3820} INFO - Setting next_dagrun for example_dag to 2025-12-20T00:00:00+00:00, run_after=2025-12-21T00:00:00+00:00
[2025-12-20T20:32:01.385+0000] {processor.py:183} INFO - Processing /opt/airflow/dags/example_dag.py took 0.060 seconds
[2025-12-20T20:32:31.559+0000] {processor.py:161} INFO - Started process (PID=74) to work on /opt/airflow/dags/example_dag.py
[2025-12-20T20:32:31.559+0000] {processor.py:830} INFO - Processing file /opt/airflow/dags/example_dag.py for tasks to queue
[2025-12-20T20:32:31.560+0000] {logging_mixin.py:188} INFO - [2025-12-20T20:32:31.560+0000] {dagbag.py:538} INFO - Filling up the DagBag from /opt/airflow/dags/example_dag.py
[2025-12-20T20:32:31.566+0000] {processor.py:840} INFO - DAG(s) 'example_dag' retrieved from /opt/airflow/dags/example_dag.py
[2025-12-20T20:32:31.586+0000] {logging_mixin.py:188} INFO - [2025-12-20T20:32:31.585+0000] {dag.py:3033} INFO - Sync 1 DAGs
[2025-12-20T20:32:31.599+0000] {logging_mixin.py:188} INFO - [2025-12-20T20:32:31.599+0000] {dag.py:3820} INFO - Setting next_dagrun for example_dag to 2025-12-20T00:00:00+00:00, run_after=2025-12-21T00:00:00+00:00
[2025-12-20T20:32:31.610+0000] {processor.py:183} INFO - Processing /opt/airflow/dags/example_dag.py took 0.053 seconds
[2025-12-20T20:33:02.137+0000] {processor.py:161} INFO - Started process (PID=96) to work on /opt/airflow/dags/example_dag.py
[2025-12-20T20:33:02.138+0000] {processor.py:830} INFO - Processing file /opt/airflow/dags/example_dag.py for tasks to queue
[2025-12-20T20:33:02.139+0000] {logging_mixin.py:188} INFO - [2025-12-20T20:33:02.138+0000] {dagbag.py:538} INFO - Filling up the DagBag from /opt/airflow/dags/example_dag.py
[2025-12-20T20:33:02.163+0000] {processor.py:840} INFO - DAG(s) 'example_dag' retrieved from /opt/airflow/dags/example_dag.py
[2025-12-20T20:33:02.189+0000] {logging_mixin.py:188} INFO - [2025-12-20T20:33:02.189+0000] {dag.py:3033} INFO - Sync 1 DAGs
[2025-12-20T20:33:02.204+0000] {logging_mixin.py:188} INFO - [2025-12-20T20:33:02.204+0000] {dag.py:3820} INFO - Setting next_dagrun for example_dag to 2025-12-20T00:00:00+00:00, run_after=2025-12-21T00:00:00+00:00
[2025-12-20T20:33:02.216+0000] {processor.py:183} INFO - Processing /opt/airflow/dags/example_dag.py took 0.081 seconds
[2025-12-20T20:33:32.396+0000] {processor.py:161} INFO - Started process (PID=106) to work on /opt/airflow/dags/example_dag.py
[2025-12-20T20:33:32.397+0000] {processor.py:830} INFO - Processing file /opt/airflow/dags/example_dag.py for tasks to queue
[2025-12-20T20:33:32.397+0000] {logging_mixin.py:188} INFO - [2025-12-20T20:33:32.397+0000] {dagbag.py:538} INFO - Filling up the DagBag from /opt/airflow/dags/example_dag.py
[2025-12-20T20:33:32.404+0000] {processor.py:840} INFO - DAG(s) 'example_dag' retrieved from /opt/airflow/dags/example_dag.py
[2025-12-20T20:33:32.424+0000] {logging_mixin.py:188} INFO - [2025-12-20T20:33:32.424+0000] {dag.py:3033} INFO - Sync 1 DAGs
[2025-12-20T20:33:32.438+0000] {logging_mixin.py:188} INFO - [2025-12-20T20:33:32.438+0000] {dag.py:3820} INFO - Setting next_dagrun for example_dag to 2025-12-20T00:00:00+00:00, run_after=2025-12-21T00:00:00+00:00
[2025-12-20T20:33:32.449+0000] {processor.py:183} INFO - Processing /opt/airflow/dags/example_dag.py took 0.054 seconds
[2025-12-20T20:34:02.746+0000] {processor.py:161} INFO - Started process (PID=116) to work on /opt/airflow/dags/example_dag.py
[2025-12-20T20:34:02.747+0000] {processor.py:830} INFO - Processing file /opt/airflow/dags/example_dag.py for tasks to queue
[2025-12-20T20:34:02.747+0000] {logging_mixin.py:188} INFO - [2025-12-20T20:34:02.747+0000] {dagbag.py:538} INFO - Filling up the DagBag from /opt/airflow/dags/example_dag.py
[2025-12-20T20:34:02.755+0000] {processor.py:840} INFO - DAG(s) 'example_dag' retrieved from /opt/airflow/dags/example_dag.py
[2025-12-20T20:34:02.773+0000] {logging_mixin.py:188} INFO - [2025-12-20T20:34:02.772+0000] {dag.py:3033} INFO - Sync 1 DAGs
[2025-12-20T20:34:02.785+0000] {logging_mixin.py:188} INFO - [2025-12-20T20:34:02.785+0000] {dag.py:3820} INFO - Setting next_dagrun for example_dag to 2025-12-20T00:00:00+00:00, run_after=2025-12-21T00:00:00+00:00
[2025-12-20T20:34:02.795+0000] {processor.py:183} INFO - Processing /opt/airflow/dags/example_dag.py took 0.051 seconds
[2025-12-20T20:34:33.149+0000] {processor.py:161} INFO - Started process (PID=126) to work on /opt/airflow/dags/example_dag.py
[2025-12-20T20:34:33.150+0000] {processor.py:830} INFO - Processing file /opt/airflow/dags/example_dag.py for tasks to queue
[2025-12-20T20:34:33.150+0000] {logging_mixin.py:188} INFO - [2025-12-20T20:34:33.150+0000] {dagbag.py:538} INFO - Filling up the DagBag from /opt/airflow/dags/example_dag.py
[2025-12-20T20:34:33.156+0000] {processor.py:840} INFO - DAG(s) 'example_dag' retrieved from /opt/airflow/dags/example_dag.py
[2025-12-20T20:34:33.174+0000] {logging_mixin.py:188} INFO - [2025-12-20T20:34:33.174+0000] {dag.py:3033} INFO - Sync 1 DAGs
[2025-12-20T20:34:33.188+0000] {logging_mixin.py:188} INFO - [2025-12-20T20:34:33.187+0000] {dag.py:3820} INFO - Setting next_dagrun for example_dag to 2025-12-20T00:00:00+00:00, run_after=2025-12-21T00:00:00+00:00
[2025-12-20T20:34:33.197+0000] {processor.py:183} INFO - Processing /opt/airflow/dags/example_dag.py took 0.051 seconds
[2025-12-20T20:35:03.610+0000] {processor.py:161} INFO - Started process (PID=129) to work on /opt/airflow/dags/example_dag.py
[2025-12-20T20:35:03.610+0000] {processor.py:830} INFO - Processing file /opt/airflow/dags/example_dag.py for tasks to queue
[2025-12-20T20:35:03.611+0000] {logging_mixin.py:188} INFO - [2025-12-20T20:35:03.611+0000] {dagbag.py:538} INFO - Filling up the DagBag from /opt/airflow/dags/example_dag.py
[2025-12-20T20:35:03.617+0000] {processor.py:840} INFO - DAG(s) 'example_dag' retrieved from /opt/airflow/dags/example_dag.py
[2025-12-20T20:35:03.637+0000] {logging_mixin.py:188} INFO - [2025-12-20T20:35:03.637+0000] {dag.py:3033} INFO - Sync 1 DAGs
[2025-12-20T20:35:03.651+0000] {logging_mixin.py:188} INFO - [2025-12-20T20:35:03.651+0000] {dag.py:3820} INFO - Setting next_dagrun for example_dag to 2025-12-20T00:00:00+00:00, run_after=2025-12-21T00:00:00+00:00
[2025-12-20T20:35:03.661+0000] {processor.py:183} INFO - Processing /opt/airflow/dags/example_dag.py took 0.053 seconds
[2025-12-20T20:35:34.059+0000] {processor.py:161} INFO - Started process (PID=139) to work on /opt/airflow/dags/example_dag.py
[2025-12-20T20:35:34.060+0000] {processor.py:830} INFO - Processing file /opt/airflow/dags/example_dag.py for tasks to queue
[2025-12-20T20:35:34.061+0000] {logging_mixin.py:188} INFO - [2025-12-20T20:35:34.061+0000] {dagbag.py:538} INFO - Filling up the DagBag from /opt/airflow/dags/example_dag.py
[2025-12-20T20:35:34.090+0000] {processor.py:840} INFO - DAG(s) 'example_dag' retrieved from /opt/airflow/dags/example_dag.py
[2025-12-20T20:35:34.124+0000] {logging_mixin.py:188} INFO - [2025-12-20T20:35:34.124+0000] {dag.py:3033} INFO - Sync 1 DAGs
[2025-12-20T20:35:34.143+0000] {logging_mixin.py:188} INFO - [2025-12-20T20:35:34.143+0000] {dag.py:3820} INFO - Setting next_dagrun for example_dag to 2025-12-20T00:00:00+00:00, run_after=2025-12-21T00:00:00+00:00
[2025-12-20T20:35:34.158+0000] {processor.py:183} INFO - Processing /opt/airflow/dags/example_dag.py took 0.102 seconds
[2025-12-20T20:36:04.868+0000] {processor.py:161} INFO - Started process (PID=148) to work on /opt/airflow/dags/example_dag.py
[2025-12-20T20:36:04.869+0000] {processor.py:830} INFO - Processing file /opt/airflow/dags/example_dag.py for tasks to queue
[2025-12-20T20:36:04.870+0000] {logging_mixin.py:188} INFO - [2025-12-20T20:36:04.870+0000] {dagbag.py:538} INFO - Filling up the DagBag from /opt/airflow/dags/example_dag.py
[2025-12-20T20:36:04.885+0000] {processor.py:840} INFO - DAG(s) 'example_dag' retrieved from /opt/airflow/dags/example_dag.py
[2025-12-20T20:36:04.930+0000] {logging_mixin.py:188} INFO - [2025-12-20T20:36:04.930+0000] {dag.py:3033} INFO - Sync 1 DAGs
[2025-12-20T20:36:04.953+0000] {logging_mixin.py:188} INFO - [2025-12-20T20:36:04.953+0000] {dag.py:3820} INFO - Setting next_dagrun for example_dag to 2025-12-20T00:00:00+00:00, run_after=2025-12-21T00:00:00+00:00
[2025-12-20T20:36:04.967+0000] {processor.py:183} INFO - Processing /opt/airflow/dags/example_dag.py took 0.106 seconds
[2025-12-20T20:36:35.598+0000] {processor.py:161} INFO - Started process (PID=158) to work on /opt/airflow/dags/example_dag.py
[2025-12-20T20:36:35.599+0000] {processor.py:830} INFO - Processing file /opt/airflow/dags/example_dag.py for tasks to queue
[2025-12-20T20:36:35.599+0000] {logging_mixin.py:188} INFO - [2025-12-20T20:36:35.599+0000] {dagbag.py:538} INFO - Filling up the DagBag from /opt/airflow/dags/example_dag.py
[2025-12-20T20:36:35.607+0000] {processor.py:840} INFO - DAG(s) 'example_dag' retrieved from /opt/airflow/dags/example_dag.py
[2025-12-20T20:36:35.629+0000] {logging_mixin.py:188} INFO - [2025-12-20T20:36:35.628+0000] {dag.py:3033} INFO - Sync 1 DAGs
[2025-12-20T20:36:35.643+0000] {logging_mixin.py:188} INFO - [2025-12-20T20:36:35.643+0000] {dag.py:3820} INFO - Setting next_dagrun for example_dag to 2025-12-20T00:00:00+00:00, run_after=2025-12-21T00:00:00+00:00
[2025-12-20T20:36:35.655+0000] {processor.py:183} INFO - Processing /opt/airflow/dags/example_dag.py took 0.060 seconds
[2025-12-20T20:37:06.379+0000] {processor.py:161} INFO - Started process (PID=168) to work on /opt/airflow/dags/example_dag.py
[2025-12-20T20:37:06.380+0000] {processor.py:830} INFO - Processing file /opt/airflow/dags/example_dag.py for tasks to queue
[2025-12-20T20:37:06.381+0000] {logging_mixin.py:188} INFO - [2025-12-20T20:37:06.381+0000] {dagbag.py:538} INFO - Filling up the DagBag from /opt/airflow/dags/example_dag.py
[2025-12-20T20:37:06.388+0000] {processor.py:840} INFO - DAG(s) 'example_dag' retrieved from /opt/airflow/dags/example_dag.py
[2025-12-20T20:37:06.442+0000] {logging_mixin.py:188} INFO - [2025-12-20T20:37:06.442+0000] {dag.py:3033} INFO - Sync 1 DAGs
[2025-12-20T20:37:06.456+0000] {logging_mixin.py:188} INFO - [2025-12-20T20:37:06.456+0000] {dag.py:3820} INFO - Setting next_dagrun for example_dag to 2025-12-20T00:00:00+00:00, run_after=2025-12-21T00:00:00+00:00
[2025-12-20T20:37:06.466+0000] {processor.py:183} INFO - Processing /opt/airflow/dags/example_dag.py took 0.088 seconds
[2025-12-20T20:37:36.772+0000] {processor.py:161} INFO - Started process (PID=178) to work on /opt/airflow/dags/example_dag.py
[2025-12-20T20:37:36.772+0000] {processor.py:830} INFO - Processing file /opt/airflow/dags/example_dag.py for tasks to queue
[2025-12-20T20:37:36.773+0000] {logging_mixin.py:188} INFO - [2025-12-20T20:37:36.773+0000] {dagbag.py:538} INFO - Filling up the DagBag from /opt/airflow/dags/example_dag.py
[2025-12-20T20:37:36.782+0000] {processor.py:840} INFO - DAG(s) 'example_dag' retrieved from /opt/airflow/dags/example_dag.py
[2025-12-20T20:37:36.805+0000] {logging_mixin.py:188} INFO - [2025-12-20T20:37:36.805+0000] {dag.py:3033} INFO - Sync 1 DAGs
[2025-12-20T20:37:36.825+0000] {logging_mixin.py:188} INFO - [2025-12-20T20:37:36.824+0000] {dag.py:3820} INFO - Setting next_dagrun for example_dag to 2025-12-20T00:00:00+00:00, run_after=2025-12-21T00:00:00+00:00
[2025-12-20T20:37:36.837+0000] {processor.py:183} INFO - Processing /opt/airflow/dags/example_dag.py took 0.068 seconds
[2025-12-20T20:38:07.219+0000] {processor.py:161} INFO - Started process (PID=188) to work on /opt/airflow/dags/example_dag.py
[2025-12-20T20:38:07.220+0000] {processor.py:830} INFO - Processing file /opt/airflow/dags/example_dag.py for tasks to queue
[2025-12-20T20:38:07.221+0000] {logging_mixin.py:188} INFO - [2025-12-20T20:38:07.220+0000] {dagbag.py:538} INFO - Filling up the DagBag from /opt/airflow/dags/example_dag.py
[2025-12-20T20:38:07.231+0000] {processor.py:840} INFO - DAG(s) 'example_dag' retrieved from /opt/airflow/dags/example_dag.py
[2025-12-20T20:38:07.259+0000] {logging_mixin.py:188} INFO - [2025-12-20T20:38:07.259+0000] {dag.py:3033} INFO - Sync 1 DAGs
[2025-12-20T20:38:07.274+0000] {logging_mixin.py:188} INFO - [2025-12-20T20:38:07.274+0000] {dag.py:3820} INFO - Setting next_dagrun for example_dag to 2025-12-20T00:00:00+00:00, run_after=2025-12-21T00:00:00+00:00
[2025-12-20T20:38:07.290+0000] {processor.py:183} INFO - Processing /opt/airflow/dags/example_dag.py took 0.076 seconds
[2025-12-20T20:38:37.728+0000] {processor.py:161} INFO - Started process (PID=198) to work on /opt/airflow/dags/example_dag.py
[2025-12-20T20:38:37.729+0000] {processor.py:830} INFO - Processing file /opt/airflow/dags/example_dag.py for tasks to queue
[2025-12-20T20:38:37.730+0000] {logging_mixin.py:188} INFO - [2025-12-20T20:38:37.730+0000] {dagbag.py:538} INFO - Filling up the DagBag from /opt/airflow/dags/example_dag.py
[2025-12-20T20:38:37.737+0000] {processor.py:840} INFO - DAG(s) 'example_dag' retrieved from /opt/airflow/dags/example_dag.py
[2025-12-20T20:38:37.759+0000] {logging_mixin.py:188} INFO - [2025-12-20T20:38:37.758+0000] {dag.py:3033} INFO - Sync 1 DAGs
[2025-12-20T20:38:37.774+0000] {logging_mixin.py:188} INFO - [2025-12-20T20:38:37.774+0000] {dag.py:3820} INFO - Setting next_dagrun for example_dag to 2025-12-20T00:00:00+00:00, run_after=2025-12-21T00:00:00+00:00
[2025-12-20T20:38:37.786+0000] {processor.py:183} INFO - Processing /opt/airflow/dags/example_dag.py took 0.061 seconds
[2025-12-20T20:39:08.241+0000] {processor.py:161} INFO - Started process (PID=208) to work on /opt/airflow/dags/example_dag.py
[2025-12-20T20:39:08.242+0000] {processor.py:830} INFO - Processing file /opt/airflow/dags/example_dag.py for tasks to queue
[2025-12-20T20:39:08.243+0000] {logging_mixin.py:188} INFO - [2025-12-20T20:39:08.243+0000] {dagbag.py:538} INFO - Filling up the DagBag from /opt/airflow/dags/example_dag.py
[2025-12-20T20:39:08.251+0000] {processor.py:840} INFO - DAG(s) 'example_dag' retrieved from /opt/airflow/dags/example_dag.py
[2025-12-20T20:39:08.274+0000] {logging_mixin.py:188} INFO - [2025-12-20T20:39:08.273+0000] {dag.py:3033} INFO - Sync 1 DAGs
[2025-12-20T20:39:08.290+0000] {logging_mixin.py:188} INFO - [2025-12-20T20:39:08.290+0000] {dag.py:3820} INFO - Setting next_dagrun for example_dag to 2025-12-20T00:00:00+00:00, run_after=2025-12-21T00:00:00+00:00
[2025-12-20T20:39:08.302+0000] {processor.py:183} INFO - Processing /opt/airflow/dags/example_dag.py took 0.063 seconds
[2025-12-20T20:39:38.767+0000] {processor.py:161} INFO - Started process (PID=218) to work on /opt/airflow/dags/example_dag.py
[2025-12-20T20:39:38.767+0000] {processor.py:830} INFO - Processing file /opt/airflow/dags/example_dag.py for tasks to queue
[2025-12-20T20:39:38.768+0000] {logging_mixin.py:188} INFO - [2025-12-20T20:39:38.768+0000] {dagbag.py:538} INFO - Filling up the DagBag from /opt/airflow/dags/example_dag.py
[2025-12-20T20:39:38.774+0000] {processor.py:840} INFO - DAG(s) 'example_dag' retrieved from /opt/airflow/dags/example_dag.py
[2025-12-20T20:39:38.795+0000] {logging_mixin.py:188} INFO - [2025-12-20T20:39:38.795+0000] {dag.py:3033} INFO - Sync 1 DAGs
[2025-12-20T20:39:38.814+0000] {logging_mixin.py:188} INFO - [2025-12-20T20:39:38.814+0000] {dag.py:3820} INFO - Setting next_dagrun for example_dag to 2025-12-20T00:00:00+00:00, run_after=2025-12-21T00:00:00+00:00
[2025-12-20T20:39:38.830+0000] {processor.py:183} INFO - Processing /opt/airflow/dags/example_dag.py took 0.065 seconds
[2025-12-20T20:40:09.283+0000] {processor.py:161} INFO - Started process (PID=228) to work on /opt/airflow/dags/example_dag.py
[2025-12-20T20:40:09.285+0000] {processor.py:830} INFO - Processing file /opt/airflow/dags/example_dag.py for tasks to queue
[2025-12-20T20:40:09.286+0000] {logging_mixin.py:188} INFO - [2025-12-20T20:40:09.285+0000] {dagbag.py:538} INFO - Filling up the DagBag from /opt/airflow/dags/example_dag.py
[2025-12-20T20:40:09.304+0000] {processor.py:840} INFO - DAG(s) 'example_dag' retrieved from /opt/airflow/dags/example_dag.py
[2025-12-20T20:40:09.338+0000] {logging_mixin.py:188} INFO - [2025-12-20T20:40:09.338+0000] {dag.py:3033} INFO - Sync 1 DAGs
[2025-12-20T20:40:09.358+0000] {logging_mixin.py:188} INFO - [2025-12-20T20:40:09.358+0000] {dag.py:3820} INFO - Setting next_dagrun for example_dag to 2025-12-20T00:00:00+00:00, run_after=2025-12-21T00:00:00+00:00
[2025-12-20T20:40:09.374+0000] {processor.py:183} INFO - Processing /opt/airflow/dags/example_dag.py took 0.101 seconds
[2025-12-20T20:40:39.741+0000] {processor.py:161} INFO - Started process (PID=238) to work on /opt/airflow/dags/example_dag.py
[2025-12-20T20:40:39.743+0000] {processor.py:830} INFO - Processing file /opt/airflow/dags/example_dag.py for tasks to queue
[2025-12-20T20:40:39.744+0000] {logging_mixin.py:188} INFO - [2025-12-20T20:40:39.743+0000] {dagbag.py:538} INFO - Filling up the DagBag from /opt/airflow/dags/example_dag.py
[2025-12-20T20:40:39.752+0000] {processor.py:840} INFO - DAG(s) 'example_dag' retrieved from /opt/airflow/dags/example_dag.py
[2025-12-20T20:40:39.779+0000] {logging_mixin.py:188} INFO - [2025-12-20T20:40:39.779+0000] {dag.py:3033} INFO - Sync 1 DAGs
[2025-12-20T20:40:39.800+0000] {logging_mixin.py:188} INFO - [2025-12-20T20:40:39.800+0000] {dag.py:3820} INFO - Setting next_dagrun for example_dag to 2025-12-20T00:00:00+00:00, run_after=2025-12-21T00:00:00+00:00
[2025-12-20T20:40:39.817+0000] {processor.py:183} INFO - Processing /opt/airflow/dags/example_dag.py took 0.080 seconds
[2025-12-20T20:41:10.276+0000] {processor.py:161} INFO - Started process (PID=248) to work on /opt/airflow/dags/example_dag.py
[2025-12-20T20:41:10.277+0000] {processor.py:830} INFO - Processing file /opt/airflow/dags/example_dag.py for tasks to queue
[2025-12-20T20:41:10.278+0000] {logging_mixin.py:188} INFO - [2025-12-20T20:41:10.277+0000] {dagbag.py:538} INFO - Filling up the DagBag from /opt/airflow/dags/example_dag.py
[2025-12-20T20:41:10.292+0000] {processor.py:840} INFO - DAG(s) 'example_dag' retrieved from /opt/airflow/dags/example_dag.py
[2025-12-20T20:41:10.321+0000] {logging_mixin.py:188} INFO - [2025-12-20T20:41:10.321+0000] {dag.py:3033} INFO - Sync 1 DAGs
[2025-12-20T20:41:10.342+0000] {logging_mixin.py:188} INFO - [2025-12-20T20:41:10.342+0000] {dag.py:3820} INFO - Setting next_dagrun for example_dag to 2025-12-20T00:00:00+00:00, run_after=2025-12-21T00:00:00+00:00
[2025-12-20T20:41:10.358+0000] {processor.py:183} INFO - Processing /opt/airflow/dags/example_dag.py took 0.084 seconds
[2025-12-20T20:41:40.776+0000] {processor.py:161} INFO - Started process (PID=258) to work on /opt/airflow/dags/example_dag.py
[2025-12-20T20:41:40.777+0000] {processor.py:830} INFO - Processing file /opt/airflow/dags/example_dag.py for tasks to queue
[2025-12-20T20:41:40.778+0000] {logging_mixin.py:188} INFO - [2025-12-20T20:41:40.778+0000] {dagbag.py:538} INFO - Filling up the DagBag from /opt/airflow/dags/example_dag.py
[2025-12-20T20:41:40.787+0000] {processor.py:840} INFO - DAG(s) 'example_dag' retrieved from /opt/airflow/dags/example_dag.py
[2025-12-20T20:41:40.814+0000] {logging_mixin.py:188} INFO - [2025-12-20T20:41:40.814+0000] {dag.py:3033} INFO - Sync 1 DAGs
[2025-12-20T20:41:40.846+0000] {logging_mixin.py:188} INFO - [2025-12-20T20:41:40.846+0000] {dag.py:3820} INFO - Setting next_dagrun for example_dag to 2025-12-20T00:00:00+00:00, run_after=2025-12-21T00:00:00+00:00
[2025-12-20T20:41:40.869+0000] {processor.py:183} INFO - Processing /opt/airflow/dags/example_dag.py took 0.095 seconds
[2025-12-20T20:42:11.279+0000] {processor.py:161} INFO - Started process (PID=268) to work on /opt/airflow/dags/example_dag.py
[2025-12-20T20:42:11.279+0000] {processor.py:830} INFO - Processing file /opt/airflow/dags/example_dag.py for tasks to queue
[2025-12-20T20:42:11.280+0000] {logging_mixin.py:188} INFO - [2025-12-20T20:42:11.280+0000] {dagbag.py:538} INFO - Filling up the DagBag from /opt/airflow/dags/example_dag.py
[2025-12-20T20:42:11.288+0000] {processor.py:840} INFO - DAG(s) 'example_dag' retrieved from /opt/airflow/dags/example_dag.py
[2025-12-20T20:42:11.311+0000] {logging_mixin.py:188} INFO - [2025-12-20T20:42:11.311+0000] {dag.py:3033} INFO - Sync 1 DAGs
[2025-12-20T20:42:11.328+0000] {logging_mixin.py:188} INFO - [2025-12-20T20:42:11.328+0000] {dag.py:3820} INFO - Setting next_dagrun for example_dag to 2025-12-20T00:00:00+00:00, run_after=2025-12-21T00:00:00+00:00
[2025-12-20T20:42:11.344+0000] {processor.py:183} INFO - Processing /opt/airflow/dags/example_dag.py took 0.067 seconds
[2025-12-20T20:42:41.800+0000] {processor.py:161} INFO - Started process (PID=278) to work on /opt/airflow/dags/example_dag.py
[2025-12-20T20:42:41.801+0000] {processor.py:830} INFO - Processing file /opt/airflow/dags/example_dag.py for tasks to queue
[2025-12-20T20:42:41.802+0000] {logging_mixin.py:188} INFO - [2025-12-20T20:42:41.802+0000] {dagbag.py:538} INFO - Filling up the DagBag from /opt/airflow/dags/example_dag.py
[2025-12-20T20:42:41.809+0000] {processor.py:840} INFO - DAG(s) 'example_dag' retrieved from /opt/airflow/dags/example_dag.py
[2025-12-20T20:42:41.833+0000] {logging_mixin.py:188} INFO - [2025-12-20T20:42:41.833+0000] {dag.py:3033} INFO - Sync 1 DAGs
[2025-12-20T20:42:41.850+0000] {logging_mixin.py:188} INFO - [2025-12-20T20:42:41.850+0000] {dag.py:3820} INFO - Setting next_dagrun for example_dag to 2025-12-20T00:00:00+00:00, run_after=2025-12-21T00:00:00+00:00
[2025-12-20T20:42:41.865+0000] {processor.py:183} INFO - Processing /opt/airflow/dags/example_dag.py took 0.067 seconds
[2025-12-20T20:43:12.340+0000] {processor.py:161} INFO - Started process (PID=288) to work on /opt/airflow/dags/example_dag.py
[2025-12-20T20:43:12.341+0000] {processor.py:830} INFO - Processing file /opt/airflow/dags/example_dag.py for tasks to queue
[2025-12-20T20:43:12.341+0000] {logging_mixin.py:188} INFO - [2025-12-20T20:43:12.341+0000] {dagbag.py:538} INFO - Filling up the DagBag from /opt/airflow/dags/example_dag.py
[2025-12-20T20:43:12.349+0000] {processor.py:840} INFO - DAG(s) 'example_dag' retrieved from /opt/airflow/dags/example_dag.py
[2025-12-20T20:43:12.372+0000] {logging_mixin.py:188} INFO - [2025-12-20T20:43:12.372+0000] {dag.py:3033} INFO - Sync 1 DAGs
[2025-12-20T20:43:12.387+0000] {logging_mixin.py:188} INFO - [2025-12-20T20:43:12.387+0000] {dag.py:3820} INFO - Setting next_dagrun for example_dag to 2025-12-20T00:00:00+00:00, run_after=2025-12-21T00:00:00+00:00
[2025-12-20T20:43:12.398+0000] {processor.py:183} INFO - Processing /opt/airflow/dags/example_dag.py took 0.060 seconds
[2025-12-20T20:43:42.859+0000] {processor.py:161} INFO - Started process (PID=298) to work on /opt/airflow/dags/example_dag.py
[2025-12-20T20:43:42.860+0000] {processor.py:830} INFO - Processing file /opt/airflow/dags/example_dag.py for tasks to queue
[2025-12-20T20:43:42.861+0000] {logging_mixin.py:188} INFO - [2025-12-20T20:43:42.860+0000] {dagbag.py:538} INFO - Filling up the DagBag from /opt/airflow/dags/example_dag.py
[2025-12-20T20:43:42.868+0000] {processor.py:840} INFO - DAG(s) 'example_dag' retrieved from /opt/airflow/dags/example_dag.py
[2025-12-20T20:43:42.885+0000] {logging_mixin.py:188} INFO - [2025-12-20T20:43:42.885+0000] {dag.py:3033} INFO - Sync 1 DAGs
[2025-12-20T20:43:42.898+0000] {logging_mixin.py:188} INFO - [2025-12-20T20:43:42.898+0000] {dag.py:3820} INFO - Setting next_dagrun for example_dag to 2025-12-20T00:00:00+00:00, run_after=2025-12-21T00:00:00+00:00
[2025-12-20T20:43:42.907+0000] {processor.py:183} INFO - Processing /opt/airflow/dags/example_dag.py took 0.050 seconds
[2025-12-20T20:44:13.308+0000] {processor.py:161} INFO - Started process (PID=308) to work on /opt/airflow/dags/example_dag.py
[2025-12-20T20:44:13.308+0000] {processor.py:830} INFO - Processing file /opt/airflow/dags/example_dag.py for tasks to queue
[2025-12-20T20:44:13.309+0000] {logging_mixin.py:188} INFO - [2025-12-20T20:44:13.309+0000] {dagbag.py:538} INFO - Filling up the DagBag from /opt/airflow/dags/example_dag.py
[2025-12-20T20:44:13.316+0000] {processor.py:840} INFO - DAG(s) 'example_dag' retrieved from /opt/airflow/dags/example_dag.py
[2025-12-20T20:44:13.336+0000] {logging_mixin.py:188} INFO - [2025-12-20T20:44:13.336+0000] {dag.py:3033} INFO - Sync 1 DAGs
[2025-12-20T20:44:13.349+0000] {logging_mixin.py:188} INFO - [2025-12-20T20:44:13.349+0000] {dag.py:3820} INFO - Setting next_dagrun for example_dag to 2025-12-20T00:00:00+00:00, run_after=2025-12-21T00:00:00+00:00
[2025-12-20T20:44:13.361+0000] {processor.py:183} INFO - Processing /opt/airflow/dags/example_dag.py took 0.056 seconds
