[2025-12-20T15:37:42.607+0000] {processor.py:161} INFO - Started process (PID=104) to work on /opt/airflow/dags/purchase_analytics_dag.py
[2025-12-20T15:37:42.608+0000] {processor.py:830} INFO - Processing file /opt/airflow/dags/purchase_analytics_dag.py for tasks to queue
[2025-12-20T15:37:42.609+0000] {logging_mixin.py:188} INFO - [2025-12-20T15:37:42.609+0000] {dagbag.py:538} INFO - Filling up the DagBag from /opt/airflow/dags/purchase_analytics_dag.py
[2025-12-20T15:37:42.632+0000] {processor.py:840} INFO - DAG(s) 'purchase_analytics_refresh' retrieved from /opt/airflow/dags/purchase_analytics_dag.py
[2025-12-20T15:37:42.745+0000] {logging_mixin.py:188} INFO - [2025-12-20T15:37:42.745+0000] {override.py:1769} INFO - Created Permission View: can read on DAG:purchase_analytics_refresh
[2025-12-20T15:37:42.752+0000] {logging_mixin.py:188} INFO - [2025-12-20T15:37:42.752+0000] {override.py:1769} INFO - Created Permission View: can edit on DAG:purchase_analytics_refresh
[2025-12-20T15:37:42.756+0000] {logging_mixin.py:188} INFO - [2025-12-20T15:37:42.756+0000] {override.py:1769} INFO - Created Permission View: can delete on DAG:purchase_analytics_refresh
[2025-12-20T15:37:42.756+0000] {logging_mixin.py:188} INFO - [2025-12-20T15:37:42.756+0000] {dag.py:3033} INFO - Sync 1 DAGs
[2025-12-20T15:37:42.764+0000] {logging_mixin.py:188} INFO - [2025-12-20T15:37:42.764+0000] {dag.py:3055} INFO - Creating ORM DAG for purchase_analytics_refresh
[2025-12-20T15:37:42.774+0000] {logging_mixin.py:188} INFO - [2025-12-20T15:37:42.774+0000] {dag.py:3820} INFO - Setting next_dagrun for purchase_analytics_refresh to 2025-12-19T02:00:00+00:00, run_after=2025-12-20T02:00:00+00:00
[2025-12-20T15:37:42.797+0000] {processor.py:183} INFO - Processing /opt/airflow/dags/purchase_analytics_dag.py took 0.195 seconds
[2025-12-20T15:38:12.904+0000] {processor.py:161} INFO - Started process (PID=113) to work on /opt/airflow/dags/purchase_analytics_dag.py
[2025-12-20T15:38:12.907+0000] {processor.py:830} INFO - Processing file /opt/airflow/dags/purchase_analytics_dag.py for tasks to queue
[2025-12-20T15:38:12.913+0000] {logging_mixin.py:188} INFO - [2025-12-20T15:38:12.912+0000] {dagbag.py:538} INFO - Filling up the DagBag from /opt/airflow/dags/purchase_analytics_dag.py
[2025-12-20T15:38:12.961+0000] {processor.py:840} INFO - DAG(s) 'purchase_analytics_refresh' retrieved from /opt/airflow/dags/purchase_analytics_dag.py
[2025-12-20T15:38:13.011+0000] {logging_mixin.py:188} INFO - [2025-12-20T15:38:13.011+0000] {dag.py:3033} INFO - Sync 1 DAGs
[2025-12-20T15:38:13.035+0000] {logging_mixin.py:188} INFO - [2025-12-20T15:38:13.035+0000] {dag.py:3820} INFO - Setting next_dagrun for purchase_analytics_refresh to 2025-12-19T02:00:00+00:00, run_after=2025-12-20T02:00:00+00:00
[2025-12-20T15:38:13.058+0000] {processor.py:183} INFO - Processing /opt/airflow/dags/purchase_analytics_dag.py took 0.161 seconds
[2025-12-20T15:38:25.172+0000] {processor.py:161} INFO - Started process (PID=124) to work on /opt/airflow/dags/purchase_analytics_dag.py
[2025-12-20T15:38:25.173+0000] {processor.py:830} INFO - Processing file /opt/airflow/dags/purchase_analytics_dag.py for tasks to queue
[2025-12-20T15:38:25.174+0000] {logging_mixin.py:188} INFO - [2025-12-20T15:38:25.173+0000] {dagbag.py:538} INFO - Filling up the DagBag from /opt/airflow/dags/purchase_analytics_dag.py
[2025-12-20T15:38:25.187+0000] {processor.py:840} INFO - DAG(s) 'purchase_analytics_refresh' retrieved from /opt/airflow/dags/purchase_analytics_dag.py
[2025-12-20T15:38:25.207+0000] {logging_mixin.py:188} INFO - [2025-12-20T15:38:25.207+0000] {dag.py:3033} INFO - Sync 1 DAGs
[2025-12-20T15:38:25.221+0000] {logging_mixin.py:188} INFO - [2025-12-20T15:38:25.221+0000] {dag.py:3820} INFO - Setting next_dagrun for purchase_analytics_refresh to 2025-12-19T02:00:00+00:00, run_after=2025-12-20T02:00:00+00:00
[2025-12-20T15:38:25.233+0000] {processor.py:183} INFO - Processing /opt/airflow/dags/purchase_analytics_dag.py took 0.065 seconds
[2025-12-20T15:38:55.527+0000] {processor.py:161} INFO - Started process (PID=134) to work on /opt/airflow/dags/purchase_analytics_dag.py
[2025-12-20T15:38:55.528+0000] {processor.py:830} INFO - Processing file /opt/airflow/dags/purchase_analytics_dag.py for tasks to queue
[2025-12-20T15:38:55.529+0000] {logging_mixin.py:188} INFO - [2025-12-20T15:38:55.529+0000] {dagbag.py:538} INFO - Filling up the DagBag from /opt/airflow/dags/purchase_analytics_dag.py
[2025-12-20T15:38:55.544+0000] {processor.py:840} INFO - DAG(s) 'purchase_analytics_refresh' retrieved from /opt/airflow/dags/purchase_analytics_dag.py
[2025-12-20T15:38:55.568+0000] {logging_mixin.py:188} INFO - [2025-12-20T15:38:55.568+0000] {dag.py:3033} INFO - Sync 1 DAGs
[2025-12-20T15:38:55.585+0000] {logging_mixin.py:188} INFO - [2025-12-20T15:38:55.585+0000] {dag.py:3820} INFO - Setting next_dagrun for purchase_analytics_refresh to 2025-12-19T02:00:00+00:00, run_after=2025-12-20T02:00:00+00:00
[2025-12-20T15:38:55.600+0000] {processor.py:183} INFO - Processing /opt/airflow/dags/purchase_analytics_dag.py took 0.078 seconds
[2025-12-20T15:39:18.833+0000] {processor.py:161} INFO - Started process (PID=138) to work on /opt/airflow/dags/purchase_analytics_dag.py
[2025-12-20T15:39:18.839+0000] {processor.py:830} INFO - Processing file /opt/airflow/dags/purchase_analytics_dag.py for tasks to queue
[2025-12-20T15:39:18.842+0000] {logging_mixin.py:188} INFO - [2025-12-20T15:39:18.842+0000] {dagbag.py:538} INFO - Filling up the DagBag from /opt/airflow/dags/purchase_analytics_dag.py
[2025-12-20T15:39:18.859+0000] {processor.py:840} INFO - DAG(s) 'purchase_analytics_refresh' retrieved from /opt/airflow/dags/purchase_analytics_dag.py
[2025-12-20T15:39:18.886+0000] {logging_mixin.py:188} INFO - [2025-12-20T15:39:18.885+0000] {dag.py:3033} INFO - Sync 1 DAGs
[2025-12-20T15:39:18.912+0000] {logging_mixin.py:188} INFO - [2025-12-20T15:39:18.912+0000] {dag.py:3820} INFO - Setting next_dagrun for purchase_analytics_refresh to 2025-12-19T02:00:00+00:00, run_after=2025-12-20T02:00:00+00:00
[2025-12-20T15:39:18.926+0000] {processor.py:183} INFO - Processing /opt/airflow/dags/purchase_analytics_dag.py took 0.101 seconds
[2025-12-20T15:43:43.675+0000] {processor.py:161} INFO - Started process (PID=31) to work on /opt/airflow/dags/purchase_analytics_dag.py
[2025-12-20T15:43:43.676+0000] {processor.py:830} INFO - Processing file /opt/airflow/dags/purchase_analytics_dag.py for tasks to queue
[2025-12-20T15:43:43.677+0000] {logging_mixin.py:188} INFO - [2025-12-20T15:43:43.677+0000] {dagbag.py:538} INFO - Filling up the DagBag from /opt/airflow/dags/purchase_analytics_dag.py
[2025-12-20T15:43:43.692+0000] {processor.py:840} INFO - DAG(s) 'purchase_analytics_refresh' retrieved from /opt/airflow/dags/purchase_analytics_dag.py
[2025-12-20T15:43:43.724+0000] {logging_mixin.py:188} INFO - [2025-12-20T15:43:43.724+0000] {dag.py:3033} INFO - Sync 1 DAGs
[2025-12-20T15:43:43.744+0000] {logging_mixin.py:188} INFO - [2025-12-20T15:43:43.744+0000] {dag.py:3820} INFO - Setting next_dagrun for purchase_analytics_refresh to 2025-12-19T02:00:00+00:00, run_after=2025-12-20T02:00:00+00:00
[2025-12-20T15:43:43.759+0000] {processor.py:183} INFO - Processing /opt/airflow/dags/purchase_analytics_dag.py took 0.086 seconds
[2025-12-20T15:44:14.027+0000] {processor.py:161} INFO - Started process (PID=41) to work on /opt/airflow/dags/purchase_analytics_dag.py
[2025-12-20T15:44:14.029+0000] {processor.py:830} INFO - Processing file /opt/airflow/dags/purchase_analytics_dag.py for tasks to queue
[2025-12-20T15:44:14.030+0000] {logging_mixin.py:188} INFO - [2025-12-20T15:44:14.029+0000] {dagbag.py:538} INFO - Filling up the DagBag from /opt/airflow/dags/purchase_analytics_dag.py
[2025-12-20T15:44:14.044+0000] {processor.py:840} INFO - DAG(s) 'purchase_analytics_refresh' retrieved from /opt/airflow/dags/purchase_analytics_dag.py
[2025-12-20T15:44:14.202+0000] {logging_mixin.py:188} INFO - [2025-12-20T15:44:14.202+0000] {dag.py:3033} INFO - Sync 1 DAGs
[2025-12-20T15:44:14.221+0000] {logging_mixin.py:188} INFO - [2025-12-20T15:44:14.221+0000] {dag.py:3820} INFO - Setting next_dagrun for purchase_analytics_refresh to 2025-12-19T02:00:00+00:00, run_after=2025-12-20T02:00:00+00:00
[2025-12-20T15:44:14.239+0000] {processor.py:183} INFO - Processing /opt/airflow/dags/purchase_analytics_dag.py took 0.217 seconds
[2025-12-20T15:44:44.555+0000] {processor.py:161} INFO - Started process (PID=51) to work on /opt/airflow/dags/purchase_analytics_dag.py
[2025-12-20T15:44:44.556+0000] {processor.py:830} INFO - Processing file /opt/airflow/dags/purchase_analytics_dag.py for tasks to queue
[2025-12-20T15:44:44.558+0000] {logging_mixin.py:188} INFO - [2025-12-20T15:44:44.557+0000] {dagbag.py:538} INFO - Filling up the DagBag from /opt/airflow/dags/purchase_analytics_dag.py
[2025-12-20T15:44:44.574+0000] {processor.py:840} INFO - DAG(s) 'purchase_analytics_refresh' retrieved from /opt/airflow/dags/purchase_analytics_dag.py
[2025-12-20T15:44:44.602+0000] {logging_mixin.py:188} INFO - [2025-12-20T15:44:44.602+0000] {dag.py:3033} INFO - Sync 1 DAGs
[2025-12-20T15:44:44.626+0000] {logging_mixin.py:188} INFO - [2025-12-20T15:44:44.626+0000] {dag.py:3820} INFO - Setting next_dagrun for purchase_analytics_refresh to 2025-12-19T02:00:00+00:00, run_after=2025-12-20T02:00:00+00:00
[2025-12-20T15:44:44.640+0000] {processor.py:183} INFO - Processing /opt/airflow/dags/purchase_analytics_dag.py took 0.089 seconds
[2025-12-20T15:45:14.907+0000] {processor.py:161} INFO - Started process (PID=61) to work on /opt/airflow/dags/purchase_analytics_dag.py
[2025-12-20T15:45:14.907+0000] {processor.py:830} INFO - Processing file /opt/airflow/dags/purchase_analytics_dag.py for tasks to queue
[2025-12-20T15:45:14.908+0000] {logging_mixin.py:188} INFO - [2025-12-20T15:45:14.908+0000] {dagbag.py:538} INFO - Filling up the DagBag from /opt/airflow/dags/purchase_analytics_dag.py
[2025-12-20T15:45:14.917+0000] {processor.py:840} INFO - DAG(s) 'purchase_analytics_refresh' retrieved from /opt/airflow/dags/purchase_analytics_dag.py
[2025-12-20T15:45:14.939+0000] {logging_mixin.py:188} INFO - [2025-12-20T15:45:14.939+0000] {dag.py:3033} INFO - Sync 1 DAGs
[2025-12-20T15:45:14.957+0000] {logging_mixin.py:188} INFO - [2025-12-20T15:45:14.956+0000] {dag.py:3820} INFO - Setting next_dagrun for purchase_analytics_refresh to 2025-12-19T02:00:00+00:00, run_after=2025-12-20T02:00:00+00:00
[2025-12-20T15:45:14.969+0000] {processor.py:183} INFO - Processing /opt/airflow/dags/purchase_analytics_dag.py took 0.066 seconds
[2025-12-20T15:45:45.226+0000] {processor.py:161} INFO - Started process (PID=71) to work on /opt/airflow/dags/purchase_analytics_dag.py
[2025-12-20T15:45:45.227+0000] {processor.py:830} INFO - Processing file /opt/airflow/dags/purchase_analytics_dag.py for tasks to queue
[2025-12-20T15:45:45.230+0000] {logging_mixin.py:188} INFO - [2025-12-20T15:45:45.228+0000] {dagbag.py:538} INFO - Filling up the DagBag from /opt/airflow/dags/purchase_analytics_dag.py
[2025-12-20T15:45:45.248+0000] {processor.py:840} INFO - DAG(s) 'purchase_analytics_refresh' retrieved from /opt/airflow/dags/purchase_analytics_dag.py
[2025-12-20T15:45:45.286+0000] {logging_mixin.py:188} INFO - [2025-12-20T15:45:45.285+0000] {dag.py:3033} INFO - Sync 1 DAGs
[2025-12-20T15:45:45.305+0000] {logging_mixin.py:188} INFO - [2025-12-20T15:45:45.305+0000] {dag.py:3820} INFO - Setting next_dagrun for purchase_analytics_refresh to 2025-12-19T02:00:00+00:00, run_after=2025-12-20T02:00:00+00:00
[2025-12-20T15:45:45.320+0000] {processor.py:183} INFO - Processing /opt/airflow/dags/purchase_analytics_dag.py took 0.098 seconds
[2025-12-20T15:46:15.625+0000] {processor.py:161} INFO - Started process (PID=81) to work on /opt/airflow/dags/purchase_analytics_dag.py
[2025-12-20T15:46:15.628+0000] {processor.py:830} INFO - Processing file /opt/airflow/dags/purchase_analytics_dag.py for tasks to queue
[2025-12-20T15:46:15.631+0000] {logging_mixin.py:188} INFO - [2025-12-20T15:46:15.629+0000] {dagbag.py:538} INFO - Filling up the DagBag from /opt/airflow/dags/purchase_analytics_dag.py
[2025-12-20T15:46:15.652+0000] {processor.py:840} INFO - DAG(s) 'purchase_analytics_refresh' retrieved from /opt/airflow/dags/purchase_analytics_dag.py
[2025-12-20T15:46:15.684+0000] {logging_mixin.py:188} INFO - [2025-12-20T15:46:15.684+0000] {dag.py:3033} INFO - Sync 1 DAGs
[2025-12-20T15:46:15.707+0000] {logging_mixin.py:188} INFO - [2025-12-20T15:46:15.707+0000] {dag.py:3820} INFO - Setting next_dagrun for purchase_analytics_refresh to 2025-12-19T02:00:00+00:00, run_after=2025-12-20T02:00:00+00:00
[2025-12-20T15:46:15.722+0000] {processor.py:183} INFO - Processing /opt/airflow/dags/purchase_analytics_dag.py took 0.104 seconds
[2025-12-20T15:46:45.988+0000] {processor.py:161} INFO - Started process (PID=91) to work on /opt/airflow/dags/purchase_analytics_dag.py
[2025-12-20T15:46:45.989+0000] {processor.py:830} INFO - Processing file /opt/airflow/dags/purchase_analytics_dag.py for tasks to queue
[2025-12-20T15:46:45.990+0000] {logging_mixin.py:188} INFO - [2025-12-20T15:46:45.990+0000] {dagbag.py:538} INFO - Filling up the DagBag from /opt/airflow/dags/purchase_analytics_dag.py
[2025-12-20T15:46:46.010+0000] {processor.py:840} INFO - DAG(s) 'purchase_analytics_refresh' retrieved from /opt/airflow/dags/purchase_analytics_dag.py
[2025-12-20T15:46:46.042+0000] {logging_mixin.py:188} INFO - [2025-12-20T15:46:46.042+0000] {dag.py:3033} INFO - Sync 1 DAGs
[2025-12-20T15:46:46.064+0000] {logging_mixin.py:188} INFO - [2025-12-20T15:46:46.064+0000] {dag.py:3820} INFO - Setting next_dagrun for purchase_analytics_refresh to 2025-12-19T02:00:00+00:00, run_after=2025-12-20T02:00:00+00:00
[2025-12-20T15:46:46.087+0000] {processor.py:183} INFO - Processing /opt/airflow/dags/purchase_analytics_dag.py took 0.101 seconds
[2025-12-20T15:47:16.417+0000] {processor.py:161} INFO - Started process (PID=101) to work on /opt/airflow/dags/purchase_analytics_dag.py
[2025-12-20T15:47:16.418+0000] {processor.py:830} INFO - Processing file /opt/airflow/dags/purchase_analytics_dag.py for tasks to queue
[2025-12-20T15:47:16.419+0000] {logging_mixin.py:188} INFO - [2025-12-20T15:47:16.419+0000] {dagbag.py:538} INFO - Filling up the DagBag from /opt/airflow/dags/purchase_analytics_dag.py
[2025-12-20T15:47:16.450+0000] {processor.py:840} INFO - DAG(s) 'purchase_analytics_refresh' retrieved from /opt/airflow/dags/purchase_analytics_dag.py
[2025-12-20T15:47:16.484+0000] {logging_mixin.py:188} INFO - [2025-12-20T15:47:16.484+0000] {dag.py:3033} INFO - Sync 1 DAGs
[2025-12-20T15:47:16.505+0000] {logging_mixin.py:188} INFO - [2025-12-20T15:47:16.505+0000] {dag.py:3820} INFO - Setting next_dagrun for purchase_analytics_refresh to 2025-12-19T02:00:00+00:00, run_after=2025-12-20T02:00:00+00:00
[2025-12-20T15:47:16.519+0000] {processor.py:183} INFO - Processing /opt/airflow/dags/purchase_analytics_dag.py took 0.114 seconds
[2025-12-20T15:47:46.835+0000] {processor.py:161} INFO - Started process (PID=110) to work on /opt/airflow/dags/purchase_analytics_dag.py
[2025-12-20T15:47:46.838+0000] {processor.py:830} INFO - Processing file /opt/airflow/dags/purchase_analytics_dag.py for tasks to queue
[2025-12-20T15:47:46.840+0000] {logging_mixin.py:188} INFO - [2025-12-20T15:47:46.839+0000] {dagbag.py:538} INFO - Filling up the DagBag from /opt/airflow/dags/purchase_analytics_dag.py
[2025-12-20T15:47:46.869+0000] {processor.py:840} INFO - DAG(s) 'purchase_analytics_refresh' retrieved from /opt/airflow/dags/purchase_analytics_dag.py
[2025-12-20T15:47:46.906+0000] {logging_mixin.py:188} INFO - [2025-12-20T15:47:46.906+0000] {dag.py:3033} INFO - Sync 1 DAGs
[2025-12-20T15:47:46.927+0000] {logging_mixin.py:188} INFO - [2025-12-20T15:47:46.927+0000] {dag.py:3820} INFO - Setting next_dagrun for purchase_analytics_refresh to 2025-12-19T02:00:00+00:00, run_after=2025-12-20T02:00:00+00:00
[2025-12-20T15:47:46.942+0000] {processor.py:183} INFO - Processing /opt/airflow/dags/purchase_analytics_dag.py took 0.115 seconds
[2025-12-20T15:48:17.242+0000] {processor.py:161} INFO - Started process (PID=114) to work on /opt/airflow/dags/purchase_analytics_dag.py
[2025-12-20T15:48:17.244+0000] {processor.py:830} INFO - Processing file /opt/airflow/dags/purchase_analytics_dag.py for tasks to queue
[2025-12-20T15:48:17.245+0000] {logging_mixin.py:188} INFO - [2025-12-20T15:48:17.245+0000] {dagbag.py:538} INFO - Filling up the DagBag from /opt/airflow/dags/purchase_analytics_dag.py
[2025-12-20T15:48:17.268+0000] {processor.py:840} INFO - DAG(s) 'purchase_analytics_refresh' retrieved from /opt/airflow/dags/purchase_analytics_dag.py
[2025-12-20T15:48:17.311+0000] {logging_mixin.py:188} INFO - [2025-12-20T15:48:17.311+0000] {dag.py:3033} INFO - Sync 1 DAGs
[2025-12-20T15:48:17.332+0000] {logging_mixin.py:188} INFO - [2025-12-20T15:48:17.332+0000] {dag.py:3820} INFO - Setting next_dagrun for purchase_analytics_refresh to 2025-12-19T02:00:00+00:00, run_after=2025-12-20T02:00:00+00:00
[2025-12-20T15:48:17.347+0000] {processor.py:183} INFO - Processing /opt/airflow/dags/purchase_analytics_dag.py took 0.112 seconds
[2025-12-20T15:48:47.649+0000] {processor.py:161} INFO - Started process (PID=124) to work on /opt/airflow/dags/purchase_analytics_dag.py
[2025-12-20T15:48:47.650+0000] {processor.py:830} INFO - Processing file /opt/airflow/dags/purchase_analytics_dag.py for tasks to queue
[2025-12-20T15:48:47.651+0000] {logging_mixin.py:188} INFO - [2025-12-20T15:48:47.651+0000] {dagbag.py:538} INFO - Filling up the DagBag from /opt/airflow/dags/purchase_analytics_dag.py
[2025-12-20T15:48:47.675+0000] {processor.py:840} INFO - DAG(s) 'purchase_analytics_refresh' retrieved from /opt/airflow/dags/purchase_analytics_dag.py
[2025-12-20T15:48:47.701+0000] {logging_mixin.py:188} INFO - [2025-12-20T15:48:47.701+0000] {dag.py:3033} INFO - Sync 1 DAGs
[2025-12-20T15:48:47.720+0000] {logging_mixin.py:188} INFO - [2025-12-20T15:48:47.720+0000] {dag.py:3820} INFO - Setting next_dagrun for purchase_analytics_refresh to 2025-12-19T02:00:00+00:00, run_after=2025-12-20T02:00:00+00:00
[2025-12-20T15:48:47.735+0000] {processor.py:183} INFO - Processing /opt/airflow/dags/purchase_analytics_dag.py took 0.089 seconds
[2025-12-20T15:51:19.907+0000] {processor.py:161} INFO - Started process (PID=30) to work on /opt/airflow/dags/purchase_analytics_dag.py
[2025-12-20T15:51:19.909+0000] {processor.py:830} INFO - Processing file /opt/airflow/dags/purchase_analytics_dag.py for tasks to queue
[2025-12-20T15:51:19.910+0000] {logging_mixin.py:188} INFO - [2025-12-20T15:51:19.910+0000] {dagbag.py:538} INFO - Filling up the DagBag from /opt/airflow/dags/purchase_analytics_dag.py
[2025-12-20T15:51:19.920+0000] {processor.py:840} INFO - DAG(s) 'purchase_analytics_refresh' retrieved from /opt/airflow/dags/purchase_analytics_dag.py
[2025-12-20T15:51:19.942+0000] {logging_mixin.py:188} INFO - [2025-12-20T15:51:19.942+0000] {dag.py:3033} INFO - Sync 1 DAGs
[2025-12-20T15:51:19.958+0000] {logging_mixin.py:188} INFO - [2025-12-20T15:51:19.958+0000] {dag.py:3820} INFO - Setting next_dagrun for purchase_analytics_refresh to 2025-12-19T02:00:00+00:00, run_after=2025-12-20T02:00:00+00:00
[2025-12-20T15:51:19.973+0000] {processor.py:183} INFO - Processing /opt/airflow/dags/purchase_analytics_dag.py took 0.070 seconds
[2025-12-20T15:51:50.229+0000] {processor.py:161} INFO - Started process (PID=41) to work on /opt/airflow/dags/purchase_analytics_dag.py
[2025-12-20T15:51:50.230+0000] {processor.py:830} INFO - Processing file /opt/airflow/dags/purchase_analytics_dag.py for tasks to queue
[2025-12-20T15:51:50.232+0000] {logging_mixin.py:188} INFO - [2025-12-20T15:51:50.232+0000] {dagbag.py:538} INFO - Filling up the DagBag from /opt/airflow/dags/purchase_analytics_dag.py
[2025-12-20T15:51:50.258+0000] {processor.py:840} INFO - DAG(s) 'purchase_analytics_refresh' retrieved from /opt/airflow/dags/purchase_analytics_dag.py
[2025-12-20T15:51:50.542+0000] {logging_mixin.py:188} INFO - [2025-12-20T15:51:50.542+0000] {dag.py:3033} INFO - Sync 1 DAGs
[2025-12-20T15:51:50.579+0000] {logging_mixin.py:188} INFO - [2025-12-20T15:51:50.579+0000] {dag.py:3820} INFO - Setting next_dagrun for purchase_analytics_refresh to 2025-12-19T02:00:00+00:00, run_after=2025-12-20T02:00:00+00:00
[2025-12-20T15:51:50.599+0000] {processor.py:183} INFO - Processing /opt/airflow/dags/purchase_analytics_dag.py took 0.373 seconds
[2025-12-20T15:52:20.913+0000] {processor.py:161} INFO - Started process (PID=51) to work on /opt/airflow/dags/purchase_analytics_dag.py
[2025-12-20T15:52:20.916+0000] {processor.py:830} INFO - Processing file /opt/airflow/dags/purchase_analytics_dag.py for tasks to queue
[2025-12-20T15:52:20.917+0000] {logging_mixin.py:188} INFO - [2025-12-20T15:52:20.917+0000] {dagbag.py:538} INFO - Filling up the DagBag from /opt/airflow/dags/purchase_analytics_dag.py
[2025-12-20T15:52:20.949+0000] {processor.py:840} INFO - DAG(s) 'purchase_analytics_refresh' retrieved from /opt/airflow/dags/purchase_analytics_dag.py
[2025-12-20T15:52:20.999+0000] {logging_mixin.py:188} INFO - [2025-12-20T15:52:20.999+0000] {dag.py:3033} INFO - Sync 1 DAGs
[2025-12-20T15:52:21.019+0000] {logging_mixin.py:188} INFO - [2025-12-20T15:52:21.019+0000] {dag.py:3820} INFO - Setting next_dagrun for purchase_analytics_refresh to 2025-12-19T02:00:00+00:00, run_after=2025-12-20T02:00:00+00:00
[2025-12-20T15:52:21.032+0000] {processor.py:183} INFO - Processing /opt/airflow/dags/purchase_analytics_dag.py took 0.125 seconds
[2025-12-20T15:52:51.315+0000] {processor.py:161} INFO - Started process (PID=61) to work on /opt/airflow/dags/purchase_analytics_dag.py
[2025-12-20T15:52:51.316+0000] {processor.py:830} INFO - Processing file /opt/airflow/dags/purchase_analytics_dag.py for tasks to queue
[2025-12-20T15:52:51.317+0000] {logging_mixin.py:188} INFO - [2025-12-20T15:52:51.316+0000] {dagbag.py:538} INFO - Filling up the DagBag from /opt/airflow/dags/purchase_analytics_dag.py
[2025-12-20T15:52:51.332+0000] {processor.py:840} INFO - DAG(s) 'purchase_analytics_refresh' retrieved from /opt/airflow/dags/purchase_analytics_dag.py
[2025-12-20T15:52:51.361+0000] {logging_mixin.py:188} INFO - [2025-12-20T15:52:51.361+0000] {dag.py:3033} INFO - Sync 1 DAGs
[2025-12-20T15:52:51.381+0000] {logging_mixin.py:188} INFO - [2025-12-20T15:52:51.380+0000] {dag.py:3820} INFO - Setting next_dagrun for purchase_analytics_refresh to 2025-12-19T02:00:00+00:00, run_after=2025-12-20T02:00:00+00:00
[2025-12-20T15:52:51.395+0000] {processor.py:183} INFO - Processing /opt/airflow/dags/purchase_analytics_dag.py took 0.084 seconds
[2025-12-20T15:53:21.680+0000] {processor.py:161} INFO - Started process (PID=71) to work on /opt/airflow/dags/purchase_analytics_dag.py
[2025-12-20T15:53:21.682+0000] {processor.py:830} INFO - Processing file /opt/airflow/dags/purchase_analytics_dag.py for tasks to queue
[2025-12-20T15:53:21.683+0000] {logging_mixin.py:188} INFO - [2025-12-20T15:53:21.682+0000] {dagbag.py:538} INFO - Filling up the DagBag from /opt/airflow/dags/purchase_analytics_dag.py
[2025-12-20T15:53:21.698+0000] {processor.py:840} INFO - DAG(s) 'purchase_analytics_refresh' retrieved from /opt/airflow/dags/purchase_analytics_dag.py
[2025-12-20T15:53:21.727+0000] {logging_mixin.py:188} INFO - [2025-12-20T15:53:21.727+0000] {dag.py:3033} INFO - Sync 1 DAGs
[2025-12-20T15:53:21.747+0000] {logging_mixin.py:188} INFO - [2025-12-20T15:53:21.747+0000] {dag.py:3820} INFO - Setting next_dagrun for purchase_analytics_refresh to 2025-12-19T02:00:00+00:00, run_after=2025-12-20T02:00:00+00:00
[2025-12-20T15:53:21.760+0000] {processor.py:183} INFO - Processing /opt/airflow/dags/purchase_analytics_dag.py took 0.085 seconds
[2025-12-20T15:53:52.016+0000] {processor.py:161} INFO - Started process (PID=81) to work on /opt/airflow/dags/purchase_analytics_dag.py
[2025-12-20T15:53:52.018+0000] {processor.py:830} INFO - Processing file /opt/airflow/dags/purchase_analytics_dag.py for tasks to queue
[2025-12-20T15:53:52.019+0000] {logging_mixin.py:188} INFO - [2025-12-20T15:53:52.018+0000] {dagbag.py:538} INFO - Filling up the DagBag from /opt/airflow/dags/purchase_analytics_dag.py
[2025-12-20T15:53:52.036+0000] {processor.py:840} INFO - DAG(s) 'purchase_analytics_refresh' retrieved from /opt/airflow/dags/purchase_analytics_dag.py
[2025-12-20T15:53:52.066+0000] {logging_mixin.py:188} INFO - [2025-12-20T15:53:52.066+0000] {dag.py:3033} INFO - Sync 1 DAGs
[2025-12-20T15:53:52.083+0000] {logging_mixin.py:188} INFO - [2025-12-20T15:53:52.083+0000] {dag.py:3820} INFO - Setting next_dagrun for purchase_analytics_refresh to 2025-12-19T02:00:00+00:00, run_after=2025-12-20T02:00:00+00:00
[2025-12-20T15:53:52.098+0000] {processor.py:183} INFO - Processing /opt/airflow/dags/purchase_analytics_dag.py took 0.084 seconds
[2025-12-20T15:54:22.402+0000] {processor.py:161} INFO - Started process (PID=115) to work on /opt/airflow/dags/purchase_analytics_dag.py
[2025-12-20T15:54:22.403+0000] {processor.py:830} INFO - Processing file /opt/airflow/dags/purchase_analytics_dag.py for tasks to queue
[2025-12-20T15:54:22.403+0000] {logging_mixin.py:188} INFO - [2025-12-20T15:54:22.403+0000] {dagbag.py:538} INFO - Filling up the DagBag from /opt/airflow/dags/purchase_analytics_dag.py
[2025-12-20T15:54:22.413+0000] {processor.py:840} INFO - DAG(s) 'purchase_analytics_refresh' retrieved from /opt/airflow/dags/purchase_analytics_dag.py
[2025-12-20T15:54:22.441+0000] {logging_mixin.py:188} INFO - [2025-12-20T15:54:22.440+0000] {dag.py:3033} INFO - Sync 1 DAGs
[2025-12-20T15:54:22.459+0000] {logging_mixin.py:188} INFO - [2025-12-20T15:54:22.459+0000] {dag.py:3820} INFO - Setting next_dagrun for purchase_analytics_refresh to 2025-12-20T02:00:00+00:00, run_after=2025-12-21T02:00:00+00:00
[2025-12-20T15:54:22.472+0000] {processor.py:183} INFO - Processing /opt/airflow/dags/purchase_analytics_dag.py took 0.074 seconds
[2025-12-20T15:54:52.842+0000] {processor.py:161} INFO - Started process (PID=125) to work on /opt/airflow/dags/purchase_analytics_dag.py
[2025-12-20T15:54:52.844+0000] {processor.py:830} INFO - Processing file /opt/airflow/dags/purchase_analytics_dag.py for tasks to queue
[2025-12-20T15:54:52.845+0000] {logging_mixin.py:188} INFO - [2025-12-20T15:54:52.844+0000] {dagbag.py:538} INFO - Filling up the DagBag from /opt/airflow/dags/purchase_analytics_dag.py
[2025-12-20T15:54:52.878+0000] {processor.py:840} INFO - DAG(s) 'purchase_analytics_refresh' retrieved from /opt/airflow/dags/purchase_analytics_dag.py
[2025-12-20T15:54:52.940+0000] {logging_mixin.py:188} INFO - [2025-12-20T15:54:52.940+0000] {dag.py:3033} INFO - Sync 1 DAGs
[2025-12-20T15:54:52.967+0000] {logging_mixin.py:188} INFO - [2025-12-20T15:54:52.966+0000] {dag.py:3820} INFO - Setting next_dagrun for purchase_analytics_refresh to 2025-12-20T02:00:00+00:00, run_after=2025-12-21T02:00:00+00:00
[2025-12-20T15:54:52.987+0000] {processor.py:183} INFO - Processing /opt/airflow/dags/purchase_analytics_dag.py took 0.161 seconds
[2025-12-20T15:55:23.290+0000] {processor.py:161} INFO - Started process (PID=128) to work on /opt/airflow/dags/purchase_analytics_dag.py
[2025-12-20T15:55:23.291+0000] {processor.py:830} INFO - Processing file /opt/airflow/dags/purchase_analytics_dag.py for tasks to queue
[2025-12-20T15:55:23.292+0000] {logging_mixin.py:188} INFO - [2025-12-20T15:55:23.292+0000] {dagbag.py:538} INFO - Filling up the DagBag from /opt/airflow/dags/purchase_analytics_dag.py
[2025-12-20T15:55:23.309+0000] {processor.py:840} INFO - DAG(s) 'purchase_analytics_refresh' retrieved from /opt/airflow/dags/purchase_analytics_dag.py
[2025-12-20T15:55:23.341+0000] {logging_mixin.py:188} INFO - [2025-12-20T15:55:23.341+0000] {dag.py:3033} INFO - Sync 1 DAGs
[2025-12-20T15:55:23.361+0000] {logging_mixin.py:188} INFO - [2025-12-20T15:55:23.361+0000] {dag.py:3820} INFO - Setting next_dagrun for purchase_analytics_refresh to 2025-12-20T02:00:00+00:00, run_after=2025-12-21T02:00:00+00:00
[2025-12-20T15:55:23.375+0000] {processor.py:183} INFO - Processing /opt/airflow/dags/purchase_analytics_dag.py took 0.090 seconds
[2025-12-20T15:55:53.651+0000] {processor.py:161} INFO - Started process (PID=138) to work on /opt/airflow/dags/purchase_analytics_dag.py
[2025-12-20T15:55:53.651+0000] {processor.py:830} INFO - Processing file /opt/airflow/dags/purchase_analytics_dag.py for tasks to queue
[2025-12-20T15:55:53.652+0000] {logging_mixin.py:188} INFO - [2025-12-20T15:55:53.652+0000] {dagbag.py:538} INFO - Filling up the DagBag from /opt/airflow/dags/purchase_analytics_dag.py
[2025-12-20T15:55:53.660+0000] {processor.py:840} INFO - DAG(s) 'purchase_analytics_refresh' retrieved from /opt/airflow/dags/purchase_analytics_dag.py
[2025-12-20T15:55:53.681+0000] {logging_mixin.py:188} INFO - [2025-12-20T15:55:53.681+0000] {dag.py:3033} INFO - Sync 1 DAGs
[2025-12-20T15:55:53.697+0000] {logging_mixin.py:188} INFO - [2025-12-20T15:55:53.697+0000] {dag.py:3820} INFO - Setting next_dagrun for purchase_analytics_refresh to 2025-12-20T02:00:00+00:00, run_after=2025-12-21T02:00:00+00:00
[2025-12-20T15:55:53.708+0000] {processor.py:183} INFO - Processing /opt/airflow/dags/purchase_analytics_dag.py took 0.060 seconds
[2025-12-20T15:56:24.015+0000] {processor.py:161} INFO - Started process (PID=148) to work on /opt/airflow/dags/purchase_analytics_dag.py
[2025-12-20T15:56:24.015+0000] {processor.py:830} INFO - Processing file /opt/airflow/dags/purchase_analytics_dag.py for tasks to queue
[2025-12-20T15:56:24.016+0000] {logging_mixin.py:188} INFO - [2025-12-20T15:56:24.016+0000] {dagbag.py:538} INFO - Filling up the DagBag from /opt/airflow/dags/purchase_analytics_dag.py
[2025-12-20T15:56:24.031+0000] {processor.py:840} INFO - DAG(s) 'purchase_analytics_refresh' retrieved from /opt/airflow/dags/purchase_analytics_dag.py
[2025-12-20T15:56:24.058+0000] {logging_mixin.py:188} INFO - [2025-12-20T15:56:24.058+0000] {dag.py:3033} INFO - Sync 1 DAGs
[2025-12-20T15:56:24.076+0000] {logging_mixin.py:188} INFO - [2025-12-20T15:56:24.076+0000] {dag.py:3820} INFO - Setting next_dagrun for purchase_analytics_refresh to 2025-12-20T02:00:00+00:00, run_after=2025-12-21T02:00:00+00:00
[2025-12-20T15:56:24.092+0000] {processor.py:183} INFO - Processing /opt/airflow/dags/purchase_analytics_dag.py took 0.081 seconds
[2025-12-20T15:56:54.390+0000] {processor.py:161} INFO - Started process (PID=158) to work on /opt/airflow/dags/purchase_analytics_dag.py
[2025-12-20T15:56:54.391+0000] {processor.py:830} INFO - Processing file /opt/airflow/dags/purchase_analytics_dag.py for tasks to queue
[2025-12-20T15:56:54.393+0000] {logging_mixin.py:188} INFO - [2025-12-20T15:56:54.393+0000] {dagbag.py:538} INFO - Filling up the DagBag from /opt/airflow/dags/purchase_analytics_dag.py
[2025-12-20T15:56:54.416+0000] {processor.py:840} INFO - DAG(s) 'purchase_analytics_refresh' retrieved from /opt/airflow/dags/purchase_analytics_dag.py
[2025-12-20T15:56:54.462+0000] {logging_mixin.py:188} INFO - [2025-12-20T15:56:54.462+0000] {dag.py:3033} INFO - Sync 1 DAGs
[2025-12-20T15:56:54.492+0000] {logging_mixin.py:188} INFO - [2025-12-20T15:56:54.492+0000] {dag.py:3820} INFO - Setting next_dagrun for purchase_analytics_refresh to 2025-12-20T02:00:00+00:00, run_after=2025-12-21T02:00:00+00:00
[2025-12-20T15:56:54.506+0000] {processor.py:183} INFO - Processing /opt/airflow/dags/purchase_analytics_dag.py took 0.124 seconds
[2025-12-20T15:57:24.776+0000] {processor.py:161} INFO - Started process (PID=168) to work on /opt/airflow/dags/purchase_analytics_dag.py
[2025-12-20T15:57:24.779+0000] {processor.py:830} INFO - Processing file /opt/airflow/dags/purchase_analytics_dag.py for tasks to queue
[2025-12-20T15:57:24.781+0000] {logging_mixin.py:188} INFO - [2025-12-20T15:57:24.780+0000] {dagbag.py:538} INFO - Filling up the DagBag from /opt/airflow/dags/purchase_analytics_dag.py
[2025-12-20T15:57:24.804+0000] {processor.py:840} INFO - DAG(s) 'purchase_analytics_refresh' retrieved from /opt/airflow/dags/purchase_analytics_dag.py
[2025-12-20T15:57:24.851+0000] {logging_mixin.py:188} INFO - [2025-12-20T15:57:24.851+0000] {dag.py:3033} INFO - Sync 1 DAGs
[2025-12-20T15:57:24.872+0000] {logging_mixin.py:188} INFO - [2025-12-20T15:57:24.872+0000] {dag.py:3820} INFO - Setting next_dagrun for purchase_analytics_refresh to 2025-12-20T02:00:00+00:00, run_after=2025-12-21T02:00:00+00:00
[2025-12-20T15:57:24.894+0000] {processor.py:183} INFO - Processing /opt/airflow/dags/purchase_analytics_dag.py took 0.125 seconds
[2025-12-20T15:57:55.176+0000] {processor.py:161} INFO - Started process (PID=178) to work on /opt/airflow/dags/purchase_analytics_dag.py
[2025-12-20T15:57:55.177+0000] {processor.py:830} INFO - Processing file /opt/airflow/dags/purchase_analytics_dag.py for tasks to queue
[2025-12-20T15:57:55.178+0000] {logging_mixin.py:188} INFO - [2025-12-20T15:57:55.178+0000] {dagbag.py:538} INFO - Filling up the DagBag from /opt/airflow/dags/purchase_analytics_dag.py
[2025-12-20T15:57:55.192+0000] {processor.py:840} INFO - DAG(s) 'purchase_analytics_refresh' retrieved from /opt/airflow/dags/purchase_analytics_dag.py
[2025-12-20T15:57:55.226+0000] {logging_mixin.py:188} INFO - [2025-12-20T15:57:55.225+0000] {dag.py:3033} INFO - Sync 1 DAGs
[2025-12-20T15:57:55.253+0000] {logging_mixin.py:188} INFO - [2025-12-20T15:57:55.252+0000] {dag.py:3820} INFO - Setting next_dagrun for purchase_analytics_refresh to 2025-12-20T02:00:00+00:00, run_after=2025-12-21T02:00:00+00:00
[2025-12-20T15:57:55.270+0000] {processor.py:183} INFO - Processing /opt/airflow/dags/purchase_analytics_dag.py took 0.101 seconds
[2025-12-20T15:58:25.561+0000] {processor.py:161} INFO - Started process (PID=188) to work on /opt/airflow/dags/purchase_analytics_dag.py
[2025-12-20T15:58:25.562+0000] {processor.py:830} INFO - Processing file /opt/airflow/dags/purchase_analytics_dag.py for tasks to queue
[2025-12-20T15:58:25.563+0000] {logging_mixin.py:188} INFO - [2025-12-20T15:58:25.562+0000] {dagbag.py:538} INFO - Filling up the DagBag from /opt/airflow/dags/purchase_analytics_dag.py
[2025-12-20T15:58:25.586+0000] {processor.py:840} INFO - DAG(s) 'purchase_analytics_refresh' retrieved from /opt/airflow/dags/purchase_analytics_dag.py
[2025-12-20T15:58:25.626+0000] {logging_mixin.py:188} INFO - [2025-12-20T15:58:25.626+0000] {dag.py:3033} INFO - Sync 1 DAGs
[2025-12-20T15:58:25.652+0000] {logging_mixin.py:188} INFO - [2025-12-20T15:58:25.652+0000] {dag.py:3820} INFO - Setting next_dagrun for purchase_analytics_refresh to 2025-12-20T02:00:00+00:00, run_after=2025-12-21T02:00:00+00:00
[2025-12-20T15:58:25.666+0000] {processor.py:183} INFO - Processing /opt/airflow/dags/purchase_analytics_dag.py took 0.110 seconds
[2025-12-20T15:58:56.002+0000] {processor.py:161} INFO - Started process (PID=198) to work on /opt/airflow/dags/purchase_analytics_dag.py
[2025-12-20T15:58:56.003+0000] {processor.py:830} INFO - Processing file /opt/airflow/dags/purchase_analytics_dag.py for tasks to queue
[2025-12-20T15:58:56.004+0000] {logging_mixin.py:188} INFO - [2025-12-20T15:58:56.003+0000] {dagbag.py:538} INFO - Filling up the DagBag from /opt/airflow/dags/purchase_analytics_dag.py
[2025-12-20T15:58:56.017+0000] {processor.py:840} INFO - DAG(s) 'purchase_analytics_refresh' retrieved from /opt/airflow/dags/purchase_analytics_dag.py
[2025-12-20T15:58:56.045+0000] {logging_mixin.py:188} INFO - [2025-12-20T15:58:56.045+0000] {dag.py:3033} INFO - Sync 1 DAGs
[2025-12-20T15:58:56.066+0000] {logging_mixin.py:188} INFO - [2025-12-20T15:58:56.066+0000] {dag.py:3820} INFO - Setting next_dagrun for purchase_analytics_refresh to 2025-12-20T02:00:00+00:00, run_after=2025-12-21T02:00:00+00:00
[2025-12-20T15:58:56.078+0000] {processor.py:183} INFO - Processing /opt/airflow/dags/purchase_analytics_dag.py took 0.081 seconds
[2025-12-20T15:59:26.433+0000] {processor.py:161} INFO - Started process (PID=232) to work on /opt/airflow/dags/purchase_analytics_dag.py
[2025-12-20T15:59:26.434+0000] {processor.py:830} INFO - Processing file /opt/airflow/dags/purchase_analytics_dag.py for tasks to queue
[2025-12-20T15:59:26.435+0000] {logging_mixin.py:188} INFO - [2025-12-20T15:59:26.435+0000] {dagbag.py:538} INFO - Filling up the DagBag from /opt/airflow/dags/purchase_analytics_dag.py
[2025-12-20T15:59:26.467+0000] {processor.py:840} INFO - DAG(s) 'purchase_analytics_refresh' retrieved from /opt/airflow/dags/purchase_analytics_dag.py
[2025-12-20T15:59:26.512+0000] {logging_mixin.py:188} INFO - [2025-12-20T15:59:26.512+0000] {dag.py:3033} INFO - Sync 1 DAGs
[2025-12-20T15:59:26.544+0000] {logging_mixin.py:188} INFO - [2025-12-20T15:59:26.543+0000] {dag.py:3820} INFO - Setting next_dagrun for purchase_analytics_refresh to 2025-12-20T02:00:00+00:00, run_after=2025-12-21T02:00:00+00:00
[2025-12-20T15:59:26.560+0000] {processor.py:183} INFO - Processing /opt/airflow/dags/purchase_analytics_dag.py took 0.136 seconds
[2025-12-20T15:59:56.808+0000] {processor.py:161} INFO - Started process (PID=242) to work on /opt/airflow/dags/purchase_analytics_dag.py
[2025-12-20T15:59:56.809+0000] {processor.py:830} INFO - Processing file /opt/airflow/dags/purchase_analytics_dag.py for tasks to queue
[2025-12-20T15:59:56.809+0000] {logging_mixin.py:188} INFO - [2025-12-20T15:59:56.809+0000] {dagbag.py:538} INFO - Filling up the DagBag from /opt/airflow/dags/purchase_analytics_dag.py
[2025-12-20T15:59:56.818+0000] {processor.py:840} INFO - DAG(s) 'purchase_analytics_refresh' retrieved from /opt/airflow/dags/purchase_analytics_dag.py
[2025-12-20T15:59:56.838+0000] {logging_mixin.py:188} INFO - [2025-12-20T15:59:56.838+0000] {dag.py:3033} INFO - Sync 1 DAGs
[2025-12-20T15:59:56.853+0000] {logging_mixin.py:188} INFO - [2025-12-20T15:59:56.853+0000] {dag.py:3820} INFO - Setting next_dagrun for purchase_analytics_refresh to 2025-12-20T02:00:00+00:00, run_after=2025-12-21T02:00:00+00:00
[2025-12-20T15:59:56.864+0000] {processor.py:183} INFO - Processing /opt/airflow/dags/purchase_analytics_dag.py took 0.059 seconds
[2025-12-20T16:00:27.153+0000] {processor.py:161} INFO - Started process (PID=252) to work on /opt/airflow/dags/purchase_analytics_dag.py
[2025-12-20T16:00:27.154+0000] {processor.py:830} INFO - Processing file /opt/airflow/dags/purchase_analytics_dag.py for tasks to queue
[2025-12-20T16:00:27.155+0000] {logging_mixin.py:188} INFO - [2025-12-20T16:00:27.154+0000] {dagbag.py:538} INFO - Filling up the DagBag from /opt/airflow/dags/purchase_analytics_dag.py
[2025-12-20T16:00:27.172+0000] {processor.py:840} INFO - DAG(s) 'purchase_analytics_refresh' retrieved from /opt/airflow/dags/purchase_analytics_dag.py
[2025-12-20T16:00:27.204+0000] {logging_mixin.py:188} INFO - [2025-12-20T16:00:27.203+0000] {dag.py:3033} INFO - Sync 1 DAGs
[2025-12-20T16:00:27.223+0000] {logging_mixin.py:188} INFO - [2025-12-20T16:00:27.223+0000] {dag.py:3820} INFO - Setting next_dagrun for purchase_analytics_refresh to 2025-12-20T02:00:00+00:00, run_after=2025-12-21T02:00:00+00:00
[2025-12-20T16:00:27.239+0000] {processor.py:183} INFO - Processing /opt/airflow/dags/purchase_analytics_dag.py took 0.091 seconds
[2025-12-20T16:00:57.605+0000] {processor.py:161} INFO - Started process (PID=262) to work on /opt/airflow/dags/purchase_analytics_dag.py
[2025-12-20T16:00:57.605+0000] {processor.py:830} INFO - Processing file /opt/airflow/dags/purchase_analytics_dag.py for tasks to queue
[2025-12-20T16:00:57.606+0000] {logging_mixin.py:188} INFO - [2025-12-20T16:00:57.606+0000] {dagbag.py:538} INFO - Filling up the DagBag from /opt/airflow/dags/purchase_analytics_dag.py
[2025-12-20T16:00:57.622+0000] {processor.py:840} INFO - DAG(s) 'purchase_analytics_refresh' retrieved from /opt/airflow/dags/purchase_analytics_dag.py
[2025-12-20T16:00:57.654+0000] {logging_mixin.py:188} INFO - [2025-12-20T16:00:57.654+0000] {dag.py:3033} INFO - Sync 1 DAGs
[2025-12-20T16:00:57.676+0000] {logging_mixin.py:188} INFO - [2025-12-20T16:00:57.675+0000] {dag.py:3820} INFO - Setting next_dagrun for purchase_analytics_refresh to 2025-12-20T02:00:00+00:00, run_after=2025-12-21T02:00:00+00:00
[2025-12-20T16:00:57.689+0000] {processor.py:183} INFO - Processing /opt/airflow/dags/purchase_analytics_dag.py took 0.087 seconds
[2025-12-20T16:01:28.004+0000] {processor.py:161} INFO - Started process (PID=272) to work on /opt/airflow/dags/purchase_analytics_dag.py
[2025-12-20T16:01:28.005+0000] {processor.py:830} INFO - Processing file /opt/airflow/dags/purchase_analytics_dag.py for tasks to queue
[2025-12-20T16:01:28.005+0000] {logging_mixin.py:188} INFO - [2025-12-20T16:01:28.005+0000] {dagbag.py:538} INFO - Filling up the DagBag from /opt/airflow/dags/purchase_analytics_dag.py
[2025-12-20T16:01:28.023+0000] {processor.py:840} INFO - DAG(s) 'purchase_analytics_refresh' retrieved from /opt/airflow/dags/purchase_analytics_dag.py
[2025-12-20T16:01:28.045+0000] {logging_mixin.py:188} INFO - [2025-12-20T16:01:28.045+0000] {dag.py:3033} INFO - Sync 1 DAGs
[2025-12-20T16:01:28.068+0000] {logging_mixin.py:188} INFO - [2025-12-20T16:01:28.068+0000] {dag.py:3820} INFO - Setting next_dagrun for purchase_analytics_refresh to 2025-12-20T02:00:00+00:00, run_after=2025-12-21T02:00:00+00:00
[2025-12-20T16:01:28.080+0000] {processor.py:183} INFO - Processing /opt/airflow/dags/purchase_analytics_dag.py took 0.080 seconds
[2025-12-20T16:01:58.397+0000] {processor.py:161} INFO - Started process (PID=282) to work on /opt/airflow/dags/purchase_analytics_dag.py
[2025-12-20T16:01:58.398+0000] {processor.py:830} INFO - Processing file /opt/airflow/dags/purchase_analytics_dag.py for tasks to queue
[2025-12-20T16:01:58.399+0000] {logging_mixin.py:188} INFO - [2025-12-20T16:01:58.399+0000] {dagbag.py:538} INFO - Filling up the DagBag from /opt/airflow/dags/purchase_analytics_dag.py
[2025-12-20T16:01:58.419+0000] {processor.py:840} INFO - DAG(s) 'purchase_analytics_refresh' retrieved from /opt/airflow/dags/purchase_analytics_dag.py
[2025-12-20T16:01:58.453+0000] {logging_mixin.py:188} INFO - [2025-12-20T16:01:58.453+0000] {dag.py:3033} INFO - Sync 1 DAGs
[2025-12-20T16:01:58.473+0000] {logging_mixin.py:188} INFO - [2025-12-20T16:01:58.473+0000] {dag.py:3820} INFO - Setting next_dagrun for purchase_analytics_refresh to 2025-12-20T02:00:00+00:00, run_after=2025-12-21T02:00:00+00:00
[2025-12-20T16:01:58.494+0000] {processor.py:183} INFO - Processing /opt/airflow/dags/purchase_analytics_dag.py took 0.102 seconds
[2025-12-20T16:02:28.764+0000] {processor.py:161} INFO - Started process (PID=292) to work on /opt/airflow/dags/purchase_analytics_dag.py
[2025-12-20T16:02:28.765+0000] {processor.py:830} INFO - Processing file /opt/airflow/dags/purchase_analytics_dag.py for tasks to queue
[2025-12-20T16:02:28.766+0000] {logging_mixin.py:188} INFO - [2025-12-20T16:02:28.766+0000] {dagbag.py:538} INFO - Filling up the DagBag from /opt/airflow/dags/purchase_analytics_dag.py
[2025-12-20T16:02:28.782+0000] {processor.py:840} INFO - DAG(s) 'purchase_analytics_refresh' retrieved from /opt/airflow/dags/purchase_analytics_dag.py
[2025-12-20T16:02:28.813+0000] {logging_mixin.py:188} INFO - [2025-12-20T16:02:28.813+0000] {dag.py:3033} INFO - Sync 1 DAGs
[2025-12-20T16:02:28.832+0000] {logging_mixin.py:188} INFO - [2025-12-20T16:02:28.832+0000] {dag.py:3820} INFO - Setting next_dagrun for purchase_analytics_refresh to 2025-12-20T02:00:00+00:00, run_after=2025-12-21T02:00:00+00:00
[2025-12-20T16:02:28.845+0000] {processor.py:183} INFO - Processing /opt/airflow/dags/purchase_analytics_dag.py took 0.084 seconds
[2025-12-20T16:02:59.162+0000] {processor.py:161} INFO - Started process (PID=302) to work on /opt/airflow/dags/purchase_analytics_dag.py
[2025-12-20T16:02:59.163+0000] {processor.py:830} INFO - Processing file /opt/airflow/dags/purchase_analytics_dag.py for tasks to queue
[2025-12-20T16:02:59.164+0000] {logging_mixin.py:188} INFO - [2025-12-20T16:02:59.163+0000] {dagbag.py:538} INFO - Filling up the DagBag from /opt/airflow/dags/purchase_analytics_dag.py
[2025-12-20T16:02:59.183+0000] {processor.py:840} INFO - DAG(s) 'purchase_analytics_refresh' retrieved from /opt/airflow/dags/purchase_analytics_dag.py
[2025-12-20T16:02:59.209+0000] {logging_mixin.py:188} INFO - [2025-12-20T16:02:59.209+0000] {dag.py:3033} INFO - Sync 1 DAGs
[2025-12-20T16:02:59.226+0000] {logging_mixin.py:188} INFO - [2025-12-20T16:02:59.226+0000] {dag.py:3820} INFO - Setting next_dagrun for purchase_analytics_refresh to 2025-12-20T02:00:00+00:00, run_after=2025-12-21T02:00:00+00:00
[2025-12-20T16:02:59.237+0000] {processor.py:183} INFO - Processing /opt/airflow/dags/purchase_analytics_dag.py took 0.079 seconds
[2025-12-20T16:03:29.556+0000] {processor.py:161} INFO - Started process (PID=312) to work on /opt/airflow/dags/purchase_analytics_dag.py
[2025-12-20T16:03:29.557+0000] {processor.py:830} INFO - Processing file /opt/airflow/dags/purchase_analytics_dag.py for tasks to queue
[2025-12-20T16:03:29.557+0000] {logging_mixin.py:188} INFO - [2025-12-20T16:03:29.557+0000] {dagbag.py:538} INFO - Filling up the DagBag from /opt/airflow/dags/purchase_analytics_dag.py
[2025-12-20T16:03:29.570+0000] {processor.py:840} INFO - DAG(s) 'purchase_analytics_refresh' retrieved from /opt/airflow/dags/purchase_analytics_dag.py
[2025-12-20T16:03:29.599+0000] {logging_mixin.py:188} INFO - [2025-12-20T16:03:29.599+0000] {dag.py:3033} INFO - Sync 1 DAGs
[2025-12-20T16:03:29.621+0000] {logging_mixin.py:188} INFO - [2025-12-20T16:03:29.621+0000] {dag.py:3820} INFO - Setting next_dagrun for purchase_analytics_refresh to 2025-12-20T02:00:00+00:00, run_after=2025-12-21T02:00:00+00:00
[2025-12-20T16:03:29.634+0000] {processor.py:183} INFO - Processing /opt/airflow/dags/purchase_analytics_dag.py took 0.085 seconds
[2025-12-20T16:03:59.960+0000] {processor.py:161} INFO - Started process (PID=322) to work on /opt/airflow/dags/purchase_analytics_dag.py
[2025-12-20T16:03:59.961+0000] {processor.py:830} INFO - Processing file /opt/airflow/dags/purchase_analytics_dag.py for tasks to queue
[2025-12-20T16:03:59.962+0000] {logging_mixin.py:188} INFO - [2025-12-20T16:03:59.962+0000] {dagbag.py:538} INFO - Filling up the DagBag from /opt/airflow/dags/purchase_analytics_dag.py
[2025-12-20T16:03:59.973+0000] {processor.py:840} INFO - DAG(s) 'purchase_analytics_refresh' retrieved from /opt/airflow/dags/purchase_analytics_dag.py
[2025-12-20T16:03:59.993+0000] {logging_mixin.py:188} INFO - [2025-12-20T16:03:59.993+0000] {dag.py:3033} INFO - Sync 1 DAGs
[2025-12-20T16:04:00.011+0000] {logging_mixin.py:188} INFO - [2025-12-20T16:04:00.010+0000] {dag.py:3820} INFO - Setting next_dagrun for purchase_analytics_refresh to 2025-12-20T02:00:00+00:00, run_after=2025-12-21T02:00:00+00:00
[2025-12-20T16:04:00.025+0000] {processor.py:183} INFO - Processing /opt/airflow/dags/purchase_analytics_dag.py took 0.068 seconds
[2025-12-20T16:04:30.345+0000] {processor.py:161} INFO - Started process (PID=332) to work on /opt/airflow/dags/purchase_analytics_dag.py
[2025-12-20T16:04:30.345+0000] {processor.py:830} INFO - Processing file /opt/airflow/dags/purchase_analytics_dag.py for tasks to queue
[2025-12-20T16:04:30.346+0000] {logging_mixin.py:188} INFO - [2025-12-20T16:04:30.346+0000] {dagbag.py:538} INFO - Filling up the DagBag from /opt/airflow/dags/purchase_analytics_dag.py
[2025-12-20T16:04:30.365+0000] {processor.py:840} INFO - DAG(s) 'purchase_analytics_refresh' retrieved from /opt/airflow/dags/purchase_analytics_dag.py
[2025-12-20T16:04:30.393+0000] {logging_mixin.py:188} INFO - [2025-12-20T16:04:30.393+0000] {dag.py:3033} INFO - Sync 1 DAGs
[2025-12-20T16:04:30.408+0000] {logging_mixin.py:188} INFO - [2025-12-20T16:04:30.408+0000] {dag.py:3820} INFO - Setting next_dagrun for purchase_analytics_refresh to 2025-12-20T02:00:00+00:00, run_after=2025-12-21T02:00:00+00:00
[2025-12-20T16:04:30.419+0000] {processor.py:183} INFO - Processing /opt/airflow/dags/purchase_analytics_dag.py took 0.078 seconds
[2025-12-20T16:05:00.789+0000] {processor.py:161} INFO - Started process (PID=342) to work on /opt/airflow/dags/purchase_analytics_dag.py
[2025-12-20T16:05:00.789+0000] {processor.py:830} INFO - Processing file /opt/airflow/dags/purchase_analytics_dag.py for tasks to queue
[2025-12-20T16:05:00.790+0000] {logging_mixin.py:188} INFO - [2025-12-20T16:05:00.790+0000] {dagbag.py:538} INFO - Filling up the DagBag from /opt/airflow/dags/purchase_analytics_dag.py
[2025-12-20T16:05:00.810+0000] {processor.py:840} INFO - DAG(s) 'purchase_analytics_refresh' retrieved from /opt/airflow/dags/purchase_analytics_dag.py
[2025-12-20T16:05:00.861+0000] {logging_mixin.py:188} INFO - [2025-12-20T16:05:00.861+0000] {dag.py:3033} INFO - Sync 1 DAGs
[2025-12-20T16:05:00.892+0000] {logging_mixin.py:188} INFO - [2025-12-20T16:05:00.892+0000] {dag.py:3820} INFO - Setting next_dagrun for purchase_analytics_refresh to 2025-12-20T02:00:00+00:00, run_after=2025-12-21T02:00:00+00:00
[2025-12-20T16:05:00.908+0000] {processor.py:183} INFO - Processing /opt/airflow/dags/purchase_analytics_dag.py took 0.128 seconds
[2025-12-20T16:05:31.238+0000] {processor.py:161} INFO - Started process (PID=352) to work on /opt/airflow/dags/purchase_analytics_dag.py
[2025-12-20T16:05:31.240+0000] {processor.py:830} INFO - Processing file /opt/airflow/dags/purchase_analytics_dag.py for tasks to queue
[2025-12-20T16:05:31.241+0000] {logging_mixin.py:188} INFO - [2025-12-20T16:05:31.240+0000] {dagbag.py:538} INFO - Filling up the DagBag from /opt/airflow/dags/purchase_analytics_dag.py
[2025-12-20T16:05:31.260+0000] {processor.py:840} INFO - DAG(s) 'purchase_analytics_refresh' retrieved from /opt/airflow/dags/purchase_analytics_dag.py
[2025-12-20T16:05:31.316+0000] {logging_mixin.py:188} INFO - [2025-12-20T16:05:31.316+0000] {dag.py:3033} INFO - Sync 1 DAGs
[2025-12-20T16:05:31.345+0000] {logging_mixin.py:188} INFO - [2025-12-20T16:05:31.345+0000] {dag.py:3820} INFO - Setting next_dagrun for purchase_analytics_refresh to 2025-12-20T02:00:00+00:00, run_after=2025-12-21T02:00:00+00:00
[2025-12-20T16:05:31.362+0000] {processor.py:183} INFO - Processing /opt/airflow/dags/purchase_analytics_dag.py took 0.129 seconds
[2025-12-20T16:06:01.703+0000] {processor.py:161} INFO - Started process (PID=362) to work on /opt/airflow/dags/purchase_analytics_dag.py
[2025-12-20T16:06:01.703+0000] {processor.py:830} INFO - Processing file /opt/airflow/dags/purchase_analytics_dag.py for tasks to queue
[2025-12-20T16:06:01.704+0000] {logging_mixin.py:188} INFO - [2025-12-20T16:06:01.704+0000] {dagbag.py:538} INFO - Filling up the DagBag from /opt/airflow/dags/purchase_analytics_dag.py
[2025-12-20T16:06:01.717+0000] {processor.py:840} INFO - DAG(s) 'purchase_analytics_refresh' retrieved from /opt/airflow/dags/purchase_analytics_dag.py
[2025-12-20T16:06:01.740+0000] {logging_mixin.py:188} INFO - [2025-12-20T16:06:01.740+0000] {dag.py:3033} INFO - Sync 1 DAGs
[2025-12-20T16:06:01.756+0000] {logging_mixin.py:188} INFO - [2025-12-20T16:06:01.756+0000] {dag.py:3820} INFO - Setting next_dagrun for purchase_analytics_refresh to 2025-12-20T02:00:00+00:00, run_after=2025-12-21T02:00:00+00:00
[2025-12-20T16:06:01.768+0000] {processor.py:183} INFO - Processing /opt/airflow/dags/purchase_analytics_dag.py took 0.067 seconds
[2025-12-20T16:06:32.182+0000] {processor.py:161} INFO - Started process (PID=372) to work on /opt/airflow/dags/purchase_analytics_dag.py
[2025-12-20T16:06:32.183+0000] {processor.py:830} INFO - Processing file /opt/airflow/dags/purchase_analytics_dag.py for tasks to queue
[2025-12-20T16:06:32.184+0000] {logging_mixin.py:188} INFO - [2025-12-20T16:06:32.184+0000] {dagbag.py:538} INFO - Filling up the DagBag from /opt/airflow/dags/purchase_analytics_dag.py
[2025-12-20T16:06:32.196+0000] {processor.py:840} INFO - DAG(s) 'purchase_analytics_refresh' retrieved from /opt/airflow/dags/purchase_analytics_dag.py
[2025-12-20T16:06:32.225+0000] {logging_mixin.py:188} INFO - [2025-12-20T16:06:32.225+0000] {dag.py:3033} INFO - Sync 1 DAGs
[2025-12-20T16:06:32.249+0000] {logging_mixin.py:188} INFO - [2025-12-20T16:06:32.249+0000] {dag.py:3820} INFO - Setting next_dagrun for purchase_analytics_refresh to 2025-12-20T02:00:00+00:00, run_after=2025-12-21T02:00:00+00:00
[2025-12-20T16:06:32.264+0000] {processor.py:183} INFO - Processing /opt/airflow/dags/purchase_analytics_dag.py took 0.095 seconds
[2025-12-20T16:07:02.606+0000] {processor.py:161} INFO - Started process (PID=382) to work on /opt/airflow/dags/purchase_analytics_dag.py
[2025-12-20T16:07:02.606+0000] {processor.py:830} INFO - Processing file /opt/airflow/dags/purchase_analytics_dag.py for tasks to queue
[2025-12-20T16:07:02.607+0000] {logging_mixin.py:188} INFO - [2025-12-20T16:07:02.607+0000] {dagbag.py:538} INFO - Filling up the DagBag from /opt/airflow/dags/purchase_analytics_dag.py
[2025-12-20T16:07:02.618+0000] {processor.py:840} INFO - DAG(s) 'purchase_analytics_refresh' retrieved from /opt/airflow/dags/purchase_analytics_dag.py
[2025-12-20T16:07:02.639+0000] {logging_mixin.py:188} INFO - [2025-12-20T16:07:02.639+0000] {dag.py:3033} INFO - Sync 1 DAGs
[2025-12-20T16:07:02.655+0000] {logging_mixin.py:188} INFO - [2025-12-20T16:07:02.655+0000] {dag.py:3820} INFO - Setting next_dagrun for purchase_analytics_refresh to 2025-12-20T02:00:00+00:00, run_after=2025-12-21T02:00:00+00:00
[2025-12-20T16:07:02.667+0000] {processor.py:183} INFO - Processing /opt/airflow/dags/purchase_analytics_dag.py took 0.066 seconds
[2025-12-20T16:07:33.037+0000] {processor.py:161} INFO - Started process (PID=392) to work on /opt/airflow/dags/purchase_analytics_dag.py
[2025-12-20T16:07:33.039+0000] {processor.py:830} INFO - Processing file /opt/airflow/dags/purchase_analytics_dag.py for tasks to queue
[2025-12-20T16:07:33.040+0000] {logging_mixin.py:188} INFO - [2025-12-20T16:07:33.040+0000] {dagbag.py:538} INFO - Filling up the DagBag from /opt/airflow/dags/purchase_analytics_dag.py
[2025-12-20T16:07:33.059+0000] {processor.py:840} INFO - DAG(s) 'purchase_analytics_refresh' retrieved from /opt/airflow/dags/purchase_analytics_dag.py
[2025-12-20T16:07:33.090+0000] {logging_mixin.py:188} INFO - [2025-12-20T16:07:33.090+0000] {dag.py:3033} INFO - Sync 1 DAGs
[2025-12-20T16:07:33.111+0000] {logging_mixin.py:188} INFO - [2025-12-20T16:07:33.111+0000] {dag.py:3820} INFO - Setting next_dagrun for purchase_analytics_refresh to 2025-12-20T02:00:00+00:00, run_after=2025-12-21T02:00:00+00:00
[2025-12-20T16:07:33.129+0000] {processor.py:183} INFO - Processing /opt/airflow/dags/purchase_analytics_dag.py took 0.098 seconds
[2025-12-20T16:08:03.403+0000] {processor.py:161} INFO - Started process (PID=402) to work on /opt/airflow/dags/purchase_analytics_dag.py
[2025-12-20T16:08:03.404+0000] {processor.py:830} INFO - Processing file /opt/airflow/dags/purchase_analytics_dag.py for tasks to queue
[2025-12-20T16:08:03.404+0000] {logging_mixin.py:188} INFO - [2025-12-20T16:08:03.404+0000] {dagbag.py:538} INFO - Filling up the DagBag from /opt/airflow/dags/purchase_analytics_dag.py
[2025-12-20T16:08:03.416+0000] {processor.py:840} INFO - DAG(s) 'purchase_analytics_refresh' retrieved from /opt/airflow/dags/purchase_analytics_dag.py
[2025-12-20T16:08:03.443+0000] {logging_mixin.py:188} INFO - [2025-12-20T16:08:03.443+0000] {dag.py:3033} INFO - Sync 1 DAGs
[2025-12-20T16:08:03.465+0000] {logging_mixin.py:188} INFO - [2025-12-20T16:08:03.465+0000] {dag.py:3820} INFO - Setting next_dagrun for purchase_analytics_refresh to 2025-12-20T02:00:00+00:00, run_after=2025-12-21T02:00:00+00:00
[2025-12-20T16:08:03.478+0000] {processor.py:183} INFO - Processing /opt/airflow/dags/purchase_analytics_dag.py took 0.078 seconds
[2025-12-20T16:08:33.838+0000] {processor.py:161} INFO - Started process (PID=412) to work on /opt/airflow/dags/purchase_analytics_dag.py
[2025-12-20T16:08:33.839+0000] {processor.py:830} INFO - Processing file /opt/airflow/dags/purchase_analytics_dag.py for tasks to queue
[2025-12-20T16:08:33.840+0000] {logging_mixin.py:188} INFO - [2025-12-20T16:08:33.840+0000] {dagbag.py:538} INFO - Filling up the DagBag from /opt/airflow/dags/purchase_analytics_dag.py
[2025-12-20T16:08:33.854+0000] {processor.py:840} INFO - DAG(s) 'purchase_analytics_refresh' retrieved from /opt/airflow/dags/purchase_analytics_dag.py
[2025-12-20T16:08:33.878+0000] {logging_mixin.py:188} INFO - [2025-12-20T16:08:33.878+0000] {dag.py:3033} INFO - Sync 1 DAGs
[2025-12-20T16:08:33.898+0000] {logging_mixin.py:188} INFO - [2025-12-20T16:08:33.898+0000] {dag.py:3820} INFO - Setting next_dagrun for purchase_analytics_refresh to 2025-12-20T02:00:00+00:00, run_after=2025-12-21T02:00:00+00:00
[2025-12-20T16:08:33.910+0000] {processor.py:183} INFO - Processing /opt/airflow/dags/purchase_analytics_dag.py took 0.079 seconds
[2025-12-20T16:09:04.324+0000] {processor.py:161} INFO - Started process (PID=422) to work on /opt/airflow/dags/purchase_analytics_dag.py
[2025-12-20T16:09:04.325+0000] {processor.py:830} INFO - Processing file /opt/airflow/dags/purchase_analytics_dag.py for tasks to queue
[2025-12-20T16:09:04.326+0000] {logging_mixin.py:188} INFO - [2025-12-20T16:09:04.326+0000] {dagbag.py:538} INFO - Filling up the DagBag from /opt/airflow/dags/purchase_analytics_dag.py
[2025-12-20T16:09:04.337+0000] {processor.py:840} INFO - DAG(s) 'purchase_analytics_refresh' retrieved from /opt/airflow/dags/purchase_analytics_dag.py
[2025-12-20T16:09:04.365+0000] {logging_mixin.py:188} INFO - [2025-12-20T16:09:04.365+0000] {dag.py:3033} INFO - Sync 1 DAGs
[2025-12-20T16:09:04.386+0000] {logging_mixin.py:188} INFO - [2025-12-20T16:09:04.386+0000] {dag.py:3820} INFO - Setting next_dagrun for purchase_analytics_refresh to 2025-12-20T02:00:00+00:00, run_after=2025-12-21T02:00:00+00:00
[2025-12-20T16:09:04.399+0000] {processor.py:183} INFO - Processing /opt/airflow/dags/purchase_analytics_dag.py took 0.078 seconds
[2025-12-20T16:09:34.618+0000] {processor.py:161} INFO - Started process (PID=432) to work on /opt/airflow/dags/purchase_analytics_dag.py
[2025-12-20T16:09:34.619+0000] {processor.py:830} INFO - Processing file /opt/airflow/dags/purchase_analytics_dag.py for tasks to queue
[2025-12-20T16:09:34.620+0000] {logging_mixin.py:188} INFO - [2025-12-20T16:09:34.620+0000] {dagbag.py:538} INFO - Filling up the DagBag from /opt/airflow/dags/purchase_analytics_dag.py
[2025-12-20T16:09:34.632+0000] {processor.py:840} INFO - DAG(s) 'purchase_analytics_refresh' retrieved from /opt/airflow/dags/purchase_analytics_dag.py
[2025-12-20T16:09:34.653+0000] {logging_mixin.py:188} INFO - [2025-12-20T16:09:34.653+0000] {dag.py:3033} INFO - Sync 1 DAGs
[2025-12-20T16:09:34.667+0000] {logging_mixin.py:188} INFO - [2025-12-20T16:09:34.667+0000] {dag.py:3820} INFO - Setting next_dagrun for purchase_analytics_refresh to 2025-12-20T02:00:00+00:00, run_after=2025-12-21T02:00:00+00:00
[2025-12-20T16:09:34.678+0000] {processor.py:183} INFO - Processing /opt/airflow/dags/purchase_analytics_dag.py took 0.062 seconds
[2025-12-20T16:10:05.123+0000] {processor.py:161} INFO - Started process (PID=442) to work on /opt/airflow/dags/purchase_analytics_dag.py
[2025-12-20T16:10:05.125+0000] {processor.py:830} INFO - Processing file /opt/airflow/dags/purchase_analytics_dag.py for tasks to queue
[2025-12-20T16:10:05.127+0000] {logging_mixin.py:188} INFO - [2025-12-20T16:10:05.126+0000] {dagbag.py:538} INFO - Filling up the DagBag from /opt/airflow/dags/purchase_analytics_dag.py
[2025-12-20T16:10:05.147+0000] {processor.py:840} INFO - DAG(s) 'purchase_analytics_refresh' retrieved from /opt/airflow/dags/purchase_analytics_dag.py
[2025-12-20T16:10:05.183+0000] {logging_mixin.py:188} INFO - [2025-12-20T16:10:05.183+0000] {dag.py:3033} INFO - Sync 1 DAGs
[2025-12-20T16:10:05.208+0000] {logging_mixin.py:188} INFO - [2025-12-20T16:10:05.208+0000] {dag.py:3820} INFO - Setting next_dagrun for purchase_analytics_refresh to 2025-12-20T02:00:00+00:00, run_after=2025-12-21T02:00:00+00:00
[2025-12-20T16:10:05.221+0000] {processor.py:183} INFO - Processing /opt/airflow/dags/purchase_analytics_dag.py took 0.104 seconds
[2025-12-20T16:10:35.643+0000] {processor.py:161} INFO - Started process (PID=452) to work on /opt/airflow/dags/purchase_analytics_dag.py
[2025-12-20T16:10:35.644+0000] {processor.py:830} INFO - Processing file /opt/airflow/dags/purchase_analytics_dag.py for tasks to queue
[2025-12-20T16:10:35.645+0000] {logging_mixin.py:188} INFO - [2025-12-20T16:10:35.645+0000] {dagbag.py:538} INFO - Filling up the DagBag from /opt/airflow/dags/purchase_analytics_dag.py
[2025-12-20T16:10:35.662+0000] {processor.py:840} INFO - DAG(s) 'purchase_analytics_refresh' retrieved from /opt/airflow/dags/purchase_analytics_dag.py
[2025-12-20T16:10:35.690+0000] {logging_mixin.py:188} INFO - [2025-12-20T16:10:35.690+0000] {dag.py:3033} INFO - Sync 1 DAGs
[2025-12-20T16:10:35.712+0000] {logging_mixin.py:188} INFO - [2025-12-20T16:10:35.712+0000] {dag.py:3820} INFO - Setting next_dagrun for purchase_analytics_refresh to 2025-12-20T02:00:00+00:00, run_after=2025-12-21T02:00:00+00:00
[2025-12-20T16:10:35.725+0000] {processor.py:183} INFO - Processing /opt/airflow/dags/purchase_analytics_dag.py took 0.086 seconds
[2025-12-20T16:11:06.074+0000] {processor.py:161} INFO - Started process (PID=462) to work on /opt/airflow/dags/purchase_analytics_dag.py
[2025-12-20T16:11:06.074+0000] {processor.py:830} INFO - Processing file /opt/airflow/dags/purchase_analytics_dag.py for tasks to queue
[2025-12-20T16:11:06.075+0000] {logging_mixin.py:188} INFO - [2025-12-20T16:11:06.075+0000] {dagbag.py:538} INFO - Filling up the DagBag from /opt/airflow/dags/purchase_analytics_dag.py
[2025-12-20T16:11:06.084+0000] {processor.py:840} INFO - DAG(s) 'purchase_analytics_refresh' retrieved from /opt/airflow/dags/purchase_analytics_dag.py
[2025-12-20T16:11:06.105+0000] {logging_mixin.py:188} INFO - [2025-12-20T16:11:06.105+0000] {dag.py:3033} INFO - Sync 1 DAGs
[2025-12-20T16:11:06.121+0000] {logging_mixin.py:188} INFO - [2025-12-20T16:11:06.121+0000] {dag.py:3820} INFO - Setting next_dagrun for purchase_analytics_refresh to 2025-12-20T02:00:00+00:00, run_after=2025-12-21T02:00:00+00:00
[2025-12-20T16:11:06.132+0000] {processor.py:183} INFO - Processing /opt/airflow/dags/purchase_analytics_dag.py took 0.061 seconds
[2025-12-20T16:11:36.565+0000] {processor.py:161} INFO - Started process (PID=472) to work on /opt/airflow/dags/purchase_analytics_dag.py
[2025-12-20T16:11:36.566+0000] {processor.py:830} INFO - Processing file /opt/airflow/dags/purchase_analytics_dag.py for tasks to queue
[2025-12-20T16:11:36.567+0000] {logging_mixin.py:188} INFO - [2025-12-20T16:11:36.567+0000] {dagbag.py:538} INFO - Filling up the DagBag from /opt/airflow/dags/purchase_analytics_dag.py
[2025-12-20T16:11:36.574+0000] {processor.py:840} INFO - DAG(s) 'purchase_analytics_refresh' retrieved from /opt/airflow/dags/purchase_analytics_dag.py
[2025-12-20T16:11:36.594+0000] {logging_mixin.py:188} INFO - [2025-12-20T16:11:36.593+0000] {dag.py:3033} INFO - Sync 1 DAGs
[2025-12-20T16:11:36.607+0000] {logging_mixin.py:188} INFO - [2025-12-20T16:11:36.607+0000] {dag.py:3820} INFO - Setting next_dagrun for purchase_analytics_refresh to 2025-12-20T02:00:00+00:00, run_after=2025-12-21T02:00:00+00:00
[2025-12-20T16:11:36.617+0000] {processor.py:183} INFO - Processing /opt/airflow/dags/purchase_analytics_dag.py took 0.054 seconds
[2025-12-20T16:12:06.940+0000] {processor.py:161} INFO - Started process (PID=482) to work on /opt/airflow/dags/purchase_analytics_dag.py
[2025-12-20T16:12:06.940+0000] {processor.py:830} INFO - Processing file /opt/airflow/dags/purchase_analytics_dag.py for tasks to queue
[2025-12-20T16:12:06.944+0000] {logging_mixin.py:188} INFO - [2025-12-20T16:12:06.944+0000] {dagbag.py:538} INFO - Filling up the DagBag from /opt/airflow/dags/purchase_analytics_dag.py
[2025-12-20T16:12:06.952+0000] {processor.py:840} INFO - DAG(s) 'purchase_analytics_refresh' retrieved from /opt/airflow/dags/purchase_analytics_dag.py
[2025-12-20T16:12:06.972+0000] {logging_mixin.py:188} INFO - [2025-12-20T16:12:06.972+0000] {dag.py:3033} INFO - Sync 1 DAGs
[2025-12-20T16:12:06.986+0000] {logging_mixin.py:188} INFO - [2025-12-20T16:12:06.986+0000] {dag.py:3820} INFO - Setting next_dagrun for purchase_analytics_refresh to 2025-12-20T02:00:00+00:00, run_after=2025-12-21T02:00:00+00:00
[2025-12-20T16:12:06.997+0000] {processor.py:183} INFO - Processing /opt/airflow/dags/purchase_analytics_dag.py took 0.060 seconds
[2025-12-20T16:12:37.379+0000] {processor.py:161} INFO - Started process (PID=492) to work on /opt/airflow/dags/purchase_analytics_dag.py
[2025-12-20T16:12:37.379+0000] {processor.py:830} INFO - Processing file /opt/airflow/dags/purchase_analytics_dag.py for tasks to queue
[2025-12-20T16:12:37.380+0000] {logging_mixin.py:188} INFO - [2025-12-20T16:12:37.380+0000] {dagbag.py:538} INFO - Filling up the DagBag from /opt/airflow/dags/purchase_analytics_dag.py
[2025-12-20T16:12:37.390+0000] {processor.py:840} INFO - DAG(s) 'purchase_analytics_refresh' retrieved from /opt/airflow/dags/purchase_analytics_dag.py
[2025-12-20T16:12:37.413+0000] {logging_mixin.py:188} INFO - [2025-12-20T16:12:37.413+0000] {dag.py:3033} INFO - Sync 1 DAGs
[2025-12-20T16:12:37.429+0000] {logging_mixin.py:188} INFO - [2025-12-20T16:12:37.429+0000] {dag.py:3820} INFO - Setting next_dagrun for purchase_analytics_refresh to 2025-12-20T02:00:00+00:00, run_after=2025-12-21T02:00:00+00:00
[2025-12-20T16:12:37.442+0000] {processor.py:183} INFO - Processing /opt/airflow/dags/purchase_analytics_dag.py took 0.066 seconds
[2025-12-20T16:13:07.847+0000] {processor.py:161} INFO - Started process (PID=502) to work on /opt/airflow/dags/purchase_analytics_dag.py
[2025-12-20T16:13:07.848+0000] {processor.py:830} INFO - Processing file /opt/airflow/dags/purchase_analytics_dag.py for tasks to queue
[2025-12-20T16:13:07.848+0000] {logging_mixin.py:188} INFO - [2025-12-20T16:13:07.848+0000] {dagbag.py:538} INFO - Filling up the DagBag from /opt/airflow/dags/purchase_analytics_dag.py
[2025-12-20T16:13:07.864+0000] {processor.py:840} INFO - DAG(s) 'purchase_analytics_refresh' retrieved from /opt/airflow/dags/purchase_analytics_dag.py
[2025-12-20T16:13:07.887+0000] {logging_mixin.py:188} INFO - [2025-12-20T16:13:07.887+0000] {dag.py:3033} INFO - Sync 1 DAGs
[2025-12-20T16:13:07.903+0000] {logging_mixin.py:188} INFO - [2025-12-20T16:13:07.903+0000] {dag.py:3820} INFO - Setting next_dagrun for purchase_analytics_refresh to 2025-12-20T02:00:00+00:00, run_after=2025-12-21T02:00:00+00:00
[2025-12-20T16:13:07.916+0000] {processor.py:183} INFO - Processing /opt/airflow/dags/purchase_analytics_dag.py took 0.071 seconds
[2025-12-20T16:13:38.292+0000] {processor.py:161} INFO - Started process (PID=512) to work on /opt/airflow/dags/purchase_analytics_dag.py
[2025-12-20T16:13:38.293+0000] {processor.py:830} INFO - Processing file /opt/airflow/dags/purchase_analytics_dag.py for tasks to queue
[2025-12-20T16:13:38.293+0000] {logging_mixin.py:188} INFO - [2025-12-20T16:13:38.293+0000] {dagbag.py:538} INFO - Filling up the DagBag from /opt/airflow/dags/purchase_analytics_dag.py
[2025-12-20T16:13:38.310+0000] {processor.py:840} INFO - DAG(s) 'purchase_analytics_refresh' retrieved from /opt/airflow/dags/purchase_analytics_dag.py
[2025-12-20T16:13:38.345+0000] {logging_mixin.py:188} INFO - [2025-12-20T16:13:38.345+0000] {dag.py:3033} INFO - Sync 1 DAGs
[2025-12-20T16:13:38.365+0000] {logging_mixin.py:188} INFO - [2025-12-20T16:13:38.365+0000] {dag.py:3820} INFO - Setting next_dagrun for purchase_analytics_refresh to 2025-12-20T02:00:00+00:00, run_after=2025-12-21T02:00:00+00:00
[2025-12-20T16:13:38.380+0000] {processor.py:183} INFO - Processing /opt/airflow/dags/purchase_analytics_dag.py took 0.095 seconds
[2025-12-20T16:14:08.658+0000] {processor.py:161} INFO - Started process (PID=522) to work on /opt/airflow/dags/purchase_analytics_dag.py
[2025-12-20T16:14:08.658+0000] {processor.py:830} INFO - Processing file /opt/airflow/dags/purchase_analytics_dag.py for tasks to queue
[2025-12-20T16:14:08.659+0000] {logging_mixin.py:188} INFO - [2025-12-20T16:14:08.659+0000] {dagbag.py:538} INFO - Filling up the DagBag from /opt/airflow/dags/purchase_analytics_dag.py
[2025-12-20T16:14:08.667+0000] {processor.py:840} INFO - DAG(s) 'purchase_analytics_refresh' retrieved from /opt/airflow/dags/purchase_analytics_dag.py
[2025-12-20T16:14:08.684+0000] {logging_mixin.py:188} INFO - [2025-12-20T16:14:08.684+0000] {dag.py:3033} INFO - Sync 1 DAGs
[2025-12-20T16:14:08.699+0000] {logging_mixin.py:188} INFO - [2025-12-20T16:14:08.699+0000] {dag.py:3820} INFO - Setting next_dagrun for purchase_analytics_refresh to 2025-12-20T02:00:00+00:00, run_after=2025-12-21T02:00:00+00:00
[2025-12-20T16:14:08.710+0000] {processor.py:183} INFO - Processing /opt/airflow/dags/purchase_analytics_dag.py took 0.056 seconds
[2025-12-20T16:14:39.097+0000] {processor.py:161} INFO - Started process (PID=532) to work on /opt/airflow/dags/purchase_analytics_dag.py
[2025-12-20T16:14:39.098+0000] {processor.py:830} INFO - Processing file /opt/airflow/dags/purchase_analytics_dag.py for tasks to queue
[2025-12-20T16:14:39.098+0000] {logging_mixin.py:188} INFO - [2025-12-20T16:14:39.098+0000] {dagbag.py:538} INFO - Filling up the DagBag from /opt/airflow/dags/purchase_analytics_dag.py
[2025-12-20T16:14:39.108+0000] {processor.py:840} INFO - DAG(s) 'purchase_analytics_refresh' retrieved from /opt/airflow/dags/purchase_analytics_dag.py
[2025-12-20T16:14:39.129+0000] {logging_mixin.py:188} INFO - [2025-12-20T16:14:39.129+0000] {dag.py:3033} INFO - Sync 1 DAGs
[2025-12-20T16:14:39.144+0000] {logging_mixin.py:188} INFO - [2025-12-20T16:14:39.143+0000] {dag.py:3820} INFO - Setting next_dagrun for purchase_analytics_refresh to 2025-12-20T02:00:00+00:00, run_after=2025-12-21T02:00:00+00:00
[2025-12-20T16:14:39.154+0000] {processor.py:183} INFO - Processing /opt/airflow/dags/purchase_analytics_dag.py took 0.062 seconds
[2025-12-20T16:15:09.540+0000] {processor.py:161} INFO - Started process (PID=542) to work on /opt/airflow/dags/purchase_analytics_dag.py
[2025-12-20T16:15:09.540+0000] {processor.py:830} INFO - Processing file /opt/airflow/dags/purchase_analytics_dag.py for tasks to queue
[2025-12-20T16:15:09.541+0000] {logging_mixin.py:188} INFO - [2025-12-20T16:15:09.541+0000] {dagbag.py:538} INFO - Filling up the DagBag from /opt/airflow/dags/purchase_analytics_dag.py
[2025-12-20T16:15:09.547+0000] {processor.py:840} INFO - DAG(s) 'purchase_analytics_refresh' retrieved from /opt/airflow/dags/purchase_analytics_dag.py
[2025-12-20T16:15:09.567+0000] {logging_mixin.py:188} INFO - [2025-12-20T16:15:09.567+0000] {dag.py:3033} INFO - Sync 1 DAGs
[2025-12-20T16:15:09.580+0000] {logging_mixin.py:188} INFO - [2025-12-20T16:15:09.580+0000] {dag.py:3820} INFO - Setting next_dagrun for purchase_analytics_refresh to 2025-12-20T02:00:00+00:00, run_after=2025-12-21T02:00:00+00:00
[2025-12-20T16:15:09.591+0000] {processor.py:183} INFO - Processing /opt/airflow/dags/purchase_analytics_dag.py took 0.053 seconds
[2025-12-20T16:15:39.923+0000] {processor.py:161} INFO - Started process (PID=551) to work on /opt/airflow/dags/purchase_analytics_dag.py
[2025-12-20T16:15:39.925+0000] {processor.py:830} INFO - Processing file /opt/airflow/dags/purchase_analytics_dag.py for tasks to queue
[2025-12-20T16:15:39.926+0000] {logging_mixin.py:188} INFO - [2025-12-20T16:15:39.925+0000] {dagbag.py:538} INFO - Filling up the DagBag from /opt/airflow/dags/purchase_analytics_dag.py
[2025-12-20T16:15:39.939+0000] {processor.py:840} INFO - DAG(s) 'purchase_analytics_refresh' retrieved from /opt/airflow/dags/purchase_analytics_dag.py
[2025-12-20T16:15:39.964+0000] {logging_mixin.py:188} INFO - [2025-12-20T16:15:39.964+0000] {dag.py:3033} INFO - Sync 1 DAGs
[2025-12-20T16:15:39.982+0000] {logging_mixin.py:188} INFO - [2025-12-20T16:15:39.982+0000] {dag.py:3820} INFO - Setting next_dagrun for purchase_analytics_refresh to 2025-12-20T02:00:00+00:00, run_after=2025-12-21T02:00:00+00:00
[2025-12-20T16:15:39.996+0000] {processor.py:183} INFO - Processing /opt/airflow/dags/purchase_analytics_dag.py took 0.076 seconds
[2025-12-20T16:16:10.321+0000] {processor.py:161} INFO - Started process (PID=561) to work on /opt/airflow/dags/purchase_analytics_dag.py
[2025-12-20T16:16:10.321+0000] {processor.py:830} INFO - Processing file /opt/airflow/dags/purchase_analytics_dag.py for tasks to queue
[2025-12-20T16:16:10.322+0000] {logging_mixin.py:188} INFO - [2025-12-20T16:16:10.322+0000] {dagbag.py:538} INFO - Filling up the DagBag from /opt/airflow/dags/purchase_analytics_dag.py
[2025-12-20T16:16:10.329+0000] {processor.py:840} INFO - DAG(s) 'purchase_analytics_refresh' retrieved from /opt/airflow/dags/purchase_analytics_dag.py
[2025-12-20T16:16:10.349+0000] {logging_mixin.py:188} INFO - [2025-12-20T16:16:10.348+0000] {dag.py:3033} INFO - Sync 1 DAGs
[2025-12-20T16:16:10.362+0000] {logging_mixin.py:188} INFO - [2025-12-20T16:16:10.362+0000] {dag.py:3820} INFO - Setting next_dagrun for purchase_analytics_refresh to 2025-12-20T02:00:00+00:00, run_after=2025-12-21T02:00:00+00:00
[2025-12-20T16:16:10.374+0000] {processor.py:183} INFO - Processing /opt/airflow/dags/purchase_analytics_dag.py took 0.055 seconds
[2025-12-20T16:16:40.709+0000] {processor.py:161} INFO - Started process (PID=570) to work on /opt/airflow/dags/purchase_analytics_dag.py
[2025-12-20T16:16:40.709+0000] {processor.py:830} INFO - Processing file /opt/airflow/dags/purchase_analytics_dag.py for tasks to queue
[2025-12-20T16:16:40.710+0000] {logging_mixin.py:188} INFO - [2025-12-20T16:16:40.710+0000] {dagbag.py:538} INFO - Filling up the DagBag from /opt/airflow/dags/purchase_analytics_dag.py
[2025-12-20T16:16:40.718+0000] {processor.py:840} INFO - DAG(s) 'purchase_analytics_refresh' retrieved from /opt/airflow/dags/purchase_analytics_dag.py
[2025-12-20T16:16:40.737+0000] {logging_mixin.py:188} INFO - [2025-12-20T16:16:40.737+0000] {dag.py:3033} INFO - Sync 1 DAGs
[2025-12-20T16:16:40.754+0000] {logging_mixin.py:188} INFO - [2025-12-20T16:16:40.754+0000] {dag.py:3820} INFO - Setting next_dagrun for purchase_analytics_refresh to 2025-12-20T02:00:00+00:00, run_after=2025-12-21T02:00:00+00:00
[2025-12-20T16:16:40.766+0000] {processor.py:183} INFO - Processing /opt/airflow/dags/purchase_analytics_dag.py took 0.060 seconds
[2025-12-20T16:17:11.104+0000] {processor.py:161} INFO - Started process (PID=574) to work on /opt/airflow/dags/purchase_analytics_dag.py
[2025-12-20T16:17:11.105+0000] {processor.py:830} INFO - Processing file /opt/airflow/dags/purchase_analytics_dag.py for tasks to queue
[2025-12-20T16:17:11.105+0000] {logging_mixin.py:188} INFO - [2025-12-20T16:17:11.105+0000] {dagbag.py:538} INFO - Filling up the DagBag from /opt/airflow/dags/purchase_analytics_dag.py
[2025-12-20T16:17:11.117+0000] {processor.py:840} INFO - DAG(s) 'purchase_analytics_refresh' retrieved from /opt/airflow/dags/purchase_analytics_dag.py
[2025-12-20T16:17:11.138+0000] {logging_mixin.py:188} INFO - [2025-12-20T16:17:11.138+0000] {dag.py:3033} INFO - Sync 1 DAGs
[2025-12-20T16:17:11.154+0000] {logging_mixin.py:188} INFO - [2025-12-20T16:17:11.154+0000] {dag.py:3820} INFO - Setting next_dagrun for purchase_analytics_refresh to 2025-12-20T02:00:00+00:00, run_after=2025-12-21T02:00:00+00:00
[2025-12-20T16:17:11.166+0000] {processor.py:183} INFO - Processing /opt/airflow/dags/purchase_analytics_dag.py took 0.065 seconds
[2025-12-20T16:17:41.539+0000] {processor.py:161} INFO - Started process (PID=584) to work on /opt/airflow/dags/purchase_analytics_dag.py
[2025-12-20T16:17:41.540+0000] {processor.py:830} INFO - Processing file /opt/airflow/dags/purchase_analytics_dag.py for tasks to queue
[2025-12-20T16:17:41.540+0000] {logging_mixin.py:188} INFO - [2025-12-20T16:17:41.540+0000] {dagbag.py:538} INFO - Filling up the DagBag from /opt/airflow/dags/purchase_analytics_dag.py
[2025-12-20T16:17:41.550+0000] {processor.py:840} INFO - DAG(s) 'purchase_analytics_refresh' retrieved from /opt/airflow/dags/purchase_analytics_dag.py
[2025-12-20T16:17:41.584+0000] {logging_mixin.py:188} INFO - [2025-12-20T16:17:41.583+0000] {dag.py:3033} INFO - Sync 1 DAGs
[2025-12-20T16:17:41.600+0000] {logging_mixin.py:188} INFO - [2025-12-20T16:17:41.600+0000] {dag.py:3820} INFO - Setting next_dagrun for purchase_analytics_refresh to 2025-12-20T02:00:00+00:00, run_after=2025-12-21T02:00:00+00:00
[2025-12-20T16:17:41.612+0000] {processor.py:183} INFO - Processing /opt/airflow/dags/purchase_analytics_dag.py took 0.077 seconds
[2025-12-20T16:18:11.960+0000] {processor.py:161} INFO - Started process (PID=594) to work on /opt/airflow/dags/purchase_analytics_dag.py
[2025-12-20T16:18:11.960+0000] {processor.py:830} INFO - Processing file /opt/airflow/dags/purchase_analytics_dag.py for tasks to queue
[2025-12-20T16:18:11.961+0000] {logging_mixin.py:188} INFO - [2025-12-20T16:18:11.961+0000] {dagbag.py:538} INFO - Filling up the DagBag from /opt/airflow/dags/purchase_analytics_dag.py
[2025-12-20T16:18:11.973+0000] {processor.py:840} INFO - DAG(s) 'purchase_analytics_refresh' retrieved from /opt/airflow/dags/purchase_analytics_dag.py
[2025-12-20T16:18:11.999+0000] {logging_mixin.py:188} INFO - [2025-12-20T16:18:11.999+0000] {dag.py:3033} INFO - Sync 1 DAGs
[2025-12-20T16:18:12.017+0000] {logging_mixin.py:188} INFO - [2025-12-20T16:18:12.017+0000] {dag.py:3820} INFO - Setting next_dagrun for purchase_analytics_refresh to 2025-12-20T02:00:00+00:00, run_after=2025-12-21T02:00:00+00:00
[2025-12-20T16:18:12.030+0000] {processor.py:183} INFO - Processing /opt/airflow/dags/purchase_analytics_dag.py took 0.074 seconds
[2025-12-20T16:18:42.378+0000] {processor.py:161} INFO - Started process (PID=604) to work on /opt/airflow/dags/purchase_analytics_dag.py
[2025-12-20T16:18:42.378+0000] {processor.py:830} INFO - Processing file /opt/airflow/dags/purchase_analytics_dag.py for tasks to queue
[2025-12-20T16:18:42.379+0000] {logging_mixin.py:188} INFO - [2025-12-20T16:18:42.379+0000] {dagbag.py:538} INFO - Filling up the DagBag from /opt/airflow/dags/purchase_analytics_dag.py
[2025-12-20T16:18:42.388+0000] {processor.py:840} INFO - DAG(s) 'purchase_analytics_refresh' retrieved from /opt/airflow/dags/purchase_analytics_dag.py
[2025-12-20T16:18:42.408+0000] {logging_mixin.py:188} INFO - [2025-12-20T16:18:42.408+0000] {dag.py:3033} INFO - Sync 1 DAGs
[2025-12-20T16:18:42.425+0000] {logging_mixin.py:188} INFO - [2025-12-20T16:18:42.425+0000] {dag.py:3820} INFO - Setting next_dagrun for purchase_analytics_refresh to 2025-12-20T02:00:00+00:00, run_after=2025-12-21T02:00:00+00:00
[2025-12-20T16:18:42.436+0000] {processor.py:183} INFO - Processing /opt/airflow/dags/purchase_analytics_dag.py took 0.062 seconds
[2025-12-20T16:19:12.709+0000] {processor.py:161} INFO - Started process (PID=614) to work on /opt/airflow/dags/purchase_analytics_dag.py
[2025-12-20T16:19:12.710+0000] {processor.py:830} INFO - Processing file /opt/airflow/dags/purchase_analytics_dag.py for tasks to queue
[2025-12-20T16:19:12.711+0000] {logging_mixin.py:188} INFO - [2025-12-20T16:19:12.711+0000] {dagbag.py:538} INFO - Filling up the DagBag from /opt/airflow/dags/purchase_analytics_dag.py
[2025-12-20T16:19:12.719+0000] {processor.py:840} INFO - DAG(s) 'purchase_analytics_refresh' retrieved from /opt/airflow/dags/purchase_analytics_dag.py
[2025-12-20T16:19:12.739+0000] {logging_mixin.py:188} INFO - [2025-12-20T16:19:12.739+0000] {dag.py:3033} INFO - Sync 1 DAGs
[2025-12-20T16:19:12.754+0000] {logging_mixin.py:188} INFO - [2025-12-20T16:19:12.754+0000] {dag.py:3820} INFO - Setting next_dagrun for purchase_analytics_refresh to 2025-12-20T02:00:00+00:00, run_after=2025-12-21T02:00:00+00:00
[2025-12-20T16:19:12.765+0000] {processor.py:183} INFO - Processing /opt/airflow/dags/purchase_analytics_dag.py took 0.059 seconds
[2025-12-20T16:19:43.040+0000] {processor.py:161} INFO - Started process (PID=624) to work on /opt/airflow/dags/purchase_analytics_dag.py
[2025-12-20T16:19:43.041+0000] {processor.py:830} INFO - Processing file /opt/airflow/dags/purchase_analytics_dag.py for tasks to queue
[2025-12-20T16:19:43.041+0000] {logging_mixin.py:188} INFO - [2025-12-20T16:19:43.041+0000] {dagbag.py:538} INFO - Filling up the DagBag from /opt/airflow/dags/purchase_analytics_dag.py
[2025-12-20T16:19:43.050+0000] {processor.py:840} INFO - DAG(s) 'purchase_analytics_refresh' retrieved from /opt/airflow/dags/purchase_analytics_dag.py
[2025-12-20T16:19:43.070+0000] {logging_mixin.py:188} INFO - [2025-12-20T16:19:43.070+0000] {dag.py:3033} INFO - Sync 1 DAGs
[2025-12-20T16:19:43.086+0000] {logging_mixin.py:188} INFO - [2025-12-20T16:19:43.086+0000] {dag.py:3820} INFO - Setting next_dagrun for purchase_analytics_refresh to 2025-12-20T02:00:00+00:00, run_after=2025-12-21T02:00:00+00:00
[2025-12-20T16:19:43.098+0000] {processor.py:183} INFO - Processing /opt/airflow/dags/purchase_analytics_dag.py took 0.060 seconds
[2025-12-20T16:20:13.402+0000] {processor.py:161} INFO - Started process (PID=634) to work on /opt/airflow/dags/purchase_analytics_dag.py
[2025-12-20T16:20:13.403+0000] {processor.py:830} INFO - Processing file /opt/airflow/dags/purchase_analytics_dag.py for tasks to queue
[2025-12-20T16:20:13.403+0000] {logging_mixin.py:188} INFO - [2025-12-20T16:20:13.403+0000] {dagbag.py:538} INFO - Filling up the DagBag from /opt/airflow/dags/purchase_analytics_dag.py
[2025-12-20T16:20:13.410+0000] {processor.py:840} INFO - DAG(s) 'purchase_analytics_refresh' retrieved from /opt/airflow/dags/purchase_analytics_dag.py
[2025-12-20T16:20:13.429+0000] {logging_mixin.py:188} INFO - [2025-12-20T16:20:13.429+0000] {dag.py:3033} INFO - Sync 1 DAGs
[2025-12-20T16:20:13.443+0000] {logging_mixin.py:188} INFO - [2025-12-20T16:20:13.443+0000] {dag.py:3820} INFO - Setting next_dagrun for purchase_analytics_refresh to 2025-12-20T02:00:00+00:00, run_after=2025-12-21T02:00:00+00:00
[2025-12-20T16:20:13.455+0000] {processor.py:183} INFO - Processing /opt/airflow/dags/purchase_analytics_dag.py took 0.054 seconds
[2025-12-20T16:20:43.794+0000] {processor.py:161} INFO - Started process (PID=644) to work on /opt/airflow/dags/purchase_analytics_dag.py
[2025-12-20T16:20:43.795+0000] {processor.py:830} INFO - Processing file /opt/airflow/dags/purchase_analytics_dag.py for tasks to queue
[2025-12-20T16:20:43.796+0000] {logging_mixin.py:188} INFO - [2025-12-20T16:20:43.796+0000] {dagbag.py:538} INFO - Filling up the DagBag from /opt/airflow/dags/purchase_analytics_dag.py
[2025-12-20T16:20:43.803+0000] {processor.py:840} INFO - DAG(s) 'purchase_analytics_refresh' retrieved from /opt/airflow/dags/purchase_analytics_dag.py
[2025-12-20T16:20:43.821+0000] {logging_mixin.py:188} INFO - [2025-12-20T16:20:43.821+0000] {dag.py:3033} INFO - Sync 1 DAGs
[2025-12-20T16:20:43.837+0000] {logging_mixin.py:188} INFO - [2025-12-20T16:20:43.837+0000] {dag.py:3820} INFO - Setting next_dagrun for purchase_analytics_refresh to 2025-12-20T02:00:00+00:00, run_after=2025-12-21T02:00:00+00:00
[2025-12-20T16:20:43.848+0000] {processor.py:183} INFO - Processing /opt/airflow/dags/purchase_analytics_dag.py took 0.058 seconds
[2025-12-20T16:21:14.183+0000] {processor.py:161} INFO - Started process (PID=654) to work on /opt/airflow/dags/purchase_analytics_dag.py
[2025-12-20T16:21:14.184+0000] {processor.py:830} INFO - Processing file /opt/airflow/dags/purchase_analytics_dag.py for tasks to queue
[2025-12-20T16:21:14.185+0000] {logging_mixin.py:188} INFO - [2025-12-20T16:21:14.185+0000] {dagbag.py:538} INFO - Filling up the DagBag from /opt/airflow/dags/purchase_analytics_dag.py
[2025-12-20T16:21:14.211+0000] {processor.py:840} INFO - DAG(s) 'purchase_analytics_refresh' retrieved from /opt/airflow/dags/purchase_analytics_dag.py
[2025-12-20T16:21:14.247+0000] {logging_mixin.py:188} INFO - [2025-12-20T16:21:14.247+0000] {dag.py:3033} INFO - Sync 1 DAGs
[2025-12-20T16:21:14.282+0000] {logging_mixin.py:188} INFO - [2025-12-20T16:21:14.282+0000] {dag.py:3820} INFO - Setting next_dagrun for purchase_analytics_refresh to 2025-12-20T02:00:00+00:00, run_after=2025-12-21T02:00:00+00:00
[2025-12-20T16:21:14.298+0000] {processor.py:183} INFO - Processing /opt/airflow/dags/purchase_analytics_dag.py took 0.122 seconds
[2025-12-20T16:21:44.630+0000] {processor.py:161} INFO - Started process (PID=664) to work on /opt/airflow/dags/purchase_analytics_dag.py
[2025-12-20T16:21:44.630+0000] {processor.py:830} INFO - Processing file /opt/airflow/dags/purchase_analytics_dag.py for tasks to queue
[2025-12-20T16:21:44.631+0000] {logging_mixin.py:188} INFO - [2025-12-20T16:21:44.631+0000] {dagbag.py:538} INFO - Filling up the DagBag from /opt/airflow/dags/purchase_analytics_dag.py
[2025-12-20T16:21:44.642+0000] {processor.py:840} INFO - DAG(s) 'purchase_analytics_refresh' retrieved from /opt/airflow/dags/purchase_analytics_dag.py
[2025-12-20T16:21:44.663+0000] {logging_mixin.py:188} INFO - [2025-12-20T16:21:44.663+0000] {dag.py:3033} INFO - Sync 1 DAGs
[2025-12-20T16:21:44.677+0000] {logging_mixin.py:188} INFO - [2025-12-20T16:21:44.677+0000] {dag.py:3820} INFO - Setting next_dagrun for purchase_analytics_refresh to 2025-12-20T02:00:00+00:00, run_after=2025-12-21T02:00:00+00:00
[2025-12-20T16:21:44.688+0000] {processor.py:183} INFO - Processing /opt/airflow/dags/purchase_analytics_dag.py took 0.063 seconds
[2025-12-20T16:22:14.987+0000] {processor.py:161} INFO - Started process (PID=674) to work on /opt/airflow/dags/purchase_analytics_dag.py
[2025-12-20T16:22:14.987+0000] {processor.py:830} INFO - Processing file /opt/airflow/dags/purchase_analytics_dag.py for tasks to queue
[2025-12-20T16:22:14.988+0000] {logging_mixin.py:188} INFO - [2025-12-20T16:22:14.988+0000] {dagbag.py:538} INFO - Filling up the DagBag from /opt/airflow/dags/purchase_analytics_dag.py
[2025-12-20T16:22:14.998+0000] {processor.py:840} INFO - DAG(s) 'purchase_analytics_refresh' retrieved from /opt/airflow/dags/purchase_analytics_dag.py
[2025-12-20T16:22:15.017+0000] {logging_mixin.py:188} INFO - [2025-12-20T16:22:15.017+0000] {dag.py:3033} INFO - Sync 1 DAGs
[2025-12-20T16:22:15.031+0000] {logging_mixin.py:188} INFO - [2025-12-20T16:22:15.031+0000] {dag.py:3820} INFO - Setting next_dagrun for purchase_analytics_refresh to 2025-12-20T02:00:00+00:00, run_after=2025-12-21T02:00:00+00:00
[2025-12-20T16:22:15.042+0000] {processor.py:183} INFO - Processing /opt/airflow/dags/purchase_analytics_dag.py took 0.058 seconds
[2025-12-20T16:22:45.382+0000] {processor.py:161} INFO - Started process (PID=684) to work on /opt/airflow/dags/purchase_analytics_dag.py
[2025-12-20T16:22:45.383+0000] {processor.py:830} INFO - Processing file /opt/airflow/dags/purchase_analytics_dag.py for tasks to queue
[2025-12-20T16:22:45.384+0000] {logging_mixin.py:188} INFO - [2025-12-20T16:22:45.384+0000] {dagbag.py:538} INFO - Filling up the DagBag from /opt/airflow/dags/purchase_analytics_dag.py
[2025-12-20T16:22:45.399+0000] {processor.py:840} INFO - DAG(s) 'purchase_analytics_refresh' retrieved from /opt/airflow/dags/purchase_analytics_dag.py
[2025-12-20T16:22:45.426+0000] {logging_mixin.py:188} INFO - [2025-12-20T16:22:45.426+0000] {dag.py:3033} INFO - Sync 1 DAGs
[2025-12-20T16:22:45.445+0000] {logging_mixin.py:188} INFO - [2025-12-20T16:22:45.444+0000] {dag.py:3820} INFO - Setting next_dagrun for purchase_analytics_refresh to 2025-12-20T02:00:00+00:00, run_after=2025-12-21T02:00:00+00:00
[2025-12-20T16:22:45.457+0000] {processor.py:183} INFO - Processing /opt/airflow/dags/purchase_analytics_dag.py took 0.080 seconds
[2025-12-20T16:23:15.791+0000] {processor.py:161} INFO - Started process (PID=694) to work on /opt/airflow/dags/purchase_analytics_dag.py
[2025-12-20T16:23:15.791+0000] {processor.py:830} INFO - Processing file /opt/airflow/dags/purchase_analytics_dag.py for tasks to queue
[2025-12-20T16:23:15.793+0000] {logging_mixin.py:188} INFO - [2025-12-20T16:23:15.792+0000] {dagbag.py:538} INFO - Filling up the DagBag from /opt/airflow/dags/purchase_analytics_dag.py
[2025-12-20T16:23:15.802+0000] {processor.py:840} INFO - DAG(s) 'purchase_analytics_refresh' retrieved from /opt/airflow/dags/purchase_analytics_dag.py
[2025-12-20T16:23:15.821+0000] {logging_mixin.py:188} INFO - [2025-12-20T16:23:15.821+0000] {dag.py:3033} INFO - Sync 1 DAGs
[2025-12-20T16:23:15.837+0000] {logging_mixin.py:188} INFO - [2025-12-20T16:23:15.837+0000] {dag.py:3820} INFO - Setting next_dagrun for purchase_analytics_refresh to 2025-12-20T02:00:00+00:00, run_after=2025-12-21T02:00:00+00:00
[2025-12-20T16:23:15.848+0000] {processor.py:183} INFO - Processing /opt/airflow/dags/purchase_analytics_dag.py took 0.060 seconds
[2025-12-20T16:23:46.150+0000] {processor.py:161} INFO - Started process (PID=704) to work on /opt/airflow/dags/purchase_analytics_dag.py
[2025-12-20T16:23:46.151+0000] {processor.py:830} INFO - Processing file /opt/airflow/dags/purchase_analytics_dag.py for tasks to queue
[2025-12-20T16:23:46.151+0000] {logging_mixin.py:188} INFO - [2025-12-20T16:23:46.151+0000] {dagbag.py:538} INFO - Filling up the DagBag from /opt/airflow/dags/purchase_analytics_dag.py
[2025-12-20T16:23:46.160+0000] {processor.py:840} INFO - DAG(s) 'purchase_analytics_refresh' retrieved from /opt/airflow/dags/purchase_analytics_dag.py
[2025-12-20T16:23:46.180+0000] {logging_mixin.py:188} INFO - [2025-12-20T16:23:46.180+0000] {dag.py:3033} INFO - Sync 1 DAGs
[2025-12-20T16:23:46.199+0000] {logging_mixin.py:188} INFO - [2025-12-20T16:23:46.199+0000] {dag.py:3820} INFO - Setting next_dagrun for purchase_analytics_refresh to 2025-12-20T02:00:00+00:00, run_after=2025-12-21T02:00:00+00:00
[2025-12-20T16:23:46.211+0000] {processor.py:183} INFO - Processing /opt/airflow/dags/purchase_analytics_dag.py took 0.064 seconds
[2025-12-20T16:24:16.552+0000] {processor.py:161} INFO - Started process (PID=714) to work on /opt/airflow/dags/purchase_analytics_dag.py
[2025-12-20T16:24:16.553+0000] {processor.py:830} INFO - Processing file /opt/airflow/dags/purchase_analytics_dag.py for tasks to queue
[2025-12-20T16:24:16.553+0000] {logging_mixin.py:188} INFO - [2025-12-20T16:24:16.553+0000] {dagbag.py:538} INFO - Filling up the DagBag from /opt/airflow/dags/purchase_analytics_dag.py
[2025-12-20T16:24:16.567+0000] {processor.py:840} INFO - DAG(s) 'purchase_analytics_refresh' retrieved from /opt/airflow/dags/purchase_analytics_dag.py
[2025-12-20T16:24:16.593+0000] {logging_mixin.py:188} INFO - [2025-12-20T16:24:16.593+0000] {dag.py:3033} INFO - Sync 1 DAGs
[2025-12-20T16:24:16.611+0000] {logging_mixin.py:188} INFO - [2025-12-20T16:24:16.611+0000] {dag.py:3820} INFO - Setting next_dagrun for purchase_analytics_refresh to 2025-12-20T02:00:00+00:00, run_after=2025-12-21T02:00:00+00:00
[2025-12-20T16:24:16.624+0000] {processor.py:183} INFO - Processing /opt/airflow/dags/purchase_analytics_dag.py took 0.075 seconds
[2025-12-20T16:24:46.993+0000] {processor.py:161} INFO - Started process (PID=724) to work on /opt/airflow/dags/purchase_analytics_dag.py
[2025-12-20T16:24:46.994+0000] {processor.py:830} INFO - Processing file /opt/airflow/dags/purchase_analytics_dag.py for tasks to queue
[2025-12-20T16:24:46.995+0000] {logging_mixin.py:188} INFO - [2025-12-20T16:24:46.994+0000] {dagbag.py:538} INFO - Filling up the DagBag from /opt/airflow/dags/purchase_analytics_dag.py
[2025-12-20T16:24:47.004+0000] {processor.py:840} INFO - DAG(s) 'purchase_analytics_refresh' retrieved from /opt/airflow/dags/purchase_analytics_dag.py
[2025-12-20T16:24:47.022+0000] {logging_mixin.py:188} INFO - [2025-12-20T16:24:47.022+0000] {dag.py:3033} INFO - Sync 1 DAGs
[2025-12-20T16:24:47.036+0000] {logging_mixin.py:188} INFO - [2025-12-20T16:24:47.036+0000] {dag.py:3820} INFO - Setting next_dagrun for purchase_analytics_refresh to 2025-12-20T02:00:00+00:00, run_after=2025-12-21T02:00:00+00:00
[2025-12-20T16:24:47.047+0000] {processor.py:183} INFO - Processing /opt/airflow/dags/purchase_analytics_dag.py took 0.056 seconds
[2025-12-20T16:25:17.363+0000] {processor.py:161} INFO - Started process (PID=733) to work on /opt/airflow/dags/purchase_analytics_dag.py
[2025-12-20T16:25:17.363+0000] {processor.py:830} INFO - Processing file /opt/airflow/dags/purchase_analytics_dag.py for tasks to queue
[2025-12-20T16:25:17.364+0000] {logging_mixin.py:188} INFO - [2025-12-20T16:25:17.364+0000] {dagbag.py:538} INFO - Filling up the DagBag from /opt/airflow/dags/purchase_analytics_dag.py
[2025-12-20T16:25:17.372+0000] {processor.py:840} INFO - DAG(s) 'purchase_analytics_refresh' retrieved from /opt/airflow/dags/purchase_analytics_dag.py
[2025-12-20T16:25:17.393+0000] {logging_mixin.py:188} INFO - [2025-12-20T16:25:17.393+0000] {dag.py:3033} INFO - Sync 1 DAGs
[2025-12-20T16:25:17.408+0000] {logging_mixin.py:188} INFO - [2025-12-20T16:25:17.408+0000] {dag.py:3820} INFO - Setting next_dagrun for purchase_analytics_refresh to 2025-12-20T02:00:00+00:00, run_after=2025-12-21T02:00:00+00:00
[2025-12-20T16:25:17.419+0000] {processor.py:183} INFO - Processing /opt/airflow/dags/purchase_analytics_dag.py took 0.058 seconds
[2025-12-20T16:25:47.752+0000] {processor.py:161} INFO - Started process (PID=743) to work on /opt/airflow/dags/purchase_analytics_dag.py
[2025-12-20T16:25:47.752+0000] {processor.py:830} INFO - Processing file /opt/airflow/dags/purchase_analytics_dag.py for tasks to queue
[2025-12-20T16:25:47.753+0000] {logging_mixin.py:188} INFO - [2025-12-20T16:25:47.753+0000] {dagbag.py:538} INFO - Filling up the DagBag from /opt/airflow/dags/purchase_analytics_dag.py
[2025-12-20T16:25:47.761+0000] {processor.py:840} INFO - DAG(s) 'purchase_analytics_refresh' retrieved from /opt/airflow/dags/purchase_analytics_dag.py
[2025-12-20T16:25:47.779+0000] {logging_mixin.py:188} INFO - [2025-12-20T16:25:47.778+0000] {dag.py:3033} INFO - Sync 1 DAGs
[2025-12-20T16:25:47.792+0000] {logging_mixin.py:188} INFO - [2025-12-20T16:25:47.792+0000] {dag.py:3820} INFO - Setting next_dagrun for purchase_analytics_refresh to 2025-12-20T02:00:00+00:00, run_after=2025-12-21T02:00:00+00:00
[2025-12-20T16:25:47.803+0000] {processor.py:183} INFO - Processing /opt/airflow/dags/purchase_analytics_dag.py took 0.054 seconds
[2025-12-20T16:26:18.149+0000] {processor.py:161} INFO - Started process (PID=752) to work on /opt/airflow/dags/purchase_analytics_dag.py
[2025-12-20T16:26:18.149+0000] {processor.py:830} INFO - Processing file /opt/airflow/dags/purchase_analytics_dag.py for tasks to queue
[2025-12-20T16:26:18.150+0000] {logging_mixin.py:188} INFO - [2025-12-20T16:26:18.150+0000] {dagbag.py:538} INFO - Filling up the DagBag from /opt/airflow/dags/purchase_analytics_dag.py
[2025-12-20T16:26:18.165+0000] {processor.py:840} INFO - DAG(s) 'purchase_analytics_refresh' retrieved from /opt/airflow/dags/purchase_analytics_dag.py
[2025-12-20T16:26:18.192+0000] {logging_mixin.py:188} INFO - [2025-12-20T16:26:18.192+0000] {dag.py:3033} INFO - Sync 1 DAGs
[2025-12-20T16:26:18.211+0000] {logging_mixin.py:188} INFO - [2025-12-20T16:26:18.211+0000] {dag.py:3820} INFO - Setting next_dagrun for purchase_analytics_refresh to 2025-12-20T02:00:00+00:00, run_after=2025-12-21T02:00:00+00:00
[2025-12-20T16:26:18.224+0000] {processor.py:183} INFO - Processing /opt/airflow/dags/purchase_analytics_dag.py took 0.080 seconds
[2025-12-20T16:26:48.556+0000] {processor.py:161} INFO - Started process (PID=762) to work on /opt/airflow/dags/purchase_analytics_dag.py
[2025-12-20T16:26:48.557+0000] {processor.py:830} INFO - Processing file /opt/airflow/dags/purchase_analytics_dag.py for tasks to queue
[2025-12-20T16:26:48.558+0000] {logging_mixin.py:188} INFO - [2025-12-20T16:26:48.557+0000] {dagbag.py:538} INFO - Filling up the DagBag from /opt/airflow/dags/purchase_analytics_dag.py
[2025-12-20T16:26:48.566+0000] {processor.py:840} INFO - DAG(s) 'purchase_analytics_refresh' retrieved from /opt/airflow/dags/purchase_analytics_dag.py
[2025-12-20T16:26:48.584+0000] {logging_mixin.py:188} INFO - [2025-12-20T16:26:48.583+0000] {dag.py:3033} INFO - Sync 1 DAGs
[2025-12-20T16:26:48.598+0000] {logging_mixin.py:188} INFO - [2025-12-20T16:26:48.597+0000] {dag.py:3820} INFO - Setting next_dagrun for purchase_analytics_refresh to 2025-12-20T02:00:00+00:00, run_after=2025-12-21T02:00:00+00:00
[2025-12-20T16:26:48.608+0000] {processor.py:183} INFO - Processing /opt/airflow/dags/purchase_analytics_dag.py took 0.055 seconds
[2025-12-20T16:27:18.962+0000] {processor.py:161} INFO - Started process (PID=772) to work on /opt/airflow/dags/purchase_analytics_dag.py
[2025-12-20T16:27:18.963+0000] {processor.py:830} INFO - Processing file /opt/airflow/dags/purchase_analytics_dag.py for tasks to queue
[2025-12-20T16:27:18.963+0000] {logging_mixin.py:188} INFO - [2025-12-20T16:27:18.963+0000] {dagbag.py:538} INFO - Filling up the DagBag from /opt/airflow/dags/purchase_analytics_dag.py
[2025-12-20T16:27:18.970+0000] {processor.py:840} INFO - DAG(s) 'purchase_analytics_refresh' retrieved from /opt/airflow/dags/purchase_analytics_dag.py
[2025-12-20T16:27:18.989+0000] {logging_mixin.py:188} INFO - [2025-12-20T16:27:18.989+0000] {dag.py:3033} INFO - Sync 1 DAGs
[2025-12-20T16:27:19.003+0000] {logging_mixin.py:188} INFO - [2025-12-20T16:27:19.003+0000] {dag.py:3820} INFO - Setting next_dagrun for purchase_analytics_refresh to 2025-12-20T02:00:00+00:00, run_after=2025-12-21T02:00:00+00:00
[2025-12-20T16:27:19.014+0000] {processor.py:183} INFO - Processing /opt/airflow/dags/purchase_analytics_dag.py took 0.054 seconds
[2025-12-20T16:27:49.338+0000] {processor.py:161} INFO - Started process (PID=782) to work on /opt/airflow/dags/purchase_analytics_dag.py
[2025-12-20T16:27:49.338+0000] {processor.py:830} INFO - Processing file /opt/airflow/dags/purchase_analytics_dag.py for tasks to queue
[2025-12-20T16:27:49.339+0000] {logging_mixin.py:188} INFO - [2025-12-20T16:27:49.339+0000] {dagbag.py:538} INFO - Filling up the DagBag from /opt/airflow/dags/purchase_analytics_dag.py
[2025-12-20T16:27:49.347+0000] {processor.py:840} INFO - DAG(s) 'purchase_analytics_refresh' retrieved from /opt/airflow/dags/purchase_analytics_dag.py
[2025-12-20T16:27:49.367+0000] {logging_mixin.py:188} INFO - [2025-12-20T16:27:49.367+0000] {dag.py:3033} INFO - Sync 1 DAGs
[2025-12-20T16:27:49.382+0000] {logging_mixin.py:188} INFO - [2025-12-20T16:27:49.381+0000] {dag.py:3820} INFO - Setting next_dagrun for purchase_analytics_refresh to 2025-12-20T02:00:00+00:00, run_after=2025-12-21T02:00:00+00:00
[2025-12-20T16:27:49.392+0000] {processor.py:183} INFO - Processing /opt/airflow/dags/purchase_analytics_dag.py took 0.056 seconds
[2025-12-20T16:28:19.735+0000] {processor.py:161} INFO - Started process (PID=792) to work on /opt/airflow/dags/purchase_analytics_dag.py
[2025-12-20T16:28:19.735+0000] {processor.py:830} INFO - Processing file /opt/airflow/dags/purchase_analytics_dag.py for tasks to queue
[2025-12-20T16:28:19.736+0000] {logging_mixin.py:188} INFO - [2025-12-20T16:28:19.736+0000] {dagbag.py:538} INFO - Filling up the DagBag from /opt/airflow/dags/purchase_analytics_dag.py
[2025-12-20T16:28:19.748+0000] {processor.py:840} INFO - DAG(s) 'purchase_analytics_refresh' retrieved from /opt/airflow/dags/purchase_analytics_dag.py
[2025-12-20T16:28:19.774+0000] {logging_mixin.py:188} INFO - [2025-12-20T16:28:19.774+0000] {dag.py:3033} INFO - Sync 1 DAGs
[2025-12-20T16:28:19.793+0000] {logging_mixin.py:188} INFO - [2025-12-20T16:28:19.792+0000] {dag.py:3820} INFO - Setting next_dagrun for purchase_analytics_refresh to 2025-12-20T02:00:00+00:00, run_after=2025-12-21T02:00:00+00:00
[2025-12-20T16:28:19.805+0000] {processor.py:183} INFO - Processing /opt/airflow/dags/purchase_analytics_dag.py took 0.074 seconds
[2025-12-20T16:28:50.099+0000] {processor.py:161} INFO - Started process (PID=802) to work on /opt/airflow/dags/purchase_analytics_dag.py
[2025-12-20T16:28:50.100+0000] {processor.py:830} INFO - Processing file /opt/airflow/dags/purchase_analytics_dag.py for tasks to queue
[2025-12-20T16:28:50.100+0000] {logging_mixin.py:188} INFO - [2025-12-20T16:28:50.100+0000] {dagbag.py:538} INFO - Filling up the DagBag from /opt/airflow/dags/purchase_analytics_dag.py
[2025-12-20T16:28:50.107+0000] {processor.py:840} INFO - DAG(s) 'purchase_analytics_refresh' retrieved from /opt/airflow/dags/purchase_analytics_dag.py
[2025-12-20T16:28:50.127+0000] {logging_mixin.py:188} INFO - [2025-12-20T16:28:50.127+0000] {dag.py:3033} INFO - Sync 1 DAGs
[2025-12-20T16:28:50.143+0000] {logging_mixin.py:188} INFO - [2025-12-20T16:28:50.142+0000] {dag.py:3820} INFO - Setting next_dagrun for purchase_analytics_refresh to 2025-12-20T02:00:00+00:00, run_after=2025-12-21T02:00:00+00:00
[2025-12-20T16:28:50.153+0000] {processor.py:183} INFO - Processing /opt/airflow/dags/purchase_analytics_dag.py took 0.056 seconds
[2025-12-20T16:29:20.542+0000] {processor.py:161} INFO - Started process (PID=812) to work on /opt/airflow/dags/purchase_analytics_dag.py
[2025-12-20T16:29:20.543+0000] {processor.py:830} INFO - Processing file /opt/airflow/dags/purchase_analytics_dag.py for tasks to queue
[2025-12-20T16:29:20.543+0000] {logging_mixin.py:188} INFO - [2025-12-20T16:29:20.543+0000] {dagbag.py:538} INFO - Filling up the DagBag from /opt/airflow/dags/purchase_analytics_dag.py
[2025-12-20T16:29:20.551+0000] {processor.py:840} INFO - DAG(s) 'purchase_analytics_refresh' retrieved from /opt/airflow/dags/purchase_analytics_dag.py
[2025-12-20T16:29:20.572+0000] {logging_mixin.py:188} INFO - [2025-12-20T16:29:20.572+0000] {dag.py:3033} INFO - Sync 1 DAGs
[2025-12-20T16:29:20.587+0000] {logging_mixin.py:188} INFO - [2025-12-20T16:29:20.587+0000] {dag.py:3820} INFO - Setting next_dagrun for purchase_analytics_refresh to 2025-12-20T02:00:00+00:00, run_after=2025-12-21T02:00:00+00:00
[2025-12-20T16:29:20.599+0000] {processor.py:183} INFO - Processing /opt/airflow/dags/purchase_analytics_dag.py took 0.060 seconds
[2025-12-20T16:29:50.847+0000] {processor.py:161} INFO - Started process (PID=822) to work on /opt/airflow/dags/purchase_analytics_dag.py
[2025-12-20T16:29:50.847+0000] {processor.py:830} INFO - Processing file /opt/airflow/dags/purchase_analytics_dag.py for tasks to queue
[2025-12-20T16:29:50.848+0000] {logging_mixin.py:188} INFO - [2025-12-20T16:29:50.848+0000] {dagbag.py:538} INFO - Filling up the DagBag from /opt/airflow/dags/purchase_analytics_dag.py
[2025-12-20T16:29:50.854+0000] {processor.py:840} INFO - DAG(s) 'purchase_analytics_refresh' retrieved from /opt/airflow/dags/purchase_analytics_dag.py
[2025-12-20T16:29:50.873+0000] {logging_mixin.py:188} INFO - [2025-12-20T16:29:50.873+0000] {dag.py:3033} INFO - Sync 1 DAGs
[2025-12-20T16:29:50.894+0000] {logging_mixin.py:188} INFO - [2025-12-20T16:29:50.894+0000] {dag.py:3820} INFO - Setting next_dagrun for purchase_analytics_refresh to 2025-12-20T02:00:00+00:00, run_after=2025-12-21T02:00:00+00:00
[2025-12-20T16:29:50.907+0000] {processor.py:183} INFO - Processing /opt/airflow/dags/purchase_analytics_dag.py took 0.062 seconds
[2025-12-20T16:30:21.224+0000] {processor.py:161} INFO - Started process (PID=832) to work on /opt/airflow/dags/purchase_analytics_dag.py
[2025-12-20T16:30:21.225+0000] {processor.py:830} INFO - Processing file /opt/airflow/dags/purchase_analytics_dag.py for tasks to queue
[2025-12-20T16:30:21.226+0000] {logging_mixin.py:188} INFO - [2025-12-20T16:30:21.226+0000] {dagbag.py:538} INFO - Filling up the DagBag from /opt/airflow/dags/purchase_analytics_dag.py
[2025-12-20T16:30:21.239+0000] {processor.py:840} INFO - DAG(s) 'purchase_analytics_refresh' retrieved from /opt/airflow/dags/purchase_analytics_dag.py
[2025-12-20T16:30:21.263+0000] {logging_mixin.py:188} INFO - [2025-12-20T16:30:21.263+0000] {dag.py:3033} INFO - Sync 1 DAGs
[2025-12-20T16:30:21.281+0000] {logging_mixin.py:188} INFO - [2025-12-20T16:30:21.281+0000] {dag.py:3820} INFO - Setting next_dagrun for purchase_analytics_refresh to 2025-12-20T02:00:00+00:00, run_after=2025-12-21T02:00:00+00:00
[2025-12-20T16:30:21.293+0000] {processor.py:183} INFO - Processing /opt/airflow/dags/purchase_analytics_dag.py took 0.073 seconds
[2025-12-20T16:30:51.669+0000] {processor.py:161} INFO - Started process (PID=842) to work on /opt/airflow/dags/purchase_analytics_dag.py
[2025-12-20T16:30:51.670+0000] {processor.py:830} INFO - Processing file /opt/airflow/dags/purchase_analytics_dag.py for tasks to queue
[2025-12-20T16:30:51.670+0000] {logging_mixin.py:188} INFO - [2025-12-20T16:30:51.670+0000] {dagbag.py:538} INFO - Filling up the DagBag from /opt/airflow/dags/purchase_analytics_dag.py
[2025-12-20T16:30:51.678+0000] {processor.py:840} INFO - DAG(s) 'purchase_analytics_refresh' retrieved from /opt/airflow/dags/purchase_analytics_dag.py
[2025-12-20T16:30:51.696+0000] {logging_mixin.py:188} INFO - [2025-12-20T16:30:51.696+0000] {dag.py:3033} INFO - Sync 1 DAGs
[2025-12-20T16:30:51.712+0000] {logging_mixin.py:188} INFO - [2025-12-20T16:30:51.711+0000] {dag.py:3820} INFO - Setting next_dagrun for purchase_analytics_refresh to 2025-12-20T02:00:00+00:00, run_after=2025-12-21T02:00:00+00:00
[2025-12-20T16:30:51.723+0000] {processor.py:183} INFO - Processing /opt/airflow/dags/purchase_analytics_dag.py took 0.056 seconds
[2025-12-20T16:31:22.047+0000] {processor.py:161} INFO - Started process (PID=852) to work on /opt/airflow/dags/purchase_analytics_dag.py
[2025-12-20T16:31:22.047+0000] {processor.py:830} INFO - Processing file /opt/airflow/dags/purchase_analytics_dag.py for tasks to queue
[2025-12-20T16:31:22.048+0000] {logging_mixin.py:188} INFO - [2025-12-20T16:31:22.048+0000] {dagbag.py:538} INFO - Filling up the DagBag from /opt/airflow/dags/purchase_analytics_dag.py
[2025-12-20T16:31:22.056+0000] {processor.py:840} INFO - DAG(s) 'purchase_analytics_refresh' retrieved from /opt/airflow/dags/purchase_analytics_dag.py
[2025-12-20T16:31:22.074+0000] {logging_mixin.py:188} INFO - [2025-12-20T16:31:22.074+0000] {dag.py:3033} INFO - Sync 1 DAGs
[2025-12-20T16:31:22.089+0000] {logging_mixin.py:188} INFO - [2025-12-20T16:31:22.089+0000] {dag.py:3820} INFO - Setting next_dagrun for purchase_analytics_refresh to 2025-12-20T02:00:00+00:00, run_after=2025-12-21T02:00:00+00:00
[2025-12-20T16:31:22.100+0000] {processor.py:183} INFO - Processing /opt/airflow/dags/purchase_analytics_dag.py took 0.056 seconds
[2025-12-20T16:31:52.458+0000] {processor.py:161} INFO - Started process (PID=862) to work on /opt/airflow/dags/purchase_analytics_dag.py
[2025-12-20T16:31:52.459+0000] {processor.py:830} INFO - Processing file /opt/airflow/dags/purchase_analytics_dag.py for tasks to queue
[2025-12-20T16:31:52.459+0000] {logging_mixin.py:188} INFO - [2025-12-20T16:31:52.459+0000] {dagbag.py:538} INFO - Filling up the DagBag from /opt/airflow/dags/purchase_analytics_dag.py
[2025-12-20T16:31:52.469+0000] {processor.py:840} INFO - DAG(s) 'purchase_analytics_refresh' retrieved from /opt/airflow/dags/purchase_analytics_dag.py
[2025-12-20T16:31:52.489+0000] {logging_mixin.py:188} INFO - [2025-12-20T16:31:52.488+0000] {dag.py:3033} INFO - Sync 1 DAGs
[2025-12-20T16:31:52.503+0000] {logging_mixin.py:188} INFO - [2025-12-20T16:31:52.503+0000] {dag.py:3820} INFO - Setting next_dagrun for purchase_analytics_refresh to 2025-12-20T02:00:00+00:00, run_after=2025-12-21T02:00:00+00:00
[2025-12-20T16:31:52.514+0000] {processor.py:183} INFO - Processing /opt/airflow/dags/purchase_analytics_dag.py took 0.059 seconds
[2025-12-20T16:32:22.860+0000] {processor.py:161} INFO - Started process (PID=872) to work on /opt/airflow/dags/purchase_analytics_dag.py
[2025-12-20T16:32:22.861+0000] {processor.py:830} INFO - Processing file /opt/airflow/dags/purchase_analytics_dag.py for tasks to queue
[2025-12-20T16:32:22.862+0000] {logging_mixin.py:188} INFO - [2025-12-20T16:32:22.862+0000] {dagbag.py:538} INFO - Filling up the DagBag from /opt/airflow/dags/purchase_analytics_dag.py
[2025-12-20T16:32:22.877+0000] {processor.py:840} INFO - DAG(s) 'purchase_analytics_refresh' retrieved from /opt/airflow/dags/purchase_analytics_dag.py
[2025-12-20T16:32:22.909+0000] {logging_mixin.py:188} INFO - [2025-12-20T16:32:22.909+0000] {dag.py:3033} INFO - Sync 1 DAGs
[2025-12-20T16:32:22.929+0000] {logging_mixin.py:188} INFO - [2025-12-20T16:32:22.928+0000] {dag.py:3820} INFO - Setting next_dagrun for purchase_analytics_refresh to 2025-12-20T02:00:00+00:00, run_after=2025-12-21T02:00:00+00:00
[2025-12-20T16:32:22.942+0000] {processor.py:183} INFO - Processing /opt/airflow/dags/purchase_analytics_dag.py took 0.085 seconds
[2025-12-20T16:32:53.248+0000] {processor.py:161} INFO - Started process (PID=882) to work on /opt/airflow/dags/purchase_analytics_dag.py
[2025-12-20T16:32:53.248+0000] {processor.py:830} INFO - Processing file /opt/airflow/dags/purchase_analytics_dag.py for tasks to queue
[2025-12-20T16:32:53.249+0000] {logging_mixin.py:188} INFO - [2025-12-20T16:32:53.249+0000] {dagbag.py:538} INFO - Filling up the DagBag from /opt/airflow/dags/purchase_analytics_dag.py
[2025-12-20T16:32:53.256+0000] {processor.py:840} INFO - DAG(s) 'purchase_analytics_refresh' retrieved from /opt/airflow/dags/purchase_analytics_dag.py
[2025-12-20T16:32:53.277+0000] {logging_mixin.py:188} INFO - [2025-12-20T16:32:53.277+0000] {dag.py:3033} INFO - Sync 1 DAGs
[2025-12-20T16:32:53.293+0000] {logging_mixin.py:188} INFO - [2025-12-20T16:32:53.293+0000] {dag.py:3820} INFO - Setting next_dagrun for purchase_analytics_refresh to 2025-12-20T02:00:00+00:00, run_after=2025-12-21T02:00:00+00:00
[2025-12-20T16:32:53.307+0000] {processor.py:183} INFO - Processing /opt/airflow/dags/purchase_analytics_dag.py took 0.062 seconds
[2025-12-20T16:33:23.665+0000] {processor.py:161} INFO - Started process (PID=892) to work on /opt/airflow/dags/purchase_analytics_dag.py
[2025-12-20T16:33:23.666+0000] {processor.py:830} INFO - Processing file /opt/airflow/dags/purchase_analytics_dag.py for tasks to queue
[2025-12-20T16:33:23.666+0000] {logging_mixin.py:188} INFO - [2025-12-20T16:33:23.666+0000] {dagbag.py:538} INFO - Filling up the DagBag from /opt/airflow/dags/purchase_analytics_dag.py
[2025-12-20T16:33:23.677+0000] {processor.py:840} INFO - DAG(s) 'purchase_analytics_refresh' retrieved from /opt/airflow/dags/purchase_analytics_dag.py
[2025-12-20T16:33:23.702+0000] {logging_mixin.py:188} INFO - [2025-12-20T16:33:23.702+0000] {dag.py:3033} INFO - Sync 1 DAGs
[2025-12-20T16:33:23.719+0000] {logging_mixin.py:188} INFO - [2025-12-20T16:33:23.719+0000] {dag.py:3820} INFO - Setting next_dagrun for purchase_analytics_refresh to 2025-12-20T02:00:00+00:00, run_after=2025-12-21T02:00:00+00:00
[2025-12-20T16:33:23.730+0000] {processor.py:183} INFO - Processing /opt/airflow/dags/purchase_analytics_dag.py took 0.068 seconds
[2025-12-20T16:33:54.047+0000] {processor.py:161} INFO - Started process (PID=902) to work on /opt/airflow/dags/purchase_analytics_dag.py
[2025-12-20T16:33:54.048+0000] {processor.py:830} INFO - Processing file /opt/airflow/dags/purchase_analytics_dag.py for tasks to queue
[2025-12-20T16:33:54.049+0000] {logging_mixin.py:188} INFO - [2025-12-20T16:33:54.049+0000] {dagbag.py:538} INFO - Filling up the DagBag from /opt/airflow/dags/purchase_analytics_dag.py
[2025-12-20T16:33:54.058+0000] {processor.py:840} INFO - DAG(s) 'purchase_analytics_refresh' retrieved from /opt/airflow/dags/purchase_analytics_dag.py
[2025-12-20T16:33:54.079+0000] {logging_mixin.py:188} INFO - [2025-12-20T16:33:54.079+0000] {dag.py:3033} INFO - Sync 1 DAGs
[2025-12-20T16:33:54.096+0000] {logging_mixin.py:188} INFO - [2025-12-20T16:33:54.096+0000] {dag.py:3820} INFO - Setting next_dagrun for purchase_analytics_refresh to 2025-12-20T02:00:00+00:00, run_after=2025-12-21T02:00:00+00:00
[2025-12-20T16:33:54.108+0000] {processor.py:183} INFO - Processing /opt/airflow/dags/purchase_analytics_dag.py took 0.064 seconds
[2025-12-20T16:34:24.415+0000] {processor.py:161} INFO - Started process (PID=912) to work on /opt/airflow/dags/purchase_analytics_dag.py
[2025-12-20T16:34:24.416+0000] {processor.py:830} INFO - Processing file /opt/airflow/dags/purchase_analytics_dag.py for tasks to queue
[2025-12-20T16:34:24.416+0000] {logging_mixin.py:188} INFO - [2025-12-20T16:34:24.416+0000] {dagbag.py:538} INFO - Filling up the DagBag from /opt/airflow/dags/purchase_analytics_dag.py
[2025-12-20T16:34:24.425+0000] {processor.py:840} INFO - DAG(s) 'purchase_analytics_refresh' retrieved from /opt/airflow/dags/purchase_analytics_dag.py
[2025-12-20T16:34:24.445+0000] {logging_mixin.py:188} INFO - [2025-12-20T16:34:24.445+0000] {dag.py:3033} INFO - Sync 1 DAGs
[2025-12-20T16:34:24.461+0000] {logging_mixin.py:188} INFO - [2025-12-20T16:34:24.461+0000] {dag.py:3820} INFO - Setting next_dagrun for purchase_analytics_refresh to 2025-12-20T02:00:00+00:00, run_after=2025-12-21T02:00:00+00:00
[2025-12-20T16:34:24.472+0000] {processor.py:183} INFO - Processing /opt/airflow/dags/purchase_analytics_dag.py took 0.059 seconds
[2025-12-20T16:34:54.815+0000] {processor.py:161} INFO - Started process (PID=922) to work on /opt/airflow/dags/purchase_analytics_dag.py
[2025-12-20T16:34:54.816+0000] {processor.py:830} INFO - Processing file /opt/airflow/dags/purchase_analytics_dag.py for tasks to queue
[2025-12-20T16:34:54.817+0000] {logging_mixin.py:188} INFO - [2025-12-20T16:34:54.817+0000] {dagbag.py:538} INFO - Filling up the DagBag from /opt/airflow/dags/purchase_analytics_dag.py
[2025-12-20T16:34:54.824+0000] {processor.py:840} INFO - DAG(s) 'purchase_analytics_refresh' retrieved from /opt/airflow/dags/purchase_analytics_dag.py
[2025-12-20T16:34:54.846+0000] {logging_mixin.py:188} INFO - [2025-12-20T16:34:54.846+0000] {dag.py:3033} INFO - Sync 1 DAGs
[2025-12-20T16:34:54.861+0000] {logging_mixin.py:188} INFO - [2025-12-20T16:34:54.860+0000] {dag.py:3820} INFO - Setting next_dagrun for purchase_analytics_refresh to 2025-12-20T02:00:00+00:00, run_after=2025-12-21T02:00:00+00:00
[2025-12-20T16:34:54.872+0000] {processor.py:183} INFO - Processing /opt/airflow/dags/purchase_analytics_dag.py took 0.059 seconds
[2025-12-20T16:35:25.180+0000] {processor.py:161} INFO - Started process (PID=932) to work on /opt/airflow/dags/purchase_analytics_dag.py
[2025-12-20T16:35:25.181+0000] {processor.py:830} INFO - Processing file /opt/airflow/dags/purchase_analytics_dag.py for tasks to queue
[2025-12-20T16:35:25.182+0000] {logging_mixin.py:188} INFO - [2025-12-20T16:35:25.182+0000] {dagbag.py:538} INFO - Filling up the DagBag from /opt/airflow/dags/purchase_analytics_dag.py
[2025-12-20T16:35:25.196+0000] {processor.py:840} INFO - DAG(s) 'purchase_analytics_refresh' retrieved from /opt/airflow/dags/purchase_analytics_dag.py
[2025-12-20T16:35:25.223+0000] {logging_mixin.py:188} INFO - [2025-12-20T16:35:25.223+0000] {dag.py:3033} INFO - Sync 1 DAGs
[2025-12-20T16:35:25.242+0000] {logging_mixin.py:188} INFO - [2025-12-20T16:35:25.242+0000] {dag.py:3820} INFO - Setting next_dagrun for purchase_analytics_refresh to 2025-12-20T02:00:00+00:00, run_after=2025-12-21T02:00:00+00:00
[2025-12-20T16:35:25.254+0000] {processor.py:183} INFO - Processing /opt/airflow/dags/purchase_analytics_dag.py took 0.078 seconds
[2025-12-20T16:35:55.588+0000] {processor.py:161} INFO - Started process (PID=942) to work on /opt/airflow/dags/purchase_analytics_dag.py
[2025-12-20T16:35:55.589+0000] {processor.py:830} INFO - Processing file /opt/airflow/dags/purchase_analytics_dag.py for tasks to queue
[2025-12-20T16:35:55.589+0000] {logging_mixin.py:188} INFO - [2025-12-20T16:35:55.589+0000] {dagbag.py:538} INFO - Filling up the DagBag from /opt/airflow/dags/purchase_analytics_dag.py
[2025-12-20T16:35:55.600+0000] {processor.py:840} INFO - DAG(s) 'purchase_analytics_refresh' retrieved from /opt/airflow/dags/purchase_analytics_dag.py
[2025-12-20T16:35:55.624+0000] {logging_mixin.py:188} INFO - [2025-12-20T16:35:55.623+0000] {dag.py:3033} INFO - Sync 1 DAGs
[2025-12-20T16:35:55.640+0000] {logging_mixin.py:188} INFO - [2025-12-20T16:35:55.640+0000] {dag.py:3820} INFO - Setting next_dagrun for purchase_analytics_refresh to 2025-12-20T02:00:00+00:00, run_after=2025-12-21T02:00:00+00:00
[2025-12-20T16:35:55.653+0000] {processor.py:183} INFO - Processing /opt/airflow/dags/purchase_analytics_dag.py took 0.069 seconds
[2025-12-20T16:36:25.997+0000] {processor.py:161} INFO - Started process (PID=952) to work on /opt/airflow/dags/purchase_analytics_dag.py
[2025-12-20T16:36:25.997+0000] {processor.py:830} INFO - Processing file /opt/airflow/dags/purchase_analytics_dag.py for tasks to queue
[2025-12-20T16:36:25.998+0000] {logging_mixin.py:188} INFO - [2025-12-20T16:36:25.998+0000] {dagbag.py:538} INFO - Filling up the DagBag from /opt/airflow/dags/purchase_analytics_dag.py
[2025-12-20T16:36:26.014+0000] {processor.py:840} INFO - DAG(s) 'purchase_analytics_refresh' retrieved from /opt/airflow/dags/purchase_analytics_dag.py
[2025-12-20T16:36:26.051+0000] {logging_mixin.py:188} INFO - [2025-12-20T16:36:26.051+0000] {dag.py:3033} INFO - Sync 1 DAGs
[2025-12-20T16:36:26.070+0000] {logging_mixin.py:188} INFO - [2025-12-20T16:36:26.070+0000] {dag.py:3820} INFO - Setting next_dagrun for purchase_analytics_refresh to 2025-12-20T02:00:00+00:00, run_after=2025-12-21T02:00:00+00:00
[2025-12-20T16:36:26.082+0000] {processor.py:183} INFO - Processing /opt/airflow/dags/purchase_analytics_dag.py took 0.089 seconds
[2025-12-20T16:36:56.401+0000] {processor.py:161} INFO - Started process (PID=962) to work on /opt/airflow/dags/purchase_analytics_dag.py
[2025-12-20T16:36:56.402+0000] {processor.py:830} INFO - Processing file /opt/airflow/dags/purchase_analytics_dag.py for tasks to queue
[2025-12-20T16:36:56.402+0000] {logging_mixin.py:188} INFO - [2025-12-20T16:36:56.402+0000] {dagbag.py:538} INFO - Filling up the DagBag from /opt/airflow/dags/purchase_analytics_dag.py
[2025-12-20T16:36:56.412+0000] {processor.py:840} INFO - DAG(s) 'purchase_analytics_refresh' retrieved from /opt/airflow/dags/purchase_analytics_dag.py
[2025-12-20T16:36:56.432+0000] {logging_mixin.py:188} INFO - [2025-12-20T16:36:56.432+0000] {dag.py:3033} INFO - Sync 1 DAGs
[2025-12-20T16:36:56.448+0000] {logging_mixin.py:188} INFO - [2025-12-20T16:36:56.448+0000] {dag.py:3820} INFO - Setting next_dagrun for purchase_analytics_refresh to 2025-12-20T02:00:00+00:00, run_after=2025-12-21T02:00:00+00:00
[2025-12-20T16:36:56.459+0000] {processor.py:183} INFO - Processing /opt/airflow/dags/purchase_analytics_dag.py took 0.059 seconds
[2025-12-20T16:37:27.096+0000] {processor.py:161} INFO - Started process (PID=972) to work on /opt/airflow/dags/purchase_analytics_dag.py
[2025-12-20T16:37:27.097+0000] {processor.py:830} INFO - Processing file /opt/airflow/dags/purchase_analytics_dag.py for tasks to queue
[2025-12-20T16:37:27.098+0000] {logging_mixin.py:188} INFO - [2025-12-20T16:37:27.097+0000] {dagbag.py:538} INFO - Filling up the DagBag from /opt/airflow/dags/purchase_analytics_dag.py
[2025-12-20T16:37:27.116+0000] {processor.py:840} INFO - DAG(s) 'purchase_analytics_refresh' retrieved from /opt/airflow/dags/purchase_analytics_dag.py
[2025-12-20T16:37:27.147+0000] {logging_mixin.py:188} INFO - [2025-12-20T16:37:27.147+0000] {dag.py:3033} INFO - Sync 1 DAGs
[2025-12-20T16:37:27.164+0000] {logging_mixin.py:188} INFO - [2025-12-20T16:37:27.164+0000] {dag.py:3820} INFO - Setting next_dagrun for purchase_analytics_refresh to 2025-12-20T02:00:00+00:00, run_after=2025-12-21T02:00:00+00:00
[2025-12-20T16:37:27.182+0000] {processor.py:183} INFO - Processing /opt/airflow/dags/purchase_analytics_dag.py took 0.091 seconds
[2025-12-20T16:37:57.499+0000] {processor.py:161} INFO - Started process (PID=982) to work on /opt/airflow/dags/purchase_analytics_dag.py
[2025-12-20T16:37:57.500+0000] {processor.py:830} INFO - Processing file /opt/airflow/dags/purchase_analytics_dag.py for tasks to queue
[2025-12-20T16:37:57.502+0000] {logging_mixin.py:188} INFO - [2025-12-20T16:37:57.502+0000] {dagbag.py:538} INFO - Filling up the DagBag from /opt/airflow/dags/purchase_analytics_dag.py
[2025-12-20T16:37:57.526+0000] {processor.py:840} INFO - DAG(s) 'purchase_analytics_refresh' retrieved from /opt/airflow/dags/purchase_analytics_dag.py
[2025-12-20T16:37:57.571+0000] {logging_mixin.py:188} INFO - [2025-12-20T16:37:57.571+0000] {dag.py:3033} INFO - Sync 1 DAGs
[2025-12-20T16:37:57.595+0000] {logging_mixin.py:188} INFO - [2025-12-20T16:37:57.595+0000] {dag.py:3820} INFO - Setting next_dagrun for purchase_analytics_refresh to 2025-12-20T02:00:00+00:00, run_after=2025-12-21T02:00:00+00:00
[2025-12-20T16:37:57.614+0000] {processor.py:183} INFO - Processing /opt/airflow/dags/purchase_analytics_dag.py took 0.122 seconds
[2025-12-20T16:38:27.913+0000] {processor.py:161} INFO - Started process (PID=992) to work on /opt/airflow/dags/purchase_analytics_dag.py
[2025-12-20T16:38:27.917+0000] {processor.py:830} INFO - Processing file /opt/airflow/dags/purchase_analytics_dag.py for tasks to queue
[2025-12-20T16:38:27.920+0000] {logging_mixin.py:188} INFO - [2025-12-20T16:38:27.919+0000] {dagbag.py:538} INFO - Filling up the DagBag from /opt/airflow/dags/purchase_analytics_dag.py
[2025-12-20T16:38:27.943+0000] {processor.py:840} INFO - DAG(s) 'purchase_analytics_refresh' retrieved from /opt/airflow/dags/purchase_analytics_dag.py
[2025-12-20T16:38:27.984+0000] {logging_mixin.py:188} INFO - [2025-12-20T16:38:27.984+0000] {dag.py:3033} INFO - Sync 1 DAGs
[2025-12-20T16:38:28.021+0000] {logging_mixin.py:188} INFO - [2025-12-20T16:38:28.020+0000] {dag.py:3820} INFO - Setting next_dagrun for purchase_analytics_refresh to 2025-12-20T02:00:00+00:00, run_after=2025-12-21T02:00:00+00:00
[2025-12-20T16:38:28.047+0000] {processor.py:183} INFO - Processing /opt/airflow/dags/purchase_analytics_dag.py took 0.141 seconds
[2025-12-20T16:38:58.305+0000] {processor.py:161} INFO - Started process (PID=995) to work on /opt/airflow/dags/purchase_analytics_dag.py
[2025-12-20T16:38:58.307+0000] {processor.py:830} INFO - Processing file /opt/airflow/dags/purchase_analytics_dag.py for tasks to queue
[2025-12-20T16:38:58.311+0000] {logging_mixin.py:188} INFO - [2025-12-20T16:38:58.308+0000] {dagbag.py:538} INFO - Filling up the DagBag from /opt/airflow/dags/purchase_analytics_dag.py
[2025-12-20T16:38:58.346+0000] {processor.py:840} INFO - DAG(s) 'purchase_analytics_refresh' retrieved from /opt/airflow/dags/purchase_analytics_dag.py
[2025-12-20T16:38:58.408+0000] {logging_mixin.py:188} INFO - [2025-12-20T16:38:58.407+0000] {dag.py:3033} INFO - Sync 1 DAGs
[2025-12-20T16:38:58.439+0000] {logging_mixin.py:188} INFO - [2025-12-20T16:38:58.439+0000] {dag.py:3820} INFO - Setting next_dagrun for purchase_analytics_refresh to 2025-12-20T02:00:00+00:00, run_after=2025-12-21T02:00:00+00:00
[2025-12-20T16:38:58.461+0000] {processor.py:183} INFO - Processing /opt/airflow/dags/purchase_analytics_dag.py took 0.164 seconds
[2025-12-20T16:39:28.836+0000] {processor.py:161} INFO - Started process (PID=1005) to work on /opt/airflow/dags/purchase_analytics_dag.py
[2025-12-20T16:39:28.842+0000] {processor.py:830} INFO - Processing file /opt/airflow/dags/purchase_analytics_dag.py for tasks to queue
[2025-12-20T16:39:28.846+0000] {logging_mixin.py:188} INFO - [2025-12-20T16:39:28.845+0000] {dagbag.py:538} INFO - Filling up the DagBag from /opt/airflow/dags/purchase_analytics_dag.py
[2025-12-20T16:39:28.872+0000] {processor.py:840} INFO - DAG(s) 'purchase_analytics_refresh' retrieved from /opt/airflow/dags/purchase_analytics_dag.py
[2025-12-20T16:39:28.921+0000] {logging_mixin.py:188} INFO - [2025-12-20T16:39:28.921+0000] {dag.py:3033} INFO - Sync 1 DAGs
[2025-12-20T16:39:28.941+0000] {logging_mixin.py:188} INFO - [2025-12-20T16:39:28.941+0000] {dag.py:3820} INFO - Setting next_dagrun for purchase_analytics_refresh to 2025-12-20T02:00:00+00:00, run_after=2025-12-21T02:00:00+00:00
[2025-12-20T16:39:28.963+0000] {processor.py:183} INFO - Processing /opt/airflow/dags/purchase_analytics_dag.py took 0.138 seconds
[2025-12-20T16:39:59.310+0000] {processor.py:161} INFO - Started process (PID=1015) to work on /opt/airflow/dags/purchase_analytics_dag.py
[2025-12-20T16:39:59.312+0000] {processor.py:830} INFO - Processing file /opt/airflow/dags/purchase_analytics_dag.py for tasks to queue
[2025-12-20T16:39:59.314+0000] {logging_mixin.py:188} INFO - [2025-12-20T16:39:59.313+0000] {dagbag.py:538} INFO - Filling up the DagBag from /opt/airflow/dags/purchase_analytics_dag.py
[2025-12-20T16:39:59.343+0000] {processor.py:840} INFO - DAG(s) 'purchase_analytics_refresh' retrieved from /opt/airflow/dags/purchase_analytics_dag.py
[2025-12-20T16:39:59.394+0000] {logging_mixin.py:188} INFO - [2025-12-20T16:39:59.394+0000] {dag.py:3033} INFO - Sync 1 DAGs
[2025-12-20T16:39:59.429+0000] {logging_mixin.py:188} INFO - [2025-12-20T16:39:59.429+0000] {dag.py:3820} INFO - Setting next_dagrun for purchase_analytics_refresh to 2025-12-20T02:00:00+00:00, run_after=2025-12-21T02:00:00+00:00
[2025-12-20T16:39:59.452+0000] {processor.py:183} INFO - Processing /opt/airflow/dags/purchase_analytics_dag.py took 0.156 seconds
[2025-12-20T16:40:29.887+0000] {processor.py:161} INFO - Started process (PID=1025) to work on /opt/airflow/dags/purchase_analytics_dag.py
[2025-12-20T16:40:29.890+0000] {processor.py:830} INFO - Processing file /opt/airflow/dags/purchase_analytics_dag.py for tasks to queue
[2025-12-20T16:40:29.891+0000] {logging_mixin.py:188} INFO - [2025-12-20T16:40:29.891+0000] {dagbag.py:538} INFO - Filling up the DagBag from /opt/airflow/dags/purchase_analytics_dag.py
[2025-12-20T16:40:30.015+0000] {processor.py:840} INFO - DAG(s) 'purchase_analytics_refresh' retrieved from /opt/airflow/dags/purchase_analytics_dag.py
[2025-12-20T16:40:30.223+0000] {logging_mixin.py:188} INFO - [2025-12-20T16:40:30.222+0000] {dag.py:3033} INFO - Sync 1 DAGs
[2025-12-20T16:40:30.269+0000] {logging_mixin.py:188} INFO - [2025-12-20T16:40:30.268+0000] {dag.py:3820} INFO - Setting next_dagrun for purchase_analytics_refresh to 2025-12-20T02:00:00+00:00, run_after=2025-12-21T02:00:00+00:00
[2025-12-20T16:40:30.296+0000] {processor.py:183} INFO - Processing /opt/airflow/dags/purchase_analytics_dag.py took 0.420 seconds
[2025-12-20T16:41:00.582+0000] {processor.py:161} INFO - Started process (PID=1035) to work on /opt/airflow/dags/purchase_analytics_dag.py
[2025-12-20T16:41:00.584+0000] {processor.py:830} INFO - Processing file /opt/airflow/dags/purchase_analytics_dag.py for tasks to queue
[2025-12-20T16:41:00.586+0000] {logging_mixin.py:188} INFO - [2025-12-20T16:41:00.585+0000] {dagbag.py:538} INFO - Filling up the DagBag from /opt/airflow/dags/purchase_analytics_dag.py
[2025-12-20T16:41:00.622+0000] {processor.py:840} INFO - DAG(s) 'purchase_analytics_refresh' retrieved from /opt/airflow/dags/purchase_analytics_dag.py
[2025-12-20T16:41:00.665+0000] {logging_mixin.py:188} INFO - [2025-12-20T16:41:00.665+0000] {dag.py:3033} INFO - Sync 1 DAGs
[2025-12-20T16:41:00.694+0000] {logging_mixin.py:188} INFO - [2025-12-20T16:41:00.694+0000] {dag.py:3820} INFO - Setting next_dagrun for purchase_analytics_refresh to 2025-12-20T02:00:00+00:00, run_after=2025-12-21T02:00:00+00:00
[2025-12-20T16:41:00.710+0000] {processor.py:183} INFO - Processing /opt/airflow/dags/purchase_analytics_dag.py took 0.134 seconds
[2025-12-20T16:41:31.032+0000] {processor.py:161} INFO - Started process (PID=1045) to work on /opt/airflow/dags/purchase_analytics_dag.py
[2025-12-20T16:41:31.034+0000] {processor.py:830} INFO - Processing file /opt/airflow/dags/purchase_analytics_dag.py for tasks to queue
[2025-12-20T16:41:31.035+0000] {logging_mixin.py:188} INFO - [2025-12-20T16:41:31.035+0000] {dagbag.py:538} INFO - Filling up the DagBag from /opt/airflow/dags/purchase_analytics_dag.py
[2025-12-20T16:41:31.072+0000] {processor.py:840} INFO - DAG(s) 'purchase_analytics_refresh' retrieved from /opt/airflow/dags/purchase_analytics_dag.py
[2025-12-20T16:41:31.122+0000] {logging_mixin.py:188} INFO - [2025-12-20T16:41:31.122+0000] {dag.py:3033} INFO - Sync 1 DAGs
[2025-12-20T16:41:31.160+0000] {logging_mixin.py:188} INFO - [2025-12-20T16:41:31.160+0000] {dag.py:3820} INFO - Setting next_dagrun for purchase_analytics_refresh to 2025-12-20T02:00:00+00:00, run_after=2025-12-21T02:00:00+00:00
[2025-12-20T16:41:31.179+0000] {processor.py:183} INFO - Processing /opt/airflow/dags/purchase_analytics_dag.py took 0.157 seconds
[2025-12-20T16:42:01.512+0000] {processor.py:161} INFO - Started process (PID=1055) to work on /opt/airflow/dags/purchase_analytics_dag.py
[2025-12-20T16:42:01.514+0000] {processor.py:830} INFO - Processing file /opt/airflow/dags/purchase_analytics_dag.py for tasks to queue
[2025-12-20T16:42:01.516+0000] {logging_mixin.py:188} INFO - [2025-12-20T16:42:01.515+0000] {dagbag.py:538} INFO - Filling up the DagBag from /opt/airflow/dags/purchase_analytics_dag.py
[2025-12-20T16:42:01.558+0000] {processor.py:840} INFO - DAG(s) 'purchase_analytics_refresh' retrieved from /opt/airflow/dags/purchase_analytics_dag.py
[2025-12-20T16:42:01.605+0000] {logging_mixin.py:188} INFO - [2025-12-20T16:42:01.605+0000] {dag.py:3033} INFO - Sync 1 DAGs
[2025-12-20T16:42:01.633+0000] {logging_mixin.py:188} INFO - [2025-12-20T16:42:01.633+0000] {dag.py:3820} INFO - Setting next_dagrun for purchase_analytics_refresh to 2025-12-20T02:00:00+00:00, run_after=2025-12-21T02:00:00+00:00
[2025-12-20T16:42:01.657+0000] {processor.py:183} INFO - Processing /opt/airflow/dags/purchase_analytics_dag.py took 0.163 seconds
[2025-12-20T16:42:31.950+0000] {processor.py:161} INFO - Started process (PID=1067) to work on /opt/airflow/dags/purchase_analytics_dag.py
[2025-12-20T16:42:31.951+0000] {processor.py:830} INFO - Processing file /opt/airflow/dags/purchase_analytics_dag.py for tasks to queue
[2025-12-20T16:42:31.952+0000] {logging_mixin.py:188} INFO - [2025-12-20T16:42:31.952+0000] {dagbag.py:538} INFO - Filling up the DagBag from /opt/airflow/dags/purchase_analytics_dag.py
[2025-12-20T16:42:31.972+0000] {processor.py:840} INFO - DAG(s) 'purchase_analytics_refresh' retrieved from /opt/airflow/dags/purchase_analytics_dag.py
[2025-12-20T16:42:32.028+0000] {logging_mixin.py:188} INFO - [2025-12-20T16:42:32.028+0000] {dag.py:3033} INFO - Sync 1 DAGs
[2025-12-20T16:42:32.054+0000] {logging_mixin.py:188} INFO - [2025-12-20T16:42:32.054+0000] {dag.py:3820} INFO - Setting next_dagrun for purchase_analytics_refresh to 2025-12-20T02:00:00+00:00, run_after=2025-12-21T02:00:00+00:00
[2025-12-20T16:42:32.072+0000] {processor.py:183} INFO - Processing /opt/airflow/dags/purchase_analytics_dag.py took 0.128 seconds
[2025-12-20T16:43:02.552+0000] {processor.py:161} INFO - Started process (PID=1099) to work on /opt/airflow/dags/purchase_analytics_dag.py
[2025-12-20T16:43:02.553+0000] {processor.py:830} INFO - Processing file /opt/airflow/dags/purchase_analytics_dag.py for tasks to queue
[2025-12-20T16:43:02.554+0000] {logging_mixin.py:188} INFO - [2025-12-20T16:43:02.554+0000] {dagbag.py:538} INFO - Filling up the DagBag from /opt/airflow/dags/purchase_analytics_dag.py
[2025-12-20T16:43:02.577+0000] {processor.py:840} INFO - DAG(s) 'purchase_analytics_refresh' retrieved from /opt/airflow/dags/purchase_analytics_dag.py
[2025-12-20T16:43:02.619+0000] {logging_mixin.py:188} INFO - [2025-12-20T16:43:02.619+0000] {dag.py:3033} INFO - Sync 1 DAGs
[2025-12-20T16:43:02.646+0000] {logging_mixin.py:188} INFO - [2025-12-20T16:43:02.646+0000] {dag.py:3820} INFO - Setting next_dagrun for purchase_analytics_refresh to 2025-12-20T02:00:00+00:00, run_after=2025-12-21T02:00:00+00:00
[2025-12-20T16:43:02.663+0000] {processor.py:183} INFO - Processing /opt/airflow/dags/purchase_analytics_dag.py took 0.119 seconds
[2025-12-20T16:43:32.971+0000] {processor.py:161} INFO - Started process (PID=1109) to work on /opt/airflow/dags/purchase_analytics_dag.py
[2025-12-20T16:43:32.972+0000] {processor.py:830} INFO - Processing file /opt/airflow/dags/purchase_analytics_dag.py for tasks to queue
[2025-12-20T16:43:32.973+0000] {logging_mixin.py:188} INFO - [2025-12-20T16:43:32.973+0000] {dagbag.py:538} INFO - Filling up the DagBag from /opt/airflow/dags/purchase_analytics_dag.py
[2025-12-20T16:43:33.003+0000] {processor.py:840} INFO - DAG(s) 'purchase_analytics_refresh' retrieved from /opt/airflow/dags/purchase_analytics_dag.py
[2025-12-20T16:43:33.050+0000] {logging_mixin.py:188} INFO - [2025-12-20T16:43:33.050+0000] {dag.py:3033} INFO - Sync 1 DAGs
[2025-12-20T16:43:33.075+0000] {logging_mixin.py:188} INFO - [2025-12-20T16:43:33.074+0000] {dag.py:3820} INFO - Setting next_dagrun for purchase_analytics_refresh to 2025-12-20T02:00:00+00:00, run_after=2025-12-21T02:00:00+00:00
[2025-12-20T16:43:33.092+0000] {processor.py:183} INFO - Processing /opt/airflow/dags/purchase_analytics_dag.py took 0.128 seconds
[2025-12-20T16:44:03.376+0000] {processor.py:161} INFO - Started process (PID=1119) to work on /opt/airflow/dags/purchase_analytics_dag.py
[2025-12-20T16:44:03.377+0000] {processor.py:830} INFO - Processing file /opt/airflow/dags/purchase_analytics_dag.py for tasks to queue
[2025-12-20T16:44:03.379+0000] {logging_mixin.py:188} INFO - [2025-12-20T16:44:03.379+0000] {dagbag.py:538} INFO - Filling up the DagBag from /opt/airflow/dags/purchase_analytics_dag.py
[2025-12-20T16:44:03.409+0000] {processor.py:840} INFO - DAG(s) 'purchase_analytics_refresh' retrieved from /opt/airflow/dags/purchase_analytics_dag.py
[2025-12-20T16:44:03.465+0000] {logging_mixin.py:188} INFO - [2025-12-20T16:44:03.465+0000] {dag.py:3033} INFO - Sync 1 DAGs
[2025-12-20T16:44:03.488+0000] {logging_mixin.py:188} INFO - [2025-12-20T16:44:03.488+0000] {dag.py:3820} INFO - Setting next_dagrun for purchase_analytics_refresh to 2025-12-20T02:00:00+00:00, run_after=2025-12-21T02:00:00+00:00
[2025-12-20T16:44:03.503+0000] {processor.py:183} INFO - Processing /opt/airflow/dags/purchase_analytics_dag.py took 0.135 seconds
[2025-12-20T16:44:33.881+0000] {processor.py:161} INFO - Started process (PID=1129) to work on /opt/airflow/dags/purchase_analytics_dag.py
[2025-12-20T16:44:33.884+0000] {processor.py:830} INFO - Processing file /opt/airflow/dags/purchase_analytics_dag.py for tasks to queue
[2025-12-20T16:44:33.887+0000] {logging_mixin.py:188} INFO - [2025-12-20T16:44:33.886+0000] {dagbag.py:538} INFO - Filling up the DagBag from /opt/airflow/dags/purchase_analytics_dag.py
[2025-12-20T16:44:33.917+0000] {processor.py:840} INFO - DAG(s) 'purchase_analytics_refresh' retrieved from /opt/airflow/dags/purchase_analytics_dag.py
[2025-12-20T16:44:33.955+0000] {logging_mixin.py:188} INFO - [2025-12-20T16:44:33.955+0000] {dag.py:3033} INFO - Sync 1 DAGs
[2025-12-20T16:44:33.982+0000] {logging_mixin.py:188} INFO - [2025-12-20T16:44:33.982+0000] {dag.py:3820} INFO - Setting next_dagrun for purchase_analytics_refresh to 2025-12-20T02:00:00+00:00, run_after=2025-12-21T02:00:00+00:00
[2025-12-20T16:44:33.999+0000] {processor.py:183} INFO - Processing /opt/airflow/dags/purchase_analytics_dag.py took 0.124 seconds
[2025-12-20T16:45:04.333+0000] {processor.py:161} INFO - Started process (PID=1139) to work on /opt/airflow/dags/purchase_analytics_dag.py
[2025-12-20T16:45:04.335+0000] {processor.py:830} INFO - Processing file /opt/airflow/dags/purchase_analytics_dag.py for tasks to queue
[2025-12-20T16:45:04.336+0000] {logging_mixin.py:188} INFO - [2025-12-20T16:45:04.336+0000] {dagbag.py:538} INFO - Filling up the DagBag from /opt/airflow/dags/purchase_analytics_dag.py
[2025-12-20T16:45:04.353+0000] {processor.py:840} INFO - DAG(s) 'purchase_analytics_refresh' retrieved from /opt/airflow/dags/purchase_analytics_dag.py
[2025-12-20T16:45:04.377+0000] {logging_mixin.py:188} INFO - [2025-12-20T16:45:04.377+0000] {dag.py:3033} INFO - Sync 1 DAGs
[2025-12-20T16:45:04.398+0000] {logging_mixin.py:188} INFO - [2025-12-20T16:45:04.397+0000] {dag.py:3820} INFO - Setting next_dagrun for purchase_analytics_refresh to 2025-12-20T02:00:00+00:00, run_after=2025-12-21T02:00:00+00:00
[2025-12-20T16:45:04.411+0000] {processor.py:183} INFO - Processing /opt/airflow/dags/purchase_analytics_dag.py took 0.085 seconds
[2025-12-20T16:45:34.714+0000] {processor.py:161} INFO - Started process (PID=1149) to work on /opt/airflow/dags/purchase_analytics_dag.py
[2025-12-20T16:45:34.715+0000] {processor.py:830} INFO - Processing file /opt/airflow/dags/purchase_analytics_dag.py for tasks to queue
[2025-12-20T16:45:34.716+0000] {logging_mixin.py:188} INFO - [2025-12-20T16:45:34.716+0000] {dagbag.py:538} INFO - Filling up the DagBag from /opt/airflow/dags/purchase_analytics_dag.py
[2025-12-20T16:45:34.744+0000] {processor.py:840} INFO - DAG(s) 'purchase_analytics_refresh' retrieved from /opt/airflow/dags/purchase_analytics_dag.py
[2025-12-20T16:45:34.887+0000] {logging_mixin.py:188} INFO - [2025-12-20T16:45:34.887+0000] {dag.py:3033} INFO - Sync 1 DAGs
[2025-12-20T16:45:34.939+0000] {logging_mixin.py:188} INFO - [2025-12-20T16:45:34.939+0000] {dag.py:3820} INFO - Setting next_dagrun for purchase_analytics_refresh to 2025-12-20T02:00:00+00:00, run_after=2025-12-21T02:00:00+00:00
[2025-12-20T16:45:34.963+0000] {processor.py:183} INFO - Processing /opt/airflow/dags/purchase_analytics_dag.py took 0.257 seconds
[2025-12-20T16:45:40.039+0000] {processor.py:161} INFO - Started process (PID=1151) to work on /opt/airflow/dags/purchase_analytics_dag.py
[2025-12-20T16:45:40.040+0000] {processor.py:830} INFO - Processing file /opt/airflow/dags/purchase_analytics_dag.py for tasks to queue
[2025-12-20T16:45:40.041+0000] {logging_mixin.py:188} INFO - [2025-12-20T16:45:40.041+0000] {dagbag.py:538} INFO - Filling up the DagBag from /opt/airflow/dags/purchase_analytics_dag.py
[2025-12-20T16:45:40.059+0000] {processor.py:840} INFO - DAG(s) 'purchase_analytics_refresh' retrieved from /opt/airflow/dags/purchase_analytics_dag.py
[2025-12-20T16:45:40.095+0000] {logging_mixin.py:188} INFO - [2025-12-20T16:45:40.095+0000] {dag.py:3033} INFO - Sync 1 DAGs
[2025-12-20T16:45:40.124+0000] {logging_mixin.py:188} INFO - [2025-12-20T16:45:40.123+0000] {dag.py:3820} INFO - Setting next_dagrun for purchase_analytics_refresh to 2025-12-20T02:00:00+00:00, run_after=2025-12-21T02:00:00+00:00
[2025-12-20T16:45:40.139+0000] {processor.py:183} INFO - Processing /opt/airflow/dags/purchase_analytics_dag.py took 0.109 seconds
[2025-12-20T16:46:10.426+0000] {processor.py:161} INFO - Started process (PID=1161) to work on /opt/airflow/dags/purchase_analytics_dag.py
[2025-12-20T16:46:10.427+0000] {processor.py:830} INFO - Processing file /opt/airflow/dags/purchase_analytics_dag.py for tasks to queue
[2025-12-20T16:46:10.428+0000] {logging_mixin.py:188} INFO - [2025-12-20T16:46:10.428+0000] {dagbag.py:538} INFO - Filling up the DagBag from /opt/airflow/dags/purchase_analytics_dag.py
[2025-12-20T16:46:10.441+0000] {processor.py:840} INFO - DAG(s) 'purchase_analytics_refresh' retrieved from /opt/airflow/dags/purchase_analytics_dag.py
[2025-12-20T16:46:10.483+0000] {logging_mixin.py:188} INFO - [2025-12-20T16:46:10.483+0000] {dag.py:3033} INFO - Sync 1 DAGs
[2025-12-20T16:46:10.502+0000] {logging_mixin.py:188} INFO - [2025-12-20T16:46:10.502+0000] {dag.py:3820} INFO - Setting next_dagrun for purchase_analytics_refresh to 2025-12-20T02:00:00+00:00, run_after=2025-12-21T02:00:00+00:00
[2025-12-20T16:46:10.522+0000] {processor.py:183} INFO - Processing /opt/airflow/dags/purchase_analytics_dag.py took 0.099 seconds
[2025-12-20T16:46:40.780+0000] {processor.py:161} INFO - Started process (PID=1171) to work on /opt/airflow/dags/purchase_analytics_dag.py
[2025-12-20T16:46:40.782+0000] {processor.py:830} INFO - Processing file /opt/airflow/dags/purchase_analytics_dag.py for tasks to queue
[2025-12-20T16:46:40.782+0000] {logging_mixin.py:188} INFO - [2025-12-20T16:46:40.782+0000] {dagbag.py:538} INFO - Filling up the DagBag from /opt/airflow/dags/purchase_analytics_dag.py
[2025-12-20T16:46:40.797+0000] {processor.py:840} INFO - DAG(s) 'purchase_analytics_refresh' retrieved from /opt/airflow/dags/purchase_analytics_dag.py
[2025-12-20T16:46:40.828+0000] {logging_mixin.py:188} INFO - [2025-12-20T16:46:40.827+0000] {dag.py:3033} INFO - Sync 1 DAGs
[2025-12-20T16:46:40.852+0000] {logging_mixin.py:188} INFO - [2025-12-20T16:46:40.852+0000] {dag.py:3820} INFO - Setting next_dagrun for purchase_analytics_refresh to 2025-12-20T02:00:00+00:00, run_after=2025-12-21T02:00:00+00:00
[2025-12-20T16:46:40.867+0000] {processor.py:183} INFO - Processing /opt/airflow/dags/purchase_analytics_dag.py took 0.091 seconds
[2025-12-20T16:47:11.174+0000] {processor.py:161} INFO - Started process (PID=1193) to work on /opt/airflow/dags/purchase_analytics_dag.py
[2025-12-20T16:47:11.177+0000] {processor.py:830} INFO - Processing file /opt/airflow/dags/purchase_analytics_dag.py for tasks to queue
[2025-12-20T16:47:11.178+0000] {logging_mixin.py:188} INFO - [2025-12-20T16:47:11.178+0000] {dagbag.py:538} INFO - Filling up the DagBag from /opt/airflow/dags/purchase_analytics_dag.py
[2025-12-20T16:47:11.197+0000] {processor.py:840} INFO - DAG(s) 'purchase_analytics_refresh' retrieved from /opt/airflow/dags/purchase_analytics_dag.py
[2025-12-20T16:47:11.224+0000] {logging_mixin.py:188} INFO - [2025-12-20T16:47:11.224+0000] {dag.py:3033} INFO - Sync 1 DAGs
[2025-12-20T16:47:11.245+0000] {logging_mixin.py:188} INFO - [2025-12-20T16:47:11.245+0000] {dag.py:3820} INFO - Setting next_dagrun for purchase_analytics_refresh to 2025-12-20T02:00:00+00:00, run_after=2025-12-21T02:00:00+00:00
[2025-12-20T16:47:11.265+0000] {processor.py:183} INFO - Processing /opt/airflow/dags/purchase_analytics_dag.py took 0.096 seconds
[2025-12-20T16:47:41.578+0000] {processor.py:161} INFO - Started process (PID=1216) to work on /opt/airflow/dags/purchase_analytics_dag.py
[2025-12-20T16:47:41.580+0000] {processor.py:830} INFO - Processing file /opt/airflow/dags/purchase_analytics_dag.py for tasks to queue
[2025-12-20T16:47:41.581+0000] {logging_mixin.py:188} INFO - [2025-12-20T16:47:41.580+0000] {dagbag.py:538} INFO - Filling up the DagBag from /opt/airflow/dags/purchase_analytics_dag.py
[2025-12-20T16:47:41.593+0000] {processor.py:840} INFO - DAG(s) 'purchase_analytics_refresh' retrieved from /opt/airflow/dags/purchase_analytics_dag.py
[2025-12-20T16:47:41.621+0000] {logging_mixin.py:188} INFO - [2025-12-20T16:47:41.621+0000] {dag.py:3033} INFO - Sync 1 DAGs
[2025-12-20T16:47:41.649+0000] {logging_mixin.py:188} INFO - [2025-12-20T16:47:41.649+0000] {dag.py:3820} INFO - Setting next_dagrun for purchase_analytics_refresh to 2025-12-20T02:00:00+00:00, run_after=2025-12-21T02:00:00+00:00
[2025-12-20T16:47:41.664+0000] {processor.py:183} INFO - Processing /opt/airflow/dags/purchase_analytics_dag.py took 0.100 seconds
[2025-12-20T16:48:12.050+0000] {processor.py:161} INFO - Started process (PID=1237) to work on /opt/airflow/dags/purchase_analytics_dag.py
[2025-12-20T16:48:12.052+0000] {processor.py:830} INFO - Processing file /opt/airflow/dags/purchase_analytics_dag.py for tasks to queue
[2025-12-20T16:48:12.053+0000] {logging_mixin.py:188} INFO - [2025-12-20T16:48:12.053+0000] {dagbag.py:538} INFO - Filling up the DagBag from /opt/airflow/dags/purchase_analytics_dag.py
[2025-12-20T16:48:12.071+0000] {processor.py:840} INFO - DAG(s) 'purchase_analytics_refresh' retrieved from /opt/airflow/dags/purchase_analytics_dag.py
[2025-12-20T16:48:12.119+0000] {logging_mixin.py:188} INFO - [2025-12-20T16:48:12.119+0000] {dag.py:3033} INFO - Sync 1 DAGs
[2025-12-20T16:48:12.144+0000] {logging_mixin.py:188} INFO - [2025-12-20T16:48:12.144+0000] {dag.py:3820} INFO - Setting next_dagrun for purchase_analytics_refresh to 2025-12-20T02:00:00+00:00, run_after=2025-12-21T02:00:00+00:00
[2025-12-20T16:48:12.162+0000] {processor.py:183} INFO - Processing /opt/airflow/dags/purchase_analytics_dag.py took 0.122 seconds
[2025-12-20T16:48:19.248+0000] {processor.py:161} INFO - Started process (PID=1238) to work on /opt/airflow/dags/purchase_analytics_dag.py
[2025-12-20T16:48:19.250+0000] {processor.py:830} INFO - Processing file /opt/airflow/dags/purchase_analytics_dag.py for tasks to queue
[2025-12-20T16:48:19.251+0000] {logging_mixin.py:188} INFO - [2025-12-20T16:48:19.250+0000] {dagbag.py:538} INFO - Filling up the DagBag from /opt/airflow/dags/purchase_analytics_dag.py
[2025-12-20T16:48:19.290+0000] {processor.py:840} INFO - DAG(s) 'purchase_analytics_refresh' retrieved from /opt/airflow/dags/purchase_analytics_dag.py
[2025-12-20T16:48:19.333+0000] {logging_mixin.py:188} INFO - [2025-12-20T16:48:19.333+0000] {dag.py:3033} INFO - Sync 1 DAGs
[2025-12-20T16:48:19.362+0000] {logging_mixin.py:188} INFO - [2025-12-20T16:48:19.362+0000] {dag.py:3820} INFO - Setting next_dagrun for purchase_analytics_refresh to 2025-12-20T02:00:00+00:00, run_after=2025-12-21T02:00:00+00:00
[2025-12-20T16:48:19.386+0000] {processor.py:183} INFO - Processing /opt/airflow/dags/purchase_analytics_dag.py took 0.150 seconds
[2025-12-20T16:48:26.478+0000] {processor.py:161} INFO - Started process (PID=1247) to work on /opt/airflow/dags/purchase_analytics_dag.py
[2025-12-20T16:48:26.480+0000] {processor.py:830} INFO - Processing file /opt/airflow/dags/purchase_analytics_dag.py for tasks to queue
[2025-12-20T16:48:26.481+0000] {logging_mixin.py:188} INFO - [2025-12-20T16:48:26.480+0000] {dagbag.py:538} INFO - Filling up the DagBag from /opt/airflow/dags/purchase_analytics_dag.py
[2025-12-20T16:48:26.540+0000] {processor.py:840} INFO - DAG(s) 'purchase_analytics_refresh' retrieved from /opt/airflow/dags/purchase_analytics_dag.py
[2025-12-20T16:48:26.591+0000] {logging_mixin.py:188} INFO - [2025-12-20T16:48:26.591+0000] {dag.py:3033} INFO - Sync 1 DAGs
[2025-12-20T16:48:26.653+0000] {logging_mixin.py:188} INFO - [2025-12-20T16:48:26.653+0000] {dag.py:3820} INFO - Setting next_dagrun for purchase_analytics_refresh to 2025-12-20T02:00:00+00:00, run_after=2025-12-21T02:00:00+00:00
[2025-12-20T16:48:26.685+0000] {processor.py:183} INFO - Processing /opt/airflow/dags/purchase_analytics_dag.py took 0.214 seconds
[2025-12-20T16:48:34.647+0000] {processor.py:161} INFO - Started process (PID=1248) to work on /opt/airflow/dags/purchase_analytics_dag.py
[2025-12-20T16:48:34.649+0000] {processor.py:830} INFO - Processing file /opt/airflow/dags/purchase_analytics_dag.py for tasks to queue
[2025-12-20T16:48:34.654+0000] {logging_mixin.py:188} INFO - [2025-12-20T16:48:34.650+0000] {dagbag.py:538} INFO - Filling up the DagBag from /opt/airflow/dags/purchase_analytics_dag.py
[2025-12-20T16:48:34.699+0000] {processor.py:840} INFO - DAG(s) 'purchase_analytics_refresh' retrieved from /opt/airflow/dags/purchase_analytics_dag.py
[2025-12-20T16:48:34.758+0000] {logging_mixin.py:188} INFO - [2025-12-20T16:48:34.757+0000] {dag.py:3033} INFO - Sync 1 DAGs
[2025-12-20T16:48:34.787+0000] {logging_mixin.py:188} INFO - [2025-12-20T16:48:34.787+0000] {dag.py:3820} INFO - Setting next_dagrun for purchase_analytics_refresh to 2025-12-20T02:00:00+00:00, run_after=2025-12-21T02:00:00+00:00
[2025-12-20T16:48:34.806+0000] {processor.py:183} INFO - Processing /opt/airflow/dags/purchase_analytics_dag.py took 0.172 seconds
[2025-12-20T16:48:47.914+0000] {processor.py:161} INFO - Started process (PID=1251) to work on /opt/airflow/dags/purchase_analytics_dag.py
[2025-12-20T16:48:47.915+0000] {processor.py:830} INFO - Processing file /opt/airflow/dags/purchase_analytics_dag.py for tasks to queue
[2025-12-20T16:48:47.916+0000] {logging_mixin.py:188} INFO - [2025-12-20T16:48:47.916+0000] {dagbag.py:538} INFO - Filling up the DagBag from /opt/airflow/dags/purchase_analytics_dag.py
[2025-12-20T16:48:47.927+0000] {processor.py:840} INFO - DAG(s) 'purchase_analytics_refresh' retrieved from /opt/airflow/dags/purchase_analytics_dag.py
[2025-12-20T16:48:47.955+0000] {logging_mixin.py:188} INFO - [2025-12-20T16:48:47.955+0000] {dag.py:3033} INFO - Sync 1 DAGs
[2025-12-20T16:48:47.979+0000] {logging_mixin.py:188} INFO - [2025-12-20T16:48:47.979+0000] {dag.py:3820} INFO - Setting next_dagrun for purchase_analytics_refresh to 2025-12-20T02:00:00+00:00, run_after=2025-12-21T02:00:00+00:00
[2025-12-20T16:48:47.996+0000] {processor.py:183} INFO - Processing /opt/airflow/dags/purchase_analytics_dag.py took 0.086 seconds
[2025-12-20T16:49:18.339+0000] {processor.py:161} INFO - Started process (PID=1261) to work on /opt/airflow/dags/purchase_analytics_dag.py
[2025-12-20T16:49:18.342+0000] {processor.py:830} INFO - Processing file /opt/airflow/dags/purchase_analytics_dag.py for tasks to queue
[2025-12-20T16:49:18.342+0000] {logging_mixin.py:188} INFO - [2025-12-20T16:49:18.342+0000] {dagbag.py:538} INFO - Filling up the DagBag from /opt/airflow/dags/purchase_analytics_dag.py
[2025-12-20T16:49:18.354+0000] {processor.py:840} INFO - DAG(s) 'purchase_analytics_refresh' retrieved from /opt/airflow/dags/purchase_analytics_dag.py
[2025-12-20T16:49:18.386+0000] {logging_mixin.py:188} INFO - [2025-12-20T16:49:18.386+0000] {dag.py:3033} INFO - Sync 1 DAGs
[2025-12-20T16:49:18.404+0000] {logging_mixin.py:188} INFO - [2025-12-20T16:49:18.404+0000] {dag.py:3820} INFO - Setting next_dagrun for purchase_analytics_refresh to 2025-12-20T02:00:00+00:00, run_after=2025-12-21T02:00:00+00:00
[2025-12-20T16:49:18.418+0000] {processor.py:183} INFO - Processing /opt/airflow/dags/purchase_analytics_dag.py took 0.081 seconds
[2025-12-20T16:49:48.744+0000] {processor.py:161} INFO - Started process (PID=1271) to work on /opt/airflow/dags/purchase_analytics_dag.py
[2025-12-20T16:49:48.748+0000] {processor.py:830} INFO - Processing file /opt/airflow/dags/purchase_analytics_dag.py for tasks to queue
[2025-12-20T16:49:48.749+0000] {logging_mixin.py:188} INFO - [2025-12-20T16:49:48.749+0000] {dagbag.py:538} INFO - Filling up the DagBag from /opt/airflow/dags/purchase_analytics_dag.py
[2025-12-20T16:49:48.775+0000] {processor.py:840} INFO - DAG(s) 'purchase_analytics_refresh' retrieved from /opt/airflow/dags/purchase_analytics_dag.py
[2025-12-20T16:49:48.831+0000] {logging_mixin.py:188} INFO - [2025-12-20T16:49:48.831+0000] {dag.py:3033} INFO - Sync 1 DAGs
[2025-12-20T16:49:48.863+0000] {logging_mixin.py:188} INFO - [2025-12-20T16:49:48.863+0000] {dag.py:3820} INFO - Setting next_dagrun for purchase_analytics_refresh to 2025-12-20T02:00:00+00:00, run_after=2025-12-21T02:00:00+00:00
[2025-12-20T16:49:48.880+0000] {processor.py:183} INFO - Processing /opt/airflow/dags/purchase_analytics_dag.py took 0.152 seconds
[2025-12-20T16:50:19.178+0000] {processor.py:161} INFO - Started process (PID=1281) to work on /opt/airflow/dags/purchase_analytics_dag.py
[2025-12-20T16:50:19.184+0000] {processor.py:830} INFO - Processing file /opt/airflow/dags/purchase_analytics_dag.py for tasks to queue
[2025-12-20T16:50:19.185+0000] {logging_mixin.py:188} INFO - [2025-12-20T16:50:19.185+0000] {dagbag.py:538} INFO - Filling up the DagBag from /opt/airflow/dags/purchase_analytics_dag.py
[2025-12-20T16:50:19.222+0000] {processor.py:840} INFO - DAG(s) 'purchase_analytics_refresh' retrieved from /opt/airflow/dags/purchase_analytics_dag.py
[2025-12-20T16:50:19.280+0000] {logging_mixin.py:188} INFO - [2025-12-20T16:50:19.280+0000] {dag.py:3033} INFO - Sync 1 DAGs
[2025-12-20T16:50:19.308+0000] {logging_mixin.py:188} INFO - [2025-12-20T16:50:19.308+0000] {dag.py:3820} INFO - Setting next_dagrun for purchase_analytics_refresh to 2025-12-20T02:00:00+00:00, run_after=2025-12-21T02:00:00+00:00
[2025-12-20T16:50:19.338+0000] {processor.py:183} INFO - Processing /opt/airflow/dags/purchase_analytics_dag.py took 0.174 seconds
[2025-12-20T16:50:49.635+0000] {processor.py:161} INFO - Started process (PID=1291) to work on /opt/airflow/dags/purchase_analytics_dag.py
[2025-12-20T16:50:49.636+0000] {processor.py:830} INFO - Processing file /opt/airflow/dags/purchase_analytics_dag.py for tasks to queue
[2025-12-20T16:50:49.637+0000] {logging_mixin.py:188} INFO - [2025-12-20T16:50:49.636+0000] {dagbag.py:538} INFO - Filling up the DagBag from /opt/airflow/dags/purchase_analytics_dag.py
[2025-12-20T16:50:49.649+0000] {processor.py:840} INFO - DAG(s) 'purchase_analytics_refresh' retrieved from /opt/airflow/dags/purchase_analytics_dag.py
[2025-12-20T16:50:49.689+0000] {logging_mixin.py:188} INFO - [2025-12-20T16:50:49.689+0000] {dag.py:3033} INFO - Sync 1 DAGs
[2025-12-20T16:50:49.706+0000] {logging_mixin.py:188} INFO - [2025-12-20T16:50:49.706+0000] {dag.py:3820} INFO - Setting next_dagrun for purchase_analytics_refresh to 2025-12-20T02:00:00+00:00, run_after=2025-12-21T02:00:00+00:00
[2025-12-20T16:50:49.721+0000] {processor.py:183} INFO - Processing /opt/airflow/dags/purchase_analytics_dag.py took 0.090 seconds
[2025-12-20T16:51:20.189+0000] {processor.py:161} INFO - Started process (PID=1301) to work on /opt/airflow/dags/purchase_analytics_dag.py
[2025-12-20T16:51:20.192+0000] {processor.py:830} INFO - Processing file /opt/airflow/dags/purchase_analytics_dag.py for tasks to queue
[2025-12-20T16:51:20.194+0000] {logging_mixin.py:188} INFO - [2025-12-20T16:51:20.193+0000] {dagbag.py:538} INFO - Filling up the DagBag from /opt/airflow/dags/purchase_analytics_dag.py
[2025-12-20T16:51:20.215+0000] {processor.py:840} INFO - DAG(s) 'purchase_analytics_refresh' retrieved from /opt/airflow/dags/purchase_analytics_dag.py
[2025-12-20T16:51:20.256+0000] {logging_mixin.py:188} INFO - [2025-12-20T16:51:20.256+0000] {dag.py:3033} INFO - Sync 1 DAGs
[2025-12-20T16:51:20.279+0000] {logging_mixin.py:188} INFO - [2025-12-20T16:51:20.279+0000] {dag.py:3820} INFO - Setting next_dagrun for purchase_analytics_refresh to 2025-12-20T02:00:00+00:00, run_after=2025-12-21T02:00:00+00:00
[2025-12-20T16:51:20.307+0000] {processor.py:183} INFO - Processing /opt/airflow/dags/purchase_analytics_dag.py took 0.130 seconds
[2025-12-20T16:51:50.746+0000] {processor.py:161} INFO - Started process (PID=1323) to work on /opt/airflow/dags/purchase_analytics_dag.py
[2025-12-20T16:51:50.749+0000] {processor.py:830} INFO - Processing file /opt/airflow/dags/purchase_analytics_dag.py for tasks to queue
[2025-12-20T16:51:50.750+0000] {logging_mixin.py:188} INFO - [2025-12-20T16:51:50.750+0000] {dagbag.py:538} INFO - Filling up the DagBag from /opt/airflow/dags/purchase_analytics_dag.py
[2025-12-20T16:51:50.765+0000] {processor.py:840} INFO - DAG(s) 'purchase_analytics_refresh' retrieved from /opt/airflow/dags/purchase_analytics_dag.py
[2025-12-20T16:51:50.807+0000] {logging_mixin.py:188} INFO - [2025-12-20T16:51:50.806+0000] {dag.py:3033} INFO - Sync 1 DAGs
[2025-12-20T16:51:50.841+0000] {logging_mixin.py:188} INFO - [2025-12-20T16:51:50.841+0000] {dag.py:3820} INFO - Setting next_dagrun for purchase_analytics_refresh to 2025-12-20T02:00:00+00:00, run_after=2025-12-21T02:00:00+00:00
[2025-12-20T16:51:50.863+0000] {processor.py:183} INFO - Processing /opt/airflow/dags/purchase_analytics_dag.py took 0.123 seconds
[2025-12-20T16:52:21.144+0000] {processor.py:161} INFO - Started process (PID=1333) to work on /opt/airflow/dags/purchase_analytics_dag.py
[2025-12-20T16:52:21.146+0000] {processor.py:830} INFO - Processing file /opt/airflow/dags/purchase_analytics_dag.py for tasks to queue
[2025-12-20T16:52:21.147+0000] {logging_mixin.py:188} INFO - [2025-12-20T16:52:21.146+0000] {dagbag.py:538} INFO - Filling up the DagBag from /opt/airflow/dags/purchase_analytics_dag.py
[2025-12-20T16:52:21.158+0000] {processor.py:840} INFO - DAG(s) 'purchase_analytics_refresh' retrieved from /opt/airflow/dags/purchase_analytics_dag.py
[2025-12-20T16:52:21.209+0000] {logging_mixin.py:188} INFO - [2025-12-20T16:52:21.209+0000] {dag.py:3033} INFO - Sync 1 DAGs
[2025-12-20T16:52:21.232+0000] {logging_mixin.py:188} INFO - [2025-12-20T16:52:21.232+0000] {dag.py:3820} INFO - Setting next_dagrun for purchase_analytics_refresh to 2025-12-20T02:00:00+00:00, run_after=2025-12-21T02:00:00+00:00
[2025-12-20T16:52:21.250+0000] {processor.py:183} INFO - Processing /opt/airflow/dags/purchase_analytics_dag.py took 0.116 seconds
[2025-12-20T16:52:51.552+0000] {processor.py:161} INFO - Started process (PID=1343) to work on /opt/airflow/dags/purchase_analytics_dag.py
[2025-12-20T16:52:51.554+0000] {processor.py:830} INFO - Processing file /opt/airflow/dags/purchase_analytics_dag.py for tasks to queue
[2025-12-20T16:52:51.555+0000] {logging_mixin.py:188} INFO - [2025-12-20T16:52:51.554+0000] {dagbag.py:538} INFO - Filling up the DagBag from /opt/airflow/dags/purchase_analytics_dag.py
[2025-12-20T16:52:51.571+0000] {processor.py:840} INFO - DAG(s) 'purchase_analytics_refresh' retrieved from /opt/airflow/dags/purchase_analytics_dag.py
[2025-12-20T16:52:51.607+0000] {logging_mixin.py:188} INFO - [2025-12-20T16:52:51.607+0000] {dag.py:3033} INFO - Sync 1 DAGs
[2025-12-20T16:52:51.630+0000] {logging_mixin.py:188} INFO - [2025-12-20T16:52:51.630+0000] {dag.py:3820} INFO - Setting next_dagrun for purchase_analytics_refresh to 2025-12-20T02:00:00+00:00, run_after=2025-12-21T02:00:00+00:00
[2025-12-20T16:52:51.649+0000] {processor.py:183} INFO - Processing /opt/airflow/dags/purchase_analytics_dag.py took 0.103 seconds
[2025-12-20T16:53:21.934+0000] {processor.py:161} INFO - Started process (PID=1353) to work on /opt/airflow/dags/purchase_analytics_dag.py
[2025-12-20T16:53:21.936+0000] {processor.py:830} INFO - Processing file /opt/airflow/dags/purchase_analytics_dag.py for tasks to queue
[2025-12-20T16:53:21.937+0000] {logging_mixin.py:188} INFO - [2025-12-20T16:53:21.937+0000] {dagbag.py:538} INFO - Filling up the DagBag from /opt/airflow/dags/purchase_analytics_dag.py
[2025-12-20T16:53:21.955+0000] {processor.py:840} INFO - DAG(s) 'purchase_analytics_refresh' retrieved from /opt/airflow/dags/purchase_analytics_dag.py
[2025-12-20T16:53:22.004+0000] {logging_mixin.py:188} INFO - [2025-12-20T16:53:22.004+0000] {dag.py:3033} INFO - Sync 1 DAGs
[2025-12-20T16:53:22.029+0000] {logging_mixin.py:188} INFO - [2025-12-20T16:53:22.029+0000] {dag.py:3820} INFO - Setting next_dagrun for purchase_analytics_refresh to 2025-12-20T02:00:00+00:00, run_after=2025-12-21T02:00:00+00:00
[2025-12-20T16:53:22.040+0000] {processor.py:183} INFO - Processing /opt/airflow/dags/purchase_analytics_dag.py took 0.113 seconds
[2025-12-20T16:53:52.327+0000] {processor.py:161} INFO - Started process (PID=1363) to work on /opt/airflow/dags/purchase_analytics_dag.py
[2025-12-20T16:53:52.328+0000] {processor.py:830} INFO - Processing file /opt/airflow/dags/purchase_analytics_dag.py for tasks to queue
[2025-12-20T16:53:52.328+0000] {logging_mixin.py:188} INFO - [2025-12-20T16:53:52.328+0000] {dagbag.py:538} INFO - Filling up the DagBag from /opt/airflow/dags/purchase_analytics_dag.py
[2025-12-20T16:53:52.340+0000] {processor.py:840} INFO - DAG(s) 'purchase_analytics_refresh' retrieved from /opt/airflow/dags/purchase_analytics_dag.py
[2025-12-20T16:53:52.373+0000] {logging_mixin.py:188} INFO - [2025-12-20T16:53:52.373+0000] {dag.py:3033} INFO - Sync 1 DAGs
[2025-12-20T16:53:52.390+0000] {logging_mixin.py:188} INFO - [2025-12-20T16:53:52.390+0000] {dag.py:3820} INFO - Setting next_dagrun for purchase_analytics_refresh to 2025-12-20T02:00:00+00:00, run_after=2025-12-21T02:00:00+00:00
[2025-12-20T16:53:52.404+0000] {processor.py:183} INFO - Processing /opt/airflow/dags/purchase_analytics_dag.py took 0.082 seconds
[2025-12-20T16:54:22.702+0000] {processor.py:161} INFO - Started process (PID=1373) to work on /opt/airflow/dags/purchase_analytics_dag.py
[2025-12-20T16:54:22.703+0000] {processor.py:830} INFO - Processing file /opt/airflow/dags/purchase_analytics_dag.py for tasks to queue
[2025-12-20T16:54:22.703+0000] {logging_mixin.py:188} INFO - [2025-12-20T16:54:22.703+0000] {dagbag.py:538} INFO - Filling up the DagBag from /opt/airflow/dags/purchase_analytics_dag.py
[2025-12-20T16:54:22.714+0000] {processor.py:840} INFO - DAG(s) 'purchase_analytics_refresh' retrieved from /opt/airflow/dags/purchase_analytics_dag.py
[2025-12-20T16:54:22.742+0000] {logging_mixin.py:188} INFO - [2025-12-20T16:54:22.742+0000] {dag.py:3033} INFO - Sync 1 DAGs
[2025-12-20T16:54:22.767+0000] {logging_mixin.py:188} INFO - [2025-12-20T16:54:22.767+0000] {dag.py:3820} INFO - Setting next_dagrun for purchase_analytics_refresh to 2025-12-20T02:00:00+00:00, run_after=2025-12-21T02:00:00+00:00
[2025-12-20T16:54:22.780+0000] {processor.py:183} INFO - Processing /opt/airflow/dags/purchase_analytics_dag.py took 0.083 seconds
[2025-12-20T16:54:53.114+0000] {processor.py:161} INFO - Started process (PID=1383) to work on /opt/airflow/dags/purchase_analytics_dag.py
[2025-12-20T16:54:53.116+0000] {processor.py:830} INFO - Processing file /opt/airflow/dags/purchase_analytics_dag.py for tasks to queue
[2025-12-20T16:54:53.117+0000] {logging_mixin.py:188} INFO - [2025-12-20T16:54:53.116+0000] {dagbag.py:538} INFO - Filling up the DagBag from /opt/airflow/dags/purchase_analytics_dag.py
[2025-12-20T16:54:53.141+0000] {processor.py:840} INFO - DAG(s) 'purchase_analytics_refresh' retrieved from /opt/airflow/dags/purchase_analytics_dag.py
[2025-12-20T16:54:53.178+0000] {logging_mixin.py:188} INFO - [2025-12-20T16:54:53.178+0000] {dag.py:3033} INFO - Sync 1 DAGs
[2025-12-20T16:54:53.207+0000] {logging_mixin.py:188} INFO - [2025-12-20T16:54:53.207+0000] {dag.py:3820} INFO - Setting next_dagrun for purchase_analytics_refresh to 2025-12-20T02:00:00+00:00, run_after=2025-12-21T02:00:00+00:00
[2025-12-20T16:54:53.230+0000] {processor.py:183} INFO - Processing /opt/airflow/dags/purchase_analytics_dag.py took 0.126 seconds
[2025-12-20T16:55:23.521+0000] {processor.py:161} INFO - Started process (PID=1393) to work on /opt/airflow/dags/purchase_analytics_dag.py
[2025-12-20T16:55:23.522+0000] {processor.py:830} INFO - Processing file /opt/airflow/dags/purchase_analytics_dag.py for tasks to queue
[2025-12-20T16:55:23.523+0000] {logging_mixin.py:188} INFO - [2025-12-20T16:55:23.523+0000] {dagbag.py:538} INFO - Filling up the DagBag from /opt/airflow/dags/purchase_analytics_dag.py
[2025-12-20T16:55:23.536+0000] {processor.py:840} INFO - DAG(s) 'purchase_analytics_refresh' retrieved from /opt/airflow/dags/purchase_analytics_dag.py
[2025-12-20T16:55:23.574+0000] {logging_mixin.py:188} INFO - [2025-12-20T16:55:23.574+0000] {dag.py:3033} INFO - Sync 1 DAGs
[2025-12-20T16:55:23.593+0000] {logging_mixin.py:188} INFO - [2025-12-20T16:55:23.593+0000] {dag.py:3820} INFO - Setting next_dagrun for purchase_analytics_refresh to 2025-12-20T02:00:00+00:00, run_after=2025-12-21T02:00:00+00:00
[2025-12-20T16:55:23.607+0000] {processor.py:183} INFO - Processing /opt/airflow/dags/purchase_analytics_dag.py took 0.090 seconds
[2025-12-20T16:55:54.012+0000] {processor.py:161} INFO - Started process (PID=1403) to work on /opt/airflow/dags/purchase_analytics_dag.py
[2025-12-20T16:55:54.015+0000] {processor.py:830} INFO - Processing file /opt/airflow/dags/purchase_analytics_dag.py for tasks to queue
[2025-12-20T16:55:54.016+0000] {logging_mixin.py:188} INFO - [2025-12-20T16:55:54.015+0000] {dagbag.py:538} INFO - Filling up the DagBag from /opt/airflow/dags/purchase_analytics_dag.py
[2025-12-20T16:55:54.031+0000] {processor.py:840} INFO - DAG(s) 'purchase_analytics_refresh' retrieved from /opt/airflow/dags/purchase_analytics_dag.py
[2025-12-20T16:55:54.079+0000] {logging_mixin.py:188} INFO - [2025-12-20T16:55:54.079+0000] {dag.py:3033} INFO - Sync 1 DAGs
[2025-12-20T16:55:54.112+0000] {logging_mixin.py:188} INFO - [2025-12-20T16:55:54.111+0000] {dag.py:3820} INFO - Setting next_dagrun for purchase_analytics_refresh to 2025-12-20T02:00:00+00:00, run_after=2025-12-21T02:00:00+00:00
[2025-12-20T16:55:54.136+0000] {processor.py:183} INFO - Processing /opt/airflow/dags/purchase_analytics_dag.py took 0.131 seconds
[2025-12-20T16:56:24.471+0000] {processor.py:161} INFO - Started process (PID=1413) to work on /opt/airflow/dags/purchase_analytics_dag.py
[2025-12-20T16:56:24.473+0000] {processor.py:830} INFO - Processing file /opt/airflow/dags/purchase_analytics_dag.py for tasks to queue
[2025-12-20T16:56:24.474+0000] {logging_mixin.py:188} INFO - [2025-12-20T16:56:24.474+0000] {dagbag.py:538} INFO - Filling up the DagBag from /opt/airflow/dags/purchase_analytics_dag.py
[2025-12-20T16:56:24.496+0000] {processor.py:840} INFO - DAG(s) 'purchase_analytics_refresh' retrieved from /opt/airflow/dags/purchase_analytics_dag.py
[2025-12-20T16:56:24.529+0000] {logging_mixin.py:188} INFO - [2025-12-20T16:56:24.529+0000] {dag.py:3033} INFO - Sync 1 DAGs
[2025-12-20T16:56:24.557+0000] {logging_mixin.py:188} INFO - [2025-12-20T16:56:24.557+0000] {dag.py:3820} INFO - Setting next_dagrun for purchase_analytics_refresh to 2025-12-20T02:00:00+00:00, run_after=2025-12-21T02:00:00+00:00
[2025-12-20T16:56:24.573+0000] {processor.py:183} INFO - Processing /opt/airflow/dags/purchase_analytics_dag.py took 0.109 seconds
[2025-12-20T16:56:55.101+0000] {processor.py:161} INFO - Started process (PID=1423) to work on /opt/airflow/dags/purchase_analytics_dag.py
[2025-12-20T16:56:55.104+0000] {processor.py:830} INFO - Processing file /opt/airflow/dags/purchase_analytics_dag.py for tasks to queue
[2025-12-20T16:56:55.105+0000] {logging_mixin.py:188} INFO - [2025-12-20T16:56:55.104+0000] {dagbag.py:538} INFO - Filling up the DagBag from /opt/airflow/dags/purchase_analytics_dag.py
[2025-12-20T16:56:55.137+0000] {processor.py:840} INFO - DAG(s) 'purchase_analytics_refresh' retrieved from /opt/airflow/dags/purchase_analytics_dag.py
[2025-12-20T16:56:55.186+0000] {logging_mixin.py:188} INFO - [2025-12-20T16:56:55.186+0000] {dag.py:3033} INFO - Sync 1 DAGs
[2025-12-20T16:56:55.226+0000] {logging_mixin.py:188} INFO - [2025-12-20T16:56:55.226+0000] {dag.py:3820} INFO - Setting next_dagrun for purchase_analytics_refresh to 2025-12-20T02:00:00+00:00, run_after=2025-12-21T02:00:00+00:00
[2025-12-20T16:56:55.346+0000] {processor.py:183} INFO - Processing /opt/airflow/dags/purchase_analytics_dag.py took 0.254 seconds
[2025-12-20T16:57:25.701+0000] {processor.py:161} INFO - Started process (PID=1433) to work on /opt/airflow/dags/purchase_analytics_dag.py
[2025-12-20T16:57:25.703+0000] {processor.py:830} INFO - Processing file /opt/airflow/dags/purchase_analytics_dag.py for tasks to queue
[2025-12-20T16:57:25.705+0000] {logging_mixin.py:188} INFO - [2025-12-20T16:57:25.704+0000] {dagbag.py:538} INFO - Filling up the DagBag from /opt/airflow/dags/purchase_analytics_dag.py
[2025-12-20T16:57:25.729+0000] {processor.py:840} INFO - DAG(s) 'purchase_analytics_refresh' retrieved from /opt/airflow/dags/purchase_analytics_dag.py
[2025-12-20T16:57:25.787+0000] {logging_mixin.py:188} INFO - [2025-12-20T16:57:25.787+0000] {dag.py:3033} INFO - Sync 1 DAGs
[2025-12-20T16:57:25.813+0000] {logging_mixin.py:188} INFO - [2025-12-20T16:57:25.813+0000] {dag.py:3820} INFO - Setting next_dagrun for purchase_analytics_refresh to 2025-12-20T02:00:00+00:00, run_after=2025-12-21T02:00:00+00:00
[2025-12-20T16:57:25.834+0000] {processor.py:183} INFO - Processing /opt/airflow/dags/purchase_analytics_dag.py took 0.146 seconds
[2025-12-20T16:57:56.087+0000] {processor.py:161} INFO - Started process (PID=1443) to work on /opt/airflow/dags/purchase_analytics_dag.py
[2025-12-20T16:57:56.088+0000] {processor.py:830} INFO - Processing file /opt/airflow/dags/purchase_analytics_dag.py for tasks to queue
[2025-12-20T16:57:56.089+0000] {logging_mixin.py:188} INFO - [2025-12-20T16:57:56.089+0000] {dagbag.py:538} INFO - Filling up the DagBag from /opt/airflow/dags/purchase_analytics_dag.py
[2025-12-20T16:57:56.097+0000] {processor.py:840} INFO - DAG(s) 'purchase_analytics_refresh' retrieved from /opt/airflow/dags/purchase_analytics_dag.py
[2025-12-20T16:57:56.130+0000] {logging_mixin.py:188} INFO - [2025-12-20T16:57:56.129+0000] {dag.py:3033} INFO - Sync 1 DAGs
[2025-12-20T16:57:56.152+0000] {logging_mixin.py:188} INFO - [2025-12-20T16:57:56.152+0000] {dag.py:3820} INFO - Setting next_dagrun for purchase_analytics_refresh to 2025-12-20T02:00:00+00:00, run_after=2025-12-21T02:00:00+00:00
[2025-12-20T16:57:56.171+0000] {processor.py:183} INFO - Processing /opt/airflow/dags/purchase_analytics_dag.py took 0.086 seconds
[2025-12-20T16:58:26.555+0000] {processor.py:161} INFO - Started process (PID=1453) to work on /opt/airflow/dags/purchase_analytics_dag.py
[2025-12-20T16:58:26.558+0000] {processor.py:830} INFO - Processing file /opt/airflow/dags/purchase_analytics_dag.py for tasks to queue
[2025-12-20T16:58:26.559+0000] {logging_mixin.py:188} INFO - [2025-12-20T16:58:26.559+0000] {dagbag.py:538} INFO - Filling up the DagBag from /opt/airflow/dags/purchase_analytics_dag.py
[2025-12-20T16:58:26.593+0000] {processor.py:840} INFO - DAG(s) 'purchase_analytics_refresh' retrieved from /opt/airflow/dags/purchase_analytics_dag.py
[2025-12-20T16:58:26.634+0000] {logging_mixin.py:188} INFO - [2025-12-20T16:58:26.634+0000] {dag.py:3033} INFO - Sync 1 DAGs
[2025-12-20T16:58:26.662+0000] {logging_mixin.py:188} INFO - [2025-12-20T16:58:26.662+0000] {dag.py:3820} INFO - Setting next_dagrun for purchase_analytics_refresh to 2025-12-20T02:00:00+00:00, run_after=2025-12-21T02:00:00+00:00
[2025-12-20T16:58:26.690+0000] {processor.py:183} INFO - Processing /opt/airflow/dags/purchase_analytics_dag.py took 0.144 seconds
[2025-12-20T16:58:57.004+0000] {processor.py:161} INFO - Started process (PID=1463) to work on /opt/airflow/dags/purchase_analytics_dag.py
[2025-12-20T16:58:57.007+0000] {processor.py:830} INFO - Processing file /opt/airflow/dags/purchase_analytics_dag.py for tasks to queue
[2025-12-20T16:58:57.007+0000] {logging_mixin.py:188} INFO - [2025-12-20T16:58:57.007+0000] {dagbag.py:538} INFO - Filling up the DagBag from /opt/airflow/dags/purchase_analytics_dag.py
[2025-12-20T16:58:57.021+0000] {processor.py:840} INFO - DAG(s) 'purchase_analytics_refresh' retrieved from /opt/airflow/dags/purchase_analytics_dag.py
[2025-12-20T16:58:57.053+0000] {logging_mixin.py:188} INFO - [2025-12-20T16:58:57.053+0000] {dag.py:3033} INFO - Sync 1 DAGs
[2025-12-20T16:58:57.076+0000] {logging_mixin.py:188} INFO - [2025-12-20T16:58:57.076+0000] {dag.py:3820} INFO - Setting next_dagrun for purchase_analytics_refresh to 2025-12-20T02:00:00+00:00, run_after=2025-12-21T02:00:00+00:00
[2025-12-20T16:58:57.094+0000] {processor.py:183} INFO - Processing /opt/airflow/dags/purchase_analytics_dag.py took 0.093 seconds
[2025-12-20T16:59:27.381+0000] {processor.py:161} INFO - Started process (PID=1473) to work on /opt/airflow/dags/purchase_analytics_dag.py
[2025-12-20T16:59:27.384+0000] {processor.py:830} INFO - Processing file /opt/airflow/dags/purchase_analytics_dag.py for tasks to queue
[2025-12-20T16:59:27.385+0000] {logging_mixin.py:188} INFO - [2025-12-20T16:59:27.385+0000] {dagbag.py:538} INFO - Filling up the DagBag from /opt/airflow/dags/purchase_analytics_dag.py
[2025-12-20T16:59:27.400+0000] {processor.py:840} INFO - DAG(s) 'purchase_analytics_refresh' retrieved from /opt/airflow/dags/purchase_analytics_dag.py
[2025-12-20T16:59:27.428+0000] {logging_mixin.py:188} INFO - [2025-12-20T16:59:27.428+0000] {dag.py:3033} INFO - Sync 1 DAGs
[2025-12-20T16:59:27.453+0000] {logging_mixin.py:188} INFO - [2025-12-20T16:59:27.452+0000] {dag.py:3820} INFO - Setting next_dagrun for purchase_analytics_refresh to 2025-12-20T02:00:00+00:00, run_after=2025-12-21T02:00:00+00:00
[2025-12-20T16:59:27.470+0000] {processor.py:183} INFO - Processing /opt/airflow/dags/purchase_analytics_dag.py took 0.096 seconds
[2025-12-20T16:59:57.762+0000] {processor.py:161} INFO - Started process (PID=1476) to work on /opt/airflow/dags/purchase_analytics_dag.py
[2025-12-20T16:59:57.764+0000] {processor.py:830} INFO - Processing file /opt/airflow/dags/purchase_analytics_dag.py for tasks to queue
[2025-12-20T16:59:57.765+0000] {logging_mixin.py:188} INFO - [2025-12-20T16:59:57.765+0000] {dagbag.py:538} INFO - Filling up the DagBag from /opt/airflow/dags/purchase_analytics_dag.py
[2025-12-20T16:59:57.781+0000] {processor.py:840} INFO - DAG(s) 'purchase_analytics_refresh' retrieved from /opt/airflow/dags/purchase_analytics_dag.py
[2025-12-20T16:59:57.803+0000] {logging_mixin.py:188} INFO - [2025-12-20T16:59:57.803+0000] {dag.py:3033} INFO - Sync 1 DAGs
[2025-12-20T16:59:57.822+0000] {logging_mixin.py:188} INFO - [2025-12-20T16:59:57.822+0000] {dag.py:3820} INFO - Setting next_dagrun for purchase_analytics_refresh to 2025-12-20T02:00:00+00:00, run_after=2025-12-21T02:00:00+00:00
[2025-12-20T16:59:57.835+0000] {processor.py:183} INFO - Processing /opt/airflow/dags/purchase_analytics_dag.py took 0.086 seconds
[2025-12-20T17:00:28.194+0000] {processor.py:161} INFO - Started process (PID=1486) to work on /opt/airflow/dags/purchase_analytics_dag.py
[2025-12-20T17:00:28.198+0000] {processor.py:830} INFO - Processing file /opt/airflow/dags/purchase_analytics_dag.py for tasks to queue
[2025-12-20T17:00:28.200+0000] {logging_mixin.py:188} INFO - [2025-12-20T17:00:28.199+0000] {dagbag.py:538} INFO - Filling up the DagBag from /opt/airflow/dags/purchase_analytics_dag.py
[2025-12-20T17:00:28.213+0000] {processor.py:840} INFO - DAG(s) 'purchase_analytics_refresh' retrieved from /opt/airflow/dags/purchase_analytics_dag.py
[2025-12-20T17:00:28.262+0000] {logging_mixin.py:188} INFO - [2025-12-20T17:00:28.262+0000] {dag.py:3033} INFO - Sync 1 DAGs
[2025-12-20T17:00:28.286+0000] {logging_mixin.py:188} INFO - [2025-12-20T17:00:28.285+0000] {dag.py:3820} INFO - Setting next_dagrun for purchase_analytics_refresh to 2025-12-20T02:00:00+00:00, run_after=2025-12-21T02:00:00+00:00
[2025-12-20T17:00:28.302+0000] {processor.py:183} INFO - Processing /opt/airflow/dags/purchase_analytics_dag.py took 0.119 seconds
[2025-12-20T17:00:58.749+0000] {processor.py:161} INFO - Started process (PID=1496) to work on /opt/airflow/dags/purchase_analytics_dag.py
[2025-12-20T17:00:58.753+0000] {processor.py:830} INFO - Processing file /opt/airflow/dags/purchase_analytics_dag.py for tasks to queue
[2025-12-20T17:00:58.754+0000] {logging_mixin.py:188} INFO - [2025-12-20T17:00:58.754+0000] {dagbag.py:538} INFO - Filling up the DagBag from /opt/airflow/dags/purchase_analytics_dag.py
[2025-12-20T17:00:58.784+0000] {processor.py:840} INFO - DAG(s) 'purchase_analytics_refresh' retrieved from /opt/airflow/dags/purchase_analytics_dag.py
[2025-12-20T17:00:58.829+0000] {logging_mixin.py:188} INFO - [2025-12-20T17:00:58.829+0000] {dag.py:3033} INFO - Sync 1 DAGs
[2025-12-20T17:00:58.854+0000] {logging_mixin.py:188} INFO - [2025-12-20T17:00:58.854+0000] {dag.py:3820} INFO - Setting next_dagrun for purchase_analytics_refresh to 2025-12-20T02:00:00+00:00, run_after=2025-12-21T02:00:00+00:00
[2025-12-20T17:00:58.874+0000] {processor.py:183} INFO - Processing /opt/airflow/dags/purchase_analytics_dag.py took 0.132 seconds
[2025-12-20T17:04:42.052+0000] {processor.py:161} INFO - Started process (PID=30) to work on /opt/airflow/dags/purchase_analytics_dag.py
[2025-12-20T17:04:42.054+0000] {processor.py:830} INFO - Processing file /opt/airflow/dags/purchase_analytics_dag.py for tasks to queue
[2025-12-20T17:04:42.055+0000] {logging_mixin.py:188} INFO - [2025-12-20T17:04:42.054+0000] {dagbag.py:538} INFO - Filling up the DagBag from /opt/airflow/dags/purchase_analytics_dag.py
[2025-12-20T17:04:42.078+0000] {processor.py:840} INFO - DAG(s) 'purchase_analytics_refresh' retrieved from /opt/airflow/dags/purchase_analytics_dag.py
[2025-12-20T17:04:42.135+0000] {logging_mixin.py:188} INFO - [2025-12-20T17:04:42.135+0000] {dag.py:3033} INFO - Sync 1 DAGs
[2025-12-20T17:04:42.206+0000] {logging_mixin.py:188} INFO - [2025-12-20T17:04:42.205+0000] {dag.py:3820} INFO - Setting next_dagrun for purchase_analytics_refresh to 2025-12-20T02:00:00+00:00, run_after=2025-12-21T02:00:00+00:00
[2025-12-20T17:04:42.222+0000] {processor.py:183} INFO - Processing /opt/airflow/dags/purchase_analytics_dag.py took 0.175 seconds
[2025-12-20T17:05:12.755+0000] {processor.py:161} INFO - Started process (PID=40) to work on /opt/airflow/dags/purchase_analytics_dag.py
[2025-12-20T17:05:12.757+0000] {processor.py:830} INFO - Processing file /opt/airflow/dags/purchase_analytics_dag.py for tasks to queue
[2025-12-20T17:05:12.758+0000] {logging_mixin.py:188} INFO - [2025-12-20T17:05:12.758+0000] {dagbag.py:538} INFO - Filling up the DagBag from /opt/airflow/dags/purchase_analytics_dag.py
[2025-12-20T17:05:12.788+0000] {processor.py:840} INFO - DAG(s) 'purchase_analytics_refresh' retrieved from /opt/airflow/dags/purchase_analytics_dag.py
[2025-12-20T17:05:13.000+0000] {logging_mixin.py:188} INFO - [2025-12-20T17:05:13.000+0000] {dag.py:3033} INFO - Sync 1 DAGs
[2025-12-20T17:05:13.017+0000] {logging_mixin.py:188} INFO - [2025-12-20T17:05:13.017+0000] {dag.py:3820} INFO - Setting next_dagrun for purchase_analytics_refresh to 2025-12-20T02:00:00+00:00, run_after=2025-12-21T02:00:00+00:00
[2025-12-20T17:05:13.031+0000] {processor.py:183} INFO - Processing /opt/airflow/dags/purchase_analytics_dag.py took 0.285 seconds
[2025-12-20T17:05:43.292+0000] {processor.py:161} INFO - Started process (PID=62) to work on /opt/airflow/dags/purchase_analytics_dag.py
[2025-12-20T17:05:43.293+0000] {processor.py:830} INFO - Processing file /opt/airflow/dags/purchase_analytics_dag.py for tasks to queue
[2025-12-20T17:05:43.293+0000] {logging_mixin.py:188} INFO - [2025-12-20T17:05:43.293+0000] {dagbag.py:538} INFO - Filling up the DagBag from /opt/airflow/dags/purchase_analytics_dag.py
[2025-12-20T17:05:43.303+0000] {processor.py:840} INFO - DAG(s) 'purchase_analytics_refresh' retrieved from /opt/airflow/dags/purchase_analytics_dag.py
[2025-12-20T17:05:43.329+0000] {logging_mixin.py:188} INFO - [2025-12-20T17:05:43.329+0000] {dag.py:3033} INFO - Sync 1 DAGs
[2025-12-20T17:05:43.346+0000] {logging_mixin.py:188} INFO - [2025-12-20T17:05:43.346+0000] {dag.py:3820} INFO - Setting next_dagrun for purchase_analytics_refresh to 2025-12-20T02:00:00+00:00, run_after=2025-12-21T02:00:00+00:00
[2025-12-20T17:05:43.359+0000] {processor.py:183} INFO - Processing /opt/airflow/dags/purchase_analytics_dag.py took 0.070 seconds
[2025-12-20T17:06:13.629+0000] {processor.py:161} INFO - Started process (PID=72) to work on /opt/airflow/dags/purchase_analytics_dag.py
[2025-12-20T17:06:13.631+0000] {processor.py:830} INFO - Processing file /opt/airflow/dags/purchase_analytics_dag.py for tasks to queue
[2025-12-20T17:06:13.633+0000] {logging_mixin.py:188} INFO - [2025-12-20T17:06:13.632+0000] {dagbag.py:538} INFO - Filling up the DagBag from /opt/airflow/dags/purchase_analytics_dag.py
[2025-12-20T17:06:13.653+0000] {processor.py:840} INFO - DAG(s) 'purchase_analytics_refresh' retrieved from /opt/airflow/dags/purchase_analytics_dag.py
[2025-12-20T17:06:13.682+0000] {logging_mixin.py:188} INFO - [2025-12-20T17:06:13.682+0000] {dag.py:3033} INFO - Sync 1 DAGs
[2025-12-20T17:06:13.703+0000] {logging_mixin.py:188} INFO - [2025-12-20T17:06:13.703+0000] {dag.py:3820} INFO - Setting next_dagrun for purchase_analytics_refresh to 2025-12-20T02:00:00+00:00, run_after=2025-12-21T02:00:00+00:00
[2025-12-20T17:06:13.717+0000] {processor.py:183} INFO - Processing /opt/airflow/dags/purchase_analytics_dag.py took 0.093 seconds
[2025-12-20T17:06:43.943+0000] {processor.py:161} INFO - Started process (PID=82) to work on /opt/airflow/dags/purchase_analytics_dag.py
[2025-12-20T17:06:43.945+0000] {processor.py:830} INFO - Processing file /opt/airflow/dags/purchase_analytics_dag.py for tasks to queue
[2025-12-20T17:06:43.946+0000] {logging_mixin.py:188} INFO - [2025-12-20T17:06:43.946+0000] {dagbag.py:538} INFO - Filling up the DagBag from /opt/airflow/dags/purchase_analytics_dag.py
[2025-12-20T17:06:43.959+0000] {processor.py:840} INFO - DAG(s) 'purchase_analytics_refresh' retrieved from /opt/airflow/dags/purchase_analytics_dag.py
[2025-12-20T17:06:43.985+0000] {logging_mixin.py:188} INFO - [2025-12-20T17:06:43.985+0000] {dag.py:3033} INFO - Sync 1 DAGs
[2025-12-20T17:06:44.001+0000] {logging_mixin.py:188} INFO - [2025-12-20T17:06:44.001+0000] {dag.py:3820} INFO - Setting next_dagrun for purchase_analytics_refresh to 2025-12-20T02:00:00+00:00, run_after=2025-12-21T02:00:00+00:00
[2025-12-20T17:06:44.012+0000] {processor.py:183} INFO - Processing /opt/airflow/dags/purchase_analytics_dag.py took 0.074 seconds
[2025-12-20T17:07:14.349+0000] {processor.py:161} INFO - Started process (PID=92) to work on /opt/airflow/dags/purchase_analytics_dag.py
[2025-12-20T17:07:14.350+0000] {processor.py:830} INFO - Processing file /opt/airflow/dags/purchase_analytics_dag.py for tasks to queue
[2025-12-20T17:07:14.354+0000] {logging_mixin.py:188} INFO - [2025-12-20T17:07:14.353+0000] {dagbag.py:538} INFO - Filling up the DagBag from /opt/airflow/dags/purchase_analytics_dag.py
[2025-12-20T17:07:14.379+0000] {processor.py:840} INFO - DAG(s) 'purchase_analytics_refresh' retrieved from /opt/airflow/dags/purchase_analytics_dag.py
[2025-12-20T17:07:14.416+0000] {logging_mixin.py:188} INFO - [2025-12-20T17:07:14.416+0000] {dag.py:3033} INFO - Sync 1 DAGs
[2025-12-20T17:07:14.437+0000] {logging_mixin.py:188} INFO - [2025-12-20T17:07:14.436+0000] {dag.py:3820} INFO - Setting next_dagrun for purchase_analytics_refresh to 2025-12-20T02:00:00+00:00, run_after=2025-12-21T02:00:00+00:00
[2025-12-20T17:07:14.506+0000] {processor.py:183} INFO - Processing /opt/airflow/dags/purchase_analytics_dag.py took 0.161 seconds
[2025-12-20T17:07:44.837+0000] {processor.py:161} INFO - Started process (PID=102) to work on /opt/airflow/dags/purchase_analytics_dag.py
[2025-12-20T17:07:44.838+0000] {processor.py:830} INFO - Processing file /opt/airflow/dags/purchase_analytics_dag.py for tasks to queue
[2025-12-20T17:07:44.839+0000] {logging_mixin.py:188} INFO - [2025-12-20T17:07:44.839+0000] {dagbag.py:538} INFO - Filling up the DagBag from /opt/airflow/dags/purchase_analytics_dag.py
[2025-12-20T17:07:44.853+0000] {processor.py:840} INFO - DAG(s) 'purchase_analytics_refresh' retrieved from /opt/airflow/dags/purchase_analytics_dag.py
[2025-12-20T17:07:44.878+0000] {logging_mixin.py:188} INFO - [2025-12-20T17:07:44.878+0000] {dag.py:3033} INFO - Sync 1 DAGs
[2025-12-20T17:07:44.896+0000] {logging_mixin.py:188} INFO - [2025-12-20T17:07:44.895+0000] {dag.py:3820} INFO - Setting next_dagrun for purchase_analytics_refresh to 2025-12-20T02:00:00+00:00, run_after=2025-12-21T02:00:00+00:00
[2025-12-20T17:07:44.908+0000] {processor.py:183} INFO - Processing /opt/airflow/dags/purchase_analytics_dag.py took 0.077 seconds
[2025-12-20T17:08:15.219+0000] {processor.py:161} INFO - Started process (PID=112) to work on /opt/airflow/dags/purchase_analytics_dag.py
[2025-12-20T17:08:15.220+0000] {processor.py:830} INFO - Processing file /opt/airflow/dags/purchase_analytics_dag.py for tasks to queue
[2025-12-20T17:08:15.221+0000] {logging_mixin.py:188} INFO - [2025-12-20T17:08:15.221+0000] {dagbag.py:538} INFO - Filling up the DagBag from /opt/airflow/dags/purchase_analytics_dag.py
[2025-12-20T17:08:15.243+0000] {processor.py:840} INFO - DAG(s) 'purchase_analytics_refresh' retrieved from /opt/airflow/dags/purchase_analytics_dag.py
[2025-12-20T17:08:15.282+0000] {logging_mixin.py:188} INFO - [2025-12-20T17:08:15.282+0000] {dag.py:3033} INFO - Sync 1 DAGs
[2025-12-20T17:08:15.299+0000] {logging_mixin.py:188} INFO - [2025-12-20T17:08:15.299+0000] {dag.py:3820} INFO - Setting next_dagrun for purchase_analytics_refresh to 2025-12-20T02:00:00+00:00, run_after=2025-12-21T02:00:00+00:00
[2025-12-20T17:08:15.311+0000] {processor.py:183} INFO - Processing /opt/airflow/dags/purchase_analytics_dag.py took 0.103 seconds
[2025-12-20T17:08:45.621+0000] {processor.py:161} INFO - Started process (PID=122) to work on /opt/airflow/dags/purchase_analytics_dag.py
[2025-12-20T17:08:45.622+0000] {processor.py:830} INFO - Processing file /opt/airflow/dags/purchase_analytics_dag.py for tasks to queue
[2025-12-20T17:08:45.623+0000] {logging_mixin.py:188} INFO - [2025-12-20T17:08:45.623+0000] {dagbag.py:538} INFO - Filling up the DagBag from /opt/airflow/dags/purchase_analytics_dag.py
[2025-12-20T17:08:45.632+0000] {processor.py:840} INFO - DAG(s) 'purchase_analytics_refresh' retrieved from /opt/airflow/dags/purchase_analytics_dag.py
[2025-12-20T17:08:45.652+0000] {logging_mixin.py:188} INFO - [2025-12-20T17:08:45.652+0000] {dag.py:3033} INFO - Sync 1 DAGs
[2025-12-20T17:08:45.666+0000] {logging_mixin.py:188} INFO - [2025-12-20T17:08:45.666+0000] {dag.py:3820} INFO - Setting next_dagrun for purchase_analytics_refresh to 2025-12-20T02:00:00+00:00, run_after=2025-12-21T02:00:00+00:00
[2025-12-20T17:08:45.679+0000] {processor.py:183} INFO - Processing /opt/airflow/dags/purchase_analytics_dag.py took 0.062 seconds
[2025-12-20T17:09:15.927+0000] {processor.py:161} INFO - Started process (PID=132) to work on /opt/airflow/dags/purchase_analytics_dag.py
[2025-12-20T17:09:15.928+0000] {processor.py:830} INFO - Processing file /opt/airflow/dags/purchase_analytics_dag.py for tasks to queue
[2025-12-20T17:09:15.929+0000] {logging_mixin.py:188} INFO - [2025-12-20T17:09:15.929+0000] {dagbag.py:538} INFO - Filling up the DagBag from /opt/airflow/dags/purchase_analytics_dag.py
[2025-12-20T17:09:15.946+0000] {processor.py:840} INFO - DAG(s) 'purchase_analytics_refresh' retrieved from /opt/airflow/dags/purchase_analytics_dag.py
[2025-12-20T17:09:15.976+0000] {logging_mixin.py:188} INFO - [2025-12-20T17:09:15.976+0000] {dag.py:3033} INFO - Sync 1 DAGs
[2025-12-20T17:09:16.001+0000] {logging_mixin.py:188} INFO - [2025-12-20T17:09:16.001+0000] {dag.py:3820} INFO - Setting next_dagrun for purchase_analytics_refresh to 2025-12-20T02:00:00+00:00, run_after=2025-12-21T02:00:00+00:00
[2025-12-20T17:09:16.015+0000] {processor.py:183} INFO - Processing /opt/airflow/dags/purchase_analytics_dag.py took 0.104 seconds
[2025-12-20T17:09:46.316+0000] {processor.py:161} INFO - Started process (PID=135) to work on /opt/airflow/dags/purchase_analytics_dag.py
[2025-12-20T17:09:46.317+0000] {processor.py:830} INFO - Processing file /opt/airflow/dags/purchase_analytics_dag.py for tasks to queue
[2025-12-20T17:09:46.318+0000] {logging_mixin.py:188} INFO - [2025-12-20T17:09:46.317+0000] {dagbag.py:538} INFO - Filling up the DagBag from /opt/airflow/dags/purchase_analytics_dag.py
[2025-12-20T17:09:46.328+0000] {processor.py:840} INFO - DAG(s) 'purchase_analytics_refresh' retrieved from /opt/airflow/dags/purchase_analytics_dag.py
[2025-12-20T17:09:46.355+0000] {logging_mixin.py:188} INFO - [2025-12-20T17:09:46.354+0000] {dag.py:3033} INFO - Sync 1 DAGs
[2025-12-20T17:09:46.373+0000] {logging_mixin.py:188} INFO - [2025-12-20T17:09:46.373+0000] {dag.py:3820} INFO - Setting next_dagrun for purchase_analytics_refresh to 2025-12-20T02:00:00+00:00, run_after=2025-12-21T02:00:00+00:00
[2025-12-20T17:09:46.388+0000] {processor.py:183} INFO - Processing /opt/airflow/dags/purchase_analytics_dag.py took 0.078 seconds
[2025-12-20T17:10:16.711+0000] {processor.py:161} INFO - Started process (PID=145) to work on /opt/airflow/dags/purchase_analytics_dag.py
[2025-12-20T17:10:16.714+0000] {processor.py:830} INFO - Processing file /opt/airflow/dags/purchase_analytics_dag.py for tasks to queue
[2025-12-20T17:10:16.716+0000] {logging_mixin.py:188} INFO - [2025-12-20T17:10:16.715+0000] {dagbag.py:538} INFO - Filling up the DagBag from /opt/airflow/dags/purchase_analytics_dag.py
[2025-12-20T17:10:16.750+0000] {processor.py:840} INFO - DAG(s) 'purchase_analytics_refresh' retrieved from /opt/airflow/dags/purchase_analytics_dag.py
[2025-12-20T17:10:16.793+0000] {logging_mixin.py:188} INFO - [2025-12-20T17:10:16.793+0000] {dag.py:3033} INFO - Sync 1 DAGs
[2025-12-20T17:10:16.816+0000] {logging_mixin.py:188} INFO - [2025-12-20T17:10:16.815+0000] {dag.py:3820} INFO - Setting next_dagrun for purchase_analytics_refresh to 2025-12-20T02:00:00+00:00, run_after=2025-12-21T02:00:00+00:00
[2025-12-20T17:10:16.834+0000] {processor.py:183} INFO - Processing /opt/airflow/dags/purchase_analytics_dag.py took 0.134 seconds
[2025-12-20T17:10:47.094+0000] {processor.py:161} INFO - Started process (PID=167) to work on /opt/airflow/dags/purchase_analytics_dag.py
[2025-12-20T17:10:47.096+0000] {processor.py:830} INFO - Processing file /opt/airflow/dags/purchase_analytics_dag.py for tasks to queue
[2025-12-20T17:10:47.097+0000] {logging_mixin.py:188} INFO - [2025-12-20T17:10:47.097+0000] {dagbag.py:538} INFO - Filling up the DagBag from /opt/airflow/dags/purchase_analytics_dag.py
[2025-12-20T17:10:47.106+0000] {processor.py:840} INFO - DAG(s) 'purchase_analytics_refresh' retrieved from /opt/airflow/dags/purchase_analytics_dag.py
[2025-12-20T17:10:47.129+0000] {logging_mixin.py:188} INFO - [2025-12-20T17:10:47.129+0000] {dag.py:3033} INFO - Sync 1 DAGs
[2025-12-20T17:10:47.144+0000] {logging_mixin.py:188} INFO - [2025-12-20T17:10:47.144+0000] {dag.py:3820} INFO - Setting next_dagrun for purchase_analytics_refresh to 2025-12-20T02:00:00+00:00, run_after=2025-12-21T02:00:00+00:00
[2025-12-20T17:10:47.155+0000] {processor.py:183} INFO - Processing /opt/airflow/dags/purchase_analytics_dag.py took 0.064 seconds
[2025-12-20T17:11:17.464+0000] {processor.py:161} INFO - Started process (PID=177) to work on /opt/airflow/dags/purchase_analytics_dag.py
[2025-12-20T17:11:17.465+0000] {processor.py:830} INFO - Processing file /opt/airflow/dags/purchase_analytics_dag.py for tasks to queue
[2025-12-20T17:11:17.467+0000] {logging_mixin.py:188} INFO - [2025-12-20T17:11:17.466+0000] {dagbag.py:538} INFO - Filling up the DagBag from /opt/airflow/dags/purchase_analytics_dag.py
[2025-12-20T17:11:17.499+0000] {processor.py:840} INFO - DAG(s) 'purchase_analytics_refresh' retrieved from /opt/airflow/dags/purchase_analytics_dag.py
[2025-12-20T17:11:17.547+0000] {logging_mixin.py:188} INFO - [2025-12-20T17:11:17.547+0000] {dag.py:3033} INFO - Sync 1 DAGs
[2025-12-20T17:11:17.568+0000] {logging_mixin.py:188} INFO - [2025-12-20T17:11:17.568+0000] {dag.py:3820} INFO - Setting next_dagrun for purchase_analytics_refresh to 2025-12-20T02:00:00+00:00, run_after=2025-12-21T02:00:00+00:00
[2025-12-20T17:11:17.581+0000] {processor.py:183} INFO - Processing /opt/airflow/dags/purchase_analytics_dag.py took 0.126 seconds
[2025-12-20T17:11:47.995+0000] {processor.py:161} INFO - Started process (PID=187) to work on /opt/airflow/dags/purchase_analytics_dag.py
[2025-12-20T17:11:47.997+0000] {processor.py:830} INFO - Processing file /opt/airflow/dags/purchase_analytics_dag.py for tasks to queue
[2025-12-20T17:11:47.998+0000] {logging_mixin.py:188} INFO - [2025-12-20T17:11:47.998+0000] {dagbag.py:538} INFO - Filling up the DagBag from /opt/airflow/dags/purchase_analytics_dag.py
[2025-12-20T17:11:48.026+0000] {processor.py:840} INFO - DAG(s) 'purchase_analytics_refresh' retrieved from /opt/airflow/dags/purchase_analytics_dag.py
[2025-12-20T17:11:48.088+0000] {logging_mixin.py:188} INFO - [2025-12-20T17:11:48.088+0000] {dag.py:3033} INFO - Sync 1 DAGs
[2025-12-20T17:11:48.112+0000] {logging_mixin.py:188} INFO - [2025-12-20T17:11:48.112+0000] {dag.py:3820} INFO - Setting next_dagrun for purchase_analytics_refresh to 2025-12-20T02:00:00+00:00, run_after=2025-12-21T02:00:00+00:00
[2025-12-20T17:11:48.127+0000] {processor.py:183} INFO - Processing /opt/airflow/dags/purchase_analytics_dag.py took 0.151 seconds
[2025-12-20T17:12:18.420+0000] {processor.py:161} INFO - Started process (PID=197) to work on /opt/airflow/dags/purchase_analytics_dag.py
[2025-12-20T17:12:18.421+0000] {processor.py:830} INFO - Processing file /opt/airflow/dags/purchase_analytics_dag.py for tasks to queue
[2025-12-20T17:12:18.423+0000] {logging_mixin.py:188} INFO - [2025-12-20T17:12:18.422+0000] {dagbag.py:538} INFO - Filling up the DagBag from /opt/airflow/dags/purchase_analytics_dag.py
[2025-12-20T17:12:18.451+0000] {processor.py:840} INFO - DAG(s) 'purchase_analytics_refresh' retrieved from /opt/airflow/dags/purchase_analytics_dag.py
[2025-12-20T17:12:18.499+0000] {logging_mixin.py:188} INFO - [2025-12-20T17:12:18.498+0000] {dag.py:3033} INFO - Sync 1 DAGs
[2025-12-20T17:12:18.520+0000] {logging_mixin.py:188} INFO - [2025-12-20T17:12:18.520+0000] {dag.py:3820} INFO - Setting next_dagrun for purchase_analytics_refresh to 2025-12-20T02:00:00+00:00, run_after=2025-12-21T02:00:00+00:00
[2025-12-20T17:12:18.534+0000] {processor.py:183} INFO - Processing /opt/airflow/dags/purchase_analytics_dag.py took 0.124 seconds
[2025-12-20T17:12:48.809+0000] {processor.py:161} INFO - Started process (PID=207) to work on /opt/airflow/dags/purchase_analytics_dag.py
[2025-12-20T17:12:48.810+0000] {processor.py:830} INFO - Processing file /opt/airflow/dags/purchase_analytics_dag.py for tasks to queue
[2025-12-20T17:12:48.810+0000] {logging_mixin.py:188} INFO - [2025-12-20T17:12:48.810+0000] {dagbag.py:538} INFO - Filling up the DagBag from /opt/airflow/dags/purchase_analytics_dag.py
[2025-12-20T17:12:48.829+0000] {processor.py:840} INFO - DAG(s) 'purchase_analytics_refresh' retrieved from /opt/airflow/dags/purchase_analytics_dag.py
[2025-12-20T17:12:48.858+0000] {logging_mixin.py:188} INFO - [2025-12-20T17:12:48.857+0000] {dag.py:3033} INFO - Sync 1 DAGs
[2025-12-20T17:12:48.881+0000] {logging_mixin.py:188} INFO - [2025-12-20T17:12:48.881+0000] {dag.py:3820} INFO - Setting next_dagrun for purchase_analytics_refresh to 2025-12-20T02:00:00+00:00, run_after=2025-12-21T02:00:00+00:00
[2025-12-20T17:12:48.898+0000] {processor.py:183} INFO - Processing /opt/airflow/dags/purchase_analytics_dag.py took 0.097 seconds
[2025-12-20T17:13:19.372+0000] {processor.py:161} INFO - Started process (PID=217) to work on /opt/airflow/dags/purchase_analytics_dag.py
[2025-12-20T17:13:19.380+0000] {processor.py:830} INFO - Processing file /opt/airflow/dags/purchase_analytics_dag.py for tasks to queue
[2025-12-20T17:13:19.385+0000] {logging_mixin.py:188} INFO - [2025-12-20T17:13:19.383+0000] {dagbag.py:538} INFO - Filling up the DagBag from /opt/airflow/dags/purchase_analytics_dag.py
[2025-12-20T17:13:19.424+0000] {processor.py:840} INFO - DAG(s) 'purchase_analytics_refresh' retrieved from /opt/airflow/dags/purchase_analytics_dag.py
[2025-12-20T17:13:19.473+0000] {logging_mixin.py:188} INFO - [2025-12-20T17:13:19.473+0000] {dag.py:3033} INFO - Sync 1 DAGs
[2025-12-20T17:13:19.506+0000] {logging_mixin.py:188} INFO - [2025-12-20T17:13:19.506+0000] {dag.py:3820} INFO - Setting next_dagrun for purchase_analytics_refresh to 2025-12-20T02:00:00+00:00, run_after=2025-12-21T02:00:00+00:00
[2025-12-20T17:13:19.519+0000] {processor.py:183} INFO - Processing /opt/airflow/dags/purchase_analytics_dag.py took 0.161 seconds
[2025-12-20T17:13:49.879+0000] {processor.py:161} INFO - Started process (PID=228) to work on /opt/airflow/dags/purchase_analytics_dag.py
[2025-12-20T17:13:49.881+0000] {processor.py:830} INFO - Processing file /opt/airflow/dags/purchase_analytics_dag.py for tasks to queue
[2025-12-20T17:13:49.882+0000] {logging_mixin.py:188} INFO - [2025-12-20T17:13:49.882+0000] {dagbag.py:538} INFO - Filling up the DagBag from /opt/airflow/dags/purchase_analytics_dag.py
[2025-12-20T17:13:49.906+0000] {processor.py:840} INFO - DAG(s) 'purchase_analytics_refresh' retrieved from /opt/airflow/dags/purchase_analytics_dag.py
[2025-12-20T17:13:49.950+0000] {logging_mixin.py:188} INFO - [2025-12-20T17:13:49.950+0000] {dag.py:3033} INFO - Sync 1 DAGs
[2025-12-20T17:13:49.982+0000] {logging_mixin.py:188} INFO - [2025-12-20T17:13:49.981+0000] {dag.py:3820} INFO - Setting next_dagrun for purchase_analytics_refresh to 2025-12-20T02:00:00+00:00, run_after=2025-12-21T02:00:00+00:00
[2025-12-20T17:13:50.006+0000] {processor.py:183} INFO - Processing /opt/airflow/dags/purchase_analytics_dag.py took 0.145 seconds
[2025-12-20T17:13:51.029+0000] {processor.py:161} INFO - Started process (PID=230) to work on /opt/airflow/dags/purchase_analytics_dag.py
[2025-12-20T17:13:51.030+0000] {processor.py:830} INFO - Processing file /opt/airflow/dags/purchase_analytics_dag.py for tasks to queue
[2025-12-20T17:13:51.030+0000] {logging_mixin.py:188} INFO - [2025-12-20T17:13:51.030+0000] {dagbag.py:538} INFO - Filling up the DagBag from /opt/airflow/dags/purchase_analytics_dag.py
[2025-12-20T17:13:51.058+0000] {processor.py:840} INFO - DAG(s) 'purchase_analytics_refresh' retrieved from /opt/airflow/dags/purchase_analytics_dag.py
[2025-12-20T17:13:51.085+0000] {logging_mixin.py:188} INFO - [2025-12-20T17:13:51.085+0000] {dag.py:3033} INFO - Sync 1 DAGs
[2025-12-20T17:13:51.105+0000] {logging_mixin.py:188} INFO - [2025-12-20T17:13:51.105+0000] {dag.py:3820} INFO - Setting next_dagrun for purchase_analytics_refresh to 2025-12-20T02:00:00+00:00, run_after=2025-12-21T02:00:00+00:00
[2025-12-20T17:13:51.123+0000] {processor.py:183} INFO - Processing /opt/airflow/dags/purchase_analytics_dag.py took 0.097 seconds
[2025-12-20T17:13:59.134+0000] {processor.py:161} INFO - Started process (PID=238) to work on /opt/airflow/dags/purchase_analytics_dag.py
[2025-12-20T17:13:59.137+0000] {processor.py:830} INFO - Processing file /opt/airflow/dags/purchase_analytics_dag.py for tasks to queue
[2025-12-20T17:13:59.138+0000] {logging_mixin.py:188} INFO - [2025-12-20T17:13:59.138+0000] {dagbag.py:538} INFO - Filling up the DagBag from /opt/airflow/dags/purchase_analytics_dag.py
[2025-12-20T17:13:59.179+0000] {processor.py:840} INFO - DAG(s) 'purchase_analytics_refresh' retrieved from /opt/airflow/dags/purchase_analytics_dag.py
[2025-12-20T17:13:59.221+0000] {logging_mixin.py:188} INFO - [2025-12-20T17:13:59.220+0000] {dag.py:3033} INFO - Sync 1 DAGs
[2025-12-20T17:13:59.248+0000] {logging_mixin.py:188} INFO - [2025-12-20T17:13:59.248+0000] {dag.py:3820} INFO - Setting next_dagrun for purchase_analytics_refresh to 2025-12-20T02:00:00+00:00, run_after=2025-12-21T02:00:00+00:00
[2025-12-20T17:13:59.270+0000] {processor.py:183} INFO - Processing /opt/airflow/dags/purchase_analytics_dag.py took 0.148 seconds
[2025-12-20T17:14:29.520+0000] {processor.py:161} INFO - Started process (PID=248) to work on /opt/airflow/dags/purchase_analytics_dag.py
[2025-12-20T17:14:29.522+0000] {processor.py:830} INFO - Processing file /opt/airflow/dags/purchase_analytics_dag.py for tasks to queue
[2025-12-20T17:14:29.524+0000] {logging_mixin.py:188} INFO - [2025-12-20T17:14:29.523+0000] {dagbag.py:538} INFO - Filling up the DagBag from /opt/airflow/dags/purchase_analytics_dag.py
[2025-12-20T17:14:29.538+0000] {processor.py:840} INFO - DAG(s) 'purchase_analytics_refresh' retrieved from /opt/airflow/dags/purchase_analytics_dag.py
[2025-12-20T17:14:29.565+0000] {logging_mixin.py:188} INFO - [2025-12-20T17:14:29.565+0000] {dag.py:3033} INFO - Sync 1 DAGs
[2025-12-20T17:14:29.589+0000] {logging_mixin.py:188} INFO - [2025-12-20T17:14:29.589+0000] {dag.py:3820} INFO - Setting next_dagrun for purchase_analytics_refresh to 2025-12-20T02:00:00+00:00, run_after=2025-12-21T02:00:00+00:00
[2025-12-20T17:14:29.607+0000] {processor.py:183} INFO - Processing /opt/airflow/dags/purchase_analytics_dag.py took 0.095 seconds
[2025-12-20T17:14:59.981+0000] {processor.py:161} INFO - Started process (PID=251) to work on /opt/airflow/dags/purchase_analytics_dag.py
[2025-12-20T17:14:59.992+0000] {processor.py:830} INFO - Processing file /opt/airflow/dags/purchase_analytics_dag.py for tasks to queue
[2025-12-20T17:14:59.993+0000] {logging_mixin.py:188} INFO - [2025-12-20T17:14:59.992+0000] {dagbag.py:538} INFO - Filling up the DagBag from /opt/airflow/dags/purchase_analytics_dag.py
[2025-12-20T17:15:00.040+0000] {processor.py:840} INFO - DAG(s) 'purchase_analytics_refresh' retrieved from /opt/airflow/dags/purchase_analytics_dag.py
[2025-12-20T17:15:00.094+0000] {logging_mixin.py:188} INFO - [2025-12-20T17:15:00.094+0000] {dag.py:3033} INFO - Sync 1 DAGs
[2025-12-20T17:15:00.124+0000] {logging_mixin.py:188} INFO - [2025-12-20T17:15:00.124+0000] {dag.py:3820} INFO - Setting next_dagrun for purchase_analytics_refresh to 2025-12-20T02:00:00+00:00, run_after=2025-12-21T02:00:00+00:00
[2025-12-20T17:15:00.141+0000] {processor.py:183} INFO - Processing /opt/airflow/dags/purchase_analytics_dag.py took 0.178 seconds
[2025-12-20T17:15:42.063+0000] {processor.py:161} INFO - Started process (PID=30) to work on /opt/airflow/dags/purchase_analytics_dag.py
[2025-12-20T17:15:42.065+0000] {processor.py:830} INFO - Processing file /opt/airflow/dags/purchase_analytics_dag.py for tasks to queue
[2025-12-20T17:15:42.067+0000] {logging_mixin.py:188} INFO - [2025-12-20T17:15:42.067+0000] {dagbag.py:538} INFO - Filling up the DagBag from /opt/airflow/dags/purchase_analytics_dag.py
[2025-12-20T17:15:42.090+0000] {processor.py:840} INFO - DAG(s) 'purchase_analytics_refresh' retrieved from /opt/airflow/dags/purchase_analytics_dag.py
[2025-12-20T17:15:42.115+0000] {logging_mixin.py:188} INFO - [2025-12-20T17:15:42.115+0000] {dag.py:3033} INFO - Sync 1 DAGs
[2025-12-20T17:15:42.135+0000] {logging_mixin.py:188} INFO - [2025-12-20T17:15:42.135+0000] {dag.py:3820} INFO - Setting next_dagrun for purchase_analytics_refresh to 2025-12-20T02:00:00+00:00, run_after=2025-12-21T02:00:00+00:00
[2025-12-20T17:15:42.149+0000] {processor.py:183} INFO - Processing /opt/airflow/dags/purchase_analytics_dag.py took 0.089 seconds
[2025-12-20T17:16:12.417+0000] {processor.py:161} INFO - Started process (PID=51) to work on /opt/airflow/dags/purchase_analytics_dag.py
[2025-12-20T17:16:12.418+0000] {processor.py:830} INFO - Processing file /opt/airflow/dags/purchase_analytics_dag.py for tasks to queue
[2025-12-20T17:16:12.420+0000] {logging_mixin.py:188} INFO - [2025-12-20T17:16:12.419+0000] {dagbag.py:538} INFO - Filling up the DagBag from /opt/airflow/dags/purchase_analytics_dag.py
[2025-12-20T17:16:12.437+0000] {processor.py:840} INFO - DAG(s) 'purchase_analytics_refresh' retrieved from /opt/airflow/dags/purchase_analytics_dag.py
[2025-12-20T17:16:12.619+0000] {logging_mixin.py:188} INFO - [2025-12-20T17:16:12.619+0000] {dag.py:3033} INFO - Sync 1 DAGs
[2025-12-20T17:16:12.637+0000] {logging_mixin.py:188} INFO - [2025-12-20T17:16:12.637+0000] {dag.py:3820} INFO - Setting next_dagrun for purchase_analytics_refresh to 2025-12-20T02:00:00+00:00, run_after=2025-12-21T02:00:00+00:00
[2025-12-20T17:16:12.650+0000] {processor.py:183} INFO - Processing /opt/airflow/dags/purchase_analytics_dag.py took 0.238 seconds
[2025-12-20T17:16:42.946+0000] {processor.py:161} INFO - Started process (PID=62) to work on /opt/airflow/dags/purchase_analytics_dag.py
[2025-12-20T17:16:42.947+0000] {processor.py:830} INFO - Processing file /opt/airflow/dags/purchase_analytics_dag.py for tasks to queue
[2025-12-20T17:16:42.948+0000] {logging_mixin.py:188} INFO - [2025-12-20T17:16:42.948+0000] {dagbag.py:538} INFO - Filling up the DagBag from /opt/airflow/dags/purchase_analytics_dag.py
[2025-12-20T17:16:42.969+0000] {processor.py:840} INFO - DAG(s) 'purchase_analytics_refresh' retrieved from /opt/airflow/dags/purchase_analytics_dag.py
[2025-12-20T17:16:43.018+0000] {logging_mixin.py:188} INFO - [2025-12-20T17:16:43.018+0000] {dag.py:3033} INFO - Sync 1 DAGs
[2025-12-20T17:16:43.037+0000] {logging_mixin.py:188} INFO - [2025-12-20T17:16:43.037+0000] {dag.py:3820} INFO - Setting next_dagrun for purchase_analytics_refresh to 2025-12-20T02:00:00+00:00, run_after=2025-12-21T02:00:00+00:00
[2025-12-20T17:16:43.051+0000] {processor.py:183} INFO - Processing /opt/airflow/dags/purchase_analytics_dag.py took 0.110 seconds
[2025-12-20T17:17:13.378+0000] {processor.py:161} INFO - Started process (PID=72) to work on /opt/airflow/dags/purchase_analytics_dag.py
[2025-12-20T17:17:13.380+0000] {processor.py:830} INFO - Processing file /opt/airflow/dags/purchase_analytics_dag.py for tasks to queue
[2025-12-20T17:17:13.381+0000] {logging_mixin.py:188} INFO - [2025-12-20T17:17:13.380+0000] {dagbag.py:538} INFO - Filling up the DagBag from /opt/airflow/dags/purchase_analytics_dag.py
[2025-12-20T17:17:13.397+0000] {processor.py:840} INFO - DAG(s) 'purchase_analytics_refresh' retrieved from /opt/airflow/dags/purchase_analytics_dag.py
[2025-12-20T17:17:13.424+0000] {logging_mixin.py:188} INFO - [2025-12-20T17:17:13.424+0000] {dag.py:3033} INFO - Sync 1 DAGs
[2025-12-20T17:17:13.441+0000] {logging_mixin.py:188} INFO - [2025-12-20T17:17:13.441+0000] {dag.py:3820} INFO - Setting next_dagrun for purchase_analytics_refresh to 2025-12-20T02:00:00+00:00, run_after=2025-12-21T02:00:00+00:00
[2025-12-20T17:17:13.453+0000] {processor.py:183} INFO - Processing /opt/airflow/dags/purchase_analytics_dag.py took 0.078 seconds
[2025-12-20T17:17:43.764+0000] {processor.py:161} INFO - Started process (PID=82) to work on /opt/airflow/dags/purchase_analytics_dag.py
[2025-12-20T17:17:43.765+0000] {processor.py:830} INFO - Processing file /opt/airflow/dags/purchase_analytics_dag.py for tasks to queue
[2025-12-20T17:17:43.766+0000] {logging_mixin.py:188} INFO - [2025-12-20T17:17:43.765+0000] {dagbag.py:538} INFO - Filling up the DagBag from /opt/airflow/dags/purchase_analytics_dag.py
[2025-12-20T17:17:43.775+0000] {processor.py:840} INFO - DAG(s) 'purchase_analytics_refresh' retrieved from /opt/airflow/dags/purchase_analytics_dag.py
[2025-12-20T17:17:43.796+0000] {logging_mixin.py:188} INFO - [2025-12-20T17:17:43.796+0000] {dag.py:3033} INFO - Sync 1 DAGs
[2025-12-20T17:17:43.810+0000] {logging_mixin.py:188} INFO - [2025-12-20T17:17:43.810+0000] {dag.py:3820} INFO - Setting next_dagrun for purchase_analytics_refresh to 2025-12-20T02:00:00+00:00, run_after=2025-12-21T02:00:00+00:00
[2025-12-20T17:17:43.821+0000] {processor.py:183} INFO - Processing /opt/airflow/dags/purchase_analytics_dag.py took 0.060 seconds
[2025-12-20T17:18:14.196+0000] {processor.py:161} INFO - Started process (PID=92) to work on /opt/airflow/dags/purchase_analytics_dag.py
[2025-12-20T17:18:14.197+0000] {processor.py:830} INFO - Processing file /opt/airflow/dags/purchase_analytics_dag.py for tasks to queue
[2025-12-20T17:18:14.198+0000] {logging_mixin.py:188} INFO - [2025-12-20T17:18:14.198+0000] {dagbag.py:538} INFO - Filling up the DagBag from /opt/airflow/dags/purchase_analytics_dag.py
[2025-12-20T17:18:14.213+0000] {processor.py:840} INFO - DAG(s) 'purchase_analytics_refresh' retrieved from /opt/airflow/dags/purchase_analytics_dag.py
[2025-12-20T17:18:14.242+0000] {logging_mixin.py:188} INFO - [2025-12-20T17:18:14.242+0000] {dag.py:3033} INFO - Sync 1 DAGs
[2025-12-20T17:18:14.261+0000] {logging_mixin.py:188} INFO - [2025-12-20T17:18:14.260+0000] {dag.py:3820} INFO - Setting next_dagrun for purchase_analytics_refresh to 2025-12-20T02:00:00+00:00, run_after=2025-12-21T02:00:00+00:00
[2025-12-20T17:18:14.272+0000] {processor.py:183} INFO - Processing /opt/airflow/dags/purchase_analytics_dag.py took 0.080 seconds
[2025-12-20T17:18:44.589+0000] {processor.py:161} INFO - Started process (PID=102) to work on /opt/airflow/dags/purchase_analytics_dag.py
[2025-12-20T17:18:44.590+0000] {processor.py:830} INFO - Processing file /opt/airflow/dags/purchase_analytics_dag.py for tasks to queue
[2025-12-20T17:18:44.590+0000] {logging_mixin.py:188} INFO - [2025-12-20T17:18:44.590+0000] {dagbag.py:538} INFO - Filling up the DagBag from /opt/airflow/dags/purchase_analytics_dag.py
[2025-12-20T17:18:44.602+0000] {processor.py:840} INFO - DAG(s) 'purchase_analytics_refresh' retrieved from /opt/airflow/dags/purchase_analytics_dag.py
[2025-12-20T17:18:44.622+0000] {logging_mixin.py:188} INFO - [2025-12-20T17:18:44.622+0000] {dag.py:3033} INFO - Sync 1 DAGs
[2025-12-20T17:18:44.638+0000] {logging_mixin.py:188} INFO - [2025-12-20T17:18:44.638+0000] {dag.py:3820} INFO - Setting next_dagrun for purchase_analytics_refresh to 2025-12-20T02:00:00+00:00, run_after=2025-12-21T02:00:00+00:00
[2025-12-20T17:18:44.650+0000] {processor.py:183} INFO - Processing /opt/airflow/dags/purchase_analytics_dag.py took 0.063 seconds
[2025-12-20T17:19:14.984+0000] {processor.py:161} INFO - Started process (PID=112) to work on /opt/airflow/dags/purchase_analytics_dag.py
[2025-12-20T17:19:14.985+0000] {processor.py:830} INFO - Processing file /opt/airflow/dags/purchase_analytics_dag.py for tasks to queue
[2025-12-20T17:19:14.988+0000] {logging_mixin.py:188} INFO - [2025-12-20T17:19:14.987+0000] {dagbag.py:538} INFO - Filling up the DagBag from /opt/airflow/dags/purchase_analytics_dag.py
[2025-12-20T17:19:15.018+0000] {processor.py:840} INFO - DAG(s) 'purchase_analytics_refresh' retrieved from /opt/airflow/dags/purchase_analytics_dag.py
[2025-12-20T17:19:15.062+0000] {logging_mixin.py:188} INFO - [2025-12-20T17:19:15.062+0000] {dag.py:3033} INFO - Sync 1 DAGs
[2025-12-20T17:19:15.082+0000] {logging_mixin.py:188} INFO - [2025-12-20T17:19:15.082+0000] {dag.py:3820} INFO - Setting next_dagrun for purchase_analytics_refresh to 2025-12-20T02:00:00+00:00, run_after=2025-12-21T02:00:00+00:00
[2025-12-20T17:19:15.095+0000] {processor.py:183} INFO - Processing /opt/airflow/dags/purchase_analytics_dag.py took 0.116 seconds
[2025-12-20T17:19:45.390+0000] {processor.py:161} INFO - Started process (PID=122) to work on /opt/airflow/dags/purchase_analytics_dag.py
[2025-12-20T17:19:45.391+0000] {processor.py:830} INFO - Processing file /opt/airflow/dags/purchase_analytics_dag.py for tasks to queue
[2025-12-20T17:19:45.392+0000] {logging_mixin.py:188} INFO - [2025-12-20T17:19:45.391+0000] {dagbag.py:538} INFO - Filling up the DagBag from /opt/airflow/dags/purchase_analytics_dag.py
[2025-12-20T17:19:45.412+0000] {processor.py:840} INFO - DAG(s) 'purchase_analytics_refresh' retrieved from /opt/airflow/dags/purchase_analytics_dag.py
[2025-12-20T17:19:45.449+0000] {logging_mixin.py:188} INFO - [2025-12-20T17:19:45.449+0000] {dag.py:3033} INFO - Sync 1 DAGs
[2025-12-20T17:19:45.467+0000] {logging_mixin.py:188} INFO - [2025-12-20T17:19:45.467+0000] {dag.py:3820} INFO - Setting next_dagrun for purchase_analytics_refresh to 2025-12-20T02:00:00+00:00, run_after=2025-12-21T02:00:00+00:00
[2025-12-20T17:19:45.484+0000] {processor.py:183} INFO - Processing /opt/airflow/dags/purchase_analytics_dag.py took 0.097 seconds
[2025-12-20T17:20:15.770+0000] {processor.py:161} INFO - Started process (PID=132) to work on /opt/airflow/dags/purchase_analytics_dag.py
[2025-12-20T17:20:15.774+0000] {processor.py:830} INFO - Processing file /opt/airflow/dags/purchase_analytics_dag.py for tasks to queue
[2025-12-20T17:20:15.775+0000] {logging_mixin.py:188} INFO - [2025-12-20T17:20:15.774+0000] {dagbag.py:538} INFO - Filling up the DagBag from /opt/airflow/dags/purchase_analytics_dag.py
[2025-12-20T17:20:15.806+0000] {processor.py:840} INFO - DAG(s) 'purchase_analytics_refresh' retrieved from /opt/airflow/dags/purchase_analytics_dag.py
[2025-12-20T17:20:15.838+0000] {logging_mixin.py:188} INFO - [2025-12-20T17:20:15.838+0000] {dag.py:3033} INFO - Sync 1 DAGs
[2025-12-20T17:20:15.865+0000] {logging_mixin.py:188} INFO - [2025-12-20T17:20:15.865+0000] {dag.py:3820} INFO - Setting next_dagrun for purchase_analytics_refresh to 2025-12-20T02:00:00+00:00, run_after=2025-12-21T02:00:00+00:00
[2025-12-20T17:20:15.881+0000] {processor.py:183} INFO - Processing /opt/airflow/dags/purchase_analytics_dag.py took 0.118 seconds
[2025-12-20T17:20:46.153+0000] {processor.py:161} INFO - Started process (PID=135) to work on /opt/airflow/dags/purchase_analytics_dag.py
[2025-12-20T17:20:46.155+0000] {processor.py:830} INFO - Processing file /opt/airflow/dags/purchase_analytics_dag.py for tasks to queue
[2025-12-20T17:20:46.157+0000] {logging_mixin.py:188} INFO - [2025-12-20T17:20:46.156+0000] {dagbag.py:538} INFO - Filling up the DagBag from /opt/airflow/dags/purchase_analytics_dag.py
[2025-12-20T17:20:46.183+0000] {processor.py:840} INFO - DAG(s) 'purchase_analytics_refresh' retrieved from /opt/airflow/dags/purchase_analytics_dag.py
[2025-12-20T17:20:46.232+0000] {logging_mixin.py:188} INFO - [2025-12-20T17:20:46.232+0000] {dag.py:3033} INFO - Sync 1 DAGs
[2025-12-20T17:20:46.264+0000] {logging_mixin.py:188} INFO - [2025-12-20T17:20:46.264+0000] {dag.py:3820} INFO - Setting next_dagrun for purchase_analytics_refresh to 2025-12-20T02:00:00+00:00, run_after=2025-12-21T02:00:00+00:00
[2025-12-20T17:20:46.287+0000] {processor.py:183} INFO - Processing /opt/airflow/dags/purchase_analytics_dag.py took 0.143 seconds
[2025-12-20T17:21:16.614+0000] {processor.py:161} INFO - Started process (PID=145) to work on /opt/airflow/dags/purchase_analytics_dag.py
[2025-12-20T17:21:16.616+0000] {processor.py:830} INFO - Processing file /opt/airflow/dags/purchase_analytics_dag.py for tasks to queue
[2025-12-20T17:21:16.618+0000] {logging_mixin.py:188} INFO - [2025-12-20T17:21:16.617+0000] {dagbag.py:538} INFO - Filling up the DagBag from /opt/airflow/dags/purchase_analytics_dag.py
[2025-12-20T17:21:16.646+0000] {processor.py:840} INFO - DAG(s) 'purchase_analytics_refresh' retrieved from /opt/airflow/dags/purchase_analytics_dag.py
[2025-12-20T17:21:16.696+0000] {logging_mixin.py:188} INFO - [2025-12-20T17:21:16.696+0000] {dag.py:3033} INFO - Sync 1 DAGs
[2025-12-20T17:21:16.722+0000] {logging_mixin.py:188} INFO - [2025-12-20T17:21:16.722+0000] {dag.py:3820} INFO - Setting next_dagrun for purchase_analytics_refresh to 2025-12-20T02:00:00+00:00, run_after=2025-12-21T02:00:00+00:00
[2025-12-20T17:21:16.748+0000] {processor.py:183} INFO - Processing /opt/airflow/dags/purchase_analytics_dag.py took 0.144 seconds
[2025-12-20T17:21:47.064+0000] {processor.py:161} INFO - Started process (PID=155) to work on /opt/airflow/dags/purchase_analytics_dag.py
[2025-12-20T17:21:47.067+0000] {processor.py:830} INFO - Processing file /opt/airflow/dags/purchase_analytics_dag.py for tasks to queue
[2025-12-20T17:21:47.069+0000] {logging_mixin.py:188} INFO - [2025-12-20T17:21:47.068+0000] {dagbag.py:538} INFO - Filling up the DagBag from /opt/airflow/dags/purchase_analytics_dag.py
[2025-12-20T17:21:47.105+0000] {processor.py:840} INFO - DAG(s) 'purchase_analytics_refresh' retrieved from /opt/airflow/dags/purchase_analytics_dag.py
[2025-12-20T17:21:47.144+0000] {logging_mixin.py:188} INFO - [2025-12-20T17:21:47.144+0000] {dag.py:3033} INFO - Sync 1 DAGs
[2025-12-20T17:21:47.177+0000] {logging_mixin.py:188} INFO - [2025-12-20T17:21:47.177+0000] {dag.py:3820} INFO - Setting next_dagrun for purchase_analytics_refresh to 2025-12-20T02:00:00+00:00, run_after=2025-12-21T02:00:00+00:00
[2025-12-20T17:21:47.193+0000] {processor.py:183} INFO - Processing /opt/airflow/dags/purchase_analytics_dag.py took 0.137 seconds
[2025-12-20T17:22:17.547+0000] {processor.py:161} INFO - Started process (PID=165) to work on /opt/airflow/dags/purchase_analytics_dag.py
[2025-12-20T17:22:17.550+0000] {processor.py:830} INFO - Processing file /opt/airflow/dags/purchase_analytics_dag.py for tasks to queue
[2025-12-20T17:22:17.552+0000] {logging_mixin.py:188} INFO - [2025-12-20T17:22:17.551+0000] {dagbag.py:538} INFO - Filling up the DagBag from /opt/airflow/dags/purchase_analytics_dag.py
[2025-12-20T17:22:17.587+0000] {processor.py:840} INFO - DAG(s) 'purchase_analytics_refresh' retrieved from /opt/airflow/dags/purchase_analytics_dag.py
[2025-12-20T17:22:17.639+0000] {logging_mixin.py:188} INFO - [2025-12-20T17:22:17.639+0000] {dag.py:3033} INFO - Sync 1 DAGs
[2025-12-20T17:22:17.671+0000] {logging_mixin.py:188} INFO - [2025-12-20T17:22:17.671+0000] {dag.py:3820} INFO - Setting next_dagrun for purchase_analytics_refresh to 2025-12-20T02:00:00+00:00, run_after=2025-12-21T02:00:00+00:00
[2025-12-20T17:22:17.687+0000] {processor.py:183} INFO - Processing /opt/airflow/dags/purchase_analytics_dag.py took 0.150 seconds
[2025-12-20T17:22:48.021+0000] {processor.py:161} INFO - Started process (PID=175) to work on /opt/airflow/dags/purchase_analytics_dag.py
[2025-12-20T17:22:48.027+0000] {processor.py:830} INFO - Processing file /opt/airflow/dags/purchase_analytics_dag.py for tasks to queue
[2025-12-20T17:22:48.030+0000] {logging_mixin.py:188} INFO - [2025-12-20T17:22:48.029+0000] {dagbag.py:538} INFO - Filling up the DagBag from /opt/airflow/dags/purchase_analytics_dag.py
[2025-12-20T17:22:48.074+0000] {processor.py:840} INFO - DAG(s) 'purchase_analytics_refresh' retrieved from /opt/airflow/dags/purchase_analytics_dag.py
[2025-12-20T17:22:48.132+0000] {logging_mixin.py:188} INFO - [2025-12-20T17:22:48.132+0000] {dag.py:3033} INFO - Sync 1 DAGs
[2025-12-20T17:22:48.161+0000] {logging_mixin.py:188} INFO - [2025-12-20T17:22:48.161+0000] {dag.py:3820} INFO - Setting next_dagrun for purchase_analytics_refresh to 2025-12-20T02:00:00+00:00, run_after=2025-12-21T02:00:00+00:00
[2025-12-20T17:22:48.177+0000] {processor.py:183} INFO - Processing /opt/airflow/dags/purchase_analytics_dag.py took 0.168 seconds
[2025-12-20T17:23:18.465+0000] {processor.py:161} INFO - Started process (PID=185) to work on /opt/airflow/dags/purchase_analytics_dag.py
[2025-12-20T17:23:18.467+0000] {processor.py:830} INFO - Processing file /opt/airflow/dags/purchase_analytics_dag.py for tasks to queue
[2025-12-20T17:23:18.468+0000] {logging_mixin.py:188} INFO - [2025-12-20T17:23:18.468+0000] {dagbag.py:538} INFO - Filling up the DagBag from /opt/airflow/dags/purchase_analytics_dag.py
[2025-12-20T17:23:18.508+0000] {processor.py:840} INFO - DAG(s) 'purchase_analytics_refresh' retrieved from /opt/airflow/dags/purchase_analytics_dag.py
[2025-12-20T17:23:18.550+0000] {logging_mixin.py:188} INFO - [2025-12-20T17:23:18.550+0000] {dag.py:3033} INFO - Sync 1 DAGs
[2025-12-20T17:23:18.583+0000] {logging_mixin.py:188} INFO - [2025-12-20T17:23:18.583+0000] {dag.py:3820} INFO - Setting next_dagrun for purchase_analytics_refresh to 2025-12-20T02:00:00+00:00, run_after=2025-12-21T02:00:00+00:00
[2025-12-20T17:23:18.597+0000] {processor.py:183} INFO - Processing /opt/airflow/dags/purchase_analytics_dag.py took 0.145 seconds
[2025-12-20T17:23:48.859+0000] {processor.py:161} INFO - Started process (PID=195) to work on /opt/airflow/dags/purchase_analytics_dag.py
[2025-12-20T17:23:48.862+0000] {processor.py:830} INFO - Processing file /opt/airflow/dags/purchase_analytics_dag.py for tasks to queue
[2025-12-20T17:23:48.863+0000] {logging_mixin.py:188} INFO - [2025-12-20T17:23:48.863+0000] {dagbag.py:538} INFO - Filling up the DagBag from /opt/airflow/dags/purchase_analytics_dag.py
[2025-12-20T17:23:48.898+0000] {processor.py:840} INFO - DAG(s) 'purchase_analytics_refresh' retrieved from /opt/airflow/dags/purchase_analytics_dag.py
[2025-12-20T17:23:48.951+0000] {logging_mixin.py:188} INFO - [2025-12-20T17:23:48.951+0000] {dag.py:3033} INFO - Sync 1 DAGs
[2025-12-20T17:23:48.983+0000] {logging_mixin.py:188} INFO - [2025-12-20T17:23:48.982+0000] {dag.py:3820} INFO - Setting next_dagrun for purchase_analytics_refresh to 2025-12-20T02:00:00+00:00, run_after=2025-12-21T02:00:00+00:00
[2025-12-20T17:23:49.000+0000] {processor.py:183} INFO - Processing /opt/airflow/dags/purchase_analytics_dag.py took 0.152 seconds
[2025-12-20T17:24:19.322+0000] {processor.py:161} INFO - Started process (PID=205) to work on /opt/airflow/dags/purchase_analytics_dag.py
[2025-12-20T17:24:19.324+0000] {processor.py:830} INFO - Processing file /opt/airflow/dags/purchase_analytics_dag.py for tasks to queue
[2025-12-20T17:24:19.325+0000] {logging_mixin.py:188} INFO - [2025-12-20T17:24:19.324+0000] {dagbag.py:538} INFO - Filling up the DagBag from /opt/airflow/dags/purchase_analytics_dag.py
[2025-12-20T17:24:19.368+0000] {processor.py:840} INFO - DAG(s) 'purchase_analytics_refresh' retrieved from /opt/airflow/dags/purchase_analytics_dag.py
[2025-12-20T17:24:19.416+0000] {logging_mixin.py:188} INFO - [2025-12-20T17:24:19.416+0000] {dag.py:3033} INFO - Sync 1 DAGs
[2025-12-20T17:24:19.449+0000] {logging_mixin.py:188} INFO - [2025-12-20T17:24:19.449+0000] {dag.py:3820} INFO - Setting next_dagrun for purchase_analytics_refresh to 2025-12-20T02:00:00+00:00, run_after=2025-12-21T02:00:00+00:00
[2025-12-20T17:24:19.466+0000] {processor.py:183} INFO - Processing /opt/airflow/dags/purchase_analytics_dag.py took 0.157 seconds
[2025-12-20T17:24:49.793+0000] {processor.py:161} INFO - Started process (PID=215) to work on /opt/airflow/dags/purchase_analytics_dag.py
[2025-12-20T17:24:49.801+0000] {processor.py:830} INFO - Processing file /opt/airflow/dags/purchase_analytics_dag.py for tasks to queue
[2025-12-20T17:24:49.810+0000] {logging_mixin.py:188} INFO - [2025-12-20T17:24:49.807+0000] {dagbag.py:538} INFO - Filling up the DagBag from /opt/airflow/dags/purchase_analytics_dag.py
[2025-12-20T17:24:49.856+0000] {processor.py:840} INFO - DAG(s) 'purchase_analytics_refresh' retrieved from /opt/airflow/dags/purchase_analytics_dag.py
[2025-12-20T17:24:49.933+0000] {logging_mixin.py:188} INFO - [2025-12-20T17:24:49.933+0000] {dag.py:3033} INFO - Sync 1 DAGs
[2025-12-20T17:24:49.964+0000] {logging_mixin.py:188} INFO - [2025-12-20T17:24:49.964+0000] {dag.py:3820} INFO - Setting next_dagrun for purchase_analytics_refresh to 2025-12-20T02:00:00+00:00, run_after=2025-12-21T02:00:00+00:00
[2025-12-20T17:24:49.986+0000] {processor.py:183} INFO - Processing /opt/airflow/dags/purchase_analytics_dag.py took 0.204 seconds
[2025-12-20T17:25:20.264+0000] {processor.py:161} INFO - Started process (PID=225) to work on /opt/airflow/dags/purchase_analytics_dag.py
[2025-12-20T17:25:20.266+0000] {processor.py:830} INFO - Processing file /opt/airflow/dags/purchase_analytics_dag.py for tasks to queue
[2025-12-20T17:25:20.268+0000] {logging_mixin.py:188} INFO - [2025-12-20T17:25:20.267+0000] {dagbag.py:538} INFO - Filling up the DagBag from /opt/airflow/dags/purchase_analytics_dag.py
[2025-12-20T17:25:20.313+0000] {processor.py:840} INFO - DAG(s) 'purchase_analytics_refresh' retrieved from /opt/airflow/dags/purchase_analytics_dag.py
[2025-12-20T17:25:20.363+0000] {logging_mixin.py:188} INFO - [2025-12-20T17:25:20.363+0000] {dag.py:3033} INFO - Sync 1 DAGs
[2025-12-20T17:25:20.387+0000] {logging_mixin.py:188} INFO - [2025-12-20T17:25:20.386+0000] {dag.py:3820} INFO - Setting next_dagrun for purchase_analytics_refresh to 2025-12-20T02:00:00+00:00, run_after=2025-12-21T02:00:00+00:00
[2025-12-20T17:25:20.402+0000] {processor.py:183} INFO - Processing /opt/airflow/dags/purchase_analytics_dag.py took 0.150 seconds
[2025-12-20T17:25:50.755+0000] {processor.py:161} INFO - Started process (PID=235) to work on /opt/airflow/dags/purchase_analytics_dag.py
[2025-12-20T17:25:50.762+0000] {processor.py:830} INFO - Processing file /opt/airflow/dags/purchase_analytics_dag.py for tasks to queue
[2025-12-20T17:25:50.764+0000] {logging_mixin.py:188} INFO - [2025-12-20T17:25:50.763+0000] {dagbag.py:538} INFO - Filling up the DagBag from /opt/airflow/dags/purchase_analytics_dag.py
[2025-12-20T17:25:50.798+0000] {processor.py:840} INFO - DAG(s) 'purchase_analytics_refresh' retrieved from /opt/airflow/dags/purchase_analytics_dag.py
[2025-12-20T17:25:50.842+0000] {logging_mixin.py:188} INFO - [2025-12-20T17:25:50.842+0000] {dag.py:3033} INFO - Sync 1 DAGs
[2025-12-20T17:25:50.870+0000] {logging_mixin.py:188} INFO - [2025-12-20T17:25:50.870+0000] {dag.py:3820} INFO - Setting next_dagrun for purchase_analytics_refresh to 2025-12-20T02:00:00+00:00, run_after=2025-12-21T02:00:00+00:00
[2025-12-20T17:25:50.889+0000] {processor.py:183} INFO - Processing /opt/airflow/dags/purchase_analytics_dag.py took 0.140 seconds
[2025-12-20T17:26:21.234+0000] {processor.py:161} INFO - Started process (PID=245) to work on /opt/airflow/dags/purchase_analytics_dag.py
[2025-12-20T17:26:21.236+0000] {processor.py:830} INFO - Processing file /opt/airflow/dags/purchase_analytics_dag.py for tasks to queue
[2025-12-20T17:26:21.238+0000] {logging_mixin.py:188} INFO - [2025-12-20T17:26:21.237+0000] {dagbag.py:538} INFO - Filling up the DagBag from /opt/airflow/dags/purchase_analytics_dag.py
[2025-12-20T17:26:21.278+0000] {processor.py:840} INFO - DAG(s) 'purchase_analytics_refresh' retrieved from /opt/airflow/dags/purchase_analytics_dag.py
[2025-12-20T17:26:21.315+0000] {logging_mixin.py:188} INFO - [2025-12-20T17:26:21.315+0000] {dag.py:3033} INFO - Sync 1 DAGs
[2025-12-20T17:26:21.341+0000] {logging_mixin.py:188} INFO - [2025-12-20T17:26:21.341+0000] {dag.py:3820} INFO - Setting next_dagrun for purchase_analytics_refresh to 2025-12-20T02:00:00+00:00, run_after=2025-12-21T02:00:00+00:00
[2025-12-20T17:26:21.362+0000] {processor.py:183} INFO - Processing /opt/airflow/dags/purchase_analytics_dag.py took 0.134 seconds
[2025-12-20T17:37:19.847+0000] {processor.py:161} INFO - Started process (PID=30) to work on /opt/airflow/dags/purchase_analytics_dag.py
[2025-12-20T17:37:19.849+0000] {processor.py:830} INFO - Processing file /opt/airflow/dags/purchase_analytics_dag.py for tasks to queue
[2025-12-20T17:37:19.849+0000] {logging_mixin.py:188} INFO - [2025-12-20T17:37:19.849+0000] {dagbag.py:538} INFO - Filling up the DagBag from /opt/airflow/dags/purchase_analytics_dag.py
[2025-12-20T17:37:19.869+0000] {processor.py:840} INFO - DAG(s) 'purchase_analytics_refresh' retrieved from /opt/airflow/dags/purchase_analytics_dag.py
[2025-12-20T17:37:19.895+0000] {logging_mixin.py:188} INFO - [2025-12-20T17:37:19.895+0000] {dag.py:3033} INFO - Sync 1 DAGs
[2025-12-20T17:37:19.922+0000] {logging_mixin.py:188} INFO - [2025-12-20T17:37:19.922+0000] {dag.py:3820} INFO - Setting next_dagrun for purchase_analytics_refresh to 2025-12-20T02:00:00+00:00, run_after=2025-12-21T02:00:00+00:00
[2025-12-20T17:37:19.940+0000] {processor.py:183} INFO - Processing /opt/airflow/dags/purchase_analytics_dag.py took 0.096 seconds
[2025-12-20T17:37:50.214+0000] {processor.py:161} INFO - Started process (PID=40) to work on /opt/airflow/dags/purchase_analytics_dag.py
[2025-12-20T17:37:50.216+0000] {processor.py:830} INFO - Processing file /opt/airflow/dags/purchase_analytics_dag.py for tasks to queue
[2025-12-20T17:37:50.217+0000] {logging_mixin.py:188} INFO - [2025-12-20T17:37:50.216+0000] {dagbag.py:538} INFO - Filling up the DagBag from /opt/airflow/dags/purchase_analytics_dag.py
[2025-12-20T17:37:50.237+0000] {processor.py:840} INFO - DAG(s) 'purchase_analytics_refresh' retrieved from /opt/airflow/dags/purchase_analytics_dag.py
[2025-12-20T17:37:50.403+0000] {logging_mixin.py:188} INFO - [2025-12-20T17:37:50.402+0000] {dag.py:3033} INFO - Sync 1 DAGs
[2025-12-20T17:37:50.421+0000] {logging_mixin.py:188} INFO - [2025-12-20T17:37:50.420+0000] {dag.py:3820} INFO - Setting next_dagrun for purchase_analytics_refresh to 2025-12-20T02:00:00+00:00, run_after=2025-12-21T02:00:00+00:00
[2025-12-20T17:37:50.439+0000] {processor.py:183} INFO - Processing /opt/airflow/dags/purchase_analytics_dag.py took 0.229 seconds
[2025-12-20T17:38:20.758+0000] {processor.py:161} INFO - Started process (PID=50) to work on /opt/airflow/dags/purchase_analytics_dag.py
[2025-12-20T17:38:20.760+0000] {processor.py:830} INFO - Processing file /opt/airflow/dags/purchase_analytics_dag.py for tasks to queue
[2025-12-20T17:38:20.761+0000] {logging_mixin.py:188} INFO - [2025-12-20T17:38:20.761+0000] {dagbag.py:538} INFO - Filling up the DagBag from /opt/airflow/dags/purchase_analytics_dag.py
[2025-12-20T17:38:20.779+0000] {processor.py:840} INFO - DAG(s) 'purchase_analytics_refresh' retrieved from /opt/airflow/dags/purchase_analytics_dag.py
[2025-12-20T17:38:20.810+0000] {logging_mixin.py:188} INFO - [2025-12-20T17:38:20.810+0000] {dag.py:3033} INFO - Sync 1 DAGs
[2025-12-20T17:38:20.827+0000] {logging_mixin.py:188} INFO - [2025-12-20T17:38:20.826+0000] {dag.py:3820} INFO - Setting next_dagrun for purchase_analytics_refresh to 2025-12-20T02:00:00+00:00, run_after=2025-12-21T02:00:00+00:00
[2025-12-20T17:38:20.838+0000] {processor.py:183} INFO - Processing /opt/airflow/dags/purchase_analytics_dag.py took 0.090 seconds
[2025-12-20T17:38:51.176+0000] {processor.py:161} INFO - Started process (PID=60) to work on /opt/airflow/dags/purchase_analytics_dag.py
[2025-12-20T17:38:51.177+0000] {processor.py:830} INFO - Processing file /opt/airflow/dags/purchase_analytics_dag.py for tasks to queue
[2025-12-20T17:38:51.178+0000] {logging_mixin.py:188} INFO - [2025-12-20T17:38:51.178+0000] {dagbag.py:538} INFO - Filling up the DagBag from /opt/airflow/dags/purchase_analytics_dag.py
[2025-12-20T17:38:51.210+0000] {processor.py:840} INFO - DAG(s) 'purchase_analytics_refresh' retrieved from /opt/airflow/dags/purchase_analytics_dag.py
[2025-12-20T17:38:51.250+0000] {logging_mixin.py:188} INFO - [2025-12-20T17:38:51.250+0000] {dag.py:3033} INFO - Sync 1 DAGs
[2025-12-20T17:38:51.270+0000] {logging_mixin.py:188} INFO - [2025-12-20T17:38:51.270+0000] {dag.py:3820} INFO - Setting next_dagrun for purchase_analytics_refresh to 2025-12-20T02:00:00+00:00, run_after=2025-12-21T02:00:00+00:00
[2025-12-20T17:38:51.284+0000] {processor.py:183} INFO - Processing /opt/airflow/dags/purchase_analytics_dag.py took 0.116 seconds
[2025-12-20T17:39:21.524+0000] {processor.py:161} INFO - Started process (PID=70) to work on /opt/airflow/dags/purchase_analytics_dag.py
[2025-12-20T17:39:21.528+0000] {processor.py:830} INFO - Processing file /opt/airflow/dags/purchase_analytics_dag.py for tasks to queue
[2025-12-20T17:39:21.531+0000] {logging_mixin.py:188} INFO - [2025-12-20T17:39:21.530+0000] {dagbag.py:538} INFO - Filling up the DagBag from /opt/airflow/dags/purchase_analytics_dag.py
[2025-12-20T17:39:21.554+0000] {processor.py:840} INFO - DAG(s) 'purchase_analytics_refresh' retrieved from /opt/airflow/dags/purchase_analytics_dag.py
[2025-12-20T17:39:21.594+0000] {logging_mixin.py:188} INFO - [2025-12-20T17:39:21.594+0000] {dag.py:3033} INFO - Sync 1 DAGs
[2025-12-20T17:39:21.612+0000] {logging_mixin.py:188} INFO - [2025-12-20T17:39:21.612+0000] {dag.py:3820} INFO - Setting next_dagrun for purchase_analytics_refresh to 2025-12-20T02:00:00+00:00, run_after=2025-12-21T02:00:00+00:00
[2025-12-20T17:39:21.625+0000] {processor.py:183} INFO - Processing /opt/airflow/dags/purchase_analytics_dag.py took 0.107 seconds
[2025-12-20T17:39:51.987+0000] {processor.py:161} INFO - Started process (PID=80) to work on /opt/airflow/dags/purchase_analytics_dag.py
[2025-12-20T17:39:51.990+0000] {processor.py:830} INFO - Processing file /opt/airflow/dags/purchase_analytics_dag.py for tasks to queue
[2025-12-20T17:39:51.991+0000] {logging_mixin.py:188} INFO - [2025-12-20T17:39:51.991+0000] {dagbag.py:538} INFO - Filling up the DagBag from /opt/airflow/dags/purchase_analytics_dag.py
[2025-12-20T17:39:52.018+0000] {processor.py:840} INFO - DAG(s) 'purchase_analytics_refresh' retrieved from /opt/airflow/dags/purchase_analytics_dag.py
[2025-12-20T17:39:52.061+0000] {logging_mixin.py:188} INFO - [2025-12-20T17:39:52.060+0000] {dag.py:3033} INFO - Sync 1 DAGs
[2025-12-20T17:39:52.085+0000] {logging_mixin.py:188} INFO - [2025-12-20T17:39:52.084+0000] {dag.py:3820} INFO - Setting next_dagrun for purchase_analytics_refresh to 2025-12-20T02:00:00+00:00, run_after=2025-12-21T02:00:00+00:00
[2025-12-20T17:39:52.099+0000] {processor.py:183} INFO - Processing /opt/airflow/dags/purchase_analytics_dag.py took 0.120 seconds
[2025-12-20T17:40:22.500+0000] {processor.py:161} INFO - Started process (PID=90) to work on /opt/airflow/dags/purchase_analytics_dag.py
[2025-12-20T17:40:22.501+0000] {processor.py:830} INFO - Processing file /opt/airflow/dags/purchase_analytics_dag.py for tasks to queue
[2025-12-20T17:40:22.502+0000] {logging_mixin.py:188} INFO - [2025-12-20T17:40:22.502+0000] {dagbag.py:538} INFO - Filling up the DagBag from /opt/airflow/dags/purchase_analytics_dag.py
[2025-12-20T17:40:22.522+0000] {processor.py:840} INFO - DAG(s) 'purchase_analytics_refresh' retrieved from /opt/airflow/dags/purchase_analytics_dag.py
[2025-12-20T17:40:22.551+0000] {logging_mixin.py:188} INFO - [2025-12-20T17:40:22.551+0000] {dag.py:3033} INFO - Sync 1 DAGs
[2025-12-20T17:40:22.570+0000] {logging_mixin.py:188} INFO - [2025-12-20T17:40:22.570+0000] {dag.py:3820} INFO - Setting next_dagrun for purchase_analytics_refresh to 2025-12-20T02:00:00+00:00, run_after=2025-12-21T02:00:00+00:00
[2025-12-20T17:40:22.583+0000] {processor.py:183} INFO - Processing /opt/airflow/dags/purchase_analytics_dag.py took 0.090 seconds
[2025-12-20T17:40:52.973+0000] {processor.py:161} INFO - Started process (PID=100) to work on /opt/airflow/dags/purchase_analytics_dag.py
[2025-12-20T17:40:52.975+0000] {processor.py:830} INFO - Processing file /opt/airflow/dags/purchase_analytics_dag.py for tasks to queue
[2025-12-20T17:40:52.977+0000] {logging_mixin.py:188} INFO - [2025-12-20T17:40:52.976+0000] {dagbag.py:538} INFO - Filling up the DagBag from /opt/airflow/dags/purchase_analytics_dag.py
[2025-12-20T17:40:53.009+0000] {processor.py:840} INFO - DAG(s) 'purchase_analytics_refresh' retrieved from /opt/airflow/dags/purchase_analytics_dag.py
[2025-12-20T17:40:53.050+0000] {logging_mixin.py:188} INFO - [2025-12-20T17:40:53.050+0000] {dag.py:3033} INFO - Sync 1 DAGs
[2025-12-20T17:40:53.075+0000] {logging_mixin.py:188} INFO - [2025-12-20T17:40:53.075+0000] {dag.py:3820} INFO - Setting next_dagrun for purchase_analytics_refresh to 2025-12-20T02:00:00+00:00, run_after=2025-12-21T02:00:00+00:00
[2025-12-20T17:40:53.090+0000] {processor.py:183} INFO - Processing /opt/airflow/dags/purchase_analytics_dag.py took 0.129 seconds
[2025-12-20T17:41:23.356+0000] {processor.py:161} INFO - Started process (PID=109) to work on /opt/airflow/dags/purchase_analytics_dag.py
[2025-12-20T17:41:23.360+0000] {processor.py:830} INFO - Processing file /opt/airflow/dags/purchase_analytics_dag.py for tasks to queue
[2025-12-20T17:41:23.362+0000] {logging_mixin.py:188} INFO - [2025-12-20T17:41:23.361+0000] {dagbag.py:538} INFO - Filling up the DagBag from /opt/airflow/dags/purchase_analytics_dag.py
[2025-12-20T17:41:23.403+0000] {processor.py:840} INFO - DAG(s) 'purchase_analytics_refresh' retrieved from /opt/airflow/dags/purchase_analytics_dag.py
[2025-12-20T17:41:23.461+0000] {logging_mixin.py:188} INFO - [2025-12-20T17:41:23.461+0000] {dag.py:3033} INFO - Sync 1 DAGs
[2025-12-20T17:41:23.494+0000] {logging_mixin.py:188} INFO - [2025-12-20T17:41:23.494+0000] {dag.py:3820} INFO - Setting next_dagrun for purchase_analytics_refresh to 2025-12-20T02:00:00+00:00, run_after=2025-12-21T02:00:00+00:00
[2025-12-20T17:41:23.522+0000] {processor.py:183} INFO - Processing /opt/airflow/dags/purchase_analytics_dag.py took 0.178 seconds
[2025-12-20T17:41:53.931+0000] {processor.py:161} INFO - Started process (PID=113) to work on /opt/airflow/dags/purchase_analytics_dag.py
[2025-12-20T17:41:53.934+0000] {processor.py:830} INFO - Processing file /opt/airflow/dags/purchase_analytics_dag.py for tasks to queue
[2025-12-20T17:41:53.936+0000] {logging_mixin.py:188} INFO - [2025-12-20T17:41:53.935+0000] {dagbag.py:538} INFO - Filling up the DagBag from /opt/airflow/dags/purchase_analytics_dag.py
[2025-12-20T17:41:53.976+0000] {processor.py:840} INFO - DAG(s) 'purchase_analytics_refresh' retrieved from /opt/airflow/dags/purchase_analytics_dag.py
[2025-12-20T17:41:54.036+0000] {logging_mixin.py:188} INFO - [2025-12-20T17:41:54.036+0000] {dag.py:3033} INFO - Sync 1 DAGs
[2025-12-20T17:41:54.072+0000] {logging_mixin.py:188} INFO - [2025-12-20T17:41:54.072+0000] {dag.py:3820} INFO - Setting next_dagrun for purchase_analytics_refresh to 2025-12-20T02:00:00+00:00, run_after=2025-12-21T02:00:00+00:00
[2025-12-20T17:41:54.089+0000] {processor.py:183} INFO - Processing /opt/airflow/dags/purchase_analytics_dag.py took 0.171 seconds
[2025-12-20T17:42:24.645+0000] {processor.py:161} INFO - Started process (PID=122) to work on /opt/airflow/dags/purchase_analytics_dag.py
[2025-12-20T17:42:24.654+0000] {processor.py:830} INFO - Processing file /opt/airflow/dags/purchase_analytics_dag.py for tasks to queue
[2025-12-20T17:42:24.656+0000] {logging_mixin.py:188} INFO - [2025-12-20T17:42:24.655+0000] {dagbag.py:538} INFO - Filling up the DagBag from /opt/airflow/dags/purchase_analytics_dag.py
[2025-12-20T17:42:24.709+0000] {processor.py:840} INFO - DAG(s) 'purchase_analytics_refresh' retrieved from /opt/airflow/dags/purchase_analytics_dag.py
[2025-12-20T17:42:24.780+0000] {logging_mixin.py:188} INFO - [2025-12-20T17:42:24.780+0000] {dag.py:3033} INFO - Sync 1 DAGs
[2025-12-20T17:42:24.813+0000] {logging_mixin.py:188} INFO - [2025-12-20T17:42:24.813+0000] {dag.py:3820} INFO - Setting next_dagrun for purchase_analytics_refresh to 2025-12-20T02:00:00+00:00, run_after=2025-12-21T02:00:00+00:00
[2025-12-20T17:42:24.845+0000] {processor.py:183} INFO - Processing /opt/airflow/dags/purchase_analytics_dag.py took 0.221 seconds
[2025-12-20T17:42:55.358+0000] {processor.py:161} INFO - Started process (PID=132) to work on /opt/airflow/dags/purchase_analytics_dag.py
[2025-12-20T17:42:55.363+0000] {processor.py:830} INFO - Processing file /opt/airflow/dags/purchase_analytics_dag.py for tasks to queue
[2025-12-20T17:42:55.369+0000] {logging_mixin.py:188} INFO - [2025-12-20T17:42:55.365+0000] {dagbag.py:538} INFO - Filling up the DagBag from /opt/airflow/dags/purchase_analytics_dag.py
[2025-12-20T17:42:55.408+0000] {processor.py:840} INFO - DAG(s) 'purchase_analytics_refresh' retrieved from /opt/airflow/dags/purchase_analytics_dag.py
[2025-12-20T17:42:55.457+0000] {logging_mixin.py:188} INFO - [2025-12-20T17:42:55.457+0000] {dag.py:3033} INFO - Sync 1 DAGs
[2025-12-20T17:42:55.480+0000] {logging_mixin.py:188} INFO - [2025-12-20T17:42:55.480+0000] {dag.py:3820} INFO - Setting next_dagrun for purchase_analytics_refresh to 2025-12-20T02:00:00+00:00, run_after=2025-12-21T02:00:00+00:00
[2025-12-20T17:42:55.494+0000] {processor.py:183} INFO - Processing /opt/airflow/dags/purchase_analytics_dag.py took 0.147 seconds
[2025-12-20T17:43:25.847+0000] {processor.py:161} INFO - Started process (PID=142) to work on /opt/airflow/dags/purchase_analytics_dag.py
[2025-12-20T17:43:25.849+0000] {processor.py:830} INFO - Processing file /opt/airflow/dags/purchase_analytics_dag.py for tasks to queue
[2025-12-20T17:43:25.851+0000] {logging_mixin.py:188} INFO - [2025-12-20T17:43:25.851+0000] {dagbag.py:538} INFO - Filling up the DagBag from /opt/airflow/dags/purchase_analytics_dag.py
[2025-12-20T17:43:25.876+0000] {processor.py:840} INFO - DAG(s) 'purchase_analytics_refresh' retrieved from /opt/airflow/dags/purchase_analytics_dag.py
[2025-12-20T17:43:25.938+0000] {logging_mixin.py:188} INFO - [2025-12-20T17:43:25.937+0000] {dag.py:3033} INFO - Sync 1 DAGs
[2025-12-20T17:43:25.962+0000] {logging_mixin.py:188} INFO - [2025-12-20T17:43:25.961+0000] {dag.py:3820} INFO - Setting next_dagrun for purchase_analytics_refresh to 2025-12-20T02:00:00+00:00, run_after=2025-12-21T02:00:00+00:00
[2025-12-20T17:43:25.976+0000] {processor.py:183} INFO - Processing /opt/airflow/dags/purchase_analytics_dag.py took 0.148 seconds
[2025-12-20T17:43:56.298+0000] {processor.py:161} INFO - Started process (PID=151) to work on /opt/airflow/dags/purchase_analytics_dag.py
[2025-12-20T17:43:56.300+0000] {processor.py:830} INFO - Processing file /opt/airflow/dags/purchase_analytics_dag.py for tasks to queue
[2025-12-20T17:43:56.302+0000] {logging_mixin.py:188} INFO - [2025-12-20T17:43:56.301+0000] {dagbag.py:538} INFO - Filling up the DagBag from /opt/airflow/dags/purchase_analytics_dag.py
[2025-12-20T17:43:56.330+0000] {processor.py:840} INFO - DAG(s) 'purchase_analytics_refresh' retrieved from /opt/airflow/dags/purchase_analytics_dag.py
[2025-12-20T17:43:56.376+0000] {logging_mixin.py:188} INFO - [2025-12-20T17:43:56.376+0000] {dag.py:3033} INFO - Sync 1 DAGs
[2025-12-20T17:43:56.407+0000] {logging_mixin.py:188} INFO - [2025-12-20T17:43:56.406+0000] {dag.py:3820} INFO - Setting next_dagrun for purchase_analytics_refresh to 2025-12-20T02:00:00+00:00, run_after=2025-12-21T02:00:00+00:00
[2025-12-20T17:43:56.426+0000] {processor.py:183} INFO - Processing /opt/airflow/dags/purchase_analytics_dag.py took 0.137 seconds
[2025-12-20T17:44:26.831+0000] {processor.py:161} INFO - Started process (PID=161) to work on /opt/airflow/dags/purchase_analytics_dag.py
[2025-12-20T17:44:26.834+0000] {processor.py:830} INFO - Processing file /opt/airflow/dags/purchase_analytics_dag.py for tasks to queue
[2025-12-20T17:44:26.839+0000] {logging_mixin.py:188} INFO - [2025-12-20T17:44:26.838+0000] {dagbag.py:538} INFO - Filling up the DagBag from /opt/airflow/dags/purchase_analytics_dag.py
[2025-12-20T17:44:26.867+0000] {processor.py:840} INFO - DAG(s) 'purchase_analytics_refresh' retrieved from /opt/airflow/dags/purchase_analytics_dag.py
[2025-12-20T17:44:26.918+0000] {logging_mixin.py:188} INFO - [2025-12-20T17:44:26.918+0000] {dag.py:3033} INFO - Sync 1 DAGs
[2025-12-20T17:44:26.955+0000] {logging_mixin.py:188} INFO - [2025-12-20T17:44:26.954+0000] {dag.py:3820} INFO - Setting next_dagrun for purchase_analytics_refresh to 2025-12-20T02:00:00+00:00, run_after=2025-12-21T02:00:00+00:00
[2025-12-20T17:44:26.981+0000] {processor.py:183} INFO - Processing /opt/airflow/dags/purchase_analytics_dag.py took 0.166 seconds
[2025-12-20T17:44:57.230+0000] {processor.py:161} INFO - Started process (PID=171) to work on /opt/airflow/dags/purchase_analytics_dag.py
[2025-12-20T17:44:57.233+0000] {processor.py:830} INFO - Processing file /opt/airflow/dags/purchase_analytics_dag.py for tasks to queue
[2025-12-20T17:44:57.234+0000] {logging_mixin.py:188} INFO - [2025-12-20T17:44:57.234+0000] {dagbag.py:538} INFO - Filling up the DagBag from /opt/airflow/dags/purchase_analytics_dag.py
[2025-12-20T17:44:57.269+0000] {processor.py:840} INFO - DAG(s) 'purchase_analytics_refresh' retrieved from /opt/airflow/dags/purchase_analytics_dag.py
[2025-12-20T17:44:57.313+0000] {logging_mixin.py:188} INFO - [2025-12-20T17:44:57.313+0000] {dag.py:3033} INFO - Sync 1 DAGs
[2025-12-20T17:44:57.334+0000] {logging_mixin.py:188} INFO - [2025-12-20T17:44:57.334+0000] {dag.py:3820} INFO - Setting next_dagrun for purchase_analytics_refresh to 2025-12-20T02:00:00+00:00, run_after=2025-12-21T02:00:00+00:00
[2025-12-20T17:44:57.351+0000] {processor.py:183} INFO - Processing /opt/airflow/dags/purchase_analytics_dag.py took 0.139 seconds
[2025-12-20T17:59:40.012+0000] {processor.py:161} INFO - Started process (PID=30) to work on /opt/airflow/dags/purchase_analytics_dag.py
[2025-12-20T17:59:40.014+0000] {processor.py:830} INFO - Processing file /opt/airflow/dags/purchase_analytics_dag.py for tasks to queue
[2025-12-20T17:59:40.014+0000] {logging_mixin.py:188} INFO - [2025-12-20T17:59:40.014+0000] {dagbag.py:538} INFO - Filling up the DagBag from /opt/airflow/dags/purchase_analytics_dag.py
[2025-12-20T17:59:40.035+0000] {processor.py:840} INFO - DAG(s) 'purchase_analytics_refresh' retrieved from /opt/airflow/dags/purchase_analytics_dag.py
[2025-12-20T17:59:40.061+0000] {logging_mixin.py:188} INFO - [2025-12-20T17:59:40.061+0000] {dag.py:3033} INFO - Sync 1 DAGs
[2025-12-20T17:59:40.082+0000] {logging_mixin.py:188} INFO - [2025-12-20T17:59:40.082+0000] {dag.py:3820} INFO - Setting next_dagrun for purchase_analytics_refresh to 2025-12-20T02:00:00+00:00, run_after=2025-12-21T02:00:00+00:00
[2025-12-20T17:59:40.096+0000] {processor.py:183} INFO - Processing /opt/airflow/dags/purchase_analytics_dag.py took 0.092 seconds
[2025-12-20T18:00:10.346+0000] {processor.py:161} INFO - Started process (PID=40) to work on /opt/airflow/dags/purchase_analytics_dag.py
[2025-12-20T18:00:10.348+0000] {processor.py:830} INFO - Processing file /opt/airflow/dags/purchase_analytics_dag.py for tasks to queue
[2025-12-20T18:00:10.349+0000] {logging_mixin.py:188} INFO - [2025-12-20T18:00:10.348+0000] {dagbag.py:538} INFO - Filling up the DagBag from /opt/airflow/dags/purchase_analytics_dag.py
[2025-12-20T18:00:10.368+0000] {processor.py:840} INFO - DAG(s) 'purchase_analytics_refresh' retrieved from /opt/airflow/dags/purchase_analytics_dag.py
[2025-12-20T18:00:10.551+0000] {logging_mixin.py:188} INFO - [2025-12-20T18:00:10.551+0000] {dag.py:3033} INFO - Sync 1 DAGs
[2025-12-20T18:00:10.568+0000] {logging_mixin.py:188} INFO - [2025-12-20T18:00:10.567+0000] {dag.py:3820} INFO - Setting next_dagrun for purchase_analytics_refresh to 2025-12-20T02:00:00+00:00, run_after=2025-12-21T02:00:00+00:00
[2025-12-20T18:00:10.583+0000] {processor.py:183} INFO - Processing /opt/airflow/dags/purchase_analytics_dag.py took 0.242 seconds
[2025-12-20T18:00:41.006+0000] {processor.py:161} INFO - Started process (PID=62) to work on /opt/airflow/dags/purchase_analytics_dag.py
[2025-12-20T18:00:41.008+0000] {processor.py:830} INFO - Processing file /opt/airflow/dags/purchase_analytics_dag.py for tasks to queue
[2025-12-20T18:00:41.010+0000] {logging_mixin.py:188} INFO - [2025-12-20T18:00:41.009+0000] {dagbag.py:538} INFO - Filling up the DagBag from /opt/airflow/dags/purchase_analytics_dag.py
[2025-12-20T18:00:41.045+0000] {processor.py:840} INFO - DAG(s) 'purchase_analytics_refresh' retrieved from /opt/airflow/dags/purchase_analytics_dag.py
[2025-12-20T18:00:41.102+0000] {logging_mixin.py:188} INFO - [2025-12-20T18:00:41.102+0000] {dag.py:3033} INFO - Sync 1 DAGs
[2025-12-20T18:00:41.126+0000] {logging_mixin.py:188} INFO - [2025-12-20T18:00:41.125+0000] {dag.py:3820} INFO - Setting next_dagrun for purchase_analytics_refresh to 2025-12-20T02:00:00+00:00, run_after=2025-12-21T02:00:00+00:00
[2025-12-20T18:00:41.140+0000] {processor.py:183} INFO - Processing /opt/airflow/dags/purchase_analytics_dag.py took 0.144 seconds
[2025-12-20T18:01:11.482+0000] {processor.py:161} INFO - Started process (PID=72) to work on /opt/airflow/dags/purchase_analytics_dag.py
[2025-12-20T18:01:11.485+0000] {processor.py:830} INFO - Processing file /opt/airflow/dags/purchase_analytics_dag.py for tasks to queue
[2025-12-20T18:01:11.486+0000] {logging_mixin.py:188} INFO - [2025-12-20T18:01:11.486+0000] {dagbag.py:538} INFO - Filling up the DagBag from /opt/airflow/dags/purchase_analytics_dag.py
[2025-12-20T18:01:11.506+0000] {processor.py:840} INFO - DAG(s) 'purchase_analytics_refresh' retrieved from /opt/airflow/dags/purchase_analytics_dag.py
[2025-12-20T18:01:11.546+0000] {logging_mixin.py:188} INFO - [2025-12-20T18:01:11.546+0000] {dag.py:3033} INFO - Sync 1 DAGs
[2025-12-20T18:01:11.565+0000] {logging_mixin.py:188} INFO - [2025-12-20T18:01:11.565+0000] {dag.py:3820} INFO - Setting next_dagrun for purchase_analytics_refresh to 2025-12-20T02:00:00+00:00, run_after=2025-12-21T02:00:00+00:00
[2025-12-20T18:01:11.577+0000] {processor.py:183} INFO - Processing /opt/airflow/dags/purchase_analytics_dag.py took 0.103 seconds
[2025-12-20T18:01:41.835+0000] {processor.py:161} INFO - Started process (PID=82) to work on /opt/airflow/dags/purchase_analytics_dag.py
[2025-12-20T18:01:41.839+0000] {processor.py:830} INFO - Processing file /opt/airflow/dags/purchase_analytics_dag.py for tasks to queue
[2025-12-20T18:01:41.842+0000] {logging_mixin.py:188} INFO - [2025-12-20T18:01:41.841+0000] {dagbag.py:538} INFO - Filling up the DagBag from /opt/airflow/dags/purchase_analytics_dag.py
[2025-12-20T18:01:41.860+0000] {processor.py:840} INFO - DAG(s) 'purchase_analytics_refresh' retrieved from /opt/airflow/dags/purchase_analytics_dag.py
[2025-12-20T18:01:41.896+0000] {logging_mixin.py:188} INFO - [2025-12-20T18:01:41.896+0000] {dag.py:3033} INFO - Sync 1 DAGs
[2025-12-20T18:01:41.916+0000] {logging_mixin.py:188} INFO - [2025-12-20T18:01:41.916+0000] {dag.py:3820} INFO - Setting next_dagrun for purchase_analytics_refresh to 2025-12-20T02:00:00+00:00, run_after=2025-12-21T02:00:00+00:00
[2025-12-20T18:01:41.931+0000] {processor.py:183} INFO - Processing /opt/airflow/dags/purchase_analytics_dag.py took 0.103 seconds
[2025-12-20T18:02:12.303+0000] {processor.py:161} INFO - Started process (PID=92) to work on /opt/airflow/dags/purchase_analytics_dag.py
[2025-12-20T18:02:12.305+0000] {processor.py:830} INFO - Processing file /opt/airflow/dags/purchase_analytics_dag.py for tasks to queue
[2025-12-20T18:02:12.306+0000] {logging_mixin.py:188} INFO - [2025-12-20T18:02:12.305+0000] {dagbag.py:538} INFO - Filling up the DagBag from /opt/airflow/dags/purchase_analytics_dag.py
[2025-12-20T18:02:12.326+0000] {processor.py:840} INFO - DAG(s) 'purchase_analytics_refresh' retrieved from /opt/airflow/dags/purchase_analytics_dag.py
[2025-12-20T18:02:12.367+0000] {logging_mixin.py:188} INFO - [2025-12-20T18:02:12.366+0000] {dag.py:3033} INFO - Sync 1 DAGs
[2025-12-20T18:02:12.385+0000] {logging_mixin.py:188} INFO - [2025-12-20T18:02:12.385+0000] {dag.py:3820} INFO - Setting next_dagrun for purchase_analytics_refresh to 2025-12-20T02:00:00+00:00, run_after=2025-12-21T02:00:00+00:00
[2025-12-20T18:02:12.398+0000] {processor.py:183} INFO - Processing /opt/airflow/dags/purchase_analytics_dag.py took 0.104 seconds
[2025-12-20T18:02:42.772+0000] {processor.py:161} INFO - Started process (PID=102) to work on /opt/airflow/dags/purchase_analytics_dag.py
[2025-12-20T18:02:42.773+0000] {processor.py:830} INFO - Processing file /opt/airflow/dags/purchase_analytics_dag.py for tasks to queue
[2025-12-20T18:02:42.773+0000] {logging_mixin.py:188} INFO - [2025-12-20T18:02:42.773+0000] {dagbag.py:538} INFO - Filling up the DagBag from /opt/airflow/dags/purchase_analytics_dag.py
[2025-12-20T18:02:42.790+0000] {processor.py:840} INFO - DAG(s) 'purchase_analytics_refresh' retrieved from /opt/airflow/dags/purchase_analytics_dag.py
[2025-12-20T18:02:42.825+0000] {logging_mixin.py:188} INFO - [2025-12-20T18:02:42.825+0000] {dag.py:3033} INFO - Sync 1 DAGs
[2025-12-20T18:02:42.844+0000] {logging_mixin.py:188} INFO - [2025-12-20T18:02:42.844+0000] {dag.py:3820} INFO - Setting next_dagrun for purchase_analytics_refresh to 2025-12-20T02:00:00+00:00, run_after=2025-12-21T02:00:00+00:00
[2025-12-20T18:02:42.858+0000] {processor.py:183} INFO - Processing /opt/airflow/dags/purchase_analytics_dag.py took 0.104 seconds
[2025-12-20T18:03:13.218+0000] {processor.py:161} INFO - Started process (PID=112) to work on /opt/airflow/dags/purchase_analytics_dag.py
[2025-12-20T18:03:13.222+0000] {processor.py:830} INFO - Processing file /opt/airflow/dags/purchase_analytics_dag.py for tasks to queue
[2025-12-20T18:03:13.224+0000] {logging_mixin.py:188} INFO - [2025-12-20T18:03:13.223+0000] {dagbag.py:538} INFO - Filling up the DagBag from /opt/airflow/dags/purchase_analytics_dag.py
[2025-12-20T18:03:13.242+0000] {processor.py:840} INFO - DAG(s) 'purchase_analytics_refresh' retrieved from /opt/airflow/dags/purchase_analytics_dag.py
[2025-12-20T18:03:13.271+0000] {logging_mixin.py:188} INFO - [2025-12-20T18:03:13.271+0000] {dag.py:3033} INFO - Sync 1 DAGs
[2025-12-20T18:03:13.290+0000] {logging_mixin.py:188} INFO - [2025-12-20T18:03:13.290+0000] {dag.py:3820} INFO - Setting next_dagrun for purchase_analytics_refresh to 2025-12-20T02:00:00+00:00, run_after=2025-12-21T02:00:00+00:00
[2025-12-20T18:03:13.303+0000] {processor.py:183} INFO - Processing /opt/airflow/dags/purchase_analytics_dag.py took 0.099 seconds
[2025-12-20T18:03:43.573+0000] {processor.py:161} INFO - Started process (PID=122) to work on /opt/airflow/dags/purchase_analytics_dag.py
[2025-12-20T18:03:43.575+0000] {processor.py:830} INFO - Processing file /opt/airflow/dags/purchase_analytics_dag.py for tasks to queue
[2025-12-20T18:03:43.576+0000] {logging_mixin.py:188} INFO - [2025-12-20T18:03:43.575+0000] {dagbag.py:538} INFO - Filling up the DagBag from /opt/airflow/dags/purchase_analytics_dag.py
[2025-12-20T18:03:43.603+0000] {processor.py:840} INFO - DAG(s) 'purchase_analytics_refresh' retrieved from /opt/airflow/dags/purchase_analytics_dag.py
[2025-12-20T18:03:43.639+0000] {logging_mixin.py:188} INFO - [2025-12-20T18:03:43.639+0000] {dag.py:3033} INFO - Sync 1 DAGs
[2025-12-20T18:03:43.662+0000] {logging_mixin.py:188} INFO - [2025-12-20T18:03:43.662+0000] {dag.py:3820} INFO - Setting next_dagrun for purchase_analytics_refresh to 2025-12-20T02:00:00+00:00, run_after=2025-12-21T02:00:00+00:00
[2025-12-20T18:03:43.679+0000] {processor.py:183} INFO - Processing /opt/airflow/dags/purchase_analytics_dag.py took 0.115 seconds
[2025-12-20T18:04:14.044+0000] {processor.py:161} INFO - Started process (PID=125) to work on /opt/airflow/dags/purchase_analytics_dag.py
[2025-12-20T18:04:14.047+0000] {processor.py:830} INFO - Processing file /opt/airflow/dags/purchase_analytics_dag.py for tasks to queue
[2025-12-20T18:04:14.050+0000] {logging_mixin.py:188} INFO - [2025-12-20T18:04:14.049+0000] {dagbag.py:538} INFO - Filling up the DagBag from /opt/airflow/dags/purchase_analytics_dag.py
[2025-12-20T18:04:14.075+0000] {processor.py:840} INFO - DAG(s) 'purchase_analytics_refresh' retrieved from /opt/airflow/dags/purchase_analytics_dag.py
[2025-12-20T18:04:14.117+0000] {logging_mixin.py:188} INFO - [2025-12-20T18:04:14.117+0000] {dag.py:3033} INFO - Sync 1 DAGs
[2025-12-20T18:04:14.141+0000] {logging_mixin.py:188} INFO - [2025-12-20T18:04:14.141+0000] {dag.py:3820} INFO - Setting next_dagrun for purchase_analytics_refresh to 2025-12-20T02:00:00+00:00, run_after=2025-12-21T02:00:00+00:00
[2025-12-20T18:04:14.156+0000] {processor.py:183} INFO - Processing /opt/airflow/dags/purchase_analytics_dag.py took 0.135 seconds
[2025-12-20T18:04:44.556+0000] {processor.py:161} INFO - Started process (PID=135) to work on /opt/airflow/dags/purchase_analytics_dag.py
[2025-12-20T18:04:44.558+0000] {processor.py:830} INFO - Processing file /opt/airflow/dags/purchase_analytics_dag.py for tasks to queue
[2025-12-20T18:04:44.560+0000] {logging_mixin.py:188} INFO - [2025-12-20T18:04:44.559+0000] {dagbag.py:538} INFO - Filling up the DagBag from /opt/airflow/dags/purchase_analytics_dag.py
[2025-12-20T18:04:44.585+0000] {processor.py:840} INFO - DAG(s) 'purchase_analytics_refresh' retrieved from /opt/airflow/dags/purchase_analytics_dag.py
[2025-12-20T18:04:44.622+0000] {logging_mixin.py:188} INFO - [2025-12-20T18:04:44.622+0000] {dag.py:3033} INFO - Sync 1 DAGs
[2025-12-20T18:04:44.644+0000] {logging_mixin.py:188} INFO - [2025-12-20T18:04:44.644+0000] {dag.py:3820} INFO - Setting next_dagrun for purchase_analytics_refresh to 2025-12-20T02:00:00+00:00, run_after=2025-12-21T02:00:00+00:00
[2025-12-20T18:04:44.659+0000] {processor.py:183} INFO - Processing /opt/airflow/dags/purchase_analytics_dag.py took 0.111 seconds
[2025-12-20T18:05:15.005+0000] {processor.py:161} INFO - Started process (PID=145) to work on /opt/airflow/dags/purchase_analytics_dag.py
[2025-12-20T18:05:15.007+0000] {processor.py:830} INFO - Processing file /opt/airflow/dags/purchase_analytics_dag.py for tasks to queue
[2025-12-20T18:05:15.009+0000] {logging_mixin.py:188} INFO - [2025-12-20T18:05:15.008+0000] {dagbag.py:538} INFO - Filling up the DagBag from /opt/airflow/dags/purchase_analytics_dag.py
[2025-12-20T18:05:15.034+0000] {processor.py:840} INFO - DAG(s) 'purchase_analytics_refresh' retrieved from /opt/airflow/dags/purchase_analytics_dag.py
[2025-12-20T18:05:15.083+0000] {logging_mixin.py:188} INFO - [2025-12-20T18:05:15.083+0000] {dag.py:3033} INFO - Sync 1 DAGs
[2025-12-20T18:05:15.109+0000] {logging_mixin.py:188} INFO - [2025-12-20T18:05:15.109+0000] {dag.py:3820} INFO - Setting next_dagrun for purchase_analytics_refresh to 2025-12-20T02:00:00+00:00, run_after=2025-12-21T02:00:00+00:00
[2025-12-20T18:05:15.126+0000] {processor.py:183} INFO - Processing /opt/airflow/dags/purchase_analytics_dag.py took 0.132 seconds
[2025-12-20T18:05:45.645+0000] {processor.py:161} INFO - Started process (PID=155) to work on /opt/airflow/dags/purchase_analytics_dag.py
[2025-12-20T18:05:45.647+0000] {processor.py:830} INFO - Processing file /opt/airflow/dags/purchase_analytics_dag.py for tasks to queue
[2025-12-20T18:05:45.649+0000] {logging_mixin.py:188} INFO - [2025-12-20T18:05:45.648+0000] {dagbag.py:538} INFO - Filling up the DagBag from /opt/airflow/dags/purchase_analytics_dag.py
[2025-12-20T18:05:45.682+0000] {processor.py:840} INFO - DAG(s) 'purchase_analytics_refresh' retrieved from /opt/airflow/dags/purchase_analytics_dag.py
[2025-12-20T18:05:45.745+0000] {logging_mixin.py:188} INFO - [2025-12-20T18:05:45.745+0000] {dag.py:3033} INFO - Sync 1 DAGs
[2025-12-20T18:05:45.769+0000] {logging_mixin.py:188} INFO - [2025-12-20T18:05:45.769+0000] {dag.py:3820} INFO - Setting next_dagrun for purchase_analytics_refresh to 2025-12-20T02:00:00+00:00, run_after=2025-12-21T02:00:00+00:00
[2025-12-20T18:05:45.785+0000] {processor.py:183} INFO - Processing /opt/airflow/dags/purchase_analytics_dag.py took 0.152 seconds
[2025-12-20T18:06:16.133+0000] {processor.py:161} INFO - Started process (PID=165) to work on /opt/airflow/dags/purchase_analytics_dag.py
[2025-12-20T18:06:16.136+0000] {processor.py:830} INFO - Processing file /opt/airflow/dags/purchase_analytics_dag.py for tasks to queue
[2025-12-20T18:06:16.140+0000] {logging_mixin.py:188} INFO - [2025-12-20T18:06:16.138+0000] {dagbag.py:538} INFO - Filling up the DagBag from /opt/airflow/dags/purchase_analytics_dag.py
[2025-12-20T18:06:16.188+0000] {processor.py:840} INFO - DAG(s) 'purchase_analytics_refresh' retrieved from /opt/airflow/dags/purchase_analytics_dag.py
[2025-12-20T18:06:16.229+0000] {logging_mixin.py:188} INFO - [2025-12-20T18:06:16.229+0000] {dag.py:3033} INFO - Sync 1 DAGs
[2025-12-20T18:06:16.257+0000] {logging_mixin.py:188} INFO - [2025-12-20T18:06:16.257+0000] {dag.py:3820} INFO - Setting next_dagrun for purchase_analytics_refresh to 2025-12-20T02:00:00+00:00, run_after=2025-12-21T02:00:00+00:00
[2025-12-20T18:06:16.275+0000] {processor.py:183} INFO - Processing /opt/airflow/dags/purchase_analytics_dag.py took 0.152 seconds
[2025-12-20T18:06:46.648+0000] {processor.py:161} INFO - Started process (PID=175) to work on /opt/airflow/dags/purchase_analytics_dag.py
[2025-12-20T18:06:46.650+0000] {processor.py:830} INFO - Processing file /opt/airflow/dags/purchase_analytics_dag.py for tasks to queue
[2025-12-20T18:06:46.652+0000] {logging_mixin.py:188} INFO - [2025-12-20T18:06:46.651+0000] {dagbag.py:538} INFO - Filling up the DagBag from /opt/airflow/dags/purchase_analytics_dag.py
[2025-12-20T18:06:46.678+0000] {processor.py:840} INFO - DAG(s) 'purchase_analytics_refresh' retrieved from /opt/airflow/dags/purchase_analytics_dag.py
[2025-12-20T18:06:46.725+0000] {logging_mixin.py:188} INFO - [2025-12-20T18:06:46.724+0000] {dag.py:3033} INFO - Sync 1 DAGs
[2025-12-20T18:06:46.753+0000] {logging_mixin.py:188} INFO - [2025-12-20T18:06:46.753+0000] {dag.py:3820} INFO - Setting next_dagrun for purchase_analytics_refresh to 2025-12-20T02:00:00+00:00, run_after=2025-12-21T02:00:00+00:00
[2025-12-20T18:06:46.768+0000] {processor.py:183} INFO - Processing /opt/airflow/dags/purchase_analytics_dag.py took 0.134 seconds
[2025-12-20T18:07:17.162+0000] {processor.py:161} INFO - Started process (PID=185) to work on /opt/airflow/dags/purchase_analytics_dag.py
[2025-12-20T18:07:17.164+0000] {processor.py:830} INFO - Processing file /opt/airflow/dags/purchase_analytics_dag.py for tasks to queue
[2025-12-20T18:07:17.166+0000] {logging_mixin.py:188} INFO - [2025-12-20T18:07:17.166+0000] {dagbag.py:538} INFO - Filling up the DagBag from /opt/airflow/dags/purchase_analytics_dag.py
[2025-12-20T18:07:17.214+0000] {processor.py:840} INFO - DAG(s) 'purchase_analytics_refresh' retrieved from /opt/airflow/dags/purchase_analytics_dag.py
[2025-12-20T18:07:17.272+0000] {logging_mixin.py:188} INFO - [2025-12-20T18:07:17.272+0000] {dag.py:3033} INFO - Sync 1 DAGs
[2025-12-20T18:07:17.298+0000] {logging_mixin.py:188} INFO - [2025-12-20T18:07:17.298+0000] {dag.py:3820} INFO - Setting next_dagrun for purchase_analytics_refresh to 2025-12-20T02:00:00+00:00, run_after=2025-12-21T02:00:00+00:00
[2025-12-20T18:07:17.326+0000] {processor.py:183} INFO - Processing /opt/airflow/dags/purchase_analytics_dag.py took 0.185 seconds
[2025-12-20T19:00:11.023+0000] {processor.py:161} INFO - Started process (PID=30) to work on /opt/airflow/dags/purchase_analytics_dag.py
[2025-12-20T19:00:11.025+0000] {processor.py:830} INFO - Processing file /opt/airflow/dags/purchase_analytics_dag.py for tasks to queue
[2025-12-20T19:00:11.026+0000] {logging_mixin.py:188} INFO - [2025-12-20T19:00:11.025+0000] {dagbag.py:538} INFO - Filling up the DagBag from /opt/airflow/dags/purchase_analytics_dag.py
[2025-12-20T19:00:11.049+0000] {processor.py:840} INFO - DAG(s) 'purchase_analytics_refresh' retrieved from /opt/airflow/dags/purchase_analytics_dag.py
[2025-12-20T19:00:11.074+0000] {logging_mixin.py:188} INFO - [2025-12-20T19:00:11.074+0000] {dag.py:3033} INFO - Sync 1 DAGs
[2025-12-20T19:00:11.096+0000] {logging_mixin.py:188} INFO - [2025-12-20T19:00:11.095+0000] {dag.py:3820} INFO - Setting next_dagrun for purchase_analytics_refresh to 2025-12-20T02:00:00+00:00, run_after=2025-12-21T02:00:00+00:00
[2025-12-20T19:00:11.109+0000] {processor.py:183} INFO - Processing /opt/airflow/dags/purchase_analytics_dag.py took 0.090 seconds
[2025-12-20T19:00:41.437+0000] {processor.py:161} INFO - Started process (PID=40) to work on /opt/airflow/dags/purchase_analytics_dag.py
[2025-12-20T19:00:41.438+0000] {processor.py:830} INFO - Processing file /opt/airflow/dags/purchase_analytics_dag.py for tasks to queue
[2025-12-20T19:00:41.441+0000] {logging_mixin.py:188} INFO - [2025-12-20T19:00:41.440+0000] {dagbag.py:538} INFO - Filling up the DagBag from /opt/airflow/dags/purchase_analytics_dag.py
[2025-12-20T19:00:41.470+0000] {processor.py:840} INFO - DAG(s) 'purchase_analytics_refresh' retrieved from /opt/airflow/dags/purchase_analytics_dag.py
[2025-12-20T19:00:41.644+0000] {logging_mixin.py:188} INFO - [2025-12-20T19:00:41.643+0000] {dag.py:3033} INFO - Sync 1 DAGs
[2025-12-20T19:00:41.660+0000] {logging_mixin.py:188} INFO - [2025-12-20T19:00:41.660+0000] {dag.py:3820} INFO - Setting next_dagrun for purchase_analytics_refresh to 2025-12-20T02:00:00+00:00, run_after=2025-12-21T02:00:00+00:00
[2025-12-20T19:00:41.676+0000] {processor.py:183} INFO - Processing /opt/airflow/dags/purchase_analytics_dag.py took 0.248 seconds
[2025-12-20T19:01:11.979+0000] {processor.py:161} INFO - Started process (PID=62) to work on /opt/airflow/dags/purchase_analytics_dag.py
[2025-12-20T19:01:11.980+0000] {processor.py:830} INFO - Processing file /opt/airflow/dags/purchase_analytics_dag.py for tasks to queue
[2025-12-20T19:01:11.981+0000] {logging_mixin.py:188} INFO - [2025-12-20T19:01:11.981+0000] {dagbag.py:538} INFO - Filling up the DagBag from /opt/airflow/dags/purchase_analytics_dag.py
[2025-12-20T19:01:12.004+0000] {processor.py:840} INFO - DAG(s) 'purchase_analytics_refresh' retrieved from /opt/airflow/dags/purchase_analytics_dag.py
[2025-12-20T19:01:12.037+0000] {logging_mixin.py:188} INFO - [2025-12-20T19:01:12.037+0000] {dag.py:3033} INFO - Sync 1 DAGs
[2025-12-20T19:01:12.056+0000] {logging_mixin.py:188} INFO - [2025-12-20T19:01:12.056+0000] {dag.py:3820} INFO - Setting next_dagrun for purchase_analytics_refresh to 2025-12-20T02:00:00+00:00, run_after=2025-12-21T02:00:00+00:00
[2025-12-20T19:01:12.073+0000] {processor.py:183} INFO - Processing /opt/airflow/dags/purchase_analytics_dag.py took 0.102 seconds
[2025-12-20T19:01:42.379+0000] {processor.py:161} INFO - Started process (PID=71) to work on /opt/airflow/dags/purchase_analytics_dag.py
[2025-12-20T19:01:42.381+0000] {processor.py:830} INFO - Processing file /opt/airflow/dags/purchase_analytics_dag.py for tasks to queue
[2025-12-20T19:01:42.382+0000] {logging_mixin.py:188} INFO - [2025-12-20T19:01:42.382+0000] {dagbag.py:538} INFO - Filling up the DagBag from /opt/airflow/dags/purchase_analytics_dag.py
[2025-12-20T19:01:42.407+0000] {processor.py:840} INFO - DAG(s) 'purchase_analytics_refresh' retrieved from /opt/airflow/dags/purchase_analytics_dag.py
[2025-12-20T19:01:42.443+0000] {logging_mixin.py:188} INFO - [2025-12-20T19:01:42.443+0000] {dag.py:3033} INFO - Sync 1 DAGs
[2025-12-20T19:01:42.463+0000] {logging_mixin.py:188} INFO - [2025-12-20T19:01:42.463+0000] {dag.py:3820} INFO - Setting next_dagrun for purchase_analytics_refresh to 2025-12-20T02:00:00+00:00, run_after=2025-12-21T02:00:00+00:00
[2025-12-20T19:01:42.482+0000] {processor.py:183} INFO - Processing /opt/airflow/dags/purchase_analytics_dag.py took 0.112 seconds
[2025-12-20T19:02:12.850+0000] {processor.py:161} INFO - Started process (PID=81) to work on /opt/airflow/dags/purchase_analytics_dag.py
[2025-12-20T19:02:12.856+0000] {processor.py:830} INFO - Processing file /opt/airflow/dags/purchase_analytics_dag.py for tasks to queue
[2025-12-20T19:02:12.858+0000] {logging_mixin.py:188} INFO - [2025-12-20T19:02:12.857+0000] {dagbag.py:538} INFO - Filling up the DagBag from /opt/airflow/dags/purchase_analytics_dag.py
[2025-12-20T19:02:12.901+0000] {processor.py:840} INFO - DAG(s) 'purchase_analytics_refresh' retrieved from /opt/airflow/dags/purchase_analytics_dag.py
[2025-12-20T19:02:12.978+0000] {logging_mixin.py:188} INFO - [2025-12-20T19:02:12.977+0000] {dag.py:3033} INFO - Sync 1 DAGs
[2025-12-20T19:02:13.002+0000] {logging_mixin.py:188} INFO - [2025-12-20T19:02:13.002+0000] {dag.py:3820} INFO - Setting next_dagrun for purchase_analytics_refresh to 2025-12-20T02:00:00+00:00, run_after=2025-12-21T02:00:00+00:00
[2025-12-20T19:02:13.018+0000] {processor.py:183} INFO - Processing /opt/airflow/dags/purchase_analytics_dag.py took 0.183 seconds
[2025-12-20T19:02:43.427+0000] {processor.py:161} INFO - Started process (PID=91) to work on /opt/airflow/dags/purchase_analytics_dag.py
[2025-12-20T19:02:43.429+0000] {processor.py:830} INFO - Processing file /opt/airflow/dags/purchase_analytics_dag.py for tasks to queue
[2025-12-20T19:02:43.430+0000] {logging_mixin.py:188} INFO - [2025-12-20T19:02:43.430+0000] {dagbag.py:538} INFO - Filling up the DagBag from /opt/airflow/dags/purchase_analytics_dag.py
[2025-12-20T19:02:43.458+0000] {processor.py:840} INFO - DAG(s) 'purchase_analytics_refresh' retrieved from /opt/airflow/dags/purchase_analytics_dag.py
[2025-12-20T19:02:43.512+0000] {logging_mixin.py:188} INFO - [2025-12-20T19:02:43.512+0000] {dag.py:3033} INFO - Sync 1 DAGs
[2025-12-20T19:02:43.536+0000] {logging_mixin.py:188} INFO - [2025-12-20T19:02:43.536+0000] {dag.py:3820} INFO - Setting next_dagrun for purchase_analytics_refresh to 2025-12-20T02:00:00+00:00, run_after=2025-12-21T02:00:00+00:00
[2025-12-20T19:02:43.552+0000] {processor.py:183} INFO - Processing /opt/airflow/dags/purchase_analytics_dag.py took 0.153 seconds
[2025-12-20T19:03:13.850+0000] {processor.py:161} INFO - Started process (PID=101) to work on /opt/airflow/dags/purchase_analytics_dag.py
[2025-12-20T19:03:13.851+0000] {processor.py:830} INFO - Processing file /opt/airflow/dags/purchase_analytics_dag.py for tasks to queue
[2025-12-20T19:03:13.853+0000] {logging_mixin.py:188} INFO - [2025-12-20T19:03:13.852+0000] {dagbag.py:538} INFO - Filling up the DagBag from /opt/airflow/dags/purchase_analytics_dag.py
[2025-12-20T19:03:13.871+0000] {processor.py:840} INFO - DAG(s) 'purchase_analytics_refresh' retrieved from /opt/airflow/dags/purchase_analytics_dag.py
[2025-12-20T19:03:13.901+0000] {logging_mixin.py:188} INFO - [2025-12-20T19:03:13.900+0000] {dag.py:3033} INFO - Sync 1 DAGs
[2025-12-20T19:03:13.920+0000] {logging_mixin.py:188} INFO - [2025-12-20T19:03:13.920+0000] {dag.py:3820} INFO - Setting next_dagrun for purchase_analytics_refresh to 2025-12-20T02:00:00+00:00, run_after=2025-12-21T02:00:00+00:00
[2025-12-20T19:03:13.937+0000] {processor.py:183} INFO - Processing /opt/airflow/dags/purchase_analytics_dag.py took 0.092 seconds
[2025-12-20T19:03:44.246+0000] {processor.py:161} INFO - Started process (PID=111) to work on /opt/airflow/dags/purchase_analytics_dag.py
[2025-12-20T19:03:44.248+0000] {processor.py:830} INFO - Processing file /opt/airflow/dags/purchase_analytics_dag.py for tasks to queue
[2025-12-20T19:03:44.249+0000] {logging_mixin.py:188} INFO - [2025-12-20T19:03:44.248+0000] {dagbag.py:538} INFO - Filling up the DagBag from /opt/airflow/dags/purchase_analytics_dag.py
[2025-12-20T19:03:44.267+0000] {processor.py:840} INFO - DAG(s) 'purchase_analytics_refresh' retrieved from /opt/airflow/dags/purchase_analytics_dag.py
[2025-12-20T19:03:44.305+0000] {logging_mixin.py:188} INFO - [2025-12-20T19:03:44.305+0000] {dag.py:3033} INFO - Sync 1 DAGs
[2025-12-20T19:03:44.324+0000] {logging_mixin.py:188} INFO - [2025-12-20T19:03:44.324+0000] {dag.py:3820} INFO - Setting next_dagrun for purchase_analytics_refresh to 2025-12-20T02:00:00+00:00, run_after=2025-12-21T02:00:00+00:00
[2025-12-20T19:03:44.338+0000] {processor.py:183} INFO - Processing /opt/airflow/dags/purchase_analytics_dag.py took 0.100 seconds
[2025-12-20T19:04:14.705+0000] {processor.py:161} INFO - Started process (PID=121) to work on /opt/airflow/dags/purchase_analytics_dag.py
[2025-12-20T19:04:14.707+0000] {processor.py:830} INFO - Processing file /opt/airflow/dags/purchase_analytics_dag.py for tasks to queue
[2025-12-20T19:04:14.708+0000] {logging_mixin.py:188} INFO - [2025-12-20T19:04:14.707+0000] {dagbag.py:538} INFO - Filling up the DagBag from /opt/airflow/dags/purchase_analytics_dag.py
[2025-12-20T19:04:14.729+0000] {processor.py:840} INFO - DAG(s) 'purchase_analytics_refresh' retrieved from /opt/airflow/dags/purchase_analytics_dag.py
[2025-12-20T19:04:14.769+0000] {logging_mixin.py:188} INFO - [2025-12-20T19:04:14.769+0000] {dag.py:3033} INFO - Sync 1 DAGs
[2025-12-20T19:04:14.789+0000] {logging_mixin.py:188} INFO - [2025-12-20T19:04:14.789+0000] {dag.py:3820} INFO - Setting next_dagrun for purchase_analytics_refresh to 2025-12-20T02:00:00+00:00, run_after=2025-12-21T02:00:00+00:00
[2025-12-20T19:04:14.805+0000] {processor.py:183} INFO - Processing /opt/airflow/dags/purchase_analytics_dag.py took 0.108 seconds
[2025-12-20T19:04:45.458+0000] {processor.py:161} INFO - Started process (PID=131) to work on /opt/airflow/dags/purchase_analytics_dag.py
[2025-12-20T19:04:45.461+0000] {processor.py:830} INFO - Processing file /opt/airflow/dags/purchase_analytics_dag.py for tasks to queue
[2025-12-20T19:04:45.464+0000] {logging_mixin.py:188} INFO - [2025-12-20T19:04:45.462+0000] {dagbag.py:538} INFO - Filling up the DagBag from /opt/airflow/dags/purchase_analytics_dag.py
[2025-12-20T19:04:45.493+0000] {processor.py:840} INFO - DAG(s) 'purchase_analytics_refresh' retrieved from /opt/airflow/dags/purchase_analytics_dag.py
[2025-12-20T19:04:45.541+0000] {logging_mixin.py:188} INFO - [2025-12-20T19:04:45.541+0000] {dag.py:3033} INFO - Sync 1 DAGs
[2025-12-20T19:04:45.565+0000] {logging_mixin.py:188} INFO - [2025-12-20T19:04:45.565+0000] {dag.py:3820} INFO - Setting next_dagrun for purchase_analytics_refresh to 2025-12-20T02:00:00+00:00, run_after=2025-12-21T02:00:00+00:00
[2025-12-20T19:04:45.587+0000] {processor.py:183} INFO - Processing /opt/airflow/dags/purchase_analytics_dag.py took 0.137 seconds
[2025-12-20T19:05:15.890+0000] {processor.py:161} INFO - Started process (PID=134) to work on /opt/airflow/dags/purchase_analytics_dag.py
[2025-12-20T19:05:15.895+0000] {processor.py:830} INFO - Processing file /opt/airflow/dags/purchase_analytics_dag.py for tasks to queue
[2025-12-20T19:05:15.897+0000] {logging_mixin.py:188} INFO - [2025-12-20T19:05:15.897+0000] {dagbag.py:538} INFO - Filling up the DagBag from /opt/airflow/dags/purchase_analytics_dag.py
[2025-12-20T19:05:15.927+0000] {processor.py:840} INFO - DAG(s) 'purchase_analytics_refresh' retrieved from /opt/airflow/dags/purchase_analytics_dag.py
[2025-12-20T19:05:15.964+0000] {logging_mixin.py:188} INFO - [2025-12-20T19:05:15.964+0000] {dag.py:3033} INFO - Sync 1 DAGs
[2025-12-20T19:05:15.988+0000] {logging_mixin.py:188} INFO - [2025-12-20T19:05:15.987+0000] {dag.py:3820} INFO - Setting next_dagrun for purchase_analytics_refresh to 2025-12-20T02:00:00+00:00, run_after=2025-12-21T02:00:00+00:00
[2025-12-20T19:05:16.004+0000] {processor.py:183} INFO - Processing /opt/airflow/dags/purchase_analytics_dag.py took 0.123 seconds
[2025-12-20T19:05:46.320+0000] {processor.py:161} INFO - Started process (PID=144) to work on /opt/airflow/dags/purchase_analytics_dag.py
[2025-12-20T19:05:46.327+0000] {processor.py:830} INFO - Processing file /opt/airflow/dags/purchase_analytics_dag.py for tasks to queue
[2025-12-20T19:05:46.338+0000] {logging_mixin.py:188} INFO - [2025-12-20T19:05:46.334+0000] {dagbag.py:538} INFO - Filling up the DagBag from /opt/airflow/dags/purchase_analytics_dag.py
[2025-12-20T19:05:46.371+0000] {processor.py:840} INFO - DAG(s) 'purchase_analytics_refresh' retrieved from /opt/airflow/dags/purchase_analytics_dag.py
[2025-12-20T19:05:46.428+0000] {logging_mixin.py:188} INFO - [2025-12-20T19:05:46.428+0000] {dag.py:3033} INFO - Sync 1 DAGs
[2025-12-20T19:05:46.462+0000] {logging_mixin.py:188} INFO - [2025-12-20T19:05:46.462+0000] {dag.py:3820} INFO - Setting next_dagrun for purchase_analytics_refresh to 2025-12-20T02:00:00+00:00, run_after=2025-12-21T02:00:00+00:00
[2025-12-20T19:05:46.486+0000] {processor.py:183} INFO - Processing /opt/airflow/dags/purchase_analytics_dag.py took 0.180 seconds
[2025-12-20T19:06:16.843+0000] {processor.py:161} INFO - Started process (PID=154) to work on /opt/airflow/dags/purchase_analytics_dag.py
[2025-12-20T19:06:16.845+0000] {processor.py:830} INFO - Processing file /opt/airflow/dags/purchase_analytics_dag.py for tasks to queue
[2025-12-20T19:06:16.846+0000] {logging_mixin.py:188} INFO - [2025-12-20T19:06:16.846+0000] {dagbag.py:538} INFO - Filling up the DagBag from /opt/airflow/dags/purchase_analytics_dag.py
[2025-12-20T19:06:16.884+0000] {processor.py:840} INFO - DAG(s) 'purchase_analytics_refresh' retrieved from /opt/airflow/dags/purchase_analytics_dag.py
[2025-12-20T19:06:16.940+0000] {logging_mixin.py:188} INFO - [2025-12-20T19:06:16.940+0000] {dag.py:3033} INFO - Sync 1 DAGs
[2025-12-20T19:06:16.975+0000] {logging_mixin.py:188} INFO - [2025-12-20T19:06:16.975+0000] {dag.py:3820} INFO - Setting next_dagrun for purchase_analytics_refresh to 2025-12-20T02:00:00+00:00, run_after=2025-12-21T02:00:00+00:00
[2025-12-20T19:06:17.001+0000] {processor.py:183} INFO - Processing /opt/airflow/dags/purchase_analytics_dag.py took 0.172 seconds
[2025-12-20T19:06:47.493+0000] {processor.py:161} INFO - Started process (PID=167) to work on /opt/airflow/dags/purchase_analytics_dag.py
[2025-12-20T19:06:47.494+0000] {processor.py:830} INFO - Processing file /opt/airflow/dags/purchase_analytics_dag.py for tasks to queue
[2025-12-20T19:06:47.495+0000] {logging_mixin.py:188} INFO - [2025-12-20T19:06:47.495+0000] {dagbag.py:538} INFO - Filling up the DagBag from /opt/airflow/dags/purchase_analytics_dag.py
[2025-12-20T19:06:47.510+0000] {processor.py:840} INFO - DAG(s) 'purchase_analytics_refresh' retrieved from /opt/airflow/dags/purchase_analytics_dag.py
[2025-12-20T19:06:47.545+0000] {logging_mixin.py:188} INFO - [2025-12-20T19:06:47.545+0000] {dag.py:3033} INFO - Sync 1 DAGs
[2025-12-20T19:06:47.568+0000] {logging_mixin.py:188} INFO - [2025-12-20T19:06:47.568+0000] {dag.py:3820} INFO - Setting next_dagrun for purchase_analytics_refresh to 2025-12-20T02:00:00+00:00, run_after=2025-12-21T02:00:00+00:00
[2025-12-20T19:06:47.581+0000] {processor.py:183} INFO - Processing /opt/airflow/dags/purchase_analytics_dag.py took 0.096 seconds
[2025-12-20T20:08:51.145+0000] {processor.py:161} INFO - Started process (PID=30) to work on /opt/airflow/dags/purchase_analytics_dag.py
[2025-12-20T20:08:51.146+0000] {processor.py:830} INFO - Processing file /opt/airflow/dags/purchase_analytics_dag.py for tasks to queue
[2025-12-20T20:08:51.147+0000] {logging_mixin.py:188} INFO - [2025-12-20T20:08:51.146+0000] {dagbag.py:538} INFO - Filling up the DagBag from /opt/airflow/dags/purchase_analytics_dag.py
[2025-12-20T20:08:51.289+0000] {processor.py:840} INFO - DAG(s) 'purchase_analytics_refresh' retrieved from /opt/airflow/dags/purchase_analytics_dag.py
[2025-12-20T20:08:51.400+0000] {logging_mixin.py:188} INFO - [2025-12-20T20:08:51.399+0000] {dag.py:3033} INFO - Sync 1 DAGs
[2025-12-20T20:08:51.528+0000] {logging_mixin.py:188} INFO - [2025-12-20T20:08:51.528+0000] {dag.py:3820} INFO - Setting next_dagrun for purchase_analytics_refresh to 2025-12-20T02:00:00+00:00, run_after=2025-12-21T02:00:00+00:00
[2025-12-20T20:08:51.559+0000] {processor.py:183} INFO - Processing /opt/airflow/dags/purchase_analytics_dag.py took 0.430 seconds
[2025-12-20T20:09:22.085+0000] {processor.py:161} INFO - Started process (PID=41) to work on /opt/airflow/dags/purchase_analytics_dag.py
[2025-12-20T20:09:22.089+0000] {processor.py:830} INFO - Processing file /opt/airflow/dags/purchase_analytics_dag.py for tasks to queue
[2025-12-20T20:09:22.091+0000] {logging_mixin.py:188} INFO - [2025-12-20T20:09:22.090+0000] {dagbag.py:538} INFO - Filling up the DagBag from /opt/airflow/dags/purchase_analytics_dag.py
[2025-12-20T20:09:22.142+0000] {processor.py:840} INFO - DAG(s) 'purchase_analytics_refresh' retrieved from /opt/airflow/dags/purchase_analytics_dag.py
[2025-12-20T20:09:22.460+0000] {logging_mixin.py:188} INFO - [2025-12-20T20:09:22.460+0000] {dag.py:3033} INFO - Sync 1 DAGs
[2025-12-20T20:09:22.497+0000] {logging_mixin.py:188} INFO - [2025-12-20T20:09:22.497+0000] {dag.py:3820} INFO - Setting next_dagrun for purchase_analytics_refresh to 2025-12-20T02:00:00+00:00, run_after=2025-12-21T02:00:00+00:00
[2025-12-20T20:09:22.527+0000] {processor.py:183} INFO - Processing /opt/airflow/dags/purchase_analytics_dag.py took 0.456 seconds
[2025-12-20T20:09:53.262+0000] {processor.py:161} INFO - Started process (PID=62) to work on /opt/airflow/dags/purchase_analytics_dag.py
[2025-12-20T20:09:53.264+0000] {processor.py:830} INFO - Processing file /opt/airflow/dags/purchase_analytics_dag.py for tasks to queue
[2025-12-20T20:09:53.265+0000] {logging_mixin.py:188} INFO - [2025-12-20T20:09:53.265+0000] {dagbag.py:538} INFO - Filling up the DagBag from /opt/airflow/dags/purchase_analytics_dag.py
[2025-12-20T20:09:53.295+0000] {processor.py:840} INFO - DAG(s) 'purchase_analytics_refresh' retrieved from /opt/airflow/dags/purchase_analytics_dag.py
[2025-12-20T20:09:53.342+0000] {logging_mixin.py:188} INFO - [2025-12-20T20:09:53.342+0000] {dag.py:3033} INFO - Sync 1 DAGs
[2025-12-20T20:09:53.369+0000] {logging_mixin.py:188} INFO - [2025-12-20T20:09:53.369+0000] {dag.py:3820} INFO - Setting next_dagrun for purchase_analytics_refresh to 2025-12-20T02:00:00+00:00, run_after=2025-12-21T02:00:00+00:00
[2025-12-20T20:09:53.401+0000] {processor.py:183} INFO - Processing /opt/airflow/dags/purchase_analytics_dag.py took 0.147 seconds
[2025-12-20T20:10:23.657+0000] {processor.py:161} INFO - Started process (PID=72) to work on /opt/airflow/dags/purchase_analytics_dag.py
[2025-12-20T20:10:23.660+0000] {processor.py:830} INFO - Processing file /opt/airflow/dags/purchase_analytics_dag.py for tasks to queue
[2025-12-20T20:10:23.664+0000] {logging_mixin.py:188} INFO - [2025-12-20T20:10:23.663+0000] {dagbag.py:538} INFO - Filling up the DagBag from /opt/airflow/dags/purchase_analytics_dag.py
[2025-12-20T20:10:23.708+0000] {processor.py:840} INFO - DAG(s) 'purchase_analytics_refresh' retrieved from /opt/airflow/dags/purchase_analytics_dag.py
[2025-12-20T20:10:23.767+0000] {logging_mixin.py:188} INFO - [2025-12-20T20:10:23.767+0000] {dag.py:3033} INFO - Sync 1 DAGs
[2025-12-20T20:10:23.800+0000] {logging_mixin.py:188} INFO - [2025-12-20T20:10:23.800+0000] {dag.py:3820} INFO - Setting next_dagrun for purchase_analytics_refresh to 2025-12-20T02:00:00+00:00, run_after=2025-12-21T02:00:00+00:00
[2025-12-20T20:10:23.823+0000] {processor.py:183} INFO - Processing /opt/airflow/dags/purchase_analytics_dag.py took 0.175 seconds
[2025-12-20T20:10:54.078+0000] {processor.py:161} INFO - Started process (PID=82) to work on /opt/airflow/dags/purchase_analytics_dag.py
[2025-12-20T20:10:54.079+0000] {processor.py:830} INFO - Processing file /opt/airflow/dags/purchase_analytics_dag.py for tasks to queue
[2025-12-20T20:10:54.080+0000] {logging_mixin.py:188} INFO - [2025-12-20T20:10:54.080+0000] {dagbag.py:538} INFO - Filling up the DagBag from /opt/airflow/dags/purchase_analytics_dag.py
[2025-12-20T20:10:54.096+0000] {processor.py:840} INFO - DAG(s) 'purchase_analytics_refresh' retrieved from /opt/airflow/dags/purchase_analytics_dag.py
[2025-12-20T20:10:54.128+0000] {logging_mixin.py:188} INFO - [2025-12-20T20:10:54.128+0000] {dag.py:3033} INFO - Sync 1 DAGs
[2025-12-20T20:10:54.153+0000] {logging_mixin.py:188} INFO - [2025-12-20T20:10:54.153+0000] {dag.py:3820} INFO - Setting next_dagrun for purchase_analytics_refresh to 2025-12-20T02:00:00+00:00, run_after=2025-12-21T02:00:00+00:00
[2025-12-20T20:10:54.166+0000] {processor.py:183} INFO - Processing /opt/airflow/dags/purchase_analytics_dag.py took 0.094 seconds
[2025-12-20T20:11:24.414+0000] {processor.py:161} INFO - Started process (PID=92) to work on /opt/airflow/dags/purchase_analytics_dag.py
[2025-12-20T20:11:24.417+0000] {processor.py:830} INFO - Processing file /opt/airflow/dags/purchase_analytics_dag.py for tasks to queue
[2025-12-20T20:11:24.420+0000] {logging_mixin.py:188} INFO - [2025-12-20T20:11:24.419+0000] {dagbag.py:538} INFO - Filling up the DagBag from /opt/airflow/dags/purchase_analytics_dag.py
[2025-12-20T20:11:24.444+0000] {processor.py:840} INFO - DAG(s) 'purchase_analytics_refresh' retrieved from /opt/airflow/dags/purchase_analytics_dag.py
[2025-12-20T20:11:24.483+0000] {logging_mixin.py:188} INFO - [2025-12-20T20:11:24.483+0000] {dag.py:3033} INFO - Sync 1 DAGs
[2025-12-20T20:11:24.509+0000] {logging_mixin.py:188} INFO - [2025-12-20T20:11:24.508+0000] {dag.py:3820} INFO - Setting next_dagrun for purchase_analytics_refresh to 2025-12-20T02:00:00+00:00, run_after=2025-12-21T02:00:00+00:00
[2025-12-20T20:11:24.526+0000] {processor.py:183} INFO - Processing /opt/airflow/dags/purchase_analytics_dag.py took 0.118 seconds
[2025-12-20T20:11:55.206+0000] {processor.py:161} INFO - Started process (PID=102) to work on /opt/airflow/dags/purchase_analytics_dag.py
[2025-12-20T20:11:55.207+0000] {processor.py:830} INFO - Processing file /opt/airflow/dags/purchase_analytics_dag.py for tasks to queue
[2025-12-20T20:11:55.208+0000] {logging_mixin.py:188} INFO - [2025-12-20T20:11:55.208+0000] {dagbag.py:538} INFO - Filling up the DagBag from /opt/airflow/dags/purchase_analytics_dag.py
[2025-12-20T20:11:55.227+0000] {processor.py:840} INFO - DAG(s) 'purchase_analytics_refresh' retrieved from /opt/airflow/dags/purchase_analytics_dag.py
[2025-12-20T20:11:55.271+0000] {logging_mixin.py:188} INFO - [2025-12-20T20:11:55.271+0000] {dag.py:3033} INFO - Sync 1 DAGs
[2025-12-20T20:11:55.293+0000] {logging_mixin.py:188} INFO - [2025-12-20T20:11:55.292+0000] {dag.py:3820} INFO - Setting next_dagrun for purchase_analytics_refresh to 2025-12-20T02:00:00+00:00, run_after=2025-12-21T02:00:00+00:00
[2025-12-20T20:11:55.317+0000] {processor.py:183} INFO - Processing /opt/airflow/dags/purchase_analytics_dag.py took 0.116 seconds
[2025-12-20T20:12:25.763+0000] {processor.py:161} INFO - Started process (PID=124) to work on /opt/airflow/dags/purchase_analytics_dag.py
[2025-12-20T20:12:25.764+0000] {processor.py:830} INFO - Processing file /opt/airflow/dags/purchase_analytics_dag.py for tasks to queue
[2025-12-20T20:12:25.765+0000] {logging_mixin.py:188} INFO - [2025-12-20T20:12:25.765+0000] {dagbag.py:538} INFO - Filling up the DagBag from /opt/airflow/dags/purchase_analytics_dag.py
[2025-12-20T20:12:25.780+0000] {processor.py:840} INFO - DAG(s) 'purchase_analytics_refresh' retrieved from /opt/airflow/dags/purchase_analytics_dag.py
[2025-12-20T20:12:25.808+0000] {logging_mixin.py:188} INFO - [2025-12-20T20:12:25.807+0000] {dag.py:3033} INFO - Sync 1 DAGs
[2025-12-20T20:12:25.827+0000] {logging_mixin.py:188} INFO - [2025-12-20T20:12:25.827+0000] {dag.py:3820} INFO - Setting next_dagrun for purchase_analytics_refresh to 2025-12-20T02:00:00+00:00, run_after=2025-12-21T02:00:00+00:00
[2025-12-20T20:12:25.841+0000] {processor.py:183} INFO - Processing /opt/airflow/dags/purchase_analytics_dag.py took 0.082 seconds
[2025-12-20T20:12:56.189+0000] {processor.py:161} INFO - Started process (PID=134) to work on /opt/airflow/dags/purchase_analytics_dag.py
[2025-12-20T20:12:56.192+0000] {processor.py:830} INFO - Processing file /opt/airflow/dags/purchase_analytics_dag.py for tasks to queue
[2025-12-20T20:12:56.196+0000] {logging_mixin.py:188} INFO - [2025-12-20T20:12:56.194+0000] {dagbag.py:538} INFO - Filling up the DagBag from /opt/airflow/dags/purchase_analytics_dag.py
[2025-12-20T20:12:56.243+0000] {processor.py:840} INFO - DAG(s) 'purchase_analytics_refresh' retrieved from /opt/airflow/dags/purchase_analytics_dag.py
[2025-12-20T20:12:56.299+0000] {logging_mixin.py:188} INFO - [2025-12-20T20:12:56.299+0000] {dag.py:3033} INFO - Sync 1 DAGs
[2025-12-20T20:12:56.334+0000] {logging_mixin.py:188} INFO - [2025-12-20T20:12:56.334+0000] {dag.py:3820} INFO - Setting next_dagrun for purchase_analytics_refresh to 2025-12-20T02:00:00+00:00, run_after=2025-12-21T02:00:00+00:00
[2025-12-20T20:12:56.353+0000] {processor.py:183} INFO - Processing /opt/airflow/dags/purchase_analytics_dag.py took 0.178 seconds
[2025-12-20T20:13:26.721+0000] {processor.py:161} INFO - Started process (PID=137) to work on /opt/airflow/dags/purchase_analytics_dag.py
[2025-12-20T20:13:26.723+0000] {processor.py:830} INFO - Processing file /opt/airflow/dags/purchase_analytics_dag.py for tasks to queue
[2025-12-20T20:13:26.725+0000] {logging_mixin.py:188} INFO - [2025-12-20T20:13:26.724+0000] {dagbag.py:538} INFO - Filling up the DagBag from /opt/airflow/dags/purchase_analytics_dag.py
[2025-12-20T20:13:26.773+0000] {processor.py:840} INFO - DAG(s) 'purchase_analytics_refresh' retrieved from /opt/airflow/dags/purchase_analytics_dag.py
[2025-12-20T20:13:26.824+0000] {logging_mixin.py:188} INFO - [2025-12-20T20:13:26.824+0000] {dag.py:3033} INFO - Sync 1 DAGs
[2025-12-20T20:13:26.852+0000] {logging_mixin.py:188} INFO - [2025-12-20T20:13:26.852+0000] {dag.py:3820} INFO - Setting next_dagrun for purchase_analytics_refresh to 2025-12-20T02:00:00+00:00, run_after=2025-12-21T02:00:00+00:00
[2025-12-20T20:13:26.869+0000] {processor.py:183} INFO - Processing /opt/airflow/dags/purchase_analytics_dag.py took 0.158 seconds
[2025-12-20T20:13:57.327+0000] {processor.py:161} INFO - Started process (PID=147) to work on /opt/airflow/dags/purchase_analytics_dag.py
[2025-12-20T20:13:57.329+0000] {processor.py:830} INFO - Processing file /opt/airflow/dags/purchase_analytics_dag.py for tasks to queue
[2025-12-20T20:13:57.331+0000] {logging_mixin.py:188} INFO - [2025-12-20T20:13:57.330+0000] {dagbag.py:538} INFO - Filling up the DagBag from /opt/airflow/dags/purchase_analytics_dag.py
[2025-12-20T20:13:57.359+0000] {processor.py:840} INFO - DAG(s) 'purchase_analytics_refresh' retrieved from /opt/airflow/dags/purchase_analytics_dag.py
[2025-12-20T20:13:57.421+0000] {logging_mixin.py:188} INFO - [2025-12-20T20:13:57.421+0000] {dag.py:3033} INFO - Sync 1 DAGs
[2025-12-20T20:13:57.466+0000] {logging_mixin.py:188} INFO - [2025-12-20T20:13:57.466+0000] {dag.py:3820} INFO - Setting next_dagrun for purchase_analytics_refresh to 2025-12-20T02:00:00+00:00, run_after=2025-12-21T02:00:00+00:00
[2025-12-20T20:13:57.481+0000] {processor.py:183} INFO - Processing /opt/airflow/dags/purchase_analytics_dag.py took 0.162 seconds
[2025-12-20T20:14:27.827+0000] {processor.py:161} INFO - Started process (PID=156) to work on /opt/airflow/dags/purchase_analytics_dag.py
[2025-12-20T20:14:27.829+0000] {processor.py:830} INFO - Processing file /opt/airflow/dags/purchase_analytics_dag.py for tasks to queue
[2025-12-20T20:14:27.831+0000] {logging_mixin.py:188} INFO - [2025-12-20T20:14:27.830+0000] {dagbag.py:538} INFO - Filling up the DagBag from /opt/airflow/dags/purchase_analytics_dag.py
[2025-12-20T20:14:27.867+0000] {processor.py:840} INFO - DAG(s) 'purchase_analytics_refresh' retrieved from /opt/airflow/dags/purchase_analytics_dag.py
[2025-12-20T20:14:27.914+0000] {logging_mixin.py:188} INFO - [2025-12-20T20:14:27.914+0000] {dag.py:3033} INFO - Sync 1 DAGs
[2025-12-20T20:14:27.938+0000] {logging_mixin.py:188} INFO - [2025-12-20T20:14:27.938+0000] {dag.py:3820} INFO - Setting next_dagrun for purchase_analytics_refresh to 2025-12-20T02:00:00+00:00, run_after=2025-12-21T02:00:00+00:00
[2025-12-20T20:14:27.955+0000] {processor.py:183} INFO - Processing /opt/airflow/dags/purchase_analytics_dag.py took 0.138 seconds
[2025-12-20T20:14:58.330+0000] {processor.py:161} INFO - Started process (PID=166) to work on /opt/airflow/dags/purchase_analytics_dag.py
[2025-12-20T20:14:58.332+0000] {processor.py:830} INFO - Processing file /opt/airflow/dags/purchase_analytics_dag.py for tasks to queue
[2025-12-20T20:14:58.336+0000] {logging_mixin.py:188} INFO - [2025-12-20T20:14:58.335+0000] {dagbag.py:538} INFO - Filling up the DagBag from /opt/airflow/dags/purchase_analytics_dag.py
[2025-12-20T20:14:58.380+0000] {processor.py:840} INFO - DAG(s) 'purchase_analytics_refresh' retrieved from /opt/airflow/dags/purchase_analytics_dag.py
[2025-12-20T20:14:58.436+0000] {logging_mixin.py:188} INFO - [2025-12-20T20:14:58.435+0000] {dag.py:3033} INFO - Sync 1 DAGs
[2025-12-20T20:14:58.461+0000] {logging_mixin.py:188} INFO - [2025-12-20T20:14:58.461+0000] {dag.py:3820} INFO - Setting next_dagrun for purchase_analytics_refresh to 2025-12-20T02:00:00+00:00, run_after=2025-12-21T02:00:00+00:00
[2025-12-20T20:14:58.479+0000] {processor.py:183} INFO - Processing /opt/airflow/dags/purchase_analytics_dag.py took 0.175 seconds
[2025-12-20T20:15:19.722+0000] {processor.py:161} INFO - Started process (PID=176) to work on /opt/airflow/dags/purchase_analytics_dag.py
[2025-12-20T20:15:19.724+0000] {processor.py:830} INFO - Processing file /opt/airflow/dags/purchase_analytics_dag.py for tasks to queue
[2025-12-20T20:15:19.725+0000] {logging_mixin.py:188} INFO - [2025-12-20T20:15:19.724+0000] {dagbag.py:538} INFO - Filling up the DagBag from /opt/airflow/dags/purchase_analytics_dag.py
[2025-12-20T20:15:19.759+0000] {processor.py:840} INFO - DAG(s) 'purchase_analytics_refresh' retrieved from /opt/airflow/dags/purchase_analytics_dag.py
[2025-12-20T20:15:19.812+0000] {logging_mixin.py:188} INFO - [2025-12-20T20:15:19.812+0000] {dag.py:3033} INFO - Sync 1 DAGs
[2025-12-20T20:15:19.840+0000] {logging_mixin.py:188} INFO - [2025-12-20T20:15:19.839+0000] {dag.py:3820} INFO - Setting next_dagrun for purchase_analytics_refresh to 2025-12-20T02:00:00+00:00, run_after=2025-12-21T02:00:00+00:00
[2025-12-20T20:15:19.859+0000] {processor.py:183} INFO - Processing /opt/airflow/dags/purchase_analytics_dag.py took 0.148 seconds
[2025-12-20T20:15:30.036+0000] {processor.py:161} INFO - Started process (PID=179) to work on /opt/airflow/dags/purchase_analytics_dag.py
[2025-12-20T20:15:30.037+0000] {processor.py:830} INFO - Processing file /opt/airflow/dags/purchase_analytics_dag.py for tasks to queue
[2025-12-20T20:15:30.038+0000] {logging_mixin.py:188} INFO - [2025-12-20T20:15:30.037+0000] {dagbag.py:538} INFO - Filling up the DagBag from /opt/airflow/dags/purchase_analytics_dag.py
[2025-12-20T20:15:30.052+0000] {processor.py:840} INFO - DAG(s) 'purchase_analytics_refresh' retrieved from /opt/airflow/dags/purchase_analytics_dag.py
[2025-12-20T20:15:30.077+0000] {logging_mixin.py:188} INFO - [2025-12-20T20:15:30.077+0000] {dag.py:3033} INFO - Sync 1 DAGs
[2025-12-20T20:15:30.100+0000] {logging_mixin.py:188} INFO - [2025-12-20T20:15:30.099+0000] {dag.py:3820} INFO - Setting next_dagrun for purchase_analytics_refresh to 2025-12-20T02:00:00+00:00, run_after=2025-12-21T02:00:00+00:00
[2025-12-20T20:15:30.116+0000] {processor.py:183} INFO - Processing /opt/airflow/dags/purchase_analytics_dag.py took 0.083 seconds
[2025-12-20T20:16:00.526+0000] {processor.py:161} INFO - Started process (PID=189) to work on /opt/airflow/dags/purchase_analytics_dag.py
[2025-12-20T20:16:00.527+0000] {processor.py:830} INFO - Processing file /opt/airflow/dags/purchase_analytics_dag.py for tasks to queue
[2025-12-20T20:16:00.527+0000] {logging_mixin.py:188} INFO - [2025-12-20T20:16:00.527+0000] {dagbag.py:538} INFO - Filling up the DagBag from /opt/airflow/dags/purchase_analytics_dag.py
[2025-12-20T20:16:00.535+0000] {processor.py:840} INFO - DAG(s) 'purchase_analytics_refresh' retrieved from /opt/airflow/dags/purchase_analytics_dag.py
[2025-12-20T20:16:00.557+0000] {logging_mixin.py:188} INFO - [2025-12-20T20:16:00.556+0000] {dag.py:3033} INFO - Sync 1 DAGs
[2025-12-20T20:16:00.571+0000] {logging_mixin.py:188} INFO - [2025-12-20T20:16:00.571+0000] {dag.py:3820} INFO - Setting next_dagrun for purchase_analytics_refresh to 2025-12-20T02:00:00+00:00, run_after=2025-12-21T02:00:00+00:00
[2025-12-20T20:16:00.583+0000] {processor.py:183} INFO - Processing /opt/airflow/dags/purchase_analytics_dag.py took 0.059 seconds
[2025-12-20T20:16:12.953+0000] {processor.py:161} INFO - Started process (PID=197) to work on /opt/airflow/dags/purchase_analytics_dag.py
[2025-12-20T20:16:12.955+0000] {processor.py:830} INFO - Processing file /opt/airflow/dags/purchase_analytics_dag.py for tasks to queue
[2025-12-20T20:16:12.958+0000] {logging_mixin.py:188} INFO - [2025-12-20T20:16:12.957+0000] {dagbag.py:538} INFO - Filling up the DagBag from /opt/airflow/dags/purchase_analytics_dag.py
[2025-12-20T20:16:12.990+0000] {processor.py:840} INFO - DAG(s) 'purchase_analytics_refresh' retrieved from /opt/airflow/dags/purchase_analytics_dag.py
[2025-12-20T20:16:13.054+0000] {logging_mixin.py:188} INFO - [2025-12-20T20:16:13.053+0000] {dag.py:3033} INFO - Sync 1 DAGs
[2025-12-20T20:16:13.081+0000] {logging_mixin.py:188} INFO - [2025-12-20T20:16:13.081+0000] {dag.py:3820} INFO - Setting next_dagrun for purchase_analytics_refresh to 2025-12-20T02:00:00+00:00, run_after=2025-12-21T02:00:00+00:00
[2025-12-20T20:16:13.097+0000] {processor.py:183} INFO - Processing /opt/airflow/dags/purchase_analytics_dag.py took 0.163 seconds
[2025-12-20T20:16:20.036+0000] {processor.py:161} INFO - Started process (PID=198) to work on /opt/airflow/dags/purchase_analytics_dag.py
[2025-12-20T20:16:20.037+0000] {processor.py:830} INFO - Processing file /opt/airflow/dags/purchase_analytics_dag.py for tasks to queue
[2025-12-20T20:16:20.037+0000] {logging_mixin.py:188} INFO - [2025-12-20T20:16:20.037+0000] {dagbag.py:538} INFO - Filling up the DagBag from /opt/airflow/dags/purchase_analytics_dag.py
[2025-12-20T20:16:20.048+0000] {processor.py:840} INFO - DAG(s) 'purchase_analytics_refresh' retrieved from /opt/airflow/dags/purchase_analytics_dag.py
[2025-12-20T20:16:20.072+0000] {logging_mixin.py:188} INFO - [2025-12-20T20:16:20.072+0000] {dag.py:3033} INFO - Sync 1 DAGs
[2025-12-20T20:16:20.089+0000] {logging_mixin.py:188} INFO - [2025-12-20T20:16:20.088+0000] {dag.py:3820} INFO - Setting next_dagrun for purchase_analytics_refresh to 2025-12-20T02:00:00+00:00, run_after=2025-12-21T02:00:00+00:00
[2025-12-20T20:16:20.102+0000] {processor.py:183} INFO - Processing /opt/airflow/dags/purchase_analytics_dag.py took 0.070 seconds
[2025-12-20T20:16:50.456+0000] {processor.py:161} INFO - Started process (PID=208) to work on /opt/airflow/dags/purchase_analytics_dag.py
[2025-12-20T20:16:50.460+0000] {processor.py:830} INFO - Processing file /opt/airflow/dags/purchase_analytics_dag.py for tasks to queue
[2025-12-20T20:16:50.462+0000] {logging_mixin.py:188} INFO - [2025-12-20T20:16:50.461+0000] {dagbag.py:538} INFO - Filling up the DagBag from /opt/airflow/dags/purchase_analytics_dag.py
[2025-12-20T20:16:50.500+0000] {processor.py:840} INFO - DAG(s) 'purchase_analytics_refresh' retrieved from /opt/airflow/dags/purchase_analytics_dag.py
[2025-12-20T20:16:50.572+0000] {logging_mixin.py:188} INFO - [2025-12-20T20:16:50.572+0000] {dag.py:3033} INFO - Sync 1 DAGs
[2025-12-20T20:16:50.606+0000] {logging_mixin.py:188} INFO - [2025-12-20T20:16:50.605+0000] {dag.py:3820} INFO - Setting next_dagrun for purchase_analytics_refresh to 2025-12-20T02:00:00+00:00, run_after=2025-12-21T02:00:00+00:00
[2025-12-20T20:16:50.626+0000] {processor.py:183} INFO - Processing /opt/airflow/dags/purchase_analytics_dag.py took 0.181 seconds
[2025-12-20T20:17:20.955+0000] {processor.py:161} INFO - Started process (PID=218) to work on /opt/airflow/dags/purchase_analytics_dag.py
[2025-12-20T20:17:20.958+0000] {processor.py:830} INFO - Processing file /opt/airflow/dags/purchase_analytics_dag.py for tasks to queue
[2025-12-20T20:17:20.959+0000] {logging_mixin.py:188} INFO - [2025-12-20T20:17:20.959+0000] {dagbag.py:538} INFO - Filling up the DagBag from /opt/airflow/dags/purchase_analytics_dag.py
[2025-12-20T20:17:20.992+0000] {processor.py:840} INFO - DAG(s) 'purchase_analytics_refresh' retrieved from /opt/airflow/dags/purchase_analytics_dag.py
[2025-12-20T20:17:21.040+0000] {logging_mixin.py:188} INFO - [2025-12-20T20:17:21.040+0000] {dag.py:3033} INFO - Sync 1 DAGs
[2025-12-20T20:17:21.071+0000] {logging_mixin.py:188} INFO - [2025-12-20T20:17:21.070+0000] {dag.py:3820} INFO - Setting next_dagrun for purchase_analytics_refresh to 2025-12-20T02:00:00+00:00, run_after=2025-12-21T02:00:00+00:00
[2025-12-20T20:17:21.091+0000] {processor.py:183} INFO - Processing /opt/airflow/dags/purchase_analytics_dag.py took 0.148 seconds
[2025-12-20T20:17:36.251+0000] {processor.py:161} INFO - Started process (PID=221) to work on /opt/airflow/dags/purchase_analytics_dag.py
[2025-12-20T20:17:36.260+0000] {processor.py:830} INFO - Processing file /opt/airflow/dags/purchase_analytics_dag.py for tasks to queue
[2025-12-20T20:17:36.266+0000] {logging_mixin.py:188} INFO - [2025-12-20T20:17:36.263+0000] {dagbag.py:538} INFO - Filling up the DagBag from /opt/airflow/dags/purchase_analytics_dag.py
[2025-12-20T20:17:36.301+0000] {processor.py:840} INFO - DAG(s) 'purchase_analytics_refresh' retrieved from /opt/airflow/dags/purchase_analytics_dag.py
[2025-12-20T20:17:36.368+0000] {logging_mixin.py:188} INFO - [2025-12-20T20:17:36.368+0000] {dag.py:3033} INFO - Sync 1 DAGs
[2025-12-20T20:17:36.409+0000] {logging_mixin.py:188} INFO - [2025-12-20T20:17:36.409+0000] {dag.py:3820} INFO - Setting next_dagrun for purchase_analytics_refresh to 2025-12-20T02:00:00+00:00, run_after=2025-12-21T02:00:00+00:00
[2025-12-20T20:17:36.431+0000] {processor.py:183} INFO - Processing /opt/airflow/dags/purchase_analytics_dag.py took 0.188 seconds
[2025-12-20T20:17:40.518+0000] {processor.py:161} INFO - Started process (PID=222) to work on /opt/airflow/dags/purchase_analytics_dag.py
[2025-12-20T20:17:40.520+0000] {processor.py:830} INFO - Processing file /opt/airflow/dags/purchase_analytics_dag.py for tasks to queue
[2025-12-20T20:17:40.522+0000] {logging_mixin.py:188} INFO - [2025-12-20T20:17:40.521+0000] {dagbag.py:538} INFO - Filling up the DagBag from /opt/airflow/dags/purchase_analytics_dag.py
[2025-12-20T20:17:40.587+0000] {processor.py:840} INFO - DAG(s) 'purchase_analytics_refresh' retrieved from /opt/airflow/dags/purchase_analytics_dag.py
[2025-12-20T20:17:40.682+0000] {logging_mixin.py:188} INFO - [2025-12-20T20:17:40.682+0000] {dag.py:3033} INFO - Sync 1 DAGs
[2025-12-20T20:17:40.749+0000] {logging_mixin.py:188} INFO - [2025-12-20T20:17:40.748+0000] {dag.py:3820} INFO - Setting next_dagrun for purchase_analytics_refresh to 2025-12-20T02:00:00+00:00, run_after=2025-12-21T02:00:00+00:00
[2025-12-20T20:17:40.782+0000] {processor.py:183} INFO - Processing /opt/airflow/dags/purchase_analytics_dag.py took 0.272 seconds
[2025-12-20T20:17:51.387+0000] {processor.py:161} INFO - Started process (PID=230) to work on /opt/airflow/dags/purchase_analytics_dag.py
[2025-12-20T20:17:51.390+0000] {processor.py:830} INFO - Processing file /opt/airflow/dags/purchase_analytics_dag.py for tasks to queue
[2025-12-20T20:17:51.394+0000] {logging_mixin.py:188} INFO - [2025-12-20T20:17:51.392+0000] {dagbag.py:538} INFO - Filling up the DagBag from /opt/airflow/dags/purchase_analytics_dag.py
[2025-12-20T20:17:51.451+0000] {processor.py:840} INFO - DAG(s) 'purchase_analytics_refresh' retrieved from /opt/airflow/dags/purchase_analytics_dag.py
[2025-12-20T20:17:51.549+0000] {logging_mixin.py:188} INFO - [2025-12-20T20:17:51.549+0000] {dag.py:3033} INFO - Sync 1 DAGs
[2025-12-20T20:17:51.582+0000] {logging_mixin.py:188} INFO - [2025-12-20T20:17:51.582+0000] {dag.py:3820} INFO - Setting next_dagrun for purchase_analytics_refresh to 2025-12-20T02:00:00+00:00, run_after=2025-12-21T02:00:00+00:00
[2025-12-20T20:17:51.611+0000] {processor.py:183} INFO - Processing /opt/airflow/dags/purchase_analytics_dag.py took 0.244 seconds
[2025-12-20T20:18:21.946+0000] {processor.py:161} INFO - Started process (PID=240) to work on /opt/airflow/dags/purchase_analytics_dag.py
[2025-12-20T20:18:21.948+0000] {processor.py:830} INFO - Processing file /opt/airflow/dags/purchase_analytics_dag.py for tasks to queue
[2025-12-20T20:18:21.950+0000] {logging_mixin.py:188} INFO - [2025-12-20T20:18:21.950+0000] {dagbag.py:538} INFO - Filling up the DagBag from /opt/airflow/dags/purchase_analytics_dag.py
[2025-12-20T20:18:21.975+0000] {processor.py:840} INFO - DAG(s) 'purchase_analytics_refresh' retrieved from /opt/airflow/dags/purchase_analytics_dag.py
[2025-12-20T20:18:22.011+0000] {logging_mixin.py:188} INFO - [2025-12-20T20:18:22.010+0000] {dag.py:3033} INFO - Sync 1 DAGs
[2025-12-20T20:18:22.032+0000] {logging_mixin.py:188} INFO - [2025-12-20T20:18:22.032+0000] {dag.py:3820} INFO - Setting next_dagrun for purchase_analytics_refresh to 2025-12-20T02:00:00+00:00, run_after=2025-12-21T02:00:00+00:00
[2025-12-20T20:18:22.045+0000] {processor.py:183} INFO - Processing /opt/airflow/dags/purchase_analytics_dag.py took 0.104 seconds
[2025-12-20T20:18:52.609+0000] {processor.py:161} INFO - Started process (PID=262) to work on /opt/airflow/dags/purchase_analytics_dag.py
[2025-12-20T20:18:52.611+0000] {processor.py:830} INFO - Processing file /opt/airflow/dags/purchase_analytics_dag.py for tasks to queue
[2025-12-20T20:18:52.613+0000] {logging_mixin.py:188} INFO - [2025-12-20T20:18:52.612+0000] {dagbag.py:538} INFO - Filling up the DagBag from /opt/airflow/dags/purchase_analytics_dag.py
[2025-12-20T20:18:52.693+0000] {processor.py:840} INFO - DAG(s) 'purchase_analytics_refresh' retrieved from /opt/airflow/dags/purchase_analytics_dag.py
[2025-12-20T20:18:52.748+0000] {logging_mixin.py:188} INFO - [2025-12-20T20:18:52.747+0000] {dag.py:3033} INFO - Sync 1 DAGs
[2025-12-20T20:18:52.792+0000] {logging_mixin.py:188} INFO - [2025-12-20T20:18:52.792+0000] {dag.py:3820} INFO - Setting next_dagrun for purchase_analytics_refresh to 2025-12-20T02:00:00+00:00, run_after=2025-12-21T02:00:00+00:00
[2025-12-20T20:18:52.818+0000] {processor.py:183} INFO - Processing /opt/airflow/dags/purchase_analytics_dag.py took 0.228 seconds
[2025-12-20T20:19:23.122+0000] {processor.py:161} INFO - Started process (PID=272) to work on /opt/airflow/dags/purchase_analytics_dag.py
[2025-12-20T20:19:23.125+0000] {processor.py:830} INFO - Processing file /opt/airflow/dags/purchase_analytics_dag.py for tasks to queue
[2025-12-20T20:19:23.126+0000] {logging_mixin.py:188} INFO - [2025-12-20T20:19:23.125+0000] {dagbag.py:538} INFO - Filling up the DagBag from /opt/airflow/dags/purchase_analytics_dag.py
[2025-12-20T20:19:23.143+0000] {processor.py:840} INFO - DAG(s) 'purchase_analytics_refresh' retrieved from /opt/airflow/dags/purchase_analytics_dag.py
[2025-12-20T20:19:23.232+0000] {logging_mixin.py:188} INFO - [2025-12-20T20:19:23.232+0000] {dag.py:3033} INFO - Sync 1 DAGs
[2025-12-20T20:19:23.247+0000] {logging_mixin.py:188} INFO - [2025-12-20T20:19:23.247+0000] {dag.py:3820} INFO - Setting next_dagrun for purchase_analytics_refresh to 2025-12-20T02:00:00+00:00, run_after=2025-12-21T02:00:00+00:00
[2025-12-20T20:19:23.259+0000] {processor.py:183} INFO - Processing /opt/airflow/dags/purchase_analytics_dag.py took 0.141 seconds
[2025-12-20T20:19:53.564+0000] {processor.py:161} INFO - Started process (PID=282) to work on /opt/airflow/dags/purchase_analytics_dag.py
[2025-12-20T20:19:53.566+0000] {processor.py:830} INFO - Processing file /opt/airflow/dags/purchase_analytics_dag.py for tasks to queue
[2025-12-20T20:19:53.567+0000] {logging_mixin.py:188} INFO - [2025-12-20T20:19:53.567+0000] {dagbag.py:538} INFO - Filling up the DagBag from /opt/airflow/dags/purchase_analytics_dag.py
[2025-12-20T20:19:53.592+0000] {processor.py:840} INFO - DAG(s) 'purchase_analytics_refresh' retrieved from /opt/airflow/dags/purchase_analytics_dag.py
[2025-12-20T20:19:53.622+0000] {logging_mixin.py:188} INFO - [2025-12-20T20:19:53.622+0000] {dag.py:3033} INFO - Sync 1 DAGs
[2025-12-20T20:19:53.647+0000] {logging_mixin.py:188} INFO - [2025-12-20T20:19:53.647+0000] {dag.py:3820} INFO - Setting next_dagrun for purchase_analytics_refresh to 2025-12-20T02:00:00+00:00, run_after=2025-12-21T02:00:00+00:00
[2025-12-20T20:19:53.663+0000] {processor.py:183} INFO - Processing /opt/airflow/dags/purchase_analytics_dag.py took 0.103 seconds
[2025-12-20T20:20:23.969+0000] {processor.py:161} INFO - Started process (PID=292) to work on /opt/airflow/dags/purchase_analytics_dag.py
[2025-12-20T20:20:23.971+0000] {processor.py:830} INFO - Processing file /opt/airflow/dags/purchase_analytics_dag.py for tasks to queue
[2025-12-20T20:20:23.972+0000] {logging_mixin.py:188} INFO - [2025-12-20T20:20:23.972+0000] {dagbag.py:538} INFO - Filling up the DagBag from /opt/airflow/dags/purchase_analytics_dag.py
[2025-12-20T20:20:24.000+0000] {processor.py:840} INFO - DAG(s) 'purchase_analytics_refresh' retrieved from /opt/airflow/dags/purchase_analytics_dag.py
[2025-12-20T20:20:24.037+0000] {logging_mixin.py:188} INFO - [2025-12-20T20:20:24.037+0000] {dag.py:3033} INFO - Sync 1 DAGs
[2025-12-20T20:20:24.056+0000] {logging_mixin.py:188} INFO - [2025-12-20T20:20:24.056+0000] {dag.py:3820} INFO - Setting next_dagrun for purchase_analytics_refresh to 2025-12-20T02:00:00+00:00, run_after=2025-12-21T02:00:00+00:00
[2025-12-20T20:20:24.076+0000] {processor.py:183} INFO - Processing /opt/airflow/dags/purchase_analytics_dag.py took 0.117 seconds
[2025-12-20T20:20:54.323+0000] {processor.py:161} INFO - Started process (PID=302) to work on /opt/airflow/dags/purchase_analytics_dag.py
[2025-12-20T20:20:54.324+0000] {processor.py:830} INFO - Processing file /opt/airflow/dags/purchase_analytics_dag.py for tasks to queue
[2025-12-20T20:20:54.326+0000] {logging_mixin.py:188} INFO - [2025-12-20T20:20:54.325+0000] {dagbag.py:538} INFO - Filling up the DagBag from /opt/airflow/dags/purchase_analytics_dag.py
[2025-12-20T20:20:54.365+0000] {processor.py:840} INFO - DAG(s) 'purchase_analytics_refresh' retrieved from /opt/airflow/dags/purchase_analytics_dag.py
[2025-12-20T20:20:54.749+0000] {logging_mixin.py:188} INFO - [2025-12-20T20:20:54.749+0000] {dag.py:3033} INFO - Sync 1 DAGs
[2025-12-20T20:20:54.779+0000] {logging_mixin.py:188} INFO - [2025-12-20T20:20:54.779+0000] {dag.py:3820} INFO - Setting next_dagrun for purchase_analytics_refresh to 2025-12-20T02:00:00+00:00, run_after=2025-12-21T02:00:00+00:00
[2025-12-20T20:20:54.795+0000] {processor.py:183} INFO - Processing /opt/airflow/dags/purchase_analytics_dag.py took 0.490 seconds
[2025-12-20T20:21:24.845+0000] {processor.py:161} INFO - Started process (PID=312) to work on /opt/airflow/dags/purchase_analytics_dag.py
[2025-12-20T20:21:24.848+0000] {processor.py:830} INFO - Processing file /opt/airflow/dags/purchase_analytics_dag.py for tasks to queue
[2025-12-20T20:21:24.849+0000] {logging_mixin.py:188} INFO - [2025-12-20T20:21:24.849+0000] {dagbag.py:538} INFO - Filling up the DagBag from /opt/airflow/dags/purchase_analytics_dag.py
[2025-12-20T20:21:24.868+0000] {processor.py:840} INFO - DAG(s) 'purchase_analytics_refresh' retrieved from /opt/airflow/dags/purchase_analytics_dag.py
[2025-12-20T20:21:24.909+0000] {logging_mixin.py:188} INFO - [2025-12-20T20:21:24.909+0000] {dag.py:3033} INFO - Sync 1 DAGs
[2025-12-20T20:21:24.931+0000] {logging_mixin.py:188} INFO - [2025-12-20T20:21:24.930+0000] {dag.py:3820} INFO - Setting next_dagrun for purchase_analytics_refresh to 2025-12-20T02:00:00+00:00, run_after=2025-12-21T02:00:00+00:00
[2025-12-20T20:21:24.945+0000] {processor.py:183} INFO - Processing /opt/airflow/dags/purchase_analytics_dag.py took 0.106 seconds
[2025-12-20T20:21:55.227+0000] {processor.py:161} INFO - Started process (PID=333) to work on /opt/airflow/dags/purchase_analytics_dag.py
[2025-12-20T20:21:55.229+0000] {processor.py:830} INFO - Processing file /opt/airflow/dags/purchase_analytics_dag.py for tasks to queue
[2025-12-20T20:21:55.230+0000] {logging_mixin.py:188} INFO - [2025-12-20T20:21:55.229+0000] {dagbag.py:538} INFO - Filling up the DagBag from /opt/airflow/dags/purchase_analytics_dag.py
[2025-12-20T20:21:55.250+0000] {processor.py:840} INFO - DAG(s) 'purchase_analytics_refresh' retrieved from /opt/airflow/dags/purchase_analytics_dag.py
[2025-12-20T20:21:55.280+0000] {logging_mixin.py:188} INFO - [2025-12-20T20:21:55.280+0000] {dag.py:3033} INFO - Sync 1 DAGs
[2025-12-20T20:21:55.303+0000] {logging_mixin.py:188} INFO - [2025-12-20T20:21:55.303+0000] {dag.py:3820} INFO - Setting next_dagrun for purchase_analytics_refresh to 2025-12-20T02:00:00+00:00, run_after=2025-12-21T02:00:00+00:00
[2025-12-20T20:21:55.329+0000] {processor.py:183} INFO - Processing /opt/airflow/dags/purchase_analytics_dag.py took 0.108 seconds
[2025-12-20T20:22:25.766+0000] {processor.py:161} INFO - Started process (PID=343) to work on /opt/airflow/dags/purchase_analytics_dag.py
[2025-12-20T20:22:25.768+0000] {processor.py:830} INFO - Processing file /opt/airflow/dags/purchase_analytics_dag.py for tasks to queue
[2025-12-20T20:22:25.770+0000] {logging_mixin.py:188} INFO - [2025-12-20T20:22:25.769+0000] {dagbag.py:538} INFO - Filling up the DagBag from /opt/airflow/dags/purchase_analytics_dag.py
[2025-12-20T20:22:25.801+0000] {processor.py:840} INFO - DAG(s) 'purchase_analytics_refresh' retrieved from /opt/airflow/dags/purchase_analytics_dag.py
[2025-12-20T20:22:25.839+0000] {logging_mixin.py:188} INFO - [2025-12-20T20:22:25.839+0000] {dag.py:3033} INFO - Sync 1 DAGs
[2025-12-20T20:22:25.860+0000] {logging_mixin.py:188} INFO - [2025-12-20T20:22:25.860+0000] {dag.py:3820} INFO - Setting next_dagrun for purchase_analytics_refresh to 2025-12-20T02:00:00+00:00, run_after=2025-12-21T02:00:00+00:00
[2025-12-20T20:22:25.874+0000] {processor.py:183} INFO - Processing /opt/airflow/dags/purchase_analytics_dag.py took 0.115 seconds
[2025-12-20T20:22:56.322+0000] {processor.py:161} INFO - Started process (PID=352) to work on /opt/airflow/dags/purchase_analytics_dag.py
[2025-12-20T20:22:56.327+0000] {processor.py:830} INFO - Processing file /opt/airflow/dags/purchase_analytics_dag.py for tasks to queue
[2025-12-20T20:22:56.329+0000] {logging_mixin.py:188} INFO - [2025-12-20T20:22:56.328+0000] {dagbag.py:538} INFO - Filling up the DagBag from /opt/airflow/dags/purchase_analytics_dag.py
[2025-12-20T20:22:56.373+0000] {processor.py:840} INFO - DAG(s) 'purchase_analytics_refresh' retrieved from /opt/airflow/dags/purchase_analytics_dag.py
[2025-12-20T20:22:56.441+0000] {logging_mixin.py:188} INFO - [2025-12-20T20:22:56.441+0000] {dag.py:3033} INFO - Sync 1 DAGs
[2025-12-20T20:22:56.475+0000] {logging_mixin.py:188} INFO - [2025-12-20T20:22:56.474+0000] {dag.py:3820} INFO - Setting next_dagrun for purchase_analytics_refresh to 2025-12-20T02:00:00+00:00, run_after=2025-12-21T02:00:00+00:00
[2025-12-20T20:22:56.492+0000] {processor.py:183} INFO - Processing /opt/airflow/dags/purchase_analytics_dag.py took 0.179 seconds
[2025-12-20T20:23:26.887+0000] {processor.py:161} INFO - Started process (PID=356) to work on /opt/airflow/dags/purchase_analytics_dag.py
[2025-12-20T20:23:26.890+0000] {processor.py:830} INFO - Processing file /opt/airflow/dags/purchase_analytics_dag.py for tasks to queue
[2025-12-20T20:23:26.892+0000] {logging_mixin.py:188} INFO - [2025-12-20T20:23:26.891+0000] {dagbag.py:538} INFO - Filling up the DagBag from /opt/airflow/dags/purchase_analytics_dag.py
[2025-12-20T20:23:26.936+0000] {processor.py:840} INFO - DAG(s) 'purchase_analytics_refresh' retrieved from /opt/airflow/dags/purchase_analytics_dag.py
[2025-12-20T20:23:26.997+0000] {logging_mixin.py:188} INFO - [2025-12-20T20:23:26.996+0000] {dag.py:3033} INFO - Sync 1 DAGs
[2025-12-20T20:23:27.036+0000] {logging_mixin.py:188} INFO - [2025-12-20T20:23:27.036+0000] {dag.py:3820} INFO - Setting next_dagrun for purchase_analytics_refresh to 2025-12-20T02:00:00+00:00, run_after=2025-12-21T02:00:00+00:00
[2025-12-20T20:23:27.059+0000] {processor.py:183} INFO - Processing /opt/airflow/dags/purchase_analytics_dag.py took 0.184 seconds
[2025-12-20T20:23:57.639+0000] {processor.py:161} INFO - Started process (PID=380) to work on /opt/airflow/dags/purchase_analytics_dag.py
[2025-12-20T20:23:57.642+0000] {processor.py:830} INFO - Processing file /opt/airflow/dags/purchase_analytics_dag.py for tasks to queue
[2025-12-20T20:23:57.643+0000] {logging_mixin.py:188} INFO - [2025-12-20T20:23:57.643+0000] {dagbag.py:538} INFO - Filling up the DagBag from /opt/airflow/dags/purchase_analytics_dag.py
[2025-12-20T20:23:57.670+0000] {processor.py:840} INFO - DAG(s) 'purchase_analytics_refresh' retrieved from /opt/airflow/dags/purchase_analytics_dag.py
[2025-12-20T20:23:57.718+0000] {logging_mixin.py:188} INFO - [2025-12-20T20:23:57.718+0000] {dag.py:3033} INFO - Sync 1 DAGs
[2025-12-20T20:23:57.740+0000] {logging_mixin.py:188} INFO - [2025-12-20T20:23:57.740+0000] {dag.py:3820} INFO - Setting next_dagrun for purchase_analytics_refresh to 2025-12-20T02:00:00+00:00, run_after=2025-12-21T02:00:00+00:00
[2025-12-20T20:23:57.754+0000] {processor.py:183} INFO - Processing /opt/airflow/dags/purchase_analytics_dag.py took 0.132 seconds
[2025-12-20T20:24:28.245+0000] {processor.py:161} INFO - Started process (PID=390) to work on /opt/airflow/dags/purchase_analytics_dag.py
[2025-12-20T20:24:28.247+0000] {processor.py:830} INFO - Processing file /opt/airflow/dags/purchase_analytics_dag.py for tasks to queue
[2025-12-20T20:24:28.248+0000] {logging_mixin.py:188} INFO - [2025-12-20T20:24:28.248+0000] {dagbag.py:538} INFO - Filling up the DagBag from /opt/airflow/dags/purchase_analytics_dag.py
[2025-12-20T20:24:28.260+0000] {processor.py:840} INFO - DAG(s) 'purchase_analytics_refresh' retrieved from /opt/airflow/dags/purchase_analytics_dag.py
[2025-12-20T20:24:28.288+0000] {logging_mixin.py:188} INFO - [2025-12-20T20:24:28.288+0000] {dag.py:3033} INFO - Sync 1 DAGs
[2025-12-20T20:24:28.308+0000] {logging_mixin.py:188} INFO - [2025-12-20T20:24:28.308+0000] {dag.py:3820} INFO - Setting next_dagrun for purchase_analytics_refresh to 2025-12-20T02:00:00+00:00, run_after=2025-12-21T02:00:00+00:00
[2025-12-20T20:24:28.322+0000] {processor.py:183} INFO - Processing /opt/airflow/dags/purchase_analytics_dag.py took 0.083 seconds
[2025-12-20T20:24:58.971+0000] {processor.py:161} INFO - Started process (PID=400) to work on /opt/airflow/dags/purchase_analytics_dag.py
[2025-12-20T20:24:58.974+0000] {processor.py:830} INFO - Processing file /opt/airflow/dags/purchase_analytics_dag.py for tasks to queue
[2025-12-20T20:24:58.978+0000] {logging_mixin.py:188} INFO - [2025-12-20T20:24:58.977+0000] {dagbag.py:538} INFO - Filling up the DagBag from /opt/airflow/dags/purchase_analytics_dag.py
[2025-12-20T20:24:59.030+0000] {processor.py:840} INFO - DAG(s) 'purchase_analytics_refresh' retrieved from /opt/airflow/dags/purchase_analytics_dag.py
[2025-12-20T20:24:59.111+0000] {logging_mixin.py:188} INFO - [2025-12-20T20:24:59.111+0000] {dag.py:3033} INFO - Sync 1 DAGs
[2025-12-20T20:24:59.162+0000] {logging_mixin.py:188} INFO - [2025-12-20T20:24:59.162+0000] {dag.py:3820} INFO - Setting next_dagrun for purchase_analytics_refresh to 2025-12-20T02:00:00+00:00, run_after=2025-12-21T02:00:00+00:00
[2025-12-20T20:24:59.192+0000] {processor.py:183} INFO - Processing /opt/airflow/dags/purchase_analytics_dag.py took 0.229 seconds
[2025-12-20T20:25:29.718+0000] {processor.py:161} INFO - Started process (PID=410) to work on /opt/airflow/dags/purchase_analytics_dag.py
[2025-12-20T20:25:29.721+0000] {processor.py:830} INFO - Processing file /opt/airflow/dags/purchase_analytics_dag.py for tasks to queue
[2025-12-20T20:25:29.723+0000] {logging_mixin.py:188} INFO - [2025-12-20T20:25:29.722+0000] {dagbag.py:538} INFO - Filling up the DagBag from /opt/airflow/dags/purchase_analytics_dag.py
[2025-12-20T20:25:29.766+0000] {processor.py:840} INFO - DAG(s) 'purchase_analytics_refresh' retrieved from /opt/airflow/dags/purchase_analytics_dag.py
[2025-12-20T20:25:29.834+0000] {logging_mixin.py:188} INFO - [2025-12-20T20:25:29.834+0000] {dag.py:3033} INFO - Sync 1 DAGs
[2025-12-20T20:25:29.889+0000] {logging_mixin.py:188} INFO - [2025-12-20T20:25:29.889+0000] {dag.py:3820} INFO - Setting next_dagrun for purchase_analytics_refresh to 2025-12-20T02:00:00+00:00, run_after=2025-12-21T02:00:00+00:00
[2025-12-20T20:25:29.921+0000] {processor.py:183} INFO - Processing /opt/airflow/dags/purchase_analytics_dag.py took 0.218 seconds
[2025-12-20T20:26:00.300+0000] {processor.py:161} INFO - Started process (PID=420) to work on /opt/airflow/dags/purchase_analytics_dag.py
[2025-12-20T20:26:00.302+0000] {processor.py:830} INFO - Processing file /opt/airflow/dags/purchase_analytics_dag.py for tasks to queue
[2025-12-20T20:26:00.303+0000] {logging_mixin.py:188} INFO - [2025-12-20T20:26:00.303+0000] {dagbag.py:538} INFO - Filling up the DagBag from /opt/airflow/dags/purchase_analytics_dag.py
[2025-12-20T20:26:00.323+0000] {processor.py:840} INFO - DAG(s) 'purchase_analytics_refresh' retrieved from /opt/airflow/dags/purchase_analytics_dag.py
[2025-12-20T20:26:00.375+0000] {logging_mixin.py:188} INFO - [2025-12-20T20:26:00.375+0000] {dag.py:3033} INFO - Sync 1 DAGs
[2025-12-20T20:26:00.401+0000] {logging_mixin.py:188} INFO - [2025-12-20T20:26:00.401+0000] {dag.py:3820} INFO - Setting next_dagrun for purchase_analytics_refresh to 2025-12-20T02:00:00+00:00, run_after=2025-12-21T02:00:00+00:00
[2025-12-20T20:26:00.415+0000] {processor.py:183} INFO - Processing /opt/airflow/dags/purchase_analytics_dag.py took 0.125 seconds
[2025-12-20T20:26:09.521+0000] {processor.py:161} INFO - Started process (PID=428) to work on /opt/airflow/dags/purchase_analytics_dag.py
[2025-12-20T20:26:09.522+0000] {processor.py:830} INFO - Processing file /opt/airflow/dags/purchase_analytics_dag.py for tasks to queue
[2025-12-20T20:26:09.523+0000] {logging_mixin.py:188} INFO - [2025-12-20T20:26:09.523+0000] {dagbag.py:538} INFO - Filling up the DagBag from /opt/airflow/dags/purchase_analytics_dag.py
[2025-12-20T20:26:09.560+0000] {processor.py:840} INFO - DAG(s) 'purchase_analytics_refresh' retrieved from /opt/airflow/dags/purchase_analytics_dag.py
[2025-12-20T20:26:09.603+0000] {logging_mixin.py:188} INFO - [2025-12-20T20:26:09.603+0000] {dag.py:3033} INFO - Sync 1 DAGs
[2025-12-20T20:26:09.628+0000] {logging_mixin.py:188} INFO - [2025-12-20T20:26:09.628+0000] {dag.py:3820} INFO - Setting next_dagrun for purchase_analytics_refresh to 2025-12-20T02:00:00+00:00, run_after=2025-12-21T02:00:00+00:00
[2025-12-20T20:26:09.647+0000] {processor.py:183} INFO - Processing /opt/airflow/dags/purchase_analytics_dag.py took 0.136 seconds
[2025-12-20T20:26:21.637+0000] {processor.py:161} INFO - Started process (PID=430) to work on /opt/airflow/dags/purchase_analytics_dag.py
[2025-12-20T20:26:21.639+0000] {processor.py:830} INFO - Processing file /opt/airflow/dags/purchase_analytics_dag.py for tasks to queue
[2025-12-20T20:26:21.640+0000] {logging_mixin.py:188} INFO - [2025-12-20T20:26:21.639+0000] {dagbag.py:538} INFO - Filling up the DagBag from /opt/airflow/dags/purchase_analytics_dag.py
[2025-12-20T20:26:21.669+0000] {processor.py:840} INFO - DAG(s) 'purchase_analytics_refresh' retrieved from /opt/airflow/dags/purchase_analytics_dag.py
[2025-12-20T20:26:21.708+0000] {logging_mixin.py:188} INFO - [2025-12-20T20:26:21.708+0000] {dag.py:3033} INFO - Sync 1 DAGs
[2025-12-20T20:26:21.733+0000] {logging_mixin.py:188} INFO - [2025-12-20T20:26:21.733+0000] {dag.py:3820} INFO - Setting next_dagrun for purchase_analytics_refresh to 2025-12-20T02:00:00+00:00, run_after=2025-12-21T02:00:00+00:00
[2025-12-20T20:26:21.752+0000] {processor.py:183} INFO - Processing /opt/airflow/dags/purchase_analytics_dag.py took 0.121 seconds
[2025-12-20T20:26:52.056+0000] {processor.py:161} INFO - Started process (PID=440) to work on /opt/airflow/dags/purchase_analytics_dag.py
[2025-12-20T20:26:52.057+0000] {processor.py:830} INFO - Processing file /opt/airflow/dags/purchase_analytics_dag.py for tasks to queue
[2025-12-20T20:26:52.058+0000] {logging_mixin.py:188} INFO - [2025-12-20T20:26:52.057+0000] {dagbag.py:538} INFO - Filling up the DagBag from /opt/airflow/dags/purchase_analytics_dag.py
[2025-12-20T20:26:52.070+0000] {processor.py:840} INFO - DAG(s) 'purchase_analytics_refresh' retrieved from /opt/airflow/dags/purchase_analytics_dag.py
[2025-12-20T20:26:52.093+0000] {logging_mixin.py:188} INFO - [2025-12-20T20:26:52.093+0000] {dag.py:3033} INFO - Sync 1 DAGs
[2025-12-20T20:26:52.110+0000] {logging_mixin.py:188} INFO - [2025-12-20T20:26:52.109+0000] {dag.py:3820} INFO - Setting next_dagrun for purchase_analytics_refresh to 2025-12-20T02:00:00+00:00, run_after=2025-12-21T02:00:00+00:00
[2025-12-20T20:26:52.122+0000] {processor.py:183} INFO - Processing /opt/airflow/dags/purchase_analytics_dag.py took 0.071 seconds
[2025-12-20T20:26:58.200+0000] {processor.py:161} INFO - Started process (PID=442) to work on /opt/airflow/dags/purchase_analytics_dag.py
[2025-12-20T20:26:58.203+0000] {processor.py:830} INFO - Processing file /opt/airflow/dags/purchase_analytics_dag.py for tasks to queue
[2025-12-20T20:26:58.204+0000] {logging_mixin.py:188} INFO - [2025-12-20T20:26:58.204+0000] {dagbag.py:538} INFO - Filling up the DagBag from /opt/airflow/dags/purchase_analytics_dag.py
[2025-12-20T20:26:58.228+0000] {processor.py:840} INFO - DAG(s) 'purchase_analytics_refresh' retrieved from /opt/airflow/dags/purchase_analytics_dag.py
[2025-12-20T20:26:58.260+0000] {logging_mixin.py:188} INFO - [2025-12-20T20:26:58.260+0000] {dag.py:3033} INFO - Sync 1 DAGs
[2025-12-20T20:26:58.285+0000] {logging_mixin.py:188} INFO - [2025-12-20T20:26:58.285+0000] {dag.py:3820} INFO - Setting next_dagrun for purchase_analytics_refresh to 2025-12-20T02:00:00+00:00, run_after=2025-12-21T02:00:00+00:00
[2025-12-20T20:26:58.309+0000] {processor.py:183} INFO - Processing /opt/airflow/dags/purchase_analytics_dag.py took 0.115 seconds
[2025-12-20T20:27:23.535+0000] {processor.py:161} INFO - Started process (PID=451) to work on /opt/airflow/dags/purchase_analytics_dag.py
[2025-12-20T20:27:23.538+0000] {processor.py:830} INFO - Processing file /opt/airflow/dags/purchase_analytics_dag.py for tasks to queue
[2025-12-20T20:27:23.540+0000] {logging_mixin.py:188} INFO - [2025-12-20T20:27:23.539+0000] {dagbag.py:538} INFO - Filling up the DagBag from /opt/airflow/dags/purchase_analytics_dag.py
[2025-12-20T20:27:23.583+0000] {processor.py:840} INFO - DAG(s) 'purchase_analytics_refresh' retrieved from /opt/airflow/dags/purchase_analytics_dag.py
[2025-12-20T20:27:23.635+0000] {logging_mixin.py:188} INFO - [2025-12-20T20:27:23.635+0000] {dag.py:3033} INFO - Sync 1 DAGs
[2025-12-20T20:27:23.669+0000] {logging_mixin.py:188} INFO - [2025-12-20T20:27:23.668+0000] {dag.py:3820} INFO - Setting next_dagrun for purchase_analytics_refresh to 2025-12-20T02:00:00+00:00, run_after=2025-12-21T02:00:00+00:00
[2025-12-20T20:27:23.687+0000] {processor.py:183} INFO - Processing /opt/airflow/dags/purchase_analytics_dag.py took 0.160 seconds
[2025-12-20T20:31:00.258+0000] {processor.py:161} INFO - Started process (PID=30) to work on /opt/airflow/dags/purchase_analytics_dag.py
[2025-12-20T20:31:00.262+0000] {processor.py:830} INFO - Processing file /opt/airflow/dags/purchase_analytics_dag.py for tasks to queue
[2025-12-20T20:31:00.264+0000] {logging_mixin.py:188} INFO - [2025-12-20T20:31:00.263+0000] {dagbag.py:538} INFO - Filling up the DagBag from /opt/airflow/dags/purchase_analytics_dag.py
[2025-12-20T20:31:00.294+0000] {processor.py:840} INFO - DAG(s) 'purchase_analytics_refresh' retrieved from /opt/airflow/dags/purchase_analytics_dag.py
[2025-12-20T20:31:00.400+0000] {logging_mixin.py:188} INFO - [2025-12-20T20:31:00.400+0000] {dag.py:3033} INFO - Sync 1 DAGs
[2025-12-20T20:31:00.431+0000] {logging_mixin.py:188} INFO - [2025-12-20T20:31:00.430+0000] {dag.py:3820} INFO - Setting next_dagrun for purchase_analytics_refresh to 2025-12-20T02:00:00+00:00, run_after=2025-12-21T02:00:00+00:00
[2025-12-20T20:31:00.448+0000] {processor.py:183} INFO - Processing /opt/airflow/dags/purchase_analytics_dag.py took 0.197 seconds
[2025-12-20T20:31:30.643+0000] {processor.py:161} INFO - Started process (PID=40) to work on /opt/airflow/dags/purchase_analytics_dag.py
[2025-12-20T20:31:30.647+0000] {processor.py:830} INFO - Processing file /opt/airflow/dags/purchase_analytics_dag.py for tasks to queue
[2025-12-20T20:31:30.652+0000] {logging_mixin.py:188} INFO - [2025-12-20T20:31:30.652+0000] {dagbag.py:538} INFO - Filling up the DagBag from /opt/airflow/dags/purchase_analytics_dag.py
[2025-12-20T20:31:30.691+0000] {processor.py:840} INFO - DAG(s) 'purchase_analytics_refresh' retrieved from /opt/airflow/dags/purchase_analytics_dag.py
[2025-12-20T20:31:30.943+0000] {logging_mixin.py:188} INFO - [2025-12-20T20:31:30.943+0000] {dag.py:3033} INFO - Sync 1 DAGs
[2025-12-20T20:31:30.962+0000] {logging_mixin.py:188} INFO - [2025-12-20T20:31:30.961+0000] {dag.py:3820} INFO - Setting next_dagrun for purchase_analytics_refresh to 2025-12-20T02:00:00+00:00, run_after=2025-12-21T02:00:00+00:00
[2025-12-20T20:31:30.977+0000] {processor.py:183} INFO - Processing /opt/airflow/dags/purchase_analytics_dag.py took 0.357 seconds
[2025-12-20T20:32:01.174+0000] {processor.py:161} INFO - Started process (PID=62) to work on /opt/airflow/dags/purchase_analytics_dag.py
[2025-12-20T20:32:01.175+0000] {processor.py:830} INFO - Processing file /opt/airflow/dags/purchase_analytics_dag.py for tasks to queue
[2025-12-20T20:32:01.177+0000] {logging_mixin.py:188} INFO - [2025-12-20T20:32:01.176+0000] {dagbag.py:538} INFO - Filling up the DagBag from /opt/airflow/dags/purchase_analytics_dag.py
[2025-12-20T20:32:01.212+0000] {processor.py:840} INFO - DAG(s) 'purchase_analytics_refresh' retrieved from /opt/airflow/dags/purchase_analytics_dag.py
[2025-12-20T20:32:01.269+0000] {logging_mixin.py:188} INFO - [2025-12-20T20:32:01.269+0000] {dag.py:3033} INFO - Sync 1 DAGs
[2025-12-20T20:32:01.296+0000] {logging_mixin.py:188} INFO - [2025-12-20T20:32:01.296+0000] {dag.py:3820} INFO - Setting next_dagrun for purchase_analytics_refresh to 2025-12-20T02:00:00+00:00, run_after=2025-12-21T02:00:00+00:00
[2025-12-20T20:32:01.313+0000] {processor.py:183} INFO - Processing /opt/airflow/dags/purchase_analytics_dag.py took 0.146 seconds
[2025-12-20T20:32:31.466+0000] {processor.py:161} INFO - Started process (PID=72) to work on /opt/airflow/dags/purchase_analytics_dag.py
[2025-12-20T20:32:31.467+0000] {processor.py:830} INFO - Processing file /opt/airflow/dags/purchase_analytics_dag.py for tasks to queue
[2025-12-20T20:32:31.468+0000] {logging_mixin.py:188} INFO - [2025-12-20T20:32:31.468+0000] {dagbag.py:538} INFO - Filling up the DagBag from /opt/airflow/dags/purchase_analytics_dag.py
[2025-12-20T20:32:31.484+0000] {processor.py:840} INFO - DAG(s) 'purchase_analytics_refresh' retrieved from /opt/airflow/dags/purchase_analytics_dag.py
[2025-12-20T20:32:31.514+0000] {logging_mixin.py:188} INFO - [2025-12-20T20:32:31.514+0000] {dag.py:3033} INFO - Sync 1 DAGs
[2025-12-20T20:32:31.533+0000] {logging_mixin.py:188} INFO - [2025-12-20T20:32:31.533+0000] {dag.py:3820} INFO - Setting next_dagrun for purchase_analytics_refresh to 2025-12-20T02:00:00+00:00, run_after=2025-12-21T02:00:00+00:00
[2025-12-20T20:32:31.546+0000] {processor.py:183} INFO - Processing /opt/airflow/dags/purchase_analytics_dag.py took 0.090 seconds
[2025-12-20T20:33:01.992+0000] {processor.py:161} INFO - Started process (PID=94) to work on /opt/airflow/dags/purchase_analytics_dag.py
[2025-12-20T20:33:01.993+0000] {processor.py:830} INFO - Processing file /opt/airflow/dags/purchase_analytics_dag.py for tasks to queue
[2025-12-20T20:33:01.995+0000] {logging_mixin.py:188} INFO - [2025-12-20T20:33:01.994+0000] {dagbag.py:538} INFO - Filling up the DagBag from /opt/airflow/dags/purchase_analytics_dag.py
[2025-12-20T20:33:02.016+0000] {processor.py:840} INFO - DAG(s) 'purchase_analytics_refresh' retrieved from /opt/airflow/dags/purchase_analytics_dag.py
[2025-12-20T20:33:02.084+0000] {logging_mixin.py:188} INFO - [2025-12-20T20:33:02.083+0000] {dag.py:3033} INFO - Sync 1 DAGs
[2025-12-20T20:33:02.106+0000] {logging_mixin.py:188} INFO - [2025-12-20T20:33:02.106+0000] {dag.py:3820} INFO - Setting next_dagrun for purchase_analytics_refresh to 2025-12-20T02:00:00+00:00, run_after=2025-12-21T02:00:00+00:00
[2025-12-20T20:33:02.122+0000] {processor.py:183} INFO - Processing /opt/airflow/dags/purchase_analytics_dag.py took 0.136 seconds
[2025-12-20T20:33:32.296+0000] {processor.py:161} INFO - Started process (PID=104) to work on /opt/airflow/dags/purchase_analytics_dag.py
[2025-12-20T20:33:32.297+0000] {processor.py:830} INFO - Processing file /opt/airflow/dags/purchase_analytics_dag.py for tasks to queue
[2025-12-20T20:33:32.298+0000] {logging_mixin.py:188} INFO - [2025-12-20T20:33:32.298+0000] {dagbag.py:538} INFO - Filling up the DagBag from /opt/airflow/dags/purchase_analytics_dag.py
[2025-12-20T20:33:32.317+0000] {processor.py:840} INFO - DAG(s) 'purchase_analytics_refresh' retrieved from /opt/airflow/dags/purchase_analytics_dag.py
[2025-12-20T20:33:32.348+0000] {logging_mixin.py:188} INFO - [2025-12-20T20:33:32.348+0000] {dag.py:3033} INFO - Sync 1 DAGs
[2025-12-20T20:33:32.368+0000] {logging_mixin.py:188} INFO - [2025-12-20T20:33:32.367+0000] {dag.py:3820} INFO - Setting next_dagrun for purchase_analytics_refresh to 2025-12-20T02:00:00+00:00, run_after=2025-12-21T02:00:00+00:00
[2025-12-20T20:33:32.382+0000] {processor.py:183} INFO - Processing /opt/airflow/dags/purchase_analytics_dag.py took 0.089 seconds
[2025-12-20T20:34:02.647+0000] {processor.py:161} INFO - Started process (PID=114) to work on /opt/airflow/dags/purchase_analytics_dag.py
[2025-12-20T20:34:02.648+0000] {processor.py:830} INFO - Processing file /opt/airflow/dags/purchase_analytics_dag.py for tasks to queue
[2025-12-20T20:34:02.649+0000] {logging_mixin.py:188} INFO - [2025-12-20T20:34:02.649+0000] {dagbag.py:538} INFO - Filling up the DagBag from /opt/airflow/dags/purchase_analytics_dag.py
[2025-12-20T20:34:02.667+0000] {processor.py:840} INFO - DAG(s) 'purchase_analytics_refresh' retrieved from /opt/airflow/dags/purchase_analytics_dag.py
[2025-12-20T20:34:02.699+0000] {logging_mixin.py:188} INFO - [2025-12-20T20:34:02.699+0000] {dag.py:3033} INFO - Sync 1 DAGs
[2025-12-20T20:34:02.718+0000] {logging_mixin.py:188} INFO - [2025-12-20T20:34:02.718+0000] {dag.py:3820} INFO - Setting next_dagrun for purchase_analytics_refresh to 2025-12-20T02:00:00+00:00, run_after=2025-12-21T02:00:00+00:00
[2025-12-20T20:34:02.734+0000] {processor.py:183} INFO - Processing /opt/airflow/dags/purchase_analytics_dag.py took 0.094 seconds
[2025-12-20T20:34:33.032+0000] {processor.py:161} INFO - Started process (PID=124) to work on /opt/airflow/dags/purchase_analytics_dag.py
[2025-12-20T20:34:33.034+0000] {processor.py:830} INFO - Processing file /opt/airflow/dags/purchase_analytics_dag.py for tasks to queue
[2025-12-20T20:34:33.035+0000] {logging_mixin.py:188} INFO - [2025-12-20T20:34:33.034+0000] {dagbag.py:538} INFO - Filling up the DagBag from /opt/airflow/dags/purchase_analytics_dag.py
[2025-12-20T20:34:33.063+0000] {processor.py:840} INFO - DAG(s) 'purchase_analytics_refresh' retrieved from /opt/airflow/dags/purchase_analytics_dag.py
[2025-12-20T20:34:33.094+0000] {logging_mixin.py:188} INFO - [2025-12-20T20:34:33.094+0000] {dag.py:3033} INFO - Sync 1 DAGs
[2025-12-20T20:34:33.119+0000] {logging_mixin.py:188} INFO - [2025-12-20T20:34:33.118+0000] {dag.py:3820} INFO - Setting next_dagrun for purchase_analytics_refresh to 2025-12-20T02:00:00+00:00, run_after=2025-12-21T02:00:00+00:00
[2025-12-20T20:34:33.132+0000] {processor.py:183} INFO - Processing /opt/airflow/dags/purchase_analytics_dag.py took 0.107 seconds
[2025-12-20T20:35:03.469+0000] {processor.py:161} INFO - Started process (PID=127) to work on /opt/airflow/dags/purchase_analytics_dag.py
[2025-12-20T20:35:03.471+0000] {processor.py:830} INFO - Processing file /opt/airflow/dags/purchase_analytics_dag.py for tasks to queue
[2025-12-20T20:35:03.473+0000] {logging_mixin.py:188} INFO - [2025-12-20T20:35:03.472+0000] {dagbag.py:538} INFO - Filling up the DagBag from /opt/airflow/dags/purchase_analytics_dag.py
[2025-12-20T20:35:03.510+0000] {processor.py:840} INFO - DAG(s) 'purchase_analytics_refresh' retrieved from /opt/airflow/dags/purchase_analytics_dag.py
[2025-12-20T20:35:03.554+0000] {logging_mixin.py:188} INFO - [2025-12-20T20:35:03.553+0000] {dag.py:3033} INFO - Sync 1 DAGs
[2025-12-20T20:35:03.585+0000] {logging_mixin.py:188} INFO - [2025-12-20T20:35:03.585+0000] {dag.py:3820} INFO - Setting next_dagrun for purchase_analytics_refresh to 2025-12-20T02:00:00+00:00, run_after=2025-12-21T02:00:00+00:00
[2025-12-20T20:35:03.601+0000] {processor.py:183} INFO - Processing /opt/airflow/dags/purchase_analytics_dag.py took 0.140 seconds
[2025-12-20T20:35:33.910+0000] {processor.py:161} INFO - Started process (PID=137) to work on /opt/airflow/dags/purchase_analytics_dag.py
[2025-12-20T20:35:33.912+0000] {processor.py:830} INFO - Processing file /opt/airflow/dags/purchase_analytics_dag.py for tasks to queue
[2025-12-20T20:35:33.914+0000] {logging_mixin.py:188} INFO - [2025-12-20T20:35:33.913+0000] {dagbag.py:538} INFO - Filling up the DagBag from /opt/airflow/dags/purchase_analytics_dag.py
[2025-12-20T20:35:33.940+0000] {processor.py:840} INFO - DAG(s) 'purchase_analytics_refresh' retrieved from /opt/airflow/dags/purchase_analytics_dag.py
[2025-12-20T20:35:33.990+0000] {logging_mixin.py:188} INFO - [2025-12-20T20:35:33.990+0000] {dag.py:3033} INFO - Sync 1 DAGs
[2025-12-20T20:35:34.013+0000] {logging_mixin.py:188} INFO - [2025-12-20T20:35:34.013+0000] {dag.py:3820} INFO - Setting next_dagrun for purchase_analytics_refresh to 2025-12-20T02:00:00+00:00, run_after=2025-12-21T02:00:00+00:00
[2025-12-20T20:35:34.030+0000] {processor.py:183} INFO - Processing /opt/airflow/dags/purchase_analytics_dag.py took 0.136 seconds
[2025-12-20T20:36:04.434+0000] {processor.py:161} INFO - Started process (PID=146) to work on /opt/airflow/dags/purchase_analytics_dag.py
[2025-12-20T20:36:04.438+0000] {processor.py:830} INFO - Processing file /opt/airflow/dags/purchase_analytics_dag.py for tasks to queue
[2025-12-20T20:36:04.440+0000] {logging_mixin.py:188} INFO - [2025-12-20T20:36:04.439+0000] {dagbag.py:538} INFO - Filling up the DagBag from /opt/airflow/dags/purchase_analytics_dag.py
[2025-12-20T20:36:04.659+0000] {processor.py:840} INFO - DAG(s) 'purchase_analytics_refresh' retrieved from /opt/airflow/dags/purchase_analytics_dag.py
[2025-12-20T20:36:04.773+0000] {logging_mixin.py:188} INFO - [2025-12-20T20:36:04.773+0000] {dag.py:3033} INFO - Sync 1 DAGs
[2025-12-20T20:36:04.813+0000] {logging_mixin.py:188} INFO - [2025-12-20T20:36:04.813+0000] {dag.py:3820} INFO - Setting next_dagrun for purchase_analytics_refresh to 2025-12-20T02:00:00+00:00, run_after=2025-12-21T02:00:00+00:00
[2025-12-20T20:36:04.841+0000] {processor.py:183} INFO - Processing /opt/airflow/dags/purchase_analytics_dag.py took 0.415 seconds
[2025-12-20T20:36:35.471+0000] {processor.py:161} INFO - Started process (PID=156) to work on /opt/airflow/dags/purchase_analytics_dag.py
[2025-12-20T20:36:35.474+0000] {processor.py:830} INFO - Processing file /opt/airflow/dags/purchase_analytics_dag.py for tasks to queue
[2025-12-20T20:36:35.475+0000] {logging_mixin.py:188} INFO - [2025-12-20T20:36:35.475+0000] {dagbag.py:538} INFO - Filling up the DagBag from /opt/airflow/dags/purchase_analytics_dag.py
[2025-12-20T20:36:35.510+0000] {processor.py:840} INFO - DAG(s) 'purchase_analytics_refresh' retrieved from /opt/airflow/dags/purchase_analytics_dag.py
[2025-12-20T20:36:35.548+0000] {logging_mixin.py:188} INFO - [2025-12-20T20:36:35.548+0000] {dag.py:3033} INFO - Sync 1 DAGs
[2025-12-20T20:36:35.570+0000] {logging_mixin.py:188} INFO - [2025-12-20T20:36:35.570+0000] {dag.py:3820} INFO - Setting next_dagrun for purchase_analytics_refresh to 2025-12-20T02:00:00+00:00, run_after=2025-12-21T02:00:00+00:00
[2025-12-20T20:36:35.584+0000] {processor.py:183} INFO - Processing /opt/airflow/dags/purchase_analytics_dag.py took 0.125 seconds
[2025-12-20T20:37:06.248+0000] {processor.py:161} INFO - Started process (PID=166) to work on /opt/airflow/dags/purchase_analytics_dag.py
[2025-12-20T20:37:06.251+0000] {processor.py:830} INFO - Processing file /opt/airflow/dags/purchase_analytics_dag.py for tasks to queue
[2025-12-20T20:37:06.254+0000] {logging_mixin.py:188} INFO - [2025-12-20T20:37:06.253+0000] {dagbag.py:538} INFO - Filling up the DagBag from /opt/airflow/dags/purchase_analytics_dag.py
[2025-12-20T20:37:06.279+0000] {processor.py:840} INFO - DAG(s) 'purchase_analytics_refresh' retrieved from /opt/airflow/dags/purchase_analytics_dag.py
[2025-12-20T20:37:06.320+0000] {logging_mixin.py:188} INFO - [2025-12-20T20:37:06.320+0000] {dag.py:3033} INFO - Sync 1 DAGs
[2025-12-20T20:37:06.348+0000] {logging_mixin.py:188} INFO - [2025-12-20T20:37:06.348+0000] {dag.py:3820} INFO - Setting next_dagrun for purchase_analytics_refresh to 2025-12-20T02:00:00+00:00, run_after=2025-12-21T02:00:00+00:00
[2025-12-20T20:37:06.363+0000] {processor.py:183} INFO - Processing /opt/airflow/dags/purchase_analytics_dag.py took 0.127 seconds
[2025-12-20T20:37:36.656+0000] {processor.py:161} INFO - Started process (PID=176) to work on /opt/airflow/dags/purchase_analytics_dag.py
[2025-12-20T20:37:36.658+0000] {processor.py:830} INFO - Processing file /opt/airflow/dags/purchase_analytics_dag.py for tasks to queue
[2025-12-20T20:37:36.660+0000] {logging_mixin.py:188} INFO - [2025-12-20T20:37:36.659+0000] {dagbag.py:538} INFO - Filling up the DagBag from /opt/airflow/dags/purchase_analytics_dag.py
[2025-12-20T20:37:36.683+0000] {processor.py:840} INFO - DAG(s) 'purchase_analytics_refresh' retrieved from /opt/airflow/dags/purchase_analytics_dag.py
[2025-12-20T20:37:36.717+0000] {logging_mixin.py:188} INFO - [2025-12-20T20:37:36.717+0000] {dag.py:3033} INFO - Sync 1 DAGs
[2025-12-20T20:37:36.740+0000] {logging_mixin.py:188} INFO - [2025-12-20T20:37:36.740+0000] {dag.py:3820} INFO - Setting next_dagrun for purchase_analytics_refresh to 2025-12-20T02:00:00+00:00, run_after=2025-12-21T02:00:00+00:00
[2025-12-20T20:37:36.755+0000] {processor.py:183} INFO - Processing /opt/airflow/dags/purchase_analytics_dag.py took 0.108 seconds
[2025-12-20T20:38:07.066+0000] {processor.py:161} INFO - Started process (PID=186) to work on /opt/airflow/dags/purchase_analytics_dag.py
[2025-12-20T20:38:07.070+0000] {processor.py:830} INFO - Processing file /opt/airflow/dags/purchase_analytics_dag.py for tasks to queue
[2025-12-20T20:38:07.072+0000] {logging_mixin.py:188} INFO - [2025-12-20T20:38:07.071+0000] {dagbag.py:538} INFO - Filling up the DagBag from /opt/airflow/dags/purchase_analytics_dag.py
[2025-12-20T20:38:07.101+0000] {processor.py:840} INFO - DAG(s) 'purchase_analytics_refresh' retrieved from /opt/airflow/dags/purchase_analytics_dag.py
[2025-12-20T20:38:07.145+0000] {logging_mixin.py:188} INFO - [2025-12-20T20:38:07.145+0000] {dag.py:3033} INFO - Sync 1 DAGs
[2025-12-20T20:38:07.177+0000] {logging_mixin.py:188} INFO - [2025-12-20T20:38:07.177+0000] {dag.py:3820} INFO - Setting next_dagrun for purchase_analytics_refresh to 2025-12-20T02:00:00+00:00, run_after=2025-12-21T02:00:00+00:00
[2025-12-20T20:38:07.197+0000] {processor.py:183} INFO - Processing /opt/airflow/dags/purchase_analytics_dag.py took 0.138 seconds
[2025-12-20T20:38:37.572+0000] {processor.py:161} INFO - Started process (PID=196) to work on /opt/airflow/dags/purchase_analytics_dag.py
[2025-12-20T20:38:37.576+0000] {processor.py:830} INFO - Processing file /opt/airflow/dags/purchase_analytics_dag.py for tasks to queue
[2025-12-20T20:38:37.578+0000] {logging_mixin.py:188} INFO - [2025-12-20T20:38:37.577+0000] {dagbag.py:538} INFO - Filling up the DagBag from /opt/airflow/dags/purchase_analytics_dag.py
[2025-12-20T20:38:37.622+0000] {processor.py:840} INFO - DAG(s) 'purchase_analytics_refresh' retrieved from /opt/airflow/dags/purchase_analytics_dag.py
[2025-12-20T20:38:37.666+0000] {logging_mixin.py:188} INFO - [2025-12-20T20:38:37.666+0000] {dag.py:3033} INFO - Sync 1 DAGs
[2025-12-20T20:38:37.690+0000] {logging_mixin.py:188} INFO - [2025-12-20T20:38:37.690+0000] {dag.py:3820} INFO - Setting next_dagrun for purchase_analytics_refresh to 2025-12-20T02:00:00+00:00, run_after=2025-12-21T02:00:00+00:00
[2025-12-20T20:38:37.714+0000] {processor.py:183} INFO - Processing /opt/airflow/dags/purchase_analytics_dag.py took 0.149 seconds
[2025-12-20T20:39:08.066+0000] {processor.py:161} INFO - Started process (PID=206) to work on /opt/airflow/dags/purchase_analytics_dag.py
[2025-12-20T20:39:08.069+0000] {processor.py:830} INFO - Processing file /opt/airflow/dags/purchase_analytics_dag.py for tasks to queue
[2025-12-20T20:39:08.072+0000] {logging_mixin.py:188} INFO - [2025-12-20T20:39:08.071+0000] {dagbag.py:538} INFO - Filling up the DagBag from /opt/airflow/dags/purchase_analytics_dag.py
[2025-12-20T20:39:08.114+0000] {processor.py:840} INFO - DAG(s) 'purchase_analytics_refresh' retrieved from /opt/airflow/dags/purchase_analytics_dag.py
[2025-12-20T20:39:08.162+0000] {logging_mixin.py:188} INFO - [2025-12-20T20:39:08.162+0000] {dag.py:3033} INFO - Sync 1 DAGs
[2025-12-20T20:39:08.196+0000] {logging_mixin.py:188} INFO - [2025-12-20T20:39:08.196+0000] {dag.py:3820} INFO - Setting next_dagrun for purchase_analytics_refresh to 2025-12-20T02:00:00+00:00, run_after=2025-12-21T02:00:00+00:00
[2025-12-20T20:39:08.223+0000] {processor.py:183} INFO - Processing /opt/airflow/dags/purchase_analytics_dag.py took 0.182 seconds
[2025-12-20T20:39:38.603+0000] {processor.py:161} INFO - Started process (PID=216) to work on /opt/airflow/dags/purchase_analytics_dag.py
[2025-12-20T20:39:38.605+0000] {processor.py:830} INFO - Processing file /opt/airflow/dags/purchase_analytics_dag.py for tasks to queue
[2025-12-20T20:39:38.607+0000] {logging_mixin.py:188} INFO - [2025-12-20T20:39:38.606+0000] {dagbag.py:538} INFO - Filling up the DagBag from /opt/airflow/dags/purchase_analytics_dag.py
[2025-12-20T20:39:38.635+0000] {processor.py:840} INFO - DAG(s) 'purchase_analytics_refresh' retrieved from /opt/airflow/dags/purchase_analytics_dag.py
[2025-12-20T20:39:38.699+0000] {logging_mixin.py:188} INFO - [2025-12-20T20:39:38.699+0000] {dag.py:3033} INFO - Sync 1 DAGs
[2025-12-20T20:39:38.734+0000] {logging_mixin.py:188} INFO - [2025-12-20T20:39:38.734+0000] {dag.py:3820} INFO - Setting next_dagrun for purchase_analytics_refresh to 2025-12-20T02:00:00+00:00, run_after=2025-12-21T02:00:00+00:00
[2025-12-20T20:39:38.752+0000] {processor.py:183} INFO - Processing /opt/airflow/dags/purchase_analytics_dag.py took 0.168 seconds
[2025-12-20T20:40:09.113+0000] {processor.py:161} INFO - Started process (PID=226) to work on /opt/airflow/dags/purchase_analytics_dag.py
[2025-12-20T20:40:09.117+0000] {processor.py:830} INFO - Processing file /opt/airflow/dags/purchase_analytics_dag.py for tasks to queue
[2025-12-20T20:40:09.120+0000] {logging_mixin.py:188} INFO - [2025-12-20T20:40:09.119+0000] {dagbag.py:538} INFO - Filling up the DagBag from /opt/airflow/dags/purchase_analytics_dag.py
[2025-12-20T20:40:09.153+0000] {processor.py:840} INFO - DAG(s) 'purchase_analytics_refresh' retrieved from /opt/airflow/dags/purchase_analytics_dag.py
[2025-12-20T20:40:09.204+0000] {logging_mixin.py:188} INFO - [2025-12-20T20:40:09.204+0000] {dag.py:3033} INFO - Sync 1 DAGs
[2025-12-20T20:40:09.229+0000] {logging_mixin.py:188} INFO - [2025-12-20T20:40:09.229+0000] {dag.py:3820} INFO - Setting next_dagrun for purchase_analytics_refresh to 2025-12-20T02:00:00+00:00, run_after=2025-12-21T02:00:00+00:00
[2025-12-20T20:40:09.255+0000] {processor.py:183} INFO - Processing /opt/airflow/dags/purchase_analytics_dag.py took 0.157 seconds
[2025-12-20T20:40:39.566+0000] {processor.py:161} INFO - Started process (PID=236) to work on /opt/airflow/dags/purchase_analytics_dag.py
[2025-12-20T20:40:39.569+0000] {processor.py:830} INFO - Processing file /opt/airflow/dags/purchase_analytics_dag.py for tasks to queue
[2025-12-20T20:40:39.571+0000] {logging_mixin.py:188} INFO - [2025-12-20T20:40:39.570+0000] {dagbag.py:538} INFO - Filling up the DagBag from /opt/airflow/dags/purchase_analytics_dag.py
[2025-12-20T20:40:39.605+0000] {processor.py:840} INFO - DAG(s) 'purchase_analytics_refresh' retrieved from /opt/airflow/dags/purchase_analytics_dag.py
[2025-12-20T20:40:39.662+0000] {logging_mixin.py:188} INFO - [2025-12-20T20:40:39.662+0000] {dag.py:3033} INFO - Sync 1 DAGs
[2025-12-20T20:40:39.691+0000] {logging_mixin.py:188} INFO - [2025-12-20T20:40:39.691+0000] {dag.py:3820} INFO - Setting next_dagrun for purchase_analytics_refresh to 2025-12-20T02:00:00+00:00, run_after=2025-12-21T02:00:00+00:00
[2025-12-20T20:40:39.721+0000] {processor.py:183} INFO - Processing /opt/airflow/dags/purchase_analytics_dag.py took 0.165 seconds
[2025-12-20T20:41:10.127+0000] {processor.py:161} INFO - Started process (PID=246) to work on /opt/airflow/dags/purchase_analytics_dag.py
[2025-12-20T20:41:10.129+0000] {processor.py:830} INFO - Processing file /opt/airflow/dags/purchase_analytics_dag.py for tasks to queue
[2025-12-20T20:41:10.131+0000] {logging_mixin.py:188} INFO - [2025-12-20T20:41:10.130+0000] {dagbag.py:538} INFO - Filling up the DagBag from /opt/airflow/dags/purchase_analytics_dag.py
[2025-12-20T20:41:10.158+0000] {processor.py:840} INFO - DAG(s) 'purchase_analytics_refresh' retrieved from /opt/airflow/dags/purchase_analytics_dag.py
[2025-12-20T20:41:10.203+0000] {logging_mixin.py:188} INFO - [2025-12-20T20:41:10.202+0000] {dag.py:3033} INFO - Sync 1 DAGs
[2025-12-20T20:41:10.238+0000] {logging_mixin.py:188} INFO - [2025-12-20T20:41:10.237+0000] {dag.py:3820} INFO - Setting next_dagrun for purchase_analytics_refresh to 2025-12-20T02:00:00+00:00, run_after=2025-12-21T02:00:00+00:00
[2025-12-20T20:41:10.260+0000] {processor.py:183} INFO - Processing /opt/airflow/dags/purchase_analytics_dag.py took 0.143 seconds
[2025-12-20T20:41:40.602+0000] {processor.py:161} INFO - Started process (PID=256) to work on /opt/airflow/dags/purchase_analytics_dag.py
[2025-12-20T20:41:40.604+0000] {processor.py:830} INFO - Processing file /opt/airflow/dags/purchase_analytics_dag.py for tasks to queue
[2025-12-20T20:41:40.607+0000] {logging_mixin.py:188} INFO - [2025-12-20T20:41:40.605+0000] {dagbag.py:538} INFO - Filling up the DagBag from /opt/airflow/dags/purchase_analytics_dag.py
[2025-12-20T20:41:40.645+0000] {processor.py:840} INFO - DAG(s) 'purchase_analytics_refresh' retrieved from /opt/airflow/dags/purchase_analytics_dag.py
[2025-12-20T20:41:40.703+0000] {logging_mixin.py:188} INFO - [2025-12-20T20:41:40.703+0000] {dag.py:3033} INFO - Sync 1 DAGs
[2025-12-20T20:41:40.737+0000] {logging_mixin.py:188} INFO - [2025-12-20T20:41:40.737+0000] {dag.py:3820} INFO - Setting next_dagrun for purchase_analytics_refresh to 2025-12-20T02:00:00+00:00, run_after=2025-12-21T02:00:00+00:00
[2025-12-20T20:41:40.758+0000] {processor.py:183} INFO - Processing /opt/airflow/dags/purchase_analytics_dag.py took 0.171 seconds
[2025-12-20T20:42:11.107+0000] {processor.py:161} INFO - Started process (PID=266) to work on /opt/airflow/dags/purchase_analytics_dag.py
[2025-12-20T20:42:11.112+0000] {processor.py:830} INFO - Processing file /opt/airflow/dags/purchase_analytics_dag.py for tasks to queue
[2025-12-20T20:42:11.114+0000] {logging_mixin.py:188} INFO - [2025-12-20T20:42:11.113+0000] {dagbag.py:538} INFO - Filling up the DagBag from /opt/airflow/dags/purchase_analytics_dag.py
[2025-12-20T20:42:11.150+0000] {processor.py:840} INFO - DAG(s) 'purchase_analytics_refresh' retrieved from /opt/airflow/dags/purchase_analytics_dag.py
[2025-12-20T20:42:11.204+0000] {logging_mixin.py:188} INFO - [2025-12-20T20:42:11.204+0000] {dag.py:3033} INFO - Sync 1 DAGs
[2025-12-20T20:42:11.248+0000] {logging_mixin.py:188} INFO - [2025-12-20T20:42:11.248+0000] {dag.py:3820} INFO - Setting next_dagrun for purchase_analytics_refresh to 2025-12-20T02:00:00+00:00, run_after=2025-12-21T02:00:00+00:00
[2025-12-20T20:42:11.265+0000] {processor.py:183} INFO - Processing /opt/airflow/dags/purchase_analytics_dag.py took 0.177 seconds
[2025-12-20T20:42:41.641+0000] {processor.py:161} INFO - Started process (PID=276) to work on /opt/airflow/dags/purchase_analytics_dag.py
[2025-12-20T20:42:41.643+0000] {processor.py:830} INFO - Processing file /opt/airflow/dags/purchase_analytics_dag.py for tasks to queue
[2025-12-20T20:42:41.645+0000] {logging_mixin.py:188} INFO - [2025-12-20T20:42:41.644+0000] {dagbag.py:538} INFO - Filling up the DagBag from /opt/airflow/dags/purchase_analytics_dag.py
[2025-12-20T20:42:41.691+0000] {processor.py:840} INFO - DAG(s) 'purchase_analytics_refresh' retrieved from /opt/airflow/dags/purchase_analytics_dag.py
[2025-12-20T20:42:41.739+0000] {logging_mixin.py:188} INFO - [2025-12-20T20:42:41.739+0000] {dag.py:3033} INFO - Sync 1 DAGs
[2025-12-20T20:42:41.766+0000] {logging_mixin.py:188} INFO - [2025-12-20T20:42:41.766+0000] {dag.py:3820} INFO - Setting next_dagrun for purchase_analytics_refresh to 2025-12-20T02:00:00+00:00, run_after=2025-12-21T02:00:00+00:00
[2025-12-20T20:42:41.784+0000] {processor.py:183} INFO - Processing /opt/airflow/dags/purchase_analytics_dag.py took 0.159 seconds
[2025-12-20T20:43:12.175+0000] {processor.py:161} INFO - Started process (PID=286) to work on /opt/airflow/dags/purchase_analytics_dag.py
[2025-12-20T20:43:12.178+0000] {processor.py:830} INFO - Processing file /opt/airflow/dags/purchase_analytics_dag.py for tasks to queue
[2025-12-20T20:43:12.181+0000] {logging_mixin.py:188} INFO - [2025-12-20T20:43:12.180+0000] {dagbag.py:538} INFO - Filling up the DagBag from /opt/airflow/dags/purchase_analytics_dag.py
[2025-12-20T20:43:12.220+0000] {processor.py:840} INFO - DAG(s) 'purchase_analytics_refresh' retrieved from /opt/airflow/dags/purchase_analytics_dag.py
[2025-12-20T20:43:12.270+0000] {logging_mixin.py:188} INFO - [2025-12-20T20:43:12.270+0000] {dag.py:3033} INFO - Sync 1 DAGs
[2025-12-20T20:43:12.299+0000] {logging_mixin.py:188} INFO - [2025-12-20T20:43:12.299+0000] {dag.py:3820} INFO - Setting next_dagrun for purchase_analytics_refresh to 2025-12-20T02:00:00+00:00, run_after=2025-12-21T02:00:00+00:00
[2025-12-20T20:43:12.323+0000] {processor.py:183} INFO - Processing /opt/airflow/dags/purchase_analytics_dag.py took 0.183 seconds
[2025-12-20T20:43:42.703+0000] {processor.py:161} INFO - Started process (PID=296) to work on /opt/airflow/dags/purchase_analytics_dag.py
[2025-12-20T20:43:42.706+0000] {processor.py:830} INFO - Processing file /opt/airflow/dags/purchase_analytics_dag.py for tasks to queue
[2025-12-20T20:43:42.708+0000] {logging_mixin.py:188} INFO - [2025-12-20T20:43:42.707+0000] {dagbag.py:538} INFO - Filling up the DagBag from /opt/airflow/dags/purchase_analytics_dag.py
[2025-12-20T20:43:42.740+0000] {processor.py:840} INFO - DAG(s) 'purchase_analytics_refresh' retrieved from /opt/airflow/dags/purchase_analytics_dag.py
[2025-12-20T20:43:42.794+0000] {logging_mixin.py:188} INFO - [2025-12-20T20:43:42.794+0000] {dag.py:3033} INFO - Sync 1 DAGs
[2025-12-20T20:43:42.822+0000] {logging_mixin.py:188} INFO - [2025-12-20T20:43:42.822+0000] {dag.py:3820} INFO - Setting next_dagrun for purchase_analytics_refresh to 2025-12-20T02:00:00+00:00, run_after=2025-12-21T02:00:00+00:00
[2025-12-20T20:43:42.845+0000] {processor.py:183} INFO - Processing /opt/airflow/dags/purchase_analytics_dag.py took 0.157 seconds
[2025-12-20T20:44:13.176+0000] {processor.py:161} INFO - Started process (PID=306) to work on /opt/airflow/dags/purchase_analytics_dag.py
[2025-12-20T20:44:13.179+0000] {processor.py:830} INFO - Processing file /opt/airflow/dags/purchase_analytics_dag.py for tasks to queue
[2025-12-20T20:44:13.181+0000] {logging_mixin.py:188} INFO - [2025-12-20T20:44:13.180+0000] {dagbag.py:538} INFO - Filling up the DagBag from /opt/airflow/dags/purchase_analytics_dag.py
[2025-12-20T20:44:13.205+0000] {processor.py:840} INFO - DAG(s) 'purchase_analytics_refresh' retrieved from /opt/airflow/dags/purchase_analytics_dag.py
[2025-12-20T20:44:13.248+0000] {logging_mixin.py:188} INFO - [2025-12-20T20:44:13.248+0000] {dag.py:3033} INFO - Sync 1 DAGs
[2025-12-20T20:44:13.278+0000] {logging_mixin.py:188} INFO - [2025-12-20T20:44:13.277+0000] {dag.py:3820} INFO - Setting next_dagrun for purchase_analytics_refresh to 2025-12-20T02:00:00+00:00, run_after=2025-12-21T02:00:00+00:00
[2025-12-20T20:44:13.292+0000] {processor.py:183} INFO - Processing /opt/airflow/dags/purchase_analytics_dag.py took 0.129 seconds
