[2025-12-20T15:37:42.607+0000] {processor.py:161} INFO - Started process (PID=103) to work on /opt/airflow/dags/warehouse_delivery_dag.py
[2025-12-20T15:37:42.608+0000] {processor.py:830} INFO - Processing file /opt/airflow/dags/warehouse_delivery_dag.py for tasks to queue
[2025-12-20T15:37:42.609+0000] {logging_mixin.py:188} INFO - [2025-12-20T15:37:42.609+0000] {dagbag.py:538} INFO - Filling up the DagBag from /opt/airflow/dags/warehouse_delivery_dag.py
[2025-12-20T15:37:42.632+0000] {processor.py:840} INFO - DAG(s) 'warehouse_delivery_refresh' retrieved from /opt/airflow/dags/warehouse_delivery_dag.py
[2025-12-20T15:37:42.746+0000] {logging_mixin.py:188} INFO - [2025-12-20T15:37:42.745+0000] {override.py:1769} INFO - Created Permission View: can read on DAG:warehouse_delivery_refresh
[2025-12-20T15:37:42.752+0000] {logging_mixin.py:188} INFO - [2025-12-20T15:37:42.752+0000] {override.py:1769} INFO - Created Permission View: can edit on DAG:warehouse_delivery_refresh
[2025-12-20T15:37:42.755+0000] {logging_mixin.py:188} INFO - [2025-12-20T15:37:42.755+0000] {override.py:1769} INFO - Created Permission View: can delete on DAG:warehouse_delivery_refresh
[2025-12-20T15:37:42.755+0000] {logging_mixin.py:188} INFO - [2025-12-20T15:37:42.755+0000] {dag.py:3033} INFO - Sync 1 DAGs
[2025-12-20T15:37:42.764+0000] {logging_mixin.py:188} INFO - [2025-12-20T15:37:42.764+0000] {dag.py:3055} INFO - Creating ORM DAG for warehouse_delivery_refresh
[2025-12-20T15:37:42.774+0000] {logging_mixin.py:188} INFO - [2025-12-20T15:37:42.774+0000] {dag.py:3820} INFO - Setting next_dagrun for warehouse_delivery_refresh to 2025-12-19T03:00:00+00:00, run_after=2025-12-20T03:00:00+00:00
[2025-12-20T15:37:42.795+0000] {processor.py:183} INFO - Processing /opt/airflow/dags/warehouse_delivery_dag.py took 0.193 seconds
[2025-12-20T15:38:12.919+0000] {processor.py:161} INFO - Started process (PID=114) to work on /opt/airflow/dags/warehouse_delivery_dag.py
[2025-12-20T15:38:12.923+0000] {processor.py:830} INFO - Processing file /opt/airflow/dags/warehouse_delivery_dag.py for tasks to queue
[2025-12-20T15:38:12.928+0000] {logging_mixin.py:188} INFO - [2025-12-20T15:38:12.928+0000] {dagbag.py:538} INFO - Filling up the DagBag from /opt/airflow/dags/warehouse_delivery_dag.py
[2025-12-20T15:38:12.961+0000] {processor.py:840} INFO - DAG(s) 'warehouse_delivery_refresh' retrieved from /opt/airflow/dags/warehouse_delivery_dag.py
[2025-12-20T15:38:13.011+0000] {logging_mixin.py:188} INFO - [2025-12-20T15:38:13.011+0000] {dag.py:3033} INFO - Sync 1 DAGs
[2025-12-20T15:38:13.036+0000] {logging_mixin.py:188} INFO - [2025-12-20T15:38:13.036+0000] {dag.py:3820} INFO - Setting next_dagrun for warehouse_delivery_refresh to 2025-12-19T03:00:00+00:00, run_after=2025-12-20T03:00:00+00:00
[2025-12-20T15:38:13.064+0000] {processor.py:183} INFO - Processing /opt/airflow/dags/warehouse_delivery_dag.py took 0.155 seconds
[2025-12-20T15:38:15.098+0000] {processor.py:161} INFO - Started process (PID=115) to work on /opt/airflow/dags/warehouse_delivery_dag.py
[2025-12-20T15:38:15.099+0000] {processor.py:830} INFO - Processing file /opt/airflow/dags/warehouse_delivery_dag.py for tasks to queue
[2025-12-20T15:38:15.100+0000] {logging_mixin.py:188} INFO - [2025-12-20T15:38:15.099+0000] {dagbag.py:538} INFO - Filling up the DagBag from /opt/airflow/dags/warehouse_delivery_dag.py
[2025-12-20T15:38:15.113+0000] {processor.py:840} INFO - DAG(s) 'warehouse_delivery_refresh' retrieved from /opt/airflow/dags/warehouse_delivery_dag.py
[2025-12-20T15:38:15.137+0000] {logging_mixin.py:188} INFO - [2025-12-20T15:38:15.137+0000] {dag.py:3033} INFO - Sync 1 DAGs
[2025-12-20T15:38:15.162+0000] {logging_mixin.py:188} INFO - [2025-12-20T15:38:15.162+0000] {dag.py:3820} INFO - Setting next_dagrun for warehouse_delivery_refresh to 2025-12-19T03:00:00+00:00, run_after=2025-12-20T03:00:00+00:00
[2025-12-20T15:38:15.179+0000] {processor.py:183} INFO - Processing /opt/airflow/dags/warehouse_delivery_dag.py took 0.084 seconds
[2025-12-20T15:38:27.198+0000] {processor.py:161} INFO - Started process (PID=125) to work on /opt/airflow/dags/warehouse_delivery_dag.py
[2025-12-20T15:38:27.199+0000] {processor.py:830} INFO - Processing file /opt/airflow/dags/warehouse_delivery_dag.py for tasks to queue
[2025-12-20T15:38:27.200+0000] {logging_mixin.py:188} INFO - [2025-12-20T15:38:27.200+0000] {dagbag.py:538} INFO - Filling up the DagBag from /opt/airflow/dags/warehouse_delivery_dag.py
[2025-12-20T15:38:27.213+0000] {processor.py:840} INFO - DAG(s) 'warehouse_delivery_refresh' retrieved from /opt/airflow/dags/warehouse_delivery_dag.py
[2025-12-20T15:38:27.241+0000] {logging_mixin.py:188} INFO - [2025-12-20T15:38:27.241+0000] {dag.py:3033} INFO - Sync 1 DAGs
[2025-12-20T15:38:27.259+0000] {logging_mixin.py:188} INFO - [2025-12-20T15:38:27.259+0000] {dag.py:3820} INFO - Setting next_dagrun for warehouse_delivery_refresh to 2025-12-19T03:00:00+00:00, run_after=2025-12-20T03:00:00+00:00
[2025-12-20T15:38:27.274+0000] {processor.py:183} INFO - Processing /opt/airflow/dags/warehouse_delivery_dag.py took 0.079 seconds
[2025-12-20T15:38:57.549+0000] {processor.py:161} INFO - Started process (PID=135) to work on /opt/airflow/dags/warehouse_delivery_dag.py
[2025-12-20T15:38:57.550+0000] {processor.py:830} INFO - Processing file /opt/airflow/dags/warehouse_delivery_dag.py for tasks to queue
[2025-12-20T15:38:57.550+0000] {logging_mixin.py:188} INFO - [2025-12-20T15:38:57.550+0000] {dagbag.py:538} INFO - Filling up the DagBag from /opt/airflow/dags/warehouse_delivery_dag.py
[2025-12-20T15:38:57.561+0000] {processor.py:840} INFO - DAG(s) 'warehouse_delivery_refresh' retrieved from /opt/airflow/dags/warehouse_delivery_dag.py
[2025-12-20T15:38:57.590+0000] {logging_mixin.py:188} INFO - [2025-12-20T15:38:57.590+0000] {dag.py:3033} INFO - Sync 1 DAGs
[2025-12-20T15:38:57.607+0000] {logging_mixin.py:188} INFO - [2025-12-20T15:38:57.607+0000] {dag.py:3820} INFO - Setting next_dagrun for warehouse_delivery_refresh to 2025-12-19T03:00:00+00:00, run_after=2025-12-20T03:00:00+00:00
[2025-12-20T15:38:57.624+0000] {processor.py:183} INFO - Processing /opt/airflow/dags/warehouse_delivery_dag.py took 0.077 seconds
[2025-12-20T15:39:18.818+0000] {processor.py:161} INFO - Started process (PID=137) to work on /opt/airflow/dags/warehouse_delivery_dag.py
[2025-12-20T15:39:18.820+0000] {processor.py:830} INFO - Processing file /opt/airflow/dags/warehouse_delivery_dag.py for tasks to queue
[2025-12-20T15:39:18.821+0000] {logging_mixin.py:188} INFO - [2025-12-20T15:39:18.821+0000] {dagbag.py:538} INFO - Filling up the DagBag from /opt/airflow/dags/warehouse_delivery_dag.py
[2025-12-20T15:39:18.844+0000] {processor.py:840} INFO - DAG(s) 'warehouse_delivery_refresh' retrieved from /opt/airflow/dags/warehouse_delivery_dag.py
[2025-12-20T15:39:18.869+0000] {logging_mixin.py:188} INFO - [2025-12-20T15:39:18.869+0000] {dag.py:3033} INFO - Sync 1 DAGs
[2025-12-20T15:39:18.891+0000] {logging_mixin.py:188} INFO - [2025-12-20T15:39:18.890+0000] {dag.py:3820} INFO - Setting next_dagrun for warehouse_delivery_refresh to 2025-12-19T03:00:00+00:00, run_after=2025-12-20T03:00:00+00:00
[2025-12-20T15:39:18.906+0000] {processor.py:183} INFO - Processing /opt/airflow/dags/warehouse_delivery_dag.py took 0.092 seconds
[2025-12-20T15:43:43.670+0000] {processor.py:161} INFO - Started process (PID=30) to work on /opt/airflow/dags/warehouse_delivery_dag.py
[2025-12-20T15:43:43.672+0000] {processor.py:830} INFO - Processing file /opt/airflow/dags/warehouse_delivery_dag.py for tasks to queue
[2025-12-20T15:43:43.672+0000] {logging_mixin.py:188} INFO - [2025-12-20T15:43:43.672+0000] {dagbag.py:538} INFO - Filling up the DagBag from /opt/airflow/dags/warehouse_delivery_dag.py
[2025-12-20T15:43:43.692+0000] {processor.py:840} INFO - DAG(s) 'warehouse_delivery_refresh' retrieved from /opt/airflow/dags/warehouse_delivery_dag.py
[2025-12-20T15:43:43.724+0000] {logging_mixin.py:188} INFO - [2025-12-20T15:43:43.724+0000] {dag.py:3033} INFO - Sync 1 DAGs
[2025-12-20T15:43:43.744+0000] {logging_mixin.py:188} INFO - [2025-12-20T15:43:43.744+0000] {dag.py:3820} INFO - Setting next_dagrun for warehouse_delivery_refresh to 2025-12-19T03:00:00+00:00, run_after=2025-12-20T03:00:00+00:00
[2025-12-20T15:43:43.759+0000] {processor.py:183} INFO - Processing /opt/airflow/dags/warehouse_delivery_dag.py took 0.092 seconds
[2025-12-20T15:44:14.023+0000] {processor.py:161} INFO - Started process (PID=40) to work on /opt/airflow/dags/warehouse_delivery_dag.py
[2025-12-20T15:44:14.025+0000] {processor.py:830} INFO - Processing file /opt/airflow/dags/warehouse_delivery_dag.py for tasks to queue
[2025-12-20T15:44:14.026+0000] {logging_mixin.py:188} INFO - [2025-12-20T15:44:14.026+0000] {dagbag.py:538} INFO - Filling up the DagBag from /opt/airflow/dags/warehouse_delivery_dag.py
[2025-12-20T15:44:14.044+0000] {processor.py:840} INFO - DAG(s) 'warehouse_delivery_refresh' retrieved from /opt/airflow/dags/warehouse_delivery_dag.py
[2025-12-20T15:44:14.202+0000] {logging_mixin.py:188} INFO - [2025-12-20T15:44:14.202+0000] {dag.py:3033} INFO - Sync 1 DAGs
[2025-12-20T15:44:14.221+0000] {logging_mixin.py:188} INFO - [2025-12-20T15:44:14.221+0000] {dag.py:3820} INFO - Setting next_dagrun for warehouse_delivery_refresh to 2025-12-19T03:00:00+00:00, run_after=2025-12-20T03:00:00+00:00
[2025-12-20T15:44:14.239+0000] {processor.py:183} INFO - Processing /opt/airflow/dags/warehouse_delivery_dag.py took 0.224 seconds
[2025-12-20T15:44:44.555+0000] {processor.py:161} INFO - Started process (PID=50) to work on /opt/airflow/dags/warehouse_delivery_dag.py
[2025-12-20T15:44:44.556+0000] {processor.py:830} INFO - Processing file /opt/airflow/dags/warehouse_delivery_dag.py for tasks to queue
[2025-12-20T15:44:44.558+0000] {logging_mixin.py:188} INFO - [2025-12-20T15:44:44.557+0000] {dagbag.py:538} INFO - Filling up the DagBag from /opt/airflow/dags/warehouse_delivery_dag.py
[2025-12-20T15:44:44.574+0000] {processor.py:840} INFO - DAG(s) 'warehouse_delivery_refresh' retrieved from /opt/airflow/dags/warehouse_delivery_dag.py
[2025-12-20T15:44:44.602+0000] {logging_mixin.py:188} INFO - [2025-12-20T15:44:44.602+0000] {dag.py:3033} INFO - Sync 1 DAGs
[2025-12-20T15:44:44.626+0000] {logging_mixin.py:188} INFO - [2025-12-20T15:44:44.626+0000] {dag.py:3820} INFO - Setting next_dagrun for warehouse_delivery_refresh to 2025-12-19T03:00:00+00:00, run_after=2025-12-20T03:00:00+00:00
[2025-12-20T15:44:44.640+0000] {processor.py:183} INFO - Processing /opt/airflow/dags/warehouse_delivery_dag.py took 0.091 seconds
[2025-12-20T15:45:14.903+0000] {processor.py:161} INFO - Started process (PID=60) to work on /opt/airflow/dags/warehouse_delivery_dag.py
[2025-12-20T15:45:14.905+0000] {processor.py:830} INFO - Processing file /opt/airflow/dags/warehouse_delivery_dag.py for tasks to queue
[2025-12-20T15:45:14.906+0000] {logging_mixin.py:188} INFO - [2025-12-20T15:45:14.906+0000] {dagbag.py:538} INFO - Filling up the DagBag from /opt/airflow/dags/warehouse_delivery_dag.py
[2025-12-20T15:45:14.917+0000] {processor.py:840} INFO - DAG(s) 'warehouse_delivery_refresh' retrieved from /opt/airflow/dags/warehouse_delivery_dag.py
[2025-12-20T15:45:14.939+0000] {logging_mixin.py:188} INFO - [2025-12-20T15:45:14.939+0000] {dag.py:3033} INFO - Sync 1 DAGs
[2025-12-20T15:45:14.957+0000] {logging_mixin.py:188} INFO - [2025-12-20T15:45:14.956+0000] {dag.py:3820} INFO - Setting next_dagrun for warehouse_delivery_refresh to 2025-12-19T03:00:00+00:00, run_after=2025-12-20T03:00:00+00:00
[2025-12-20T15:45:14.969+0000] {processor.py:183} INFO - Processing /opt/airflow/dags/warehouse_delivery_dag.py took 0.070 seconds
[2025-12-20T15:45:45.226+0000] {processor.py:161} INFO - Started process (PID=70) to work on /opt/airflow/dags/warehouse_delivery_dag.py
[2025-12-20T15:45:45.227+0000] {processor.py:830} INFO - Processing file /opt/airflow/dags/warehouse_delivery_dag.py for tasks to queue
[2025-12-20T15:45:45.230+0000] {logging_mixin.py:188} INFO - [2025-12-20T15:45:45.228+0000] {dagbag.py:538} INFO - Filling up the DagBag from /opt/airflow/dags/warehouse_delivery_dag.py
[2025-12-20T15:45:45.248+0000] {processor.py:840} INFO - DAG(s) 'warehouse_delivery_refresh' retrieved from /opt/airflow/dags/warehouse_delivery_dag.py
[2025-12-20T15:45:45.286+0000] {logging_mixin.py:188} INFO - [2025-12-20T15:45:45.286+0000] {dag.py:3033} INFO - Sync 1 DAGs
[2025-12-20T15:45:45.305+0000] {logging_mixin.py:188} INFO - [2025-12-20T15:45:45.305+0000] {dag.py:3820} INFO - Setting next_dagrun for warehouse_delivery_refresh to 2025-12-19T03:00:00+00:00, run_after=2025-12-20T03:00:00+00:00
[2025-12-20T15:45:45.320+0000] {processor.py:183} INFO - Processing /opt/airflow/dags/warehouse_delivery_dag.py took 0.101 seconds
[2025-12-20T15:46:15.625+0000] {processor.py:161} INFO - Started process (PID=80) to work on /opt/airflow/dags/warehouse_delivery_dag.py
[2025-12-20T15:46:15.628+0000] {processor.py:830} INFO - Processing file /opt/airflow/dags/warehouse_delivery_dag.py for tasks to queue
[2025-12-20T15:46:15.631+0000] {logging_mixin.py:188} INFO - [2025-12-20T15:46:15.629+0000] {dagbag.py:538} INFO - Filling up the DagBag from /opt/airflow/dags/warehouse_delivery_dag.py
[2025-12-20T15:46:15.651+0000] {processor.py:840} INFO - DAG(s) 'warehouse_delivery_refresh' retrieved from /opt/airflow/dags/warehouse_delivery_dag.py
[2025-12-20T15:46:15.684+0000] {logging_mixin.py:188} INFO - [2025-12-20T15:46:15.684+0000] {dag.py:3033} INFO - Sync 1 DAGs
[2025-12-20T15:46:15.707+0000] {logging_mixin.py:188} INFO - [2025-12-20T15:46:15.707+0000] {dag.py:3820} INFO - Setting next_dagrun for warehouse_delivery_refresh to 2025-12-19T03:00:00+00:00, run_after=2025-12-20T03:00:00+00:00
[2025-12-20T15:46:15.722+0000] {processor.py:183} INFO - Processing /opt/airflow/dags/warehouse_delivery_dag.py took 0.108 seconds
[2025-12-20T15:46:45.987+0000] {processor.py:161} INFO - Started process (PID=90) to work on /opt/airflow/dags/warehouse_delivery_dag.py
[2025-12-20T15:46:45.988+0000] {processor.py:830} INFO - Processing file /opt/airflow/dags/warehouse_delivery_dag.py for tasks to queue
[2025-12-20T15:46:45.990+0000] {logging_mixin.py:188} INFO - [2025-12-20T15:46:45.989+0000] {dagbag.py:538} INFO - Filling up the DagBag from /opt/airflow/dags/warehouse_delivery_dag.py
[2025-12-20T15:46:46.010+0000] {processor.py:840} INFO - DAG(s) 'warehouse_delivery_refresh' retrieved from /opt/airflow/dags/warehouse_delivery_dag.py
[2025-12-20T15:46:46.042+0000] {logging_mixin.py:188} INFO - [2025-12-20T15:46:46.041+0000] {dag.py:3033} INFO - Sync 1 DAGs
[2025-12-20T15:46:46.063+0000] {logging_mixin.py:188} INFO - [2025-12-20T15:46:46.063+0000] {dag.py:3820} INFO - Setting next_dagrun for warehouse_delivery_refresh to 2025-12-19T03:00:00+00:00, run_after=2025-12-20T03:00:00+00:00
[2025-12-20T15:46:46.087+0000] {processor.py:183} INFO - Processing /opt/airflow/dags/warehouse_delivery_dag.py took 0.104 seconds
[2025-12-20T15:47:16.415+0000] {processor.py:161} INFO - Started process (PID=100) to work on /opt/airflow/dags/warehouse_delivery_dag.py
[2025-12-20T15:47:16.417+0000] {processor.py:830} INFO - Processing file /opt/airflow/dags/warehouse_delivery_dag.py for tasks to queue
[2025-12-20T15:47:16.419+0000] {logging_mixin.py:188} INFO - [2025-12-20T15:47:16.418+0000] {dagbag.py:538} INFO - Filling up the DagBag from /opt/airflow/dags/warehouse_delivery_dag.py
[2025-12-20T15:47:16.450+0000] {processor.py:840} INFO - DAG(s) 'warehouse_delivery_refresh' retrieved from /opt/airflow/dags/warehouse_delivery_dag.py
[2025-12-20T15:47:16.484+0000] {logging_mixin.py:188} INFO - [2025-12-20T15:47:16.484+0000] {dag.py:3033} INFO - Sync 1 DAGs
[2025-12-20T15:47:16.505+0000] {logging_mixin.py:188} INFO - [2025-12-20T15:47:16.505+0000] {dag.py:3820} INFO - Setting next_dagrun for warehouse_delivery_refresh to 2025-12-19T03:00:00+00:00, run_after=2025-12-20T03:00:00+00:00
[2025-12-20T15:47:16.519+0000] {processor.py:183} INFO - Processing /opt/airflow/dags/warehouse_delivery_dag.py took 0.120 seconds
[2025-12-20T15:47:46.835+0000] {processor.py:161} INFO - Started process (PID=109) to work on /opt/airflow/dags/warehouse_delivery_dag.py
[2025-12-20T15:47:46.838+0000] {processor.py:830} INFO - Processing file /opt/airflow/dags/warehouse_delivery_dag.py for tasks to queue
[2025-12-20T15:47:46.840+0000] {logging_mixin.py:188} INFO - [2025-12-20T15:47:46.839+0000] {dagbag.py:538} INFO - Filling up the DagBag from /opt/airflow/dags/warehouse_delivery_dag.py
[2025-12-20T15:47:46.869+0000] {processor.py:840} INFO - DAG(s) 'warehouse_delivery_refresh' retrieved from /opt/airflow/dags/warehouse_delivery_dag.py
[2025-12-20T15:47:46.906+0000] {logging_mixin.py:188} INFO - [2025-12-20T15:47:46.906+0000] {dag.py:3033} INFO - Sync 1 DAGs
[2025-12-20T15:47:46.927+0000] {logging_mixin.py:188} INFO - [2025-12-20T15:47:46.927+0000] {dag.py:3820} INFO - Setting next_dagrun for warehouse_delivery_refresh to 2025-12-19T03:00:00+00:00, run_after=2025-12-20T03:00:00+00:00
[2025-12-20T15:47:46.942+0000] {processor.py:183} INFO - Processing /opt/airflow/dags/warehouse_delivery_dag.py took 0.117 seconds
[2025-12-20T15:48:17.242+0000] {processor.py:161} INFO - Started process (PID=113) to work on /opt/airflow/dags/warehouse_delivery_dag.py
[2025-12-20T15:48:17.244+0000] {processor.py:830} INFO - Processing file /opt/airflow/dags/warehouse_delivery_dag.py for tasks to queue
[2025-12-20T15:48:17.245+0000] {logging_mixin.py:188} INFO - [2025-12-20T15:48:17.245+0000] {dagbag.py:538} INFO - Filling up the DagBag from /opt/airflow/dags/warehouse_delivery_dag.py
[2025-12-20T15:48:17.268+0000] {processor.py:840} INFO - DAG(s) 'warehouse_delivery_refresh' retrieved from /opt/airflow/dags/warehouse_delivery_dag.py
[2025-12-20T15:48:17.311+0000] {logging_mixin.py:188} INFO - [2025-12-20T15:48:17.311+0000] {dag.py:3033} INFO - Sync 1 DAGs
[2025-12-20T15:48:17.332+0000] {logging_mixin.py:188} INFO - [2025-12-20T15:48:17.332+0000] {dag.py:3820} INFO - Setting next_dagrun for warehouse_delivery_refresh to 2025-12-19T03:00:00+00:00, run_after=2025-12-20T03:00:00+00:00
[2025-12-20T15:48:17.347+0000] {processor.py:183} INFO - Processing /opt/airflow/dags/warehouse_delivery_dag.py took 0.127 seconds
[2025-12-20T15:48:47.644+0000] {processor.py:161} INFO - Started process (PID=123) to work on /opt/airflow/dags/warehouse_delivery_dag.py
[2025-12-20T15:48:47.645+0000] {processor.py:830} INFO - Processing file /opt/airflow/dags/warehouse_delivery_dag.py for tasks to queue
[2025-12-20T15:48:47.645+0000] {logging_mixin.py:188} INFO - [2025-12-20T15:48:47.645+0000] {dagbag.py:538} INFO - Filling up the DagBag from /opt/airflow/dags/warehouse_delivery_dag.py
[2025-12-20T15:48:47.671+0000] {processor.py:840} INFO - DAG(s) 'warehouse_delivery_refresh' retrieved from /opt/airflow/dags/warehouse_delivery_dag.py
[2025-12-20T15:48:47.701+0000] {logging_mixin.py:188} INFO - [2025-12-20T15:48:47.701+0000] {dag.py:3033} INFO - Sync 1 DAGs
[2025-12-20T15:48:47.720+0000] {logging_mixin.py:188} INFO - [2025-12-20T15:48:47.720+0000] {dag.py:3820} INFO - Setting next_dagrun for warehouse_delivery_refresh to 2025-12-19T03:00:00+00:00, run_after=2025-12-20T03:00:00+00:00
[2025-12-20T15:48:47.735+0000] {processor.py:183} INFO - Processing /opt/airflow/dags/warehouse_delivery_dag.py took 0.095 seconds
[2025-12-20T15:51:19.898+0000] {processor.py:161} INFO - Started process (PID=29) to work on /opt/airflow/dags/warehouse_delivery_dag.py
[2025-12-20T15:51:19.900+0000] {processor.py:830} INFO - Processing file /opt/airflow/dags/warehouse_delivery_dag.py for tasks to queue
[2025-12-20T15:51:19.900+0000] {logging_mixin.py:188} INFO - [2025-12-20T15:51:19.900+0000] {dagbag.py:538} INFO - Filling up the DagBag from /opt/airflow/dags/warehouse_delivery_dag.py
[2025-12-20T15:51:19.919+0000] {processor.py:840} INFO - DAG(s) 'warehouse_delivery_refresh' retrieved from /opt/airflow/dags/warehouse_delivery_dag.py
[2025-12-20T15:51:19.942+0000] {logging_mixin.py:188} INFO - [2025-12-20T15:51:19.942+0000] {dag.py:3033} INFO - Sync 1 DAGs
[2025-12-20T15:51:19.958+0000] {logging_mixin.py:188} INFO - [2025-12-20T15:51:19.958+0000] {dag.py:3820} INFO - Setting next_dagrun for warehouse_delivery_refresh to 2025-12-19T03:00:00+00:00, run_after=2025-12-20T03:00:00+00:00
[2025-12-20T15:51:19.975+0000] {processor.py:183} INFO - Processing /opt/airflow/dags/warehouse_delivery_dag.py took 0.080 seconds
[2025-12-20T15:51:50.228+0000] {processor.py:161} INFO - Started process (PID=40) to work on /opt/airflow/dags/warehouse_delivery_dag.py
[2025-12-20T15:51:50.230+0000] {processor.py:830} INFO - Processing file /opt/airflow/dags/warehouse_delivery_dag.py for tasks to queue
[2025-12-20T15:51:50.231+0000] {logging_mixin.py:188} INFO - [2025-12-20T15:51:50.231+0000] {dagbag.py:538} INFO - Filling up the DagBag from /opt/airflow/dags/warehouse_delivery_dag.py
[2025-12-20T15:51:50.258+0000] {processor.py:840} INFO - DAG(s) 'warehouse_delivery_refresh' retrieved from /opt/airflow/dags/warehouse_delivery_dag.py
[2025-12-20T15:51:50.542+0000] {logging_mixin.py:188} INFO - [2025-12-20T15:51:50.542+0000] {dag.py:3033} INFO - Sync 1 DAGs
[2025-12-20T15:51:50.579+0000] {logging_mixin.py:188} INFO - [2025-12-20T15:51:50.579+0000] {dag.py:3820} INFO - Setting next_dagrun for warehouse_delivery_refresh to 2025-12-19T03:00:00+00:00, run_after=2025-12-20T03:00:00+00:00
[2025-12-20T15:51:50.599+0000] {processor.py:183} INFO - Processing /opt/airflow/dags/warehouse_delivery_dag.py took 0.378 seconds
[2025-12-20T15:52:20.908+0000] {processor.py:161} INFO - Started process (PID=50) to work on /opt/airflow/dags/warehouse_delivery_dag.py
[2025-12-20T15:52:20.909+0000] {processor.py:830} INFO - Processing file /opt/airflow/dags/warehouse_delivery_dag.py for tasks to queue
[2025-12-20T15:52:20.911+0000] {logging_mixin.py:188} INFO - [2025-12-20T15:52:20.910+0000] {dagbag.py:538} INFO - Filling up the DagBag from /opt/airflow/dags/warehouse_delivery_dag.py
[2025-12-20T15:52:20.948+0000] {processor.py:840} INFO - DAG(s) 'warehouse_delivery_refresh' retrieved from /opt/airflow/dags/warehouse_delivery_dag.py
[2025-12-20T15:52:20.999+0000] {logging_mixin.py:188} INFO - [2025-12-20T15:52:20.999+0000] {dag.py:3033} INFO - Sync 1 DAGs
[2025-12-20T15:52:21.019+0000] {logging_mixin.py:188} INFO - [2025-12-20T15:52:21.019+0000] {dag.py:3820} INFO - Setting next_dagrun for warehouse_delivery_refresh to 2025-12-19T03:00:00+00:00, run_after=2025-12-20T03:00:00+00:00
[2025-12-20T15:52:21.033+0000] {processor.py:183} INFO - Processing /opt/airflow/dags/warehouse_delivery_dag.py took 0.130 seconds
[2025-12-20T15:52:51.314+0000] {processor.py:161} INFO - Started process (PID=60) to work on /opt/airflow/dags/warehouse_delivery_dag.py
[2025-12-20T15:52:51.315+0000] {processor.py:830} INFO - Processing file /opt/airflow/dags/warehouse_delivery_dag.py for tasks to queue
[2025-12-20T15:52:51.316+0000] {logging_mixin.py:188} INFO - [2025-12-20T15:52:51.315+0000] {dagbag.py:538} INFO - Filling up the DagBag from /opt/airflow/dags/warehouse_delivery_dag.py
[2025-12-20T15:52:51.331+0000] {processor.py:840} INFO - DAG(s) 'warehouse_delivery_refresh' retrieved from /opt/airflow/dags/warehouse_delivery_dag.py
[2025-12-20T15:52:51.361+0000] {logging_mixin.py:188} INFO - [2025-12-20T15:52:51.361+0000] {dag.py:3033} INFO - Sync 1 DAGs
[2025-12-20T15:52:51.381+0000] {logging_mixin.py:188} INFO - [2025-12-20T15:52:51.380+0000] {dag.py:3820} INFO - Setting next_dagrun for warehouse_delivery_refresh to 2025-12-19T03:00:00+00:00, run_after=2025-12-20T03:00:00+00:00
[2025-12-20T15:52:51.395+0000] {processor.py:183} INFO - Processing /opt/airflow/dags/warehouse_delivery_dag.py took 0.086 seconds
[2025-12-20T15:53:21.680+0000] {processor.py:161} INFO - Started process (PID=70) to work on /opt/airflow/dags/warehouse_delivery_dag.py
[2025-12-20T15:53:21.682+0000] {processor.py:830} INFO - Processing file /opt/airflow/dags/warehouse_delivery_dag.py for tasks to queue
[2025-12-20T15:53:21.683+0000] {logging_mixin.py:188} INFO - [2025-12-20T15:53:21.682+0000] {dagbag.py:538} INFO - Filling up the DagBag from /opt/airflow/dags/warehouse_delivery_dag.py
[2025-12-20T15:53:21.698+0000] {processor.py:840} INFO - DAG(s) 'warehouse_delivery_refresh' retrieved from /opt/airflow/dags/warehouse_delivery_dag.py
[2025-12-20T15:53:21.727+0000] {logging_mixin.py:188} INFO - [2025-12-20T15:53:21.727+0000] {dag.py:3033} INFO - Sync 1 DAGs
[2025-12-20T15:53:21.747+0000] {logging_mixin.py:188} INFO - [2025-12-20T15:53:21.747+0000] {dag.py:3820} INFO - Setting next_dagrun for warehouse_delivery_refresh to 2025-12-19T03:00:00+00:00, run_after=2025-12-20T03:00:00+00:00
[2025-12-20T15:53:21.760+0000] {processor.py:183} INFO - Processing /opt/airflow/dags/warehouse_delivery_dag.py took 0.088 seconds
[2025-12-20T15:53:52.017+0000] {processor.py:161} INFO - Started process (PID=80) to work on /opt/airflow/dags/warehouse_delivery_dag.py
[2025-12-20T15:53:52.018+0000] {processor.py:830} INFO - Processing file /opt/airflow/dags/warehouse_delivery_dag.py for tasks to queue
[2025-12-20T15:53:52.019+0000] {logging_mixin.py:188} INFO - [2025-12-20T15:53:52.018+0000] {dagbag.py:538} INFO - Filling up the DagBag from /opt/airflow/dags/warehouse_delivery_dag.py
[2025-12-20T15:53:52.036+0000] {processor.py:840} INFO - DAG(s) 'warehouse_delivery_refresh' retrieved from /opt/airflow/dags/warehouse_delivery_dag.py
[2025-12-20T15:53:52.066+0000] {logging_mixin.py:188} INFO - [2025-12-20T15:53:52.066+0000] {dag.py:3033} INFO - Sync 1 DAGs
[2025-12-20T15:53:52.083+0000] {logging_mixin.py:188} INFO - [2025-12-20T15:53:52.083+0000] {dag.py:3820} INFO - Setting next_dagrun for warehouse_delivery_refresh to 2025-12-19T03:00:00+00:00, run_after=2025-12-20T03:00:00+00:00
[2025-12-20T15:53:52.098+0000] {processor.py:183} INFO - Processing /opt/airflow/dags/warehouse_delivery_dag.py took 0.090 seconds
[2025-12-20T15:54:22.394+0000] {processor.py:161} INFO - Started process (PID=114) to work on /opt/airflow/dags/warehouse_delivery_dag.py
[2025-12-20T15:54:22.396+0000] {processor.py:830} INFO - Processing file /opt/airflow/dags/warehouse_delivery_dag.py for tasks to queue
[2025-12-20T15:54:22.397+0000] {logging_mixin.py:188} INFO - [2025-12-20T15:54:22.397+0000] {dagbag.py:538} INFO - Filling up the DagBag from /opt/airflow/dags/warehouse_delivery_dag.py
[2025-12-20T15:54:22.413+0000] {processor.py:840} INFO - DAG(s) 'warehouse_delivery_refresh' retrieved from /opt/airflow/dags/warehouse_delivery_dag.py
[2025-12-20T15:54:22.440+0000] {logging_mixin.py:188} INFO - [2025-12-20T15:54:22.440+0000] {dag.py:3033} INFO - Sync 1 DAGs
[2025-12-20T15:54:22.459+0000] {logging_mixin.py:188} INFO - [2025-12-20T15:54:22.459+0000] {dag.py:3820} INFO - Setting next_dagrun for warehouse_delivery_refresh to 2025-12-19T03:00:00+00:00, run_after=2025-12-20T03:00:00+00:00
[2025-12-20T15:54:22.472+0000] {processor.py:183} INFO - Processing /opt/airflow/dags/warehouse_delivery_dag.py took 0.082 seconds
[2025-12-20T15:54:52.842+0000] {processor.py:161} INFO - Started process (PID=124) to work on /opt/airflow/dags/warehouse_delivery_dag.py
[2025-12-20T15:54:52.844+0000] {processor.py:830} INFO - Processing file /opt/airflow/dags/warehouse_delivery_dag.py for tasks to queue
[2025-12-20T15:54:52.845+0000] {logging_mixin.py:188} INFO - [2025-12-20T15:54:52.844+0000] {dagbag.py:538} INFO - Filling up the DagBag from /opt/airflow/dags/warehouse_delivery_dag.py
[2025-12-20T15:54:52.878+0000] {processor.py:840} INFO - DAG(s) 'warehouse_delivery_refresh' retrieved from /opt/airflow/dags/warehouse_delivery_dag.py
[2025-12-20T15:54:52.940+0000] {logging_mixin.py:188} INFO - [2025-12-20T15:54:52.940+0000] {dag.py:3033} INFO - Sync 1 DAGs
[2025-12-20T15:54:52.966+0000] {logging_mixin.py:188} INFO - [2025-12-20T15:54:52.966+0000] {dag.py:3820} INFO - Setting next_dagrun for warehouse_delivery_refresh to 2025-12-19T03:00:00+00:00, run_after=2025-12-20T03:00:00+00:00
[2025-12-20T15:54:52.987+0000] {processor.py:183} INFO - Processing /opt/airflow/dags/warehouse_delivery_dag.py took 0.173 seconds
[2025-12-20T15:55:23.287+0000] {processor.py:161} INFO - Started process (PID=127) to work on /opt/airflow/dags/warehouse_delivery_dag.py
[2025-12-20T15:55:23.289+0000] {processor.py:830} INFO - Processing file /opt/airflow/dags/warehouse_delivery_dag.py for tasks to queue
[2025-12-20T15:55:23.289+0000] {logging_mixin.py:188} INFO - [2025-12-20T15:55:23.289+0000] {dagbag.py:538} INFO - Filling up the DagBag from /opt/airflow/dags/warehouse_delivery_dag.py
[2025-12-20T15:55:23.309+0000] {processor.py:840} INFO - DAG(s) 'warehouse_delivery_refresh' retrieved from /opt/airflow/dags/warehouse_delivery_dag.py
[2025-12-20T15:55:23.341+0000] {logging_mixin.py:188} INFO - [2025-12-20T15:55:23.341+0000] {dag.py:3033} INFO - Sync 1 DAGs
[2025-12-20T15:55:23.361+0000] {logging_mixin.py:188} INFO - [2025-12-20T15:55:23.361+0000] {dag.py:3820} INFO - Setting next_dagrun for warehouse_delivery_refresh to 2025-12-19T03:00:00+00:00, run_after=2025-12-20T03:00:00+00:00
[2025-12-20T15:55:23.375+0000] {processor.py:183} INFO - Processing /opt/airflow/dags/warehouse_delivery_dag.py took 0.093 seconds
[2025-12-20T15:55:53.648+0000] {processor.py:161} INFO - Started process (PID=137) to work on /opt/airflow/dags/warehouse_delivery_dag.py
[2025-12-20T15:55:53.650+0000] {processor.py:830} INFO - Processing file /opt/airflow/dags/warehouse_delivery_dag.py for tasks to queue
[2025-12-20T15:55:53.651+0000] {logging_mixin.py:188} INFO - [2025-12-20T15:55:53.651+0000] {dagbag.py:538} INFO - Filling up the DagBag from /opt/airflow/dags/warehouse_delivery_dag.py
[2025-12-20T15:55:53.660+0000] {processor.py:840} INFO - DAG(s) 'warehouse_delivery_refresh' retrieved from /opt/airflow/dags/warehouse_delivery_dag.py
[2025-12-20T15:55:53.681+0000] {logging_mixin.py:188} INFO - [2025-12-20T15:55:53.681+0000] {dag.py:3033} INFO - Sync 1 DAGs
[2025-12-20T15:55:53.697+0000] {logging_mixin.py:188} INFO - [2025-12-20T15:55:53.697+0000] {dag.py:3820} INFO - Setting next_dagrun for warehouse_delivery_refresh to 2025-12-19T03:00:00+00:00, run_after=2025-12-20T03:00:00+00:00
[2025-12-20T15:55:53.708+0000] {processor.py:183} INFO - Processing /opt/airflow/dags/warehouse_delivery_dag.py took 0.063 seconds
[2025-12-20T15:56:24.011+0000] {processor.py:161} INFO - Started process (PID=147) to work on /opt/airflow/dags/warehouse_delivery_dag.py
[2025-12-20T15:56:24.012+0000] {processor.py:830} INFO - Processing file /opt/airflow/dags/warehouse_delivery_dag.py for tasks to queue
[2025-12-20T15:56:24.014+0000] {logging_mixin.py:188} INFO - [2025-12-20T15:56:24.013+0000] {dagbag.py:538} INFO - Filling up the DagBag from /opt/airflow/dags/warehouse_delivery_dag.py
[2025-12-20T15:56:24.031+0000] {processor.py:840} INFO - DAG(s) 'warehouse_delivery_refresh' retrieved from /opt/airflow/dags/warehouse_delivery_dag.py
[2025-12-20T15:56:24.058+0000] {logging_mixin.py:188} INFO - [2025-12-20T15:56:24.058+0000] {dag.py:3033} INFO - Sync 1 DAGs
[2025-12-20T15:56:24.076+0000] {logging_mixin.py:188} INFO - [2025-12-20T15:56:24.076+0000] {dag.py:3820} INFO - Setting next_dagrun for warehouse_delivery_refresh to 2025-12-19T03:00:00+00:00, run_after=2025-12-20T03:00:00+00:00
[2025-12-20T15:56:24.092+0000] {processor.py:183} INFO - Processing /opt/airflow/dags/warehouse_delivery_dag.py took 0.088 seconds
[2025-12-20T15:56:54.388+0000] {processor.py:161} INFO - Started process (PID=157) to work on /opt/airflow/dags/warehouse_delivery_dag.py
[2025-12-20T15:56:54.391+0000] {processor.py:830} INFO - Processing file /opt/airflow/dags/warehouse_delivery_dag.py for tasks to queue
[2025-12-20T15:56:54.393+0000] {logging_mixin.py:188} INFO - [2025-12-20T15:56:54.393+0000] {dagbag.py:538} INFO - Filling up the DagBag from /opt/airflow/dags/warehouse_delivery_dag.py
[2025-12-20T15:56:54.416+0000] {processor.py:840} INFO - DAG(s) 'warehouse_delivery_refresh' retrieved from /opt/airflow/dags/warehouse_delivery_dag.py
[2025-12-20T15:56:54.462+0000] {logging_mixin.py:188} INFO - [2025-12-20T15:56:54.462+0000] {dag.py:3033} INFO - Sync 1 DAGs
[2025-12-20T15:56:54.492+0000] {logging_mixin.py:188} INFO - [2025-12-20T15:56:54.491+0000] {dag.py:3820} INFO - Setting next_dagrun for warehouse_delivery_refresh to 2025-12-19T03:00:00+00:00, run_after=2025-12-20T03:00:00+00:00
[2025-12-20T15:56:54.506+0000] {processor.py:183} INFO - Processing /opt/airflow/dags/warehouse_delivery_dag.py took 0.130 seconds
[2025-12-20T15:57:24.776+0000] {processor.py:161} INFO - Started process (PID=167) to work on /opt/airflow/dags/warehouse_delivery_dag.py
[2025-12-20T15:57:24.779+0000] {processor.py:830} INFO - Processing file /opt/airflow/dags/warehouse_delivery_dag.py for tasks to queue
[2025-12-20T15:57:24.781+0000] {logging_mixin.py:188} INFO - [2025-12-20T15:57:24.780+0000] {dagbag.py:538} INFO - Filling up the DagBag from /opt/airflow/dags/warehouse_delivery_dag.py
[2025-12-20T15:57:24.804+0000] {processor.py:840} INFO - DAG(s) 'warehouse_delivery_refresh' retrieved from /opt/airflow/dags/warehouse_delivery_dag.py
[2025-12-20T15:57:24.851+0000] {logging_mixin.py:188} INFO - [2025-12-20T15:57:24.851+0000] {dag.py:3033} INFO - Sync 1 DAGs
[2025-12-20T15:57:24.872+0000] {logging_mixin.py:188} INFO - [2025-12-20T15:57:24.872+0000] {dag.py:3820} INFO - Setting next_dagrun for warehouse_delivery_refresh to 2025-12-19T03:00:00+00:00, run_after=2025-12-20T03:00:00+00:00
[2025-12-20T15:57:24.889+0000] {processor.py:183} INFO - Processing /opt/airflow/dags/warehouse_delivery_dag.py took 0.121 seconds
[2025-12-20T15:57:55.170+0000] {processor.py:161} INFO - Started process (PID=177) to work on /opt/airflow/dags/warehouse_delivery_dag.py
[2025-12-20T15:57:55.172+0000] {processor.py:830} INFO - Processing file /opt/airflow/dags/warehouse_delivery_dag.py for tasks to queue
[2025-12-20T15:57:55.174+0000] {logging_mixin.py:188} INFO - [2025-12-20T15:57:55.173+0000] {dagbag.py:538} INFO - Filling up the DagBag from /opt/airflow/dags/warehouse_delivery_dag.py
[2025-12-20T15:57:55.193+0000] {processor.py:840} INFO - DAG(s) 'warehouse_delivery_refresh' retrieved from /opt/airflow/dags/warehouse_delivery_dag.py
[2025-12-20T15:57:55.226+0000] {logging_mixin.py:188} INFO - [2025-12-20T15:57:55.226+0000] {dag.py:3033} INFO - Sync 1 DAGs
[2025-12-20T15:57:55.252+0000] {logging_mixin.py:188} INFO - [2025-12-20T15:57:55.252+0000] {dag.py:3820} INFO - Setting next_dagrun for warehouse_delivery_refresh to 2025-12-19T03:00:00+00:00, run_after=2025-12-20T03:00:00+00:00
[2025-12-20T15:57:55.271+0000] {processor.py:183} INFO - Processing /opt/airflow/dags/warehouse_delivery_dag.py took 0.106 seconds
[2025-12-20T15:58:25.560+0000] {processor.py:161} INFO - Started process (PID=187) to work on /opt/airflow/dags/warehouse_delivery_dag.py
[2025-12-20T15:58:25.562+0000] {processor.py:830} INFO - Processing file /opt/airflow/dags/warehouse_delivery_dag.py for tasks to queue
[2025-12-20T15:58:25.563+0000] {logging_mixin.py:188} INFO - [2025-12-20T15:58:25.562+0000] {dagbag.py:538} INFO - Filling up the DagBag from /opt/airflow/dags/warehouse_delivery_dag.py
[2025-12-20T15:58:25.586+0000] {processor.py:840} INFO - DAG(s) 'warehouse_delivery_refresh' retrieved from /opt/airflow/dags/warehouse_delivery_dag.py
[2025-12-20T15:58:25.626+0000] {logging_mixin.py:188} INFO - [2025-12-20T15:58:25.626+0000] {dag.py:3033} INFO - Sync 1 DAGs
[2025-12-20T15:58:25.651+0000] {logging_mixin.py:188} INFO - [2025-12-20T15:58:25.651+0000] {dag.py:3820} INFO - Setting next_dagrun for warehouse_delivery_refresh to 2025-12-19T03:00:00+00:00, run_after=2025-12-20T03:00:00+00:00
[2025-12-20T15:58:25.666+0000] {processor.py:183} INFO - Processing /opt/airflow/dags/warehouse_delivery_dag.py took 0.115 seconds
[2025-12-20T15:58:55.996+0000] {processor.py:161} INFO - Started process (PID=197) to work on /opt/airflow/dags/warehouse_delivery_dag.py
[2025-12-20T15:58:55.997+0000] {processor.py:830} INFO - Processing file /opt/airflow/dags/warehouse_delivery_dag.py for tasks to queue
[2025-12-20T15:58:55.998+0000] {logging_mixin.py:188} INFO - [2025-12-20T15:58:55.998+0000] {dagbag.py:538} INFO - Filling up the DagBag from /opt/airflow/dags/warehouse_delivery_dag.py
[2025-12-20T15:58:56.016+0000] {processor.py:840} INFO - DAG(s) 'warehouse_delivery_refresh' retrieved from /opt/airflow/dags/warehouse_delivery_dag.py
[2025-12-20T15:58:56.045+0000] {logging_mixin.py:188} INFO - [2025-12-20T15:58:56.045+0000] {dag.py:3033} INFO - Sync 1 DAGs
[2025-12-20T15:58:56.066+0000] {logging_mixin.py:188} INFO - [2025-12-20T15:58:56.066+0000] {dag.py:3820} INFO - Setting next_dagrun for warehouse_delivery_refresh to 2025-12-19T03:00:00+00:00, run_after=2025-12-20T03:00:00+00:00
[2025-12-20T15:58:56.078+0000] {processor.py:183} INFO - Processing /opt/airflow/dags/warehouse_delivery_dag.py took 0.091 seconds
[2025-12-20T15:59:26.427+0000] {processor.py:161} INFO - Started process (PID=231) to work on /opt/airflow/dags/warehouse_delivery_dag.py
[2025-12-20T15:59:26.430+0000] {processor.py:830} INFO - Processing file /opt/airflow/dags/warehouse_delivery_dag.py for tasks to queue
[2025-12-20T15:59:26.432+0000] {logging_mixin.py:188} INFO - [2025-12-20T15:59:26.431+0000] {dagbag.py:538} INFO - Filling up the DagBag from /opt/airflow/dags/warehouse_delivery_dag.py
[2025-12-20T15:59:26.467+0000] {processor.py:840} INFO - DAG(s) 'warehouse_delivery_refresh' retrieved from /opt/airflow/dags/warehouse_delivery_dag.py
[2025-12-20T15:59:26.512+0000] {logging_mixin.py:188} INFO - [2025-12-20T15:59:26.512+0000] {dag.py:3033} INFO - Sync 1 DAGs
[2025-12-20T15:59:26.544+0000] {logging_mixin.py:188} INFO - [2025-12-20T15:59:26.543+0000] {dag.py:3820} INFO - Setting next_dagrun for warehouse_delivery_refresh to 2025-12-19T03:00:00+00:00, run_after=2025-12-20T03:00:00+00:00
[2025-12-20T15:59:26.560+0000] {processor.py:183} INFO - Processing /opt/airflow/dags/warehouse_delivery_dag.py took 0.143 seconds
[2025-12-20T15:59:56.801+0000] {processor.py:161} INFO - Started process (PID=241) to work on /opt/airflow/dags/warehouse_delivery_dag.py
[2025-12-20T15:59:56.802+0000] {processor.py:830} INFO - Processing file /opt/airflow/dags/warehouse_delivery_dag.py for tasks to queue
[2025-12-20T15:59:56.803+0000] {logging_mixin.py:188} INFO - [2025-12-20T15:59:56.803+0000] {dagbag.py:538} INFO - Filling up the DagBag from /opt/airflow/dags/warehouse_delivery_dag.py
[2025-12-20T15:59:56.815+0000] {processor.py:840} INFO - DAG(s) 'warehouse_delivery_refresh' retrieved from /opt/airflow/dags/warehouse_delivery_dag.py
[2025-12-20T15:59:56.837+0000] {logging_mixin.py:188} INFO - [2025-12-20T15:59:56.837+0000] {dag.py:3033} INFO - Sync 1 DAGs
[2025-12-20T15:59:56.853+0000] {logging_mixin.py:188} INFO - [2025-12-20T15:59:56.853+0000] {dag.py:3820} INFO - Setting next_dagrun for warehouse_delivery_refresh to 2025-12-19T03:00:00+00:00, run_after=2025-12-20T03:00:00+00:00
[2025-12-20T15:59:56.864+0000] {processor.py:183} INFO - Processing /opt/airflow/dags/warehouse_delivery_dag.py took 0.067 seconds
[2025-12-20T16:00:27.152+0000] {processor.py:161} INFO - Started process (PID=251) to work on /opt/airflow/dags/warehouse_delivery_dag.py
[2025-12-20T16:00:27.154+0000] {processor.py:830} INFO - Processing file /opt/airflow/dags/warehouse_delivery_dag.py for tasks to queue
[2025-12-20T16:00:27.155+0000] {logging_mixin.py:188} INFO - [2025-12-20T16:00:27.154+0000] {dagbag.py:538} INFO - Filling up the DagBag from /opt/airflow/dags/warehouse_delivery_dag.py
[2025-12-20T16:00:27.172+0000] {processor.py:840} INFO - DAG(s) 'warehouse_delivery_refresh' retrieved from /opt/airflow/dags/warehouse_delivery_dag.py
[2025-12-20T16:00:27.204+0000] {logging_mixin.py:188} INFO - [2025-12-20T16:00:27.203+0000] {dag.py:3033} INFO - Sync 1 DAGs
[2025-12-20T16:00:27.223+0000] {logging_mixin.py:188} INFO - [2025-12-20T16:00:27.223+0000] {dag.py:3820} INFO - Setting next_dagrun for warehouse_delivery_refresh to 2025-12-19T03:00:00+00:00, run_after=2025-12-20T03:00:00+00:00
[2025-12-20T16:00:27.239+0000] {processor.py:183} INFO - Processing /opt/airflow/dags/warehouse_delivery_dag.py took 0.097 seconds
[2025-12-20T16:00:57.601+0000] {processor.py:161} INFO - Started process (PID=261) to work on /opt/airflow/dags/warehouse_delivery_dag.py
[2025-12-20T16:00:57.602+0000] {processor.py:830} INFO - Processing file /opt/airflow/dags/warehouse_delivery_dag.py for tasks to queue
[2025-12-20T16:00:57.603+0000] {logging_mixin.py:188} INFO - [2025-12-20T16:00:57.603+0000] {dagbag.py:538} INFO - Filling up the DagBag from /opt/airflow/dags/warehouse_delivery_dag.py
[2025-12-20T16:00:57.619+0000] {processor.py:840} INFO - DAG(s) 'warehouse_delivery_refresh' retrieved from /opt/airflow/dags/warehouse_delivery_dag.py
[2025-12-20T16:00:57.650+0000] {logging_mixin.py:188} INFO - [2025-12-20T16:00:57.650+0000] {dag.py:3033} INFO - Sync 1 DAGs
[2025-12-20T16:00:57.670+0000] {logging_mixin.py:188} INFO - [2025-12-20T16:00:57.669+0000] {dag.py:3820} INFO - Setting next_dagrun for warehouse_delivery_refresh to 2025-12-19T03:00:00+00:00, run_after=2025-12-20T03:00:00+00:00
[2025-12-20T16:00:57.683+0000] {processor.py:183} INFO - Processing /opt/airflow/dags/warehouse_delivery_dag.py took 0.090 seconds
[2025-12-20T16:01:27.997+0000] {processor.py:161} INFO - Started process (PID=271) to work on /opt/airflow/dags/warehouse_delivery_dag.py
[2025-12-20T16:01:28.000+0000] {processor.py:830} INFO - Processing file /opt/airflow/dags/warehouse_delivery_dag.py for tasks to queue
[2025-12-20T16:01:28.000+0000] {logging_mixin.py:188} INFO - [2025-12-20T16:01:28.000+0000] {dagbag.py:538} INFO - Filling up the DagBag from /opt/airflow/dags/warehouse_delivery_dag.py
[2025-12-20T16:01:28.014+0000] {processor.py:840} INFO - DAG(s) 'warehouse_delivery_refresh' retrieved from /opt/airflow/dags/warehouse_delivery_dag.py
[2025-12-20T16:01:28.043+0000] {logging_mixin.py:188} INFO - [2025-12-20T16:01:28.043+0000] {dag.py:3033} INFO - Sync 1 DAGs
[2025-12-20T16:01:28.067+0000] {logging_mixin.py:188} INFO - [2025-12-20T16:01:28.067+0000] {dag.py:3820} INFO - Setting next_dagrun for warehouse_delivery_refresh to 2025-12-19T03:00:00+00:00, run_after=2025-12-20T03:00:00+00:00
[2025-12-20T16:01:28.079+0000] {processor.py:183} INFO - Processing /opt/airflow/dags/warehouse_delivery_dag.py took 0.086 seconds
[2025-12-20T16:01:58.397+0000] {processor.py:161} INFO - Started process (PID=281) to work on /opt/airflow/dags/warehouse_delivery_dag.py
[2025-12-20T16:01:58.398+0000] {processor.py:830} INFO - Processing file /opt/airflow/dags/warehouse_delivery_dag.py for tasks to queue
[2025-12-20T16:01:58.399+0000] {logging_mixin.py:188} INFO - [2025-12-20T16:01:58.399+0000] {dagbag.py:538} INFO - Filling up the DagBag from /opt/airflow/dags/warehouse_delivery_dag.py
[2025-12-20T16:01:58.419+0000] {processor.py:840} INFO - DAG(s) 'warehouse_delivery_refresh' retrieved from /opt/airflow/dags/warehouse_delivery_dag.py
[2025-12-20T16:01:58.453+0000] {logging_mixin.py:188} INFO - [2025-12-20T16:01:58.453+0000] {dag.py:3033} INFO - Sync 1 DAGs
[2025-12-20T16:01:58.473+0000] {logging_mixin.py:188} INFO - [2025-12-20T16:01:58.473+0000] {dag.py:3820} INFO - Setting next_dagrun for warehouse_delivery_refresh to 2025-12-19T03:00:00+00:00, run_after=2025-12-20T03:00:00+00:00
[2025-12-20T16:01:58.494+0000] {processor.py:183} INFO - Processing /opt/airflow/dags/warehouse_delivery_dag.py took 0.104 seconds
[2025-12-20T16:02:28.760+0000] {processor.py:161} INFO - Started process (PID=291) to work on /opt/airflow/dags/warehouse_delivery_dag.py
[2025-12-20T16:02:28.762+0000] {processor.py:830} INFO - Processing file /opt/airflow/dags/warehouse_delivery_dag.py for tasks to queue
[2025-12-20T16:02:28.763+0000] {logging_mixin.py:188} INFO - [2025-12-20T16:02:28.763+0000] {dagbag.py:538} INFO - Filling up the DagBag from /opt/airflow/dags/warehouse_delivery_dag.py
[2025-12-20T16:02:28.781+0000] {processor.py:840} INFO - DAG(s) 'warehouse_delivery_refresh' retrieved from /opt/airflow/dags/warehouse_delivery_dag.py
[2025-12-20T16:02:28.813+0000] {logging_mixin.py:188} INFO - [2025-12-20T16:02:28.813+0000] {dag.py:3033} INFO - Sync 1 DAGs
[2025-12-20T16:02:28.832+0000] {logging_mixin.py:188} INFO - [2025-12-20T16:02:28.832+0000] {dag.py:3820} INFO - Setting next_dagrun for warehouse_delivery_refresh to 2025-12-19T03:00:00+00:00, run_after=2025-12-20T03:00:00+00:00
[2025-12-20T16:02:28.845+0000] {processor.py:183} INFO - Processing /opt/airflow/dags/warehouse_delivery_dag.py took 0.089 seconds
[2025-12-20T16:02:59.155+0000] {processor.py:161} INFO - Started process (PID=301) to work on /opt/airflow/dags/warehouse_delivery_dag.py
[2025-12-20T16:02:59.157+0000] {processor.py:830} INFO - Processing file /opt/airflow/dags/warehouse_delivery_dag.py for tasks to queue
[2025-12-20T16:02:59.158+0000] {logging_mixin.py:188} INFO - [2025-12-20T16:02:59.157+0000] {dagbag.py:538} INFO - Filling up the DagBag from /opt/airflow/dags/warehouse_delivery_dag.py
[2025-12-20T16:02:59.182+0000] {processor.py:840} INFO - DAG(s) 'warehouse_delivery_refresh' retrieved from /opt/airflow/dags/warehouse_delivery_dag.py
[2025-12-20T16:02:59.209+0000] {logging_mixin.py:188} INFO - [2025-12-20T16:02:59.209+0000] {dag.py:3033} INFO - Sync 1 DAGs
[2025-12-20T16:02:59.226+0000] {logging_mixin.py:188} INFO - [2025-12-20T16:02:59.226+0000] {dag.py:3820} INFO - Setting next_dagrun for warehouse_delivery_refresh to 2025-12-19T03:00:00+00:00, run_after=2025-12-20T03:00:00+00:00
[2025-12-20T16:02:59.237+0000] {processor.py:183} INFO - Processing /opt/airflow/dags/warehouse_delivery_dag.py took 0.087 seconds
[2025-12-20T16:03:29.549+0000] {processor.py:161} INFO - Started process (PID=311) to work on /opt/airflow/dags/warehouse_delivery_dag.py
[2025-12-20T16:03:29.551+0000] {processor.py:830} INFO - Processing file /opt/airflow/dags/warehouse_delivery_dag.py for tasks to queue
[2025-12-20T16:03:29.553+0000] {logging_mixin.py:188} INFO - [2025-12-20T16:03:29.553+0000] {dagbag.py:538} INFO - Filling up the DagBag from /opt/airflow/dags/warehouse_delivery_dag.py
[2025-12-20T16:03:29.570+0000] {processor.py:840} INFO - DAG(s) 'warehouse_delivery_refresh' retrieved from /opt/airflow/dags/warehouse_delivery_dag.py
[2025-12-20T16:03:29.599+0000] {logging_mixin.py:188} INFO - [2025-12-20T16:03:29.599+0000] {dag.py:3033} INFO - Sync 1 DAGs
[2025-12-20T16:03:29.621+0000] {logging_mixin.py:188} INFO - [2025-12-20T16:03:29.620+0000] {dag.py:3820} INFO - Setting next_dagrun for warehouse_delivery_refresh to 2025-12-19T03:00:00+00:00, run_after=2025-12-20T03:00:00+00:00
[2025-12-20T16:03:29.634+0000] {processor.py:183} INFO - Processing /opt/airflow/dags/warehouse_delivery_dag.py took 0.091 seconds
[2025-12-20T16:03:59.953+0000] {processor.py:161} INFO - Started process (PID=321) to work on /opt/airflow/dags/warehouse_delivery_dag.py
[2025-12-20T16:03:59.954+0000] {processor.py:830} INFO - Processing file /opt/airflow/dags/warehouse_delivery_dag.py for tasks to queue
[2025-12-20T16:03:59.955+0000] {logging_mixin.py:188} INFO - [2025-12-20T16:03:59.954+0000] {dagbag.py:538} INFO - Filling up the DagBag from /opt/airflow/dags/warehouse_delivery_dag.py
[2025-12-20T16:03:59.968+0000] {processor.py:840} INFO - DAG(s) 'warehouse_delivery_refresh' retrieved from /opt/airflow/dags/warehouse_delivery_dag.py
[2025-12-20T16:03:59.993+0000] {logging_mixin.py:188} INFO - [2025-12-20T16:03:59.993+0000] {dag.py:3033} INFO - Sync 1 DAGs
[2025-12-20T16:04:00.014+0000] {logging_mixin.py:188} INFO - [2025-12-20T16:04:00.014+0000] {dag.py:3820} INFO - Setting next_dagrun for warehouse_delivery_refresh to 2025-12-19T03:00:00+00:00, run_after=2025-12-20T03:00:00+00:00
[2025-12-20T16:04:00.027+0000] {processor.py:183} INFO - Processing /opt/airflow/dags/warehouse_delivery_dag.py took 0.079 seconds
[2025-12-20T16:04:30.338+0000] {processor.py:161} INFO - Started process (PID=331) to work on /opt/airflow/dags/warehouse_delivery_dag.py
[2025-12-20T16:04:30.339+0000] {processor.py:830} INFO - Processing file /opt/airflow/dags/warehouse_delivery_dag.py for tasks to queue
[2025-12-20T16:04:30.340+0000] {logging_mixin.py:188} INFO - [2025-12-20T16:04:30.340+0000] {dagbag.py:538} INFO - Filling up the DagBag from /opt/airflow/dags/warehouse_delivery_dag.py
[2025-12-20T16:04:30.365+0000] {processor.py:840} INFO - DAG(s) 'warehouse_delivery_refresh' retrieved from /opt/airflow/dags/warehouse_delivery_dag.py
[2025-12-20T16:04:30.393+0000] {logging_mixin.py:188} INFO - [2025-12-20T16:04:30.393+0000] {dag.py:3033} INFO - Sync 1 DAGs
[2025-12-20T16:04:30.408+0000] {logging_mixin.py:188} INFO - [2025-12-20T16:04:30.407+0000] {dag.py:3820} INFO - Setting next_dagrun for warehouse_delivery_refresh to 2025-12-19T03:00:00+00:00, run_after=2025-12-20T03:00:00+00:00
[2025-12-20T16:04:30.419+0000] {processor.py:183} INFO - Processing /opt/airflow/dags/warehouse_delivery_dag.py took 0.084 seconds
[2025-12-20T16:05:00.789+0000] {processor.py:161} INFO - Started process (PID=341) to work on /opt/airflow/dags/warehouse_delivery_dag.py
[2025-12-20T16:05:00.790+0000] {processor.py:830} INFO - Processing file /opt/airflow/dags/warehouse_delivery_dag.py for tasks to queue
[2025-12-20T16:05:00.790+0000] {logging_mixin.py:188} INFO - [2025-12-20T16:05:00.790+0000] {dagbag.py:538} INFO - Filling up the DagBag from /opt/airflow/dags/warehouse_delivery_dag.py
[2025-12-20T16:05:00.811+0000] {processor.py:840} INFO - DAG(s) 'warehouse_delivery_refresh' retrieved from /opt/airflow/dags/warehouse_delivery_dag.py
[2025-12-20T16:05:00.861+0000] {logging_mixin.py:188} INFO - [2025-12-20T16:05:00.861+0000] {dag.py:3033} INFO - Sync 1 DAGs
[2025-12-20T16:05:00.892+0000] {logging_mixin.py:188} INFO - [2025-12-20T16:05:00.892+0000] {dag.py:3820} INFO - Setting next_dagrun for warehouse_delivery_refresh to 2025-12-19T03:00:00+00:00, run_after=2025-12-20T03:00:00+00:00
[2025-12-20T16:05:00.908+0000] {processor.py:183} INFO - Processing /opt/airflow/dags/warehouse_delivery_dag.py took 0.132 seconds
[2025-12-20T16:05:31.238+0000] {processor.py:161} INFO - Started process (PID=351) to work on /opt/airflow/dags/warehouse_delivery_dag.py
[2025-12-20T16:05:31.240+0000] {processor.py:830} INFO - Processing file /opt/airflow/dags/warehouse_delivery_dag.py for tasks to queue
[2025-12-20T16:05:31.241+0000] {logging_mixin.py:188} INFO - [2025-12-20T16:05:31.240+0000] {dagbag.py:538} INFO - Filling up the DagBag from /opt/airflow/dags/warehouse_delivery_dag.py
[2025-12-20T16:05:31.260+0000] {processor.py:840} INFO - DAG(s) 'warehouse_delivery_refresh' retrieved from /opt/airflow/dags/warehouse_delivery_dag.py
[2025-12-20T16:05:31.327+0000] {logging_mixin.py:188} INFO - [2025-12-20T16:05:31.327+0000] {dag.py:3033} INFO - Sync 1 DAGs
[2025-12-20T16:05:31.350+0000] {logging_mixin.py:188} INFO - [2025-12-20T16:05:31.350+0000] {dag.py:3820} INFO - Setting next_dagrun for warehouse_delivery_refresh to 2025-12-19T03:00:00+00:00, run_after=2025-12-20T03:00:00+00:00
[2025-12-20T16:05:31.362+0000] {processor.py:183} INFO - Processing /opt/airflow/dags/warehouse_delivery_dag.py took 0.132 seconds
[2025-12-20T16:06:01.699+0000] {processor.py:161} INFO - Started process (PID=361) to work on /opt/airflow/dags/warehouse_delivery_dag.py
[2025-12-20T16:06:01.701+0000] {processor.py:830} INFO - Processing file /opt/airflow/dags/warehouse_delivery_dag.py for tasks to queue
[2025-12-20T16:06:01.702+0000] {logging_mixin.py:188} INFO - [2025-12-20T16:06:01.702+0000] {dagbag.py:538} INFO - Filling up the DagBag from /opt/airflow/dags/warehouse_delivery_dag.py
[2025-12-20T16:06:01.714+0000] {processor.py:840} INFO - DAG(s) 'warehouse_delivery_refresh' retrieved from /opt/airflow/dags/warehouse_delivery_dag.py
[2025-12-20T16:06:01.741+0000] {logging_mixin.py:188} INFO - [2025-12-20T16:06:01.741+0000] {dag.py:3033} INFO - Sync 1 DAGs
[2025-12-20T16:06:01.756+0000] {logging_mixin.py:188} INFO - [2025-12-20T16:06:01.756+0000] {dag.py:3820} INFO - Setting next_dagrun for warehouse_delivery_refresh to 2025-12-19T03:00:00+00:00, run_after=2025-12-20T03:00:00+00:00
[2025-12-20T16:06:01.768+0000] {processor.py:183} INFO - Processing /opt/airflow/dags/warehouse_delivery_dag.py took 0.072 seconds
[2025-12-20T16:06:32.167+0000] {processor.py:161} INFO - Started process (PID=371) to work on /opt/airflow/dags/warehouse_delivery_dag.py
[2025-12-20T16:06:32.168+0000] {processor.py:830} INFO - Processing file /opt/airflow/dags/warehouse_delivery_dag.py for tasks to queue
[2025-12-20T16:06:32.169+0000] {logging_mixin.py:188} INFO - [2025-12-20T16:06:32.169+0000] {dagbag.py:538} INFO - Filling up the DagBag from /opt/airflow/dags/warehouse_delivery_dag.py
[2025-12-20T16:06:32.193+0000] {processor.py:840} INFO - DAG(s) 'warehouse_delivery_refresh' retrieved from /opt/airflow/dags/warehouse_delivery_dag.py
[2025-12-20T16:06:32.225+0000] {logging_mixin.py:188} INFO - [2025-12-20T16:06:32.225+0000] {dag.py:3033} INFO - Sync 1 DAGs
[2025-12-20T16:06:32.248+0000] {logging_mixin.py:188} INFO - [2025-12-20T16:06:32.248+0000] {dag.py:3820} INFO - Setting next_dagrun for warehouse_delivery_refresh to 2025-12-19T03:00:00+00:00, run_after=2025-12-20T03:00:00+00:00
[2025-12-20T16:06:32.264+0000] {processor.py:183} INFO - Processing /opt/airflow/dags/warehouse_delivery_dag.py took 0.104 seconds
[2025-12-20T16:07:02.597+0000] {processor.py:161} INFO - Started process (PID=381) to work on /opt/airflow/dags/warehouse_delivery_dag.py
[2025-12-20T16:07:02.598+0000] {processor.py:830} INFO - Processing file /opt/airflow/dags/warehouse_delivery_dag.py for tasks to queue
[2025-12-20T16:07:02.599+0000] {logging_mixin.py:188} INFO - [2025-12-20T16:07:02.598+0000] {dagbag.py:538} INFO - Filling up the DagBag from /opt/airflow/dags/warehouse_delivery_dag.py
[2025-12-20T16:07:02.608+0000] {processor.py:840} INFO - DAG(s) 'warehouse_delivery_refresh' retrieved from /opt/airflow/dags/warehouse_delivery_dag.py
[2025-12-20T16:07:02.628+0000] {logging_mixin.py:188} INFO - [2025-12-20T16:07:02.628+0000] {dag.py:3033} INFO - Sync 1 DAGs
[2025-12-20T16:07:02.643+0000] {logging_mixin.py:188} INFO - [2025-12-20T16:07:02.643+0000] {dag.py:3820} INFO - Setting next_dagrun for warehouse_delivery_refresh to 2025-12-19T03:00:00+00:00, run_after=2025-12-20T03:00:00+00:00
[2025-12-20T16:07:02.655+0000] {processor.py:183} INFO - Processing /opt/airflow/dags/warehouse_delivery_dag.py took 0.060 seconds
[2025-12-20T16:07:33.037+0000] {processor.py:161} INFO - Started process (PID=391) to work on /opt/airflow/dags/warehouse_delivery_dag.py
[2025-12-20T16:07:33.039+0000] {processor.py:830} INFO - Processing file /opt/airflow/dags/warehouse_delivery_dag.py for tasks to queue
[2025-12-20T16:07:33.040+0000] {logging_mixin.py:188} INFO - [2025-12-20T16:07:33.040+0000] {dagbag.py:538} INFO - Filling up the DagBag from /opt/airflow/dags/warehouse_delivery_dag.py
[2025-12-20T16:07:33.059+0000] {processor.py:840} INFO - DAG(s) 'warehouse_delivery_refresh' retrieved from /opt/airflow/dags/warehouse_delivery_dag.py
[2025-12-20T16:07:33.090+0000] {logging_mixin.py:188} INFO - [2025-12-20T16:07:33.090+0000] {dag.py:3033} INFO - Sync 1 DAGs
[2025-12-20T16:07:33.111+0000] {logging_mixin.py:188} INFO - [2025-12-20T16:07:33.111+0000] {dag.py:3820} INFO - Setting next_dagrun for warehouse_delivery_refresh to 2025-12-19T03:00:00+00:00, run_after=2025-12-20T03:00:00+00:00
[2025-12-20T16:07:33.125+0000] {processor.py:183} INFO - Processing /opt/airflow/dags/warehouse_delivery_dag.py took 0.098 seconds
[2025-12-20T16:08:03.402+0000] {processor.py:161} INFO - Started process (PID=401) to work on /opt/airflow/dags/warehouse_delivery_dag.py
[2025-12-20T16:08:03.402+0000] {processor.py:830} INFO - Processing file /opt/airflow/dags/warehouse_delivery_dag.py for tasks to queue
[2025-12-20T16:08:03.403+0000] {logging_mixin.py:188} INFO - [2025-12-20T16:08:03.403+0000] {dagbag.py:538} INFO - Filling up the DagBag from /opt/airflow/dags/warehouse_delivery_dag.py
[2025-12-20T16:08:03.418+0000] {processor.py:840} INFO - DAG(s) 'warehouse_delivery_refresh' retrieved from /opt/airflow/dags/warehouse_delivery_dag.py
[2025-12-20T16:08:03.444+0000] {logging_mixin.py:188} INFO - [2025-12-20T16:08:03.444+0000] {dag.py:3033} INFO - Sync 1 DAGs
[2025-12-20T16:08:03.465+0000] {logging_mixin.py:188} INFO - [2025-12-20T16:08:03.465+0000] {dag.py:3820} INFO - Setting next_dagrun for warehouse_delivery_refresh to 2025-12-19T03:00:00+00:00, run_after=2025-12-20T03:00:00+00:00
[2025-12-20T16:08:03.478+0000] {processor.py:183} INFO - Processing /opt/airflow/dags/warehouse_delivery_dag.py took 0.081 seconds
[2025-12-20T16:08:33.829+0000] {processor.py:161} INFO - Started process (PID=411) to work on /opt/airflow/dags/warehouse_delivery_dag.py
[2025-12-20T16:08:33.830+0000] {processor.py:830} INFO - Processing file /opt/airflow/dags/warehouse_delivery_dag.py for tasks to queue
[2025-12-20T16:08:33.831+0000] {logging_mixin.py:188} INFO - [2025-12-20T16:08:33.831+0000] {dagbag.py:538} INFO - Filling up the DagBag from /opt/airflow/dags/warehouse_delivery_dag.py
[2025-12-20T16:08:33.848+0000] {processor.py:840} INFO - DAG(s) 'warehouse_delivery_refresh' retrieved from /opt/airflow/dags/warehouse_delivery_dag.py
[2025-12-20T16:08:33.874+0000] {logging_mixin.py:188} INFO - [2025-12-20T16:08:33.874+0000] {dag.py:3033} INFO - Sync 1 DAGs
[2025-12-20T16:08:33.894+0000] {logging_mixin.py:188} INFO - [2025-12-20T16:08:33.894+0000] {dag.py:3820} INFO - Setting next_dagrun for warehouse_delivery_refresh to 2025-12-19T03:00:00+00:00, run_after=2025-12-20T03:00:00+00:00
[2025-12-20T16:08:33.907+0000] {processor.py:183} INFO - Processing /opt/airflow/dags/warehouse_delivery_dag.py took 0.083 seconds
[2025-12-20T16:09:04.322+0000] {processor.py:161} INFO - Started process (PID=421) to work on /opt/airflow/dags/warehouse_delivery_dag.py
[2025-12-20T16:09:04.323+0000] {processor.py:830} INFO - Processing file /opt/airflow/dags/warehouse_delivery_dag.py for tasks to queue
[2025-12-20T16:09:04.324+0000] {logging_mixin.py:188} INFO - [2025-12-20T16:09:04.324+0000] {dagbag.py:538} INFO - Filling up the DagBag from /opt/airflow/dags/warehouse_delivery_dag.py
[2025-12-20T16:09:04.337+0000] {processor.py:840} INFO - DAG(s) 'warehouse_delivery_refresh' retrieved from /opt/airflow/dags/warehouse_delivery_dag.py
[2025-12-20T16:09:04.367+0000] {logging_mixin.py:188} INFO - [2025-12-20T16:09:04.367+0000] {dag.py:3033} INFO - Sync 1 DAGs
[2025-12-20T16:09:04.388+0000] {logging_mixin.py:188} INFO - [2025-12-20T16:09:04.388+0000] {dag.py:3820} INFO - Setting next_dagrun for warehouse_delivery_refresh to 2025-12-19T03:00:00+00:00, run_after=2025-12-20T03:00:00+00:00
[2025-12-20T16:09:04.402+0000] {processor.py:183} INFO - Processing /opt/airflow/dags/warehouse_delivery_dag.py took 0.087 seconds
[2025-12-20T16:09:34.615+0000] {processor.py:161} INFO - Started process (PID=431) to work on /opt/airflow/dags/warehouse_delivery_dag.py
[2025-12-20T16:09:34.616+0000] {processor.py:830} INFO - Processing file /opt/airflow/dags/warehouse_delivery_dag.py for tasks to queue
[2025-12-20T16:09:34.616+0000] {logging_mixin.py:188} INFO - [2025-12-20T16:09:34.616+0000] {dagbag.py:538} INFO - Filling up the DagBag from /opt/airflow/dags/warehouse_delivery_dag.py
[2025-12-20T16:09:34.629+0000] {processor.py:840} INFO - DAG(s) 'warehouse_delivery_refresh' retrieved from /opt/airflow/dags/warehouse_delivery_dag.py
[2025-12-20T16:09:34.651+0000] {logging_mixin.py:188} INFO - [2025-12-20T16:09:34.651+0000] {dag.py:3033} INFO - Sync 1 DAGs
[2025-12-20T16:09:34.665+0000] {logging_mixin.py:188} INFO - [2025-12-20T16:09:34.664+0000] {dag.py:3820} INFO - Setting next_dagrun for warehouse_delivery_refresh to 2025-12-19T03:00:00+00:00, run_after=2025-12-20T03:00:00+00:00
[2025-12-20T16:09:34.676+0000] {processor.py:183} INFO - Processing /opt/airflow/dags/warehouse_delivery_dag.py took 0.064 seconds
[2025-12-20T16:10:05.123+0000] {processor.py:161} INFO - Started process (PID=441) to work on /opt/airflow/dags/warehouse_delivery_dag.py
[2025-12-20T16:10:05.125+0000] {processor.py:830} INFO - Processing file /opt/airflow/dags/warehouse_delivery_dag.py for tasks to queue
[2025-12-20T16:10:05.127+0000] {logging_mixin.py:188} INFO - [2025-12-20T16:10:05.126+0000] {dagbag.py:538} INFO - Filling up the DagBag from /opt/airflow/dags/warehouse_delivery_dag.py
[2025-12-20T16:10:05.147+0000] {processor.py:840} INFO - DAG(s) 'warehouse_delivery_refresh' retrieved from /opt/airflow/dags/warehouse_delivery_dag.py
[2025-12-20T16:10:05.183+0000] {logging_mixin.py:188} INFO - [2025-12-20T16:10:05.183+0000] {dag.py:3033} INFO - Sync 1 DAGs
[2025-12-20T16:10:05.208+0000] {logging_mixin.py:188} INFO - [2025-12-20T16:10:05.208+0000] {dag.py:3820} INFO - Setting next_dagrun for warehouse_delivery_refresh to 2025-12-19T03:00:00+00:00, run_after=2025-12-20T03:00:00+00:00
[2025-12-20T16:10:05.221+0000] {processor.py:183} INFO - Processing /opt/airflow/dags/warehouse_delivery_dag.py took 0.108 seconds
[2025-12-20T16:10:35.635+0000] {processor.py:161} INFO - Started process (PID=451) to work on /opt/airflow/dags/warehouse_delivery_dag.py
[2025-12-20T16:10:35.638+0000] {processor.py:830} INFO - Processing file /opt/airflow/dags/warehouse_delivery_dag.py for tasks to queue
[2025-12-20T16:10:35.639+0000] {logging_mixin.py:188} INFO - [2025-12-20T16:10:35.638+0000] {dagbag.py:538} INFO - Filling up the DagBag from /opt/airflow/dags/warehouse_delivery_dag.py
[2025-12-20T16:10:35.660+0000] {processor.py:840} INFO - DAG(s) 'warehouse_delivery_refresh' retrieved from /opt/airflow/dags/warehouse_delivery_dag.py
[2025-12-20T16:10:35.690+0000] {logging_mixin.py:188} INFO - [2025-12-20T16:10:35.690+0000] {dag.py:3033} INFO - Sync 1 DAGs
[2025-12-20T16:10:35.712+0000] {logging_mixin.py:188} INFO - [2025-12-20T16:10:35.712+0000] {dag.py:3820} INFO - Setting next_dagrun for warehouse_delivery_refresh to 2025-12-19T03:00:00+00:00, run_after=2025-12-20T03:00:00+00:00
[2025-12-20T16:10:35.725+0000] {processor.py:183} INFO - Processing /opt/airflow/dags/warehouse_delivery_dag.py took 0.095 seconds
[2025-12-20T16:11:06.070+0000] {processor.py:161} INFO - Started process (PID=461) to work on /opt/airflow/dags/warehouse_delivery_dag.py
[2025-12-20T16:11:06.071+0000] {processor.py:830} INFO - Processing file /opt/airflow/dags/warehouse_delivery_dag.py for tasks to queue
[2025-12-20T16:11:06.072+0000] {logging_mixin.py:188} INFO - [2025-12-20T16:11:06.072+0000] {dagbag.py:538} INFO - Filling up the DagBag from /opt/airflow/dags/warehouse_delivery_dag.py
[2025-12-20T16:11:06.082+0000] {processor.py:840} INFO - DAG(s) 'warehouse_delivery_refresh' retrieved from /opt/airflow/dags/warehouse_delivery_dag.py
[2025-12-20T16:11:06.105+0000] {logging_mixin.py:188} INFO - [2025-12-20T16:11:06.105+0000] {dag.py:3033} INFO - Sync 1 DAGs
[2025-12-20T16:11:06.121+0000] {logging_mixin.py:188} INFO - [2025-12-20T16:11:06.120+0000] {dag.py:3820} INFO - Setting next_dagrun for warehouse_delivery_refresh to 2025-12-19T03:00:00+00:00, run_after=2025-12-20T03:00:00+00:00
[2025-12-20T16:11:06.132+0000] {processor.py:183} INFO - Processing /opt/airflow/dags/warehouse_delivery_dag.py took 0.066 seconds
[2025-12-20T16:11:36.563+0000] {processor.py:161} INFO - Started process (PID=471) to work on /opt/airflow/dags/warehouse_delivery_dag.py
[2025-12-20T16:11:36.564+0000] {processor.py:830} INFO - Processing file /opt/airflow/dags/warehouse_delivery_dag.py for tasks to queue
[2025-12-20T16:11:36.564+0000] {logging_mixin.py:188} INFO - [2025-12-20T16:11:36.564+0000] {dagbag.py:538} INFO - Filling up the DagBag from /opt/airflow/dags/warehouse_delivery_dag.py
[2025-12-20T16:11:36.575+0000] {processor.py:840} INFO - DAG(s) 'warehouse_delivery_refresh' retrieved from /opt/airflow/dags/warehouse_delivery_dag.py
[2025-12-20T16:11:36.594+0000] {logging_mixin.py:188} INFO - [2025-12-20T16:11:36.593+0000] {dag.py:3033} INFO - Sync 1 DAGs
[2025-12-20T16:11:36.607+0000] {logging_mixin.py:188} INFO - [2025-12-20T16:11:36.607+0000] {dag.py:3820} INFO - Setting next_dagrun for warehouse_delivery_refresh to 2025-12-19T03:00:00+00:00, run_after=2025-12-20T03:00:00+00:00
[2025-12-20T16:11:36.617+0000] {processor.py:183} INFO - Processing /opt/airflow/dags/warehouse_delivery_dag.py took 0.056 seconds
[2025-12-20T16:12:06.937+0000] {processor.py:161} INFO - Started process (PID=481) to work on /opt/airflow/dags/warehouse_delivery_dag.py
[2025-12-20T16:12:06.938+0000] {processor.py:830} INFO - Processing file /opt/airflow/dags/warehouse_delivery_dag.py for tasks to queue
[2025-12-20T16:12:06.939+0000] {logging_mixin.py:188} INFO - [2025-12-20T16:12:06.938+0000] {dagbag.py:538} INFO - Filling up the DagBag from /opt/airflow/dags/warehouse_delivery_dag.py
[2025-12-20T16:12:06.950+0000] {processor.py:840} INFO - DAG(s) 'warehouse_delivery_refresh' retrieved from /opt/airflow/dags/warehouse_delivery_dag.py
[2025-12-20T16:12:06.972+0000] {logging_mixin.py:188} INFO - [2025-12-20T16:12:06.972+0000] {dag.py:3033} INFO - Sync 1 DAGs
[2025-12-20T16:12:06.986+0000] {logging_mixin.py:188} INFO - [2025-12-20T16:12:06.986+0000] {dag.py:3820} INFO - Setting next_dagrun for warehouse_delivery_refresh to 2025-12-19T03:00:00+00:00, run_after=2025-12-20T03:00:00+00:00
[2025-12-20T16:12:06.997+0000] {processor.py:183} INFO - Processing /opt/airflow/dags/warehouse_delivery_dag.py took 0.062 seconds
[2025-12-20T16:12:37.372+0000] {processor.py:161} INFO - Started process (PID=491) to work on /opt/airflow/dags/warehouse_delivery_dag.py
[2025-12-20T16:12:37.374+0000] {processor.py:830} INFO - Processing file /opt/airflow/dags/warehouse_delivery_dag.py for tasks to queue
[2025-12-20T16:12:37.374+0000] {logging_mixin.py:188} INFO - [2025-12-20T16:12:37.374+0000] {dagbag.py:538} INFO - Filling up the DagBag from /opt/airflow/dags/warehouse_delivery_dag.py
[2025-12-20T16:12:37.386+0000] {processor.py:840} INFO - DAG(s) 'warehouse_delivery_refresh' retrieved from /opt/airflow/dags/warehouse_delivery_dag.py
[2025-12-20T16:12:37.412+0000] {logging_mixin.py:188} INFO - [2025-12-20T16:12:37.411+0000] {dag.py:3033} INFO - Sync 1 DAGs
[2025-12-20T16:12:37.429+0000] {logging_mixin.py:188} INFO - [2025-12-20T16:12:37.429+0000] {dag.py:3820} INFO - Setting next_dagrun for warehouse_delivery_refresh to 2025-12-19T03:00:00+00:00, run_after=2025-12-20T03:00:00+00:00
[2025-12-20T16:12:37.442+0000] {processor.py:183} INFO - Processing /opt/airflow/dags/warehouse_delivery_dag.py took 0.074 seconds
[2025-12-20T16:13:07.838+0000] {processor.py:161} INFO - Started process (PID=501) to work on /opt/airflow/dags/warehouse_delivery_dag.py
[2025-12-20T16:13:07.839+0000] {processor.py:830} INFO - Processing file /opt/airflow/dags/warehouse_delivery_dag.py for tasks to queue
[2025-12-20T16:13:07.841+0000] {logging_mixin.py:188} INFO - [2025-12-20T16:13:07.840+0000] {dagbag.py:538} INFO - Filling up the DagBag from /opt/airflow/dags/warehouse_delivery_dag.py
[2025-12-20T16:13:07.850+0000] {processor.py:840} INFO - DAG(s) 'warehouse_delivery_refresh' retrieved from /opt/airflow/dags/warehouse_delivery_dag.py
[2025-12-20T16:13:07.871+0000] {logging_mixin.py:188} INFO - [2025-12-20T16:13:07.871+0000] {dag.py:3033} INFO - Sync 1 DAGs
[2025-12-20T16:13:07.886+0000] {logging_mixin.py:188} INFO - [2025-12-20T16:13:07.886+0000] {dag.py:3820} INFO - Setting next_dagrun for warehouse_delivery_refresh to 2025-12-19T03:00:00+00:00, run_after=2025-12-20T03:00:00+00:00
[2025-12-20T16:13:07.899+0000] {processor.py:183} INFO - Processing /opt/airflow/dags/warehouse_delivery_dag.py took 0.063 seconds
[2025-12-20T16:13:38.288+0000] {processor.py:161} INFO - Started process (PID=511) to work on /opt/airflow/dags/warehouse_delivery_dag.py
[2025-12-20T16:13:38.289+0000] {processor.py:830} INFO - Processing file /opt/airflow/dags/warehouse_delivery_dag.py for tasks to queue
[2025-12-20T16:13:38.290+0000] {logging_mixin.py:188} INFO - [2025-12-20T16:13:38.290+0000] {dagbag.py:538} INFO - Filling up the DagBag from /opt/airflow/dags/warehouse_delivery_dag.py
[2025-12-20T16:13:38.310+0000] {processor.py:840} INFO - DAG(s) 'warehouse_delivery_refresh' retrieved from /opt/airflow/dags/warehouse_delivery_dag.py
[2025-12-20T16:13:38.345+0000] {logging_mixin.py:188} INFO - [2025-12-20T16:13:38.345+0000] {dag.py:3033} INFO - Sync 1 DAGs
[2025-12-20T16:13:38.365+0000] {logging_mixin.py:188} INFO - [2025-12-20T16:13:38.365+0000] {dag.py:3820} INFO - Setting next_dagrun for warehouse_delivery_refresh to 2025-12-19T03:00:00+00:00, run_after=2025-12-20T03:00:00+00:00
[2025-12-20T16:13:38.380+0000] {processor.py:183} INFO - Processing /opt/airflow/dags/warehouse_delivery_dag.py took 0.099 seconds
[2025-12-20T16:14:08.653+0000] {processor.py:161} INFO - Started process (PID=521) to work on /opt/airflow/dags/warehouse_delivery_dag.py
[2025-12-20T16:14:08.654+0000] {processor.py:830} INFO - Processing file /opt/airflow/dags/warehouse_delivery_dag.py for tasks to queue
[2025-12-20T16:14:08.654+0000] {logging_mixin.py:188} INFO - [2025-12-20T16:14:08.654+0000] {dagbag.py:538} INFO - Filling up the DagBag from /opt/airflow/dags/warehouse_delivery_dag.py
[2025-12-20T16:14:08.662+0000] {processor.py:840} INFO - DAG(s) 'warehouse_delivery_refresh' retrieved from /opt/airflow/dags/warehouse_delivery_dag.py
[2025-12-20T16:14:08.683+0000] {logging_mixin.py:188} INFO - [2025-12-20T16:14:08.683+0000] {dag.py:3033} INFO - Sync 1 DAGs
[2025-12-20T16:14:08.702+0000] {logging_mixin.py:188} INFO - [2025-12-20T16:14:08.701+0000] {dag.py:3820} INFO - Setting next_dagrun for warehouse_delivery_refresh to 2025-12-19T03:00:00+00:00, run_after=2025-12-20T03:00:00+00:00
[2025-12-20T16:14:08.713+0000] {processor.py:183} INFO - Processing /opt/airflow/dags/warehouse_delivery_dag.py took 0.064 seconds
[2025-12-20T16:14:39.090+0000] {processor.py:161} INFO - Started process (PID=531) to work on /opt/airflow/dags/warehouse_delivery_dag.py
[2025-12-20T16:14:39.090+0000] {processor.py:830} INFO - Processing file /opt/airflow/dags/warehouse_delivery_dag.py for tasks to queue
[2025-12-20T16:14:39.091+0000] {logging_mixin.py:188} INFO - [2025-12-20T16:14:39.091+0000] {dagbag.py:538} INFO - Filling up the DagBag from /opt/airflow/dags/warehouse_delivery_dag.py
[2025-12-20T16:14:39.099+0000] {processor.py:840} INFO - DAG(s) 'warehouse_delivery_refresh' retrieved from /opt/airflow/dags/warehouse_delivery_dag.py
[2025-12-20T16:14:39.119+0000] {logging_mixin.py:188} INFO - [2025-12-20T16:14:39.119+0000] {dag.py:3033} INFO - Sync 1 DAGs
[2025-12-20T16:14:39.133+0000] {logging_mixin.py:188} INFO - [2025-12-20T16:14:39.133+0000] {dag.py:3820} INFO - Setting next_dagrun for warehouse_delivery_refresh to 2025-12-19T03:00:00+00:00, run_after=2025-12-20T03:00:00+00:00
[2025-12-20T16:14:39.143+0000] {processor.py:183} INFO - Processing /opt/airflow/dags/warehouse_delivery_dag.py took 0.056 seconds
[2025-12-20T16:15:09.536+0000] {processor.py:161} INFO - Started process (PID=541) to work on /opt/airflow/dags/warehouse_delivery_dag.py
[2025-12-20T16:15:09.537+0000] {processor.py:830} INFO - Processing file /opt/airflow/dags/warehouse_delivery_dag.py for tasks to queue
[2025-12-20T16:15:09.538+0000] {logging_mixin.py:188} INFO - [2025-12-20T16:15:09.538+0000] {dagbag.py:538} INFO - Filling up the DagBag from /opt/airflow/dags/warehouse_delivery_dag.py
[2025-12-20T16:15:09.547+0000] {processor.py:840} INFO - DAG(s) 'warehouse_delivery_refresh' retrieved from /opt/airflow/dags/warehouse_delivery_dag.py
[2025-12-20T16:15:09.567+0000] {logging_mixin.py:188} INFO - [2025-12-20T16:15:09.567+0000] {dag.py:3033} INFO - Sync 1 DAGs
[2025-12-20T16:15:09.580+0000] {logging_mixin.py:188} INFO - [2025-12-20T16:15:09.580+0000] {dag.py:3820} INFO - Setting next_dagrun for warehouse_delivery_refresh to 2025-12-19T03:00:00+00:00, run_after=2025-12-20T03:00:00+00:00
[2025-12-20T16:15:09.591+0000] {processor.py:183} INFO - Processing /opt/airflow/dags/warehouse_delivery_dag.py took 0.058 seconds
[2025-12-20T16:15:39.923+0000] {processor.py:161} INFO - Started process (PID=550) to work on /opt/airflow/dags/warehouse_delivery_dag.py
[2025-12-20T16:15:39.924+0000] {processor.py:830} INFO - Processing file /opt/airflow/dags/warehouse_delivery_dag.py for tasks to queue
[2025-12-20T16:15:39.926+0000] {logging_mixin.py:188} INFO - [2025-12-20T16:15:39.925+0000] {dagbag.py:538} INFO - Filling up the DagBag from /opt/airflow/dags/warehouse_delivery_dag.py
[2025-12-20T16:15:39.939+0000] {processor.py:840} INFO - DAG(s) 'warehouse_delivery_refresh' retrieved from /opt/airflow/dags/warehouse_delivery_dag.py
[2025-12-20T16:15:39.964+0000] {logging_mixin.py:188} INFO - [2025-12-20T16:15:39.964+0000] {dag.py:3033} INFO - Sync 1 DAGs
[2025-12-20T16:15:39.982+0000] {logging_mixin.py:188} INFO - [2025-12-20T16:15:39.982+0000] {dag.py:3820} INFO - Setting next_dagrun for warehouse_delivery_refresh to 2025-12-19T03:00:00+00:00, run_after=2025-12-20T03:00:00+00:00
[2025-12-20T16:15:39.996+0000] {processor.py:183} INFO - Processing /opt/airflow/dags/warehouse_delivery_dag.py took 0.077 seconds
[2025-12-20T16:16:10.318+0000] {processor.py:161} INFO - Started process (PID=560) to work on /opt/airflow/dags/warehouse_delivery_dag.py
[2025-12-20T16:16:10.319+0000] {processor.py:830} INFO - Processing file /opt/airflow/dags/warehouse_delivery_dag.py for tasks to queue
[2025-12-20T16:16:10.322+0000] {logging_mixin.py:188} INFO - [2025-12-20T16:16:10.321+0000] {dagbag.py:538} INFO - Filling up the DagBag from /opt/airflow/dags/warehouse_delivery_dag.py
[2025-12-20T16:16:10.332+0000] {processor.py:840} INFO - DAG(s) 'warehouse_delivery_refresh' retrieved from /opt/airflow/dags/warehouse_delivery_dag.py
[2025-12-20T16:16:10.352+0000] {logging_mixin.py:188} INFO - [2025-12-20T16:16:10.352+0000] {dag.py:3033} INFO - Sync 1 DAGs
[2025-12-20T16:16:10.369+0000] {logging_mixin.py:188} INFO - [2025-12-20T16:16:10.369+0000] {dag.py:3820} INFO - Setting next_dagrun for warehouse_delivery_refresh to 2025-12-19T03:00:00+00:00, run_after=2025-12-20T03:00:00+00:00
[2025-12-20T16:16:10.383+0000] {processor.py:183} INFO - Processing /opt/airflow/dags/warehouse_delivery_dag.py took 0.067 seconds
[2025-12-20T16:16:40.705+0000] {processor.py:161} INFO - Started process (PID=569) to work on /opt/airflow/dags/warehouse_delivery_dag.py
[2025-12-20T16:16:40.706+0000] {processor.py:830} INFO - Processing file /opt/airflow/dags/warehouse_delivery_dag.py for tasks to queue
[2025-12-20T16:16:40.706+0000] {logging_mixin.py:188} INFO - [2025-12-20T16:16:40.706+0000] {dagbag.py:538} INFO - Filling up the DagBag from /opt/airflow/dags/warehouse_delivery_dag.py
[2025-12-20T16:16:40.716+0000] {processor.py:840} INFO - DAG(s) 'warehouse_delivery_refresh' retrieved from /opt/airflow/dags/warehouse_delivery_dag.py
[2025-12-20T16:16:40.737+0000] {logging_mixin.py:188} INFO - [2025-12-20T16:16:40.737+0000] {dag.py:3033} INFO - Sync 1 DAGs
[2025-12-20T16:16:40.754+0000] {logging_mixin.py:188} INFO - [2025-12-20T16:16:40.753+0000] {dag.py:3820} INFO - Setting next_dagrun for warehouse_delivery_refresh to 2025-12-19T03:00:00+00:00, run_after=2025-12-20T03:00:00+00:00
[2025-12-20T16:16:40.766+0000] {processor.py:183} INFO - Processing /opt/airflow/dags/warehouse_delivery_dag.py took 0.063 seconds
[2025-12-20T16:17:11.099+0000] {processor.py:161} INFO - Started process (PID=573) to work on /opt/airflow/dags/warehouse_delivery_dag.py
[2025-12-20T16:17:11.100+0000] {processor.py:830} INFO - Processing file /opt/airflow/dags/warehouse_delivery_dag.py for tasks to queue
[2025-12-20T16:17:11.101+0000] {logging_mixin.py:188} INFO - [2025-12-20T16:17:11.100+0000] {dagbag.py:538} INFO - Filling up the DagBag from /opt/airflow/dags/warehouse_delivery_dag.py
[2025-12-20T16:17:11.115+0000] {processor.py:840} INFO - DAG(s) 'warehouse_delivery_refresh' retrieved from /opt/airflow/dags/warehouse_delivery_dag.py
[2025-12-20T16:17:11.144+0000] {logging_mixin.py:188} INFO - [2025-12-20T16:17:11.143+0000] {dag.py:3033} INFO - Sync 1 DAGs
[2025-12-20T16:17:11.159+0000] {logging_mixin.py:188} INFO - [2025-12-20T16:17:11.159+0000] {dag.py:3820} INFO - Setting next_dagrun for warehouse_delivery_refresh to 2025-12-19T03:00:00+00:00, run_after=2025-12-20T03:00:00+00:00
[2025-12-20T16:17:11.171+0000] {processor.py:183} INFO - Processing /opt/airflow/dags/warehouse_delivery_dag.py took 0.077 seconds
[2025-12-20T16:17:41.532+0000] {processor.py:161} INFO - Started process (PID=583) to work on /opt/airflow/dags/warehouse_delivery_dag.py
[2025-12-20T16:17:41.533+0000] {processor.py:830} INFO - Processing file /opt/airflow/dags/warehouse_delivery_dag.py for tasks to queue
[2025-12-20T16:17:41.534+0000] {logging_mixin.py:188} INFO - [2025-12-20T16:17:41.534+0000] {dagbag.py:538} INFO - Filling up the DagBag from /opt/airflow/dags/warehouse_delivery_dag.py
[2025-12-20T16:17:41.546+0000] {processor.py:840} INFO - DAG(s) 'warehouse_delivery_refresh' retrieved from /opt/airflow/dags/warehouse_delivery_dag.py
[2025-12-20T16:17:41.578+0000] {logging_mixin.py:188} INFO - [2025-12-20T16:17:41.578+0000] {dag.py:3033} INFO - Sync 1 DAGs
[2025-12-20T16:17:41.597+0000] {logging_mixin.py:188} INFO - [2025-12-20T16:17:41.597+0000] {dag.py:3820} INFO - Setting next_dagrun for warehouse_delivery_refresh to 2025-12-19T03:00:00+00:00, run_after=2025-12-20T03:00:00+00:00
[2025-12-20T16:17:41.610+0000] {processor.py:183} INFO - Processing /opt/airflow/dags/warehouse_delivery_dag.py took 0.081 seconds
[2025-12-20T16:18:11.956+0000] {processor.py:161} INFO - Started process (PID=593) to work on /opt/airflow/dags/warehouse_delivery_dag.py
[2025-12-20T16:18:11.957+0000] {processor.py:830} INFO - Processing file /opt/airflow/dags/warehouse_delivery_dag.py for tasks to queue
[2025-12-20T16:18:11.958+0000] {logging_mixin.py:188} INFO - [2025-12-20T16:18:11.958+0000] {dagbag.py:538} INFO - Filling up the DagBag from /opt/airflow/dags/warehouse_delivery_dag.py
[2025-12-20T16:18:11.973+0000] {processor.py:840} INFO - DAG(s) 'warehouse_delivery_refresh' retrieved from /opt/airflow/dags/warehouse_delivery_dag.py
[2025-12-20T16:18:11.999+0000] {logging_mixin.py:188} INFO - [2025-12-20T16:18:11.999+0000] {dag.py:3033} INFO - Sync 1 DAGs
[2025-12-20T16:18:12.017+0000] {logging_mixin.py:188} INFO - [2025-12-20T16:18:12.017+0000] {dag.py:3820} INFO - Setting next_dagrun for warehouse_delivery_refresh to 2025-12-19T03:00:00+00:00, run_after=2025-12-20T03:00:00+00:00
[2025-12-20T16:18:12.030+0000] {processor.py:183} INFO - Processing /opt/airflow/dags/warehouse_delivery_dag.py took 0.079 seconds
[2025-12-20T16:18:42.373+0000] {processor.py:161} INFO - Started process (PID=603) to work on /opt/airflow/dags/warehouse_delivery_dag.py
[2025-12-20T16:18:42.374+0000] {processor.py:830} INFO - Processing file /opt/airflow/dags/warehouse_delivery_dag.py for tasks to queue
[2025-12-20T16:18:42.375+0000] {logging_mixin.py:188} INFO - [2025-12-20T16:18:42.375+0000] {dagbag.py:538} INFO - Filling up the DagBag from /opt/airflow/dags/warehouse_delivery_dag.py
[2025-12-20T16:18:42.386+0000] {processor.py:840} INFO - DAG(s) 'warehouse_delivery_refresh' retrieved from /opt/airflow/dags/warehouse_delivery_dag.py
[2025-12-20T16:18:42.408+0000] {logging_mixin.py:188} INFO - [2025-12-20T16:18:42.408+0000] {dag.py:3033} INFO - Sync 1 DAGs
[2025-12-20T16:18:42.425+0000] {logging_mixin.py:188} INFO - [2025-12-20T16:18:42.425+0000] {dag.py:3820} INFO - Setting next_dagrun for warehouse_delivery_refresh to 2025-12-19T03:00:00+00:00, run_after=2025-12-20T03:00:00+00:00
[2025-12-20T16:18:42.436+0000] {processor.py:183} INFO - Processing /opt/airflow/dags/warehouse_delivery_dag.py took 0.066 seconds
[2025-12-20T16:19:12.711+0000] {processor.py:161} INFO - Started process (PID=613) to work on /opt/airflow/dags/warehouse_delivery_dag.py
[2025-12-20T16:19:12.712+0000] {processor.py:830} INFO - Processing file /opt/airflow/dags/warehouse_delivery_dag.py for tasks to queue
[2025-12-20T16:19:12.713+0000] {logging_mixin.py:188} INFO - [2025-12-20T16:19:12.713+0000] {dagbag.py:538} INFO - Filling up the DagBag from /opt/airflow/dags/warehouse_delivery_dag.py
[2025-12-20T16:19:12.721+0000] {processor.py:840} INFO - DAG(s) 'warehouse_delivery_refresh' retrieved from /opt/airflow/dags/warehouse_delivery_dag.py
[2025-12-20T16:19:12.741+0000] {logging_mixin.py:188} INFO - [2025-12-20T16:19:12.741+0000] {dag.py:3033} INFO - Sync 1 DAGs
[2025-12-20T16:19:12.754+0000] {logging_mixin.py:188} INFO - [2025-12-20T16:19:12.754+0000] {dag.py:3820} INFO - Setting next_dagrun for warehouse_delivery_refresh to 2025-12-19T03:00:00+00:00, run_after=2025-12-20T03:00:00+00:00
[2025-12-20T16:19:12.765+0000] {processor.py:183} INFO - Processing /opt/airflow/dags/warehouse_delivery_dag.py took 0.059 seconds
[2025-12-20T16:19:43.036+0000] {processor.py:161} INFO - Started process (PID=623) to work on /opt/airflow/dags/warehouse_delivery_dag.py
[2025-12-20T16:19:43.037+0000] {processor.py:830} INFO - Processing file /opt/airflow/dags/warehouse_delivery_dag.py for tasks to queue
[2025-12-20T16:19:43.037+0000] {logging_mixin.py:188} INFO - [2025-12-20T16:19:43.037+0000] {dagbag.py:538} INFO - Filling up the DagBag from /opt/airflow/dags/warehouse_delivery_dag.py
[2025-12-20T16:19:43.049+0000] {processor.py:840} INFO - DAG(s) 'warehouse_delivery_refresh' retrieved from /opt/airflow/dags/warehouse_delivery_dag.py
[2025-12-20T16:19:43.070+0000] {logging_mixin.py:188} INFO - [2025-12-20T16:19:43.070+0000] {dag.py:3033} INFO - Sync 1 DAGs
[2025-12-20T16:19:43.086+0000] {logging_mixin.py:188} INFO - [2025-12-20T16:19:43.086+0000] {dag.py:3820} INFO - Setting next_dagrun for warehouse_delivery_refresh to 2025-12-19T03:00:00+00:00, run_after=2025-12-20T03:00:00+00:00
[2025-12-20T16:19:43.098+0000] {processor.py:183} INFO - Processing /opt/airflow/dags/warehouse_delivery_dag.py took 0.065 seconds
[2025-12-20T16:20:13.399+0000] {processor.py:161} INFO - Started process (PID=633) to work on /opt/airflow/dags/warehouse_delivery_dag.py
[2025-12-20T16:20:13.400+0000] {processor.py:830} INFO - Processing file /opt/airflow/dags/warehouse_delivery_dag.py for tasks to queue
[2025-12-20T16:20:13.400+0000] {logging_mixin.py:188} INFO - [2025-12-20T16:20:13.400+0000] {dagbag.py:538} INFO - Filling up the DagBag from /opt/airflow/dags/warehouse_delivery_dag.py
[2025-12-20T16:20:13.408+0000] {processor.py:840} INFO - DAG(s) 'warehouse_delivery_refresh' retrieved from /opt/airflow/dags/warehouse_delivery_dag.py
[2025-12-20T16:20:13.428+0000] {logging_mixin.py:188} INFO - [2025-12-20T16:20:13.428+0000] {dag.py:3033} INFO - Sync 1 DAGs
[2025-12-20T16:20:13.443+0000] {logging_mixin.py:188} INFO - [2025-12-20T16:20:13.443+0000] {dag.py:3820} INFO - Setting next_dagrun for warehouse_delivery_refresh to 2025-12-19T03:00:00+00:00, run_after=2025-12-20T03:00:00+00:00
[2025-12-20T16:20:13.455+0000] {processor.py:183} INFO - Processing /opt/airflow/dags/warehouse_delivery_dag.py took 0.058 seconds
[2025-12-20T16:20:43.788+0000] {processor.py:161} INFO - Started process (PID=643) to work on /opt/airflow/dags/warehouse_delivery_dag.py
[2025-12-20T16:20:43.789+0000] {processor.py:830} INFO - Processing file /opt/airflow/dags/warehouse_delivery_dag.py for tasks to queue
[2025-12-20T16:20:43.790+0000] {logging_mixin.py:188} INFO - [2025-12-20T16:20:43.790+0000] {dagbag.py:538} INFO - Filling up the DagBag from /opt/airflow/dags/warehouse_delivery_dag.py
[2025-12-20T16:20:43.799+0000] {processor.py:840} INFO - DAG(s) 'warehouse_delivery_refresh' retrieved from /opt/airflow/dags/warehouse_delivery_dag.py
[2025-12-20T16:20:43.821+0000] {logging_mixin.py:188} INFO - [2025-12-20T16:20:43.821+0000] {dag.py:3033} INFO - Sync 1 DAGs
[2025-12-20T16:20:43.837+0000] {logging_mixin.py:188} INFO - [2025-12-20T16:20:43.837+0000] {dag.py:3820} INFO - Setting next_dagrun for warehouse_delivery_refresh to 2025-12-19T03:00:00+00:00, run_after=2025-12-20T03:00:00+00:00
[2025-12-20T16:20:43.848+0000] {processor.py:183} INFO - Processing /opt/airflow/dags/warehouse_delivery_dag.py took 0.063 seconds
[2025-12-20T16:21:14.174+0000] {processor.py:161} INFO - Started process (PID=653) to work on /opt/airflow/dags/warehouse_delivery_dag.py
[2025-12-20T16:21:14.176+0000] {processor.py:830} INFO - Processing file /opt/airflow/dags/warehouse_delivery_dag.py for tasks to queue
[2025-12-20T16:21:14.176+0000] {logging_mixin.py:188} INFO - [2025-12-20T16:21:14.176+0000] {dagbag.py:538} INFO - Filling up the DagBag from /opt/airflow/dags/warehouse_delivery_dag.py
[2025-12-20T16:21:14.211+0000] {processor.py:840} INFO - DAG(s) 'warehouse_delivery_refresh' retrieved from /opt/airflow/dags/warehouse_delivery_dag.py
[2025-12-20T16:21:14.247+0000] {logging_mixin.py:188} INFO - [2025-12-20T16:21:14.247+0000] {dag.py:3033} INFO - Sync 1 DAGs
[2025-12-20T16:21:14.282+0000] {logging_mixin.py:188} INFO - [2025-12-20T16:21:14.282+0000] {dag.py:3820} INFO - Setting next_dagrun for warehouse_delivery_refresh to 2025-12-19T03:00:00+00:00, run_after=2025-12-20T03:00:00+00:00
[2025-12-20T16:21:14.298+0000] {processor.py:183} INFO - Processing /opt/airflow/dags/warehouse_delivery_dag.py took 0.130 seconds
[2025-12-20T16:21:44.627+0000] {processor.py:161} INFO - Started process (PID=663) to work on /opt/airflow/dags/warehouse_delivery_dag.py
[2025-12-20T16:21:44.628+0000] {processor.py:830} INFO - Processing file /opt/airflow/dags/warehouse_delivery_dag.py for tasks to queue
[2025-12-20T16:21:44.629+0000] {logging_mixin.py:188} INFO - [2025-12-20T16:21:44.629+0000] {dagbag.py:538} INFO - Filling up the DagBag from /opt/airflow/dags/warehouse_delivery_dag.py
[2025-12-20T16:21:44.638+0000] {processor.py:840} INFO - DAG(s) 'warehouse_delivery_refresh' retrieved from /opt/airflow/dags/warehouse_delivery_dag.py
[2025-12-20T16:21:44.658+0000] {logging_mixin.py:188} INFO - [2025-12-20T16:21:44.658+0000] {dag.py:3033} INFO - Sync 1 DAGs
[2025-12-20T16:21:44.673+0000] {logging_mixin.py:188} INFO - [2025-12-20T16:21:44.673+0000] {dag.py:3820} INFO - Setting next_dagrun for warehouse_delivery_refresh to 2025-12-19T03:00:00+00:00, run_after=2025-12-20T03:00:00+00:00
[2025-12-20T16:21:44.685+0000] {processor.py:183} INFO - Processing /opt/airflow/dags/warehouse_delivery_dag.py took 0.062 seconds
[2025-12-20T16:22:14.982+0000] {processor.py:161} INFO - Started process (PID=673) to work on /opt/airflow/dags/warehouse_delivery_dag.py
[2025-12-20T16:22:14.983+0000] {processor.py:830} INFO - Processing file /opt/airflow/dags/warehouse_delivery_dag.py for tasks to queue
[2025-12-20T16:22:14.983+0000] {logging_mixin.py:188} INFO - [2025-12-20T16:22:14.983+0000] {dagbag.py:538} INFO - Filling up the DagBag from /opt/airflow/dags/warehouse_delivery_dag.py
[2025-12-20T16:22:14.993+0000] {processor.py:840} INFO - DAG(s) 'warehouse_delivery_refresh' retrieved from /opt/airflow/dags/warehouse_delivery_dag.py
[2025-12-20T16:22:15.015+0000] {logging_mixin.py:188} INFO - [2025-12-20T16:22:15.014+0000] {dag.py:3033} INFO - Sync 1 DAGs
[2025-12-20T16:22:15.030+0000] {logging_mixin.py:188} INFO - [2025-12-20T16:22:15.030+0000] {dag.py:3820} INFO - Setting next_dagrun for warehouse_delivery_refresh to 2025-12-19T03:00:00+00:00, run_after=2025-12-20T03:00:00+00:00
[2025-12-20T16:22:15.041+0000] {processor.py:183} INFO - Processing /opt/airflow/dags/warehouse_delivery_dag.py took 0.062 seconds
[2025-12-20T16:22:45.382+0000] {processor.py:161} INFO - Started process (PID=683) to work on /opt/airflow/dags/warehouse_delivery_dag.py
[2025-12-20T16:22:45.383+0000] {processor.py:830} INFO - Processing file /opt/airflow/dags/warehouse_delivery_dag.py for tasks to queue
[2025-12-20T16:22:45.384+0000] {logging_mixin.py:188} INFO - [2025-12-20T16:22:45.383+0000] {dagbag.py:538} INFO - Filling up the DagBag from /opt/airflow/dags/warehouse_delivery_dag.py
[2025-12-20T16:22:45.399+0000] {processor.py:840} INFO - DAG(s) 'warehouse_delivery_refresh' retrieved from /opt/airflow/dags/warehouse_delivery_dag.py
[2025-12-20T16:22:45.426+0000] {logging_mixin.py:188} INFO - [2025-12-20T16:22:45.426+0000] {dag.py:3033} INFO - Sync 1 DAGs
[2025-12-20T16:22:45.444+0000] {logging_mixin.py:188} INFO - [2025-12-20T16:22:45.444+0000] {dag.py:3820} INFO - Setting next_dagrun for warehouse_delivery_refresh to 2025-12-19T03:00:00+00:00, run_after=2025-12-20T03:00:00+00:00
[2025-12-20T16:22:45.457+0000] {processor.py:183} INFO - Processing /opt/airflow/dags/warehouse_delivery_dag.py took 0.082 seconds
[2025-12-20T16:23:15.786+0000] {processor.py:161} INFO - Started process (PID=693) to work on /opt/airflow/dags/warehouse_delivery_dag.py
[2025-12-20T16:23:15.787+0000] {processor.py:830} INFO - Processing file /opt/airflow/dags/warehouse_delivery_dag.py for tasks to queue
[2025-12-20T16:23:15.788+0000] {logging_mixin.py:188} INFO - [2025-12-20T16:23:15.788+0000] {dagbag.py:538} INFO - Filling up the DagBag from /opt/airflow/dags/warehouse_delivery_dag.py
[2025-12-20T16:23:15.801+0000] {processor.py:840} INFO - DAG(s) 'warehouse_delivery_refresh' retrieved from /opt/airflow/dags/warehouse_delivery_dag.py
[2025-12-20T16:23:15.821+0000] {logging_mixin.py:188} INFO - [2025-12-20T16:23:15.821+0000] {dag.py:3033} INFO - Sync 1 DAGs
[2025-12-20T16:23:15.837+0000] {logging_mixin.py:188} INFO - [2025-12-20T16:23:15.837+0000] {dag.py:3820} INFO - Setting next_dagrun for warehouse_delivery_refresh to 2025-12-19T03:00:00+00:00, run_after=2025-12-20T03:00:00+00:00
[2025-12-20T16:23:15.848+0000] {processor.py:183} INFO - Processing /opt/airflow/dags/warehouse_delivery_dag.py took 0.064 seconds
[2025-12-20T16:23:46.146+0000] {processor.py:161} INFO - Started process (PID=703) to work on /opt/airflow/dags/warehouse_delivery_dag.py
[2025-12-20T16:23:46.148+0000] {processor.py:830} INFO - Processing file /opt/airflow/dags/warehouse_delivery_dag.py for tasks to queue
[2025-12-20T16:23:46.149+0000] {logging_mixin.py:188} INFO - [2025-12-20T16:23:46.149+0000] {dagbag.py:538} INFO - Filling up the DagBag from /opt/airflow/dags/warehouse_delivery_dag.py
[2025-12-20T16:23:46.158+0000] {processor.py:840} INFO - DAG(s) 'warehouse_delivery_refresh' retrieved from /opt/airflow/dags/warehouse_delivery_dag.py
[2025-12-20T16:23:46.180+0000] {logging_mixin.py:188} INFO - [2025-12-20T16:23:46.180+0000] {dag.py:3033} INFO - Sync 1 DAGs
[2025-12-20T16:23:46.199+0000] {logging_mixin.py:188} INFO - [2025-12-20T16:23:46.199+0000] {dag.py:3820} INFO - Setting next_dagrun for warehouse_delivery_refresh to 2025-12-19T03:00:00+00:00, run_after=2025-12-20T03:00:00+00:00
[2025-12-20T16:23:46.211+0000] {processor.py:183} INFO - Processing /opt/airflow/dags/warehouse_delivery_dag.py took 0.068 seconds
[2025-12-20T16:24:16.548+0000] {processor.py:161} INFO - Started process (PID=713) to work on /opt/airflow/dags/warehouse_delivery_dag.py
[2025-12-20T16:24:16.549+0000] {processor.py:830} INFO - Processing file /opt/airflow/dags/warehouse_delivery_dag.py for tasks to queue
[2025-12-20T16:24:16.551+0000] {logging_mixin.py:188} INFO - [2025-12-20T16:24:16.550+0000] {dagbag.py:538} INFO - Filling up the DagBag from /opt/airflow/dags/warehouse_delivery_dag.py
[2025-12-20T16:24:16.567+0000] {processor.py:840} INFO - DAG(s) 'warehouse_delivery_refresh' retrieved from /opt/airflow/dags/warehouse_delivery_dag.py
[2025-12-20T16:24:16.593+0000] {logging_mixin.py:188} INFO - [2025-12-20T16:24:16.593+0000] {dag.py:3033} INFO - Sync 1 DAGs
[2025-12-20T16:24:16.611+0000] {logging_mixin.py:188} INFO - [2025-12-20T16:24:16.611+0000] {dag.py:3820} INFO - Setting next_dagrun for warehouse_delivery_refresh to 2025-12-19T03:00:00+00:00, run_after=2025-12-20T03:00:00+00:00
[2025-12-20T16:24:16.624+0000] {processor.py:183} INFO - Processing /opt/airflow/dags/warehouse_delivery_dag.py took 0.081 seconds
[2025-12-20T16:24:46.988+0000] {processor.py:161} INFO - Started process (PID=723) to work on /opt/airflow/dags/warehouse_delivery_dag.py
[2025-12-20T16:24:46.989+0000] {processor.py:830} INFO - Processing file /opt/airflow/dags/warehouse_delivery_dag.py for tasks to queue
[2025-12-20T16:24:46.989+0000] {logging_mixin.py:188} INFO - [2025-12-20T16:24:46.989+0000] {dagbag.py:538} INFO - Filling up the DagBag from /opt/airflow/dags/warehouse_delivery_dag.py
[2025-12-20T16:24:46.999+0000] {processor.py:840} INFO - DAG(s) 'warehouse_delivery_refresh' retrieved from /opt/airflow/dags/warehouse_delivery_dag.py
[2025-12-20T16:24:47.021+0000] {logging_mixin.py:188} INFO - [2025-12-20T16:24:47.021+0000] {dag.py:3033} INFO - Sync 1 DAGs
[2025-12-20T16:24:47.036+0000] {logging_mixin.py:188} INFO - [2025-12-20T16:24:47.036+0000] {dag.py:3820} INFO - Setting next_dagrun for warehouse_delivery_refresh to 2025-12-19T03:00:00+00:00, run_after=2025-12-20T03:00:00+00:00
[2025-12-20T16:24:47.047+0000] {processor.py:183} INFO - Processing /opt/airflow/dags/warehouse_delivery_dag.py took 0.061 seconds
[2025-12-20T16:25:17.358+0000] {processor.py:161} INFO - Started process (PID=732) to work on /opt/airflow/dags/warehouse_delivery_dag.py
[2025-12-20T16:25:17.359+0000] {processor.py:830} INFO - Processing file /opt/airflow/dags/warehouse_delivery_dag.py for tasks to queue
[2025-12-20T16:25:17.360+0000] {logging_mixin.py:188} INFO - [2025-12-20T16:25:17.360+0000] {dagbag.py:538} INFO - Filling up the DagBag from /opt/airflow/dags/warehouse_delivery_dag.py
[2025-12-20T16:25:17.371+0000] {processor.py:840} INFO - DAG(s) 'warehouse_delivery_refresh' retrieved from /opt/airflow/dags/warehouse_delivery_dag.py
[2025-12-20T16:25:17.393+0000] {logging_mixin.py:188} INFO - [2025-12-20T16:25:17.393+0000] {dag.py:3033} INFO - Sync 1 DAGs
[2025-12-20T16:25:17.408+0000] {logging_mixin.py:188} INFO - [2025-12-20T16:25:17.407+0000] {dag.py:3820} INFO - Setting next_dagrun for warehouse_delivery_refresh to 2025-12-19T03:00:00+00:00, run_after=2025-12-20T03:00:00+00:00
[2025-12-20T16:25:17.419+0000] {processor.py:183} INFO - Processing /opt/airflow/dags/warehouse_delivery_dag.py took 0.063 seconds
[2025-12-20T16:25:47.746+0000] {processor.py:161} INFO - Started process (PID=742) to work on /opt/airflow/dags/warehouse_delivery_dag.py
[2025-12-20T16:25:47.747+0000] {processor.py:830} INFO - Processing file /opt/airflow/dags/warehouse_delivery_dag.py for tasks to queue
[2025-12-20T16:25:47.747+0000] {logging_mixin.py:188} INFO - [2025-12-20T16:25:47.747+0000] {dagbag.py:538} INFO - Filling up the DagBag from /opt/airflow/dags/warehouse_delivery_dag.py
[2025-12-20T16:25:47.756+0000] {processor.py:840} INFO - DAG(s) 'warehouse_delivery_refresh' retrieved from /opt/airflow/dags/warehouse_delivery_dag.py
[2025-12-20T16:25:47.777+0000] {logging_mixin.py:188} INFO - [2025-12-20T16:25:47.777+0000] {dag.py:3033} INFO - Sync 1 DAGs
[2025-12-20T16:25:47.792+0000] {logging_mixin.py:188} INFO - [2025-12-20T16:25:47.792+0000] {dag.py:3820} INFO - Setting next_dagrun for warehouse_delivery_refresh to 2025-12-19T03:00:00+00:00, run_after=2025-12-20T03:00:00+00:00
[2025-12-20T16:25:47.803+0000] {processor.py:183} INFO - Processing /opt/airflow/dags/warehouse_delivery_dag.py took 0.060 seconds
[2025-12-20T16:26:18.146+0000] {processor.py:161} INFO - Started process (PID=751) to work on /opt/airflow/dags/warehouse_delivery_dag.py
[2025-12-20T16:26:18.147+0000] {processor.py:830} INFO - Processing file /opt/airflow/dags/warehouse_delivery_dag.py for tasks to queue
[2025-12-20T16:26:18.148+0000] {logging_mixin.py:188} INFO - [2025-12-20T16:26:18.148+0000] {dagbag.py:538} INFO - Filling up the DagBag from /opt/airflow/dags/warehouse_delivery_dag.py
[2025-12-20T16:26:18.165+0000] {processor.py:840} INFO - DAG(s) 'warehouse_delivery_refresh' retrieved from /opt/airflow/dags/warehouse_delivery_dag.py
[2025-12-20T16:26:18.192+0000] {logging_mixin.py:188} INFO - [2025-12-20T16:26:18.192+0000] {dag.py:3033} INFO - Sync 1 DAGs
[2025-12-20T16:26:18.211+0000] {logging_mixin.py:188} INFO - [2025-12-20T16:26:18.211+0000] {dag.py:3820} INFO - Setting next_dagrun for warehouse_delivery_refresh to 2025-12-19T03:00:00+00:00, run_after=2025-12-20T03:00:00+00:00
[2025-12-20T16:26:18.224+0000] {processor.py:183} INFO - Processing /opt/airflow/dags/warehouse_delivery_dag.py took 0.085 seconds
[2025-12-20T16:26:48.552+0000] {processor.py:161} INFO - Started process (PID=761) to work on /opt/airflow/dags/warehouse_delivery_dag.py
[2025-12-20T16:26:48.553+0000] {processor.py:830} INFO - Processing file /opt/airflow/dags/warehouse_delivery_dag.py for tasks to queue
[2025-12-20T16:26:48.554+0000] {logging_mixin.py:188} INFO - [2025-12-20T16:26:48.553+0000] {dagbag.py:538} INFO - Filling up the DagBag from /opt/airflow/dags/warehouse_delivery_dag.py
[2025-12-20T16:26:48.564+0000] {processor.py:840} INFO - DAG(s) 'warehouse_delivery_refresh' retrieved from /opt/airflow/dags/warehouse_delivery_dag.py
[2025-12-20T16:26:48.584+0000] {logging_mixin.py:188} INFO - [2025-12-20T16:26:48.583+0000] {dag.py:3033} INFO - Sync 1 DAGs
[2025-12-20T16:26:48.597+0000] {logging_mixin.py:188} INFO - [2025-12-20T16:26:48.597+0000] {dag.py:3820} INFO - Setting next_dagrun for warehouse_delivery_refresh to 2025-12-19T03:00:00+00:00, run_after=2025-12-20T03:00:00+00:00
[2025-12-20T16:26:48.608+0000] {processor.py:183} INFO - Processing /opt/airflow/dags/warehouse_delivery_dag.py took 0.060 seconds
[2025-12-20T16:27:18.958+0000] {processor.py:161} INFO - Started process (PID=771) to work on /opt/airflow/dags/warehouse_delivery_dag.py
[2025-12-20T16:27:18.959+0000] {processor.py:830} INFO - Processing file /opt/airflow/dags/warehouse_delivery_dag.py for tasks to queue
[2025-12-20T16:27:18.959+0000] {logging_mixin.py:188} INFO - [2025-12-20T16:27:18.959+0000] {dagbag.py:538} INFO - Filling up the DagBag from /opt/airflow/dags/warehouse_delivery_dag.py
[2025-12-20T16:27:18.968+0000] {processor.py:840} INFO - DAG(s) 'warehouse_delivery_refresh' retrieved from /opt/airflow/dags/warehouse_delivery_dag.py
[2025-12-20T16:27:18.988+0000] {logging_mixin.py:188} INFO - [2025-12-20T16:27:18.988+0000] {dag.py:3033} INFO - Sync 1 DAGs
[2025-12-20T16:27:19.002+0000] {logging_mixin.py:188} INFO - [2025-12-20T16:27:19.002+0000] {dag.py:3820} INFO - Setting next_dagrun for warehouse_delivery_refresh to 2025-12-19T03:00:00+00:00, run_after=2025-12-20T03:00:00+00:00
[2025-12-20T16:27:19.014+0000] {processor.py:183} INFO - Processing /opt/airflow/dags/warehouse_delivery_dag.py took 0.059 seconds
[2025-12-20T16:27:49.338+0000] {processor.py:161} INFO - Started process (PID=781) to work on /opt/airflow/dags/warehouse_delivery_dag.py
[2025-12-20T16:27:49.338+0000] {processor.py:830} INFO - Processing file /opt/airflow/dags/warehouse_delivery_dag.py for tasks to queue
[2025-12-20T16:27:49.339+0000] {logging_mixin.py:188} INFO - [2025-12-20T16:27:49.339+0000] {dagbag.py:538} INFO - Filling up the DagBag from /opt/airflow/dags/warehouse_delivery_dag.py
[2025-12-20T16:27:49.347+0000] {processor.py:840} INFO - DAG(s) 'warehouse_delivery_refresh' retrieved from /opt/airflow/dags/warehouse_delivery_dag.py
[2025-12-20T16:27:49.368+0000] {logging_mixin.py:188} INFO - [2025-12-20T16:27:49.368+0000] {dag.py:3033} INFO - Sync 1 DAGs
[2025-12-20T16:27:49.382+0000] {logging_mixin.py:188} INFO - [2025-12-20T16:27:49.382+0000] {dag.py:3820} INFO - Setting next_dagrun for warehouse_delivery_refresh to 2025-12-19T03:00:00+00:00, run_after=2025-12-20T03:00:00+00:00
[2025-12-20T16:27:49.392+0000] {processor.py:183} INFO - Processing /opt/airflow/dags/warehouse_delivery_dag.py took 0.059 seconds
[2025-12-20T16:28:19.733+0000] {processor.py:161} INFO - Started process (PID=791) to work on /opt/airflow/dags/warehouse_delivery_dag.py
[2025-12-20T16:28:19.734+0000] {processor.py:830} INFO - Processing file /opt/airflow/dags/warehouse_delivery_dag.py for tasks to queue
[2025-12-20T16:28:19.735+0000] {logging_mixin.py:188} INFO - [2025-12-20T16:28:19.735+0000] {dagbag.py:538} INFO - Filling up the DagBag from /opt/airflow/dags/warehouse_delivery_dag.py
[2025-12-20T16:28:19.748+0000] {processor.py:840} INFO - DAG(s) 'warehouse_delivery_refresh' retrieved from /opt/airflow/dags/warehouse_delivery_dag.py
[2025-12-20T16:28:19.774+0000] {logging_mixin.py:188} INFO - [2025-12-20T16:28:19.774+0000] {dag.py:3033} INFO - Sync 1 DAGs
[2025-12-20T16:28:19.792+0000] {logging_mixin.py:188} INFO - [2025-12-20T16:28:19.792+0000] {dag.py:3820} INFO - Setting next_dagrun for warehouse_delivery_refresh to 2025-12-19T03:00:00+00:00, run_after=2025-12-20T03:00:00+00:00
[2025-12-20T16:28:19.805+0000] {processor.py:183} INFO - Processing /opt/airflow/dags/warehouse_delivery_dag.py took 0.078 seconds
[2025-12-20T16:28:50.096+0000] {processor.py:161} INFO - Started process (PID=801) to work on /opt/airflow/dags/warehouse_delivery_dag.py
[2025-12-20T16:28:50.097+0000] {processor.py:830} INFO - Processing file /opt/airflow/dags/warehouse_delivery_dag.py for tasks to queue
[2025-12-20T16:28:50.097+0000] {logging_mixin.py:188} INFO - [2025-12-20T16:28:50.097+0000] {dagbag.py:538} INFO - Filling up the DagBag from /opt/airflow/dags/warehouse_delivery_dag.py
[2025-12-20T16:28:50.107+0000] {processor.py:840} INFO - DAG(s) 'warehouse_delivery_refresh' retrieved from /opt/airflow/dags/warehouse_delivery_dag.py
[2025-12-20T16:28:50.129+0000] {logging_mixin.py:188} INFO - [2025-12-20T16:28:50.129+0000] {dag.py:3033} INFO - Sync 1 DAGs
[2025-12-20T16:28:50.142+0000] {logging_mixin.py:188} INFO - [2025-12-20T16:28:50.142+0000] {dag.py:3820} INFO - Setting next_dagrun for warehouse_delivery_refresh to 2025-12-19T03:00:00+00:00, run_after=2025-12-20T03:00:00+00:00
[2025-12-20T16:28:50.153+0000] {processor.py:183} INFO - Processing /opt/airflow/dags/warehouse_delivery_dag.py took 0.061 seconds
[2025-12-20T16:29:20.540+0000] {processor.py:161} INFO - Started process (PID=811) to work on /opt/airflow/dags/warehouse_delivery_dag.py
[2025-12-20T16:29:20.541+0000] {processor.py:830} INFO - Processing file /opt/airflow/dags/warehouse_delivery_dag.py for tasks to queue
[2025-12-20T16:29:20.541+0000] {logging_mixin.py:188} INFO - [2025-12-20T16:29:20.541+0000] {dagbag.py:538} INFO - Filling up the DagBag from /opt/airflow/dags/warehouse_delivery_dag.py
[2025-12-20T16:29:20.552+0000] {processor.py:840} INFO - DAG(s) 'warehouse_delivery_refresh' retrieved from /opt/airflow/dags/warehouse_delivery_dag.py
[2025-12-20T16:29:20.572+0000] {logging_mixin.py:188} INFO - [2025-12-20T16:29:20.572+0000] {dag.py:3033} INFO - Sync 1 DAGs
[2025-12-20T16:29:20.587+0000] {logging_mixin.py:188} INFO - [2025-12-20T16:29:20.587+0000] {dag.py:3820} INFO - Setting next_dagrun for warehouse_delivery_refresh to 2025-12-19T03:00:00+00:00, run_after=2025-12-20T03:00:00+00:00
[2025-12-20T16:29:20.599+0000] {processor.py:183} INFO - Processing /opt/airflow/dags/warehouse_delivery_dag.py took 0.063 seconds
[2025-12-20T16:29:50.845+0000] {processor.py:161} INFO - Started process (PID=821) to work on /opt/airflow/dags/warehouse_delivery_dag.py
[2025-12-20T16:29:50.846+0000] {processor.py:830} INFO - Processing file /opt/airflow/dags/warehouse_delivery_dag.py for tasks to queue
[2025-12-20T16:29:50.847+0000] {logging_mixin.py:188} INFO - [2025-12-20T16:29:50.846+0000] {dagbag.py:538} INFO - Filling up the DagBag from /opt/airflow/dags/warehouse_delivery_dag.py
[2025-12-20T16:29:50.854+0000] {processor.py:840} INFO - DAG(s) 'warehouse_delivery_refresh' retrieved from /opt/airflow/dags/warehouse_delivery_dag.py
[2025-12-20T16:29:50.873+0000] {logging_mixin.py:188} INFO - [2025-12-20T16:29:50.873+0000] {dag.py:3033} INFO - Sync 1 DAGs
[2025-12-20T16:29:50.886+0000] {logging_mixin.py:188} INFO - [2025-12-20T16:29:50.886+0000] {dag.py:3820} INFO - Setting next_dagrun for warehouse_delivery_refresh to 2025-12-19T03:00:00+00:00, run_after=2025-12-20T03:00:00+00:00
[2025-12-20T16:29:50.898+0000] {processor.py:183} INFO - Processing /opt/airflow/dags/warehouse_delivery_dag.py took 0.057 seconds
[2025-12-20T16:30:21.224+0000] {processor.py:161} INFO - Started process (PID=831) to work on /opt/airflow/dags/warehouse_delivery_dag.py
[2025-12-20T16:30:21.225+0000] {processor.py:830} INFO - Processing file /opt/airflow/dags/warehouse_delivery_dag.py for tasks to queue
[2025-12-20T16:30:21.227+0000] {logging_mixin.py:188} INFO - [2025-12-20T16:30:21.226+0000] {dagbag.py:538} INFO - Filling up the DagBag from /opt/airflow/dags/warehouse_delivery_dag.py
[2025-12-20T16:30:21.239+0000] {processor.py:840} INFO - DAG(s) 'warehouse_delivery_refresh' retrieved from /opt/airflow/dags/warehouse_delivery_dag.py
[2025-12-20T16:30:21.263+0000] {logging_mixin.py:188} INFO - [2025-12-20T16:30:21.263+0000] {dag.py:3033} INFO - Sync 1 DAGs
[2025-12-20T16:30:21.281+0000] {logging_mixin.py:188} INFO - [2025-12-20T16:30:21.281+0000] {dag.py:3820} INFO - Setting next_dagrun for warehouse_delivery_refresh to 2025-12-19T03:00:00+00:00, run_after=2025-12-20T03:00:00+00:00
[2025-12-20T16:30:21.293+0000] {processor.py:183} INFO - Processing /opt/airflow/dags/warehouse_delivery_dag.py took 0.077 seconds
[2025-12-20T16:30:51.665+0000] {processor.py:161} INFO - Started process (PID=841) to work on /opt/airflow/dags/warehouse_delivery_dag.py
[2025-12-20T16:30:51.666+0000] {processor.py:830} INFO - Processing file /opt/airflow/dags/warehouse_delivery_dag.py for tasks to queue
[2025-12-20T16:30:51.667+0000] {logging_mixin.py:188} INFO - [2025-12-20T16:30:51.666+0000] {dagbag.py:538} INFO - Filling up the DagBag from /opt/airflow/dags/warehouse_delivery_dag.py
[2025-12-20T16:30:51.675+0000] {processor.py:840} INFO - DAG(s) 'warehouse_delivery_refresh' retrieved from /opt/airflow/dags/warehouse_delivery_dag.py
[2025-12-20T16:30:51.696+0000] {logging_mixin.py:188} INFO - [2025-12-20T16:30:51.696+0000] {dag.py:3033} INFO - Sync 1 DAGs
[2025-12-20T16:30:51.711+0000] {logging_mixin.py:188} INFO - [2025-12-20T16:30:51.711+0000] {dag.py:3820} INFO - Setting next_dagrun for warehouse_delivery_refresh to 2025-12-19T03:00:00+00:00, run_after=2025-12-20T03:00:00+00:00
[2025-12-20T16:30:51.723+0000] {processor.py:183} INFO - Processing /opt/airflow/dags/warehouse_delivery_dag.py took 0.061 seconds
[2025-12-20T16:31:22.042+0000] {processor.py:161} INFO - Started process (PID=851) to work on /opt/airflow/dags/warehouse_delivery_dag.py
[2025-12-20T16:31:22.043+0000] {processor.py:830} INFO - Processing file /opt/airflow/dags/warehouse_delivery_dag.py for tasks to queue
[2025-12-20T16:31:22.043+0000] {logging_mixin.py:188} INFO - [2025-12-20T16:31:22.043+0000] {dagbag.py:538} INFO - Filling up the DagBag from /opt/airflow/dags/warehouse_delivery_dag.py
[2025-12-20T16:31:22.053+0000] {processor.py:840} INFO - DAG(s) 'warehouse_delivery_refresh' retrieved from /opt/airflow/dags/warehouse_delivery_dag.py
[2025-12-20T16:31:22.074+0000] {logging_mixin.py:188} INFO - [2025-12-20T16:31:22.074+0000] {dag.py:3033} INFO - Sync 1 DAGs
[2025-12-20T16:31:22.089+0000] {logging_mixin.py:188} INFO - [2025-12-20T16:31:22.089+0000] {dag.py:3820} INFO - Setting next_dagrun for warehouse_delivery_refresh to 2025-12-19T03:00:00+00:00, run_after=2025-12-20T03:00:00+00:00
[2025-12-20T16:31:22.100+0000] {processor.py:183} INFO - Processing /opt/airflow/dags/warehouse_delivery_dag.py took 0.062 seconds
[2025-12-20T16:31:52.458+0000] {processor.py:161} INFO - Started process (PID=861) to work on /opt/airflow/dags/warehouse_delivery_dag.py
[2025-12-20T16:31:52.459+0000] {processor.py:830} INFO - Processing file /opt/airflow/dags/warehouse_delivery_dag.py for tasks to queue
[2025-12-20T16:31:52.459+0000] {logging_mixin.py:188} INFO - [2025-12-20T16:31:52.459+0000] {dagbag.py:538} INFO - Filling up the DagBag from /opt/airflow/dags/warehouse_delivery_dag.py
[2025-12-20T16:31:52.468+0000] {processor.py:840} INFO - DAG(s) 'warehouse_delivery_refresh' retrieved from /opt/airflow/dags/warehouse_delivery_dag.py
[2025-12-20T16:31:52.489+0000] {logging_mixin.py:188} INFO - [2025-12-20T16:31:52.489+0000] {dag.py:3033} INFO - Sync 1 DAGs
[2025-12-20T16:31:52.503+0000] {logging_mixin.py:188} INFO - [2025-12-20T16:31:52.503+0000] {dag.py:3820} INFO - Setting next_dagrun for warehouse_delivery_refresh to 2025-12-19T03:00:00+00:00, run_after=2025-12-20T03:00:00+00:00
[2025-12-20T16:31:52.518+0000] {processor.py:183} INFO - Processing /opt/airflow/dags/warehouse_delivery_dag.py took 0.063 seconds
[2025-12-20T16:32:22.859+0000] {processor.py:161} INFO - Started process (PID=871) to work on /opt/airflow/dags/warehouse_delivery_dag.py
[2025-12-20T16:32:22.860+0000] {processor.py:830} INFO - Processing file /opt/airflow/dags/warehouse_delivery_dag.py for tasks to queue
[2025-12-20T16:32:22.861+0000] {logging_mixin.py:188} INFO - [2025-12-20T16:32:22.860+0000] {dagbag.py:538} INFO - Filling up the DagBag from /opt/airflow/dags/warehouse_delivery_dag.py
[2025-12-20T16:32:22.877+0000] {processor.py:840} INFO - DAG(s) 'warehouse_delivery_refresh' retrieved from /opt/airflow/dags/warehouse_delivery_dag.py
[2025-12-20T16:32:22.909+0000] {logging_mixin.py:188} INFO - [2025-12-20T16:32:22.909+0000] {dag.py:3033} INFO - Sync 1 DAGs
[2025-12-20T16:32:22.928+0000] {logging_mixin.py:188} INFO - [2025-12-20T16:32:22.928+0000] {dag.py:3820} INFO - Setting next_dagrun for warehouse_delivery_refresh to 2025-12-19T03:00:00+00:00, run_after=2025-12-20T03:00:00+00:00
[2025-12-20T16:32:22.942+0000] {processor.py:183} INFO - Processing /opt/airflow/dags/warehouse_delivery_dag.py took 0.091 seconds
[2025-12-20T16:32:53.244+0000] {processor.py:161} INFO - Started process (PID=881) to work on /opt/airflow/dags/warehouse_delivery_dag.py
[2025-12-20T16:32:53.245+0000] {processor.py:830} INFO - Processing file /opt/airflow/dags/warehouse_delivery_dag.py for tasks to queue
[2025-12-20T16:32:53.246+0000] {logging_mixin.py:188} INFO - [2025-12-20T16:32:53.246+0000] {dagbag.py:538} INFO - Filling up the DagBag from /opt/airflow/dags/warehouse_delivery_dag.py
[2025-12-20T16:32:53.255+0000] {processor.py:840} INFO - DAG(s) 'warehouse_delivery_refresh' retrieved from /opt/airflow/dags/warehouse_delivery_dag.py
[2025-12-20T16:32:53.277+0000] {logging_mixin.py:188} INFO - [2025-12-20T16:32:53.277+0000] {dag.py:3033} INFO - Sync 1 DAGs
[2025-12-20T16:32:53.293+0000] {logging_mixin.py:188} INFO - [2025-12-20T16:32:53.293+0000] {dag.py:3820} INFO - Setting next_dagrun for warehouse_delivery_refresh to 2025-12-19T03:00:00+00:00, run_after=2025-12-20T03:00:00+00:00
[2025-12-20T16:32:53.311+0000] {processor.py:183} INFO - Processing /opt/airflow/dags/warehouse_delivery_dag.py took 0.071 seconds
[2025-12-20T16:33:23.663+0000] {processor.py:161} INFO - Started process (PID=891) to work on /opt/airflow/dags/warehouse_delivery_dag.py
[2025-12-20T16:33:23.664+0000] {processor.py:830} INFO - Processing file /opt/airflow/dags/warehouse_delivery_dag.py for tasks to queue
[2025-12-20T16:33:23.665+0000] {logging_mixin.py:188} INFO - [2025-12-20T16:33:23.665+0000] {dagbag.py:538} INFO - Filling up the DagBag from /opt/airflow/dags/warehouse_delivery_dag.py
[2025-12-20T16:33:23.677+0000] {processor.py:840} INFO - DAG(s) 'warehouse_delivery_refresh' retrieved from /opt/airflow/dags/warehouse_delivery_dag.py
[2025-12-20T16:33:23.702+0000] {logging_mixin.py:188} INFO - [2025-12-20T16:33:23.702+0000] {dag.py:3033} INFO - Sync 1 DAGs
[2025-12-20T16:33:23.719+0000] {logging_mixin.py:188} INFO - [2025-12-20T16:33:23.719+0000] {dag.py:3820} INFO - Setting next_dagrun for warehouse_delivery_refresh to 2025-12-19T03:00:00+00:00, run_after=2025-12-20T03:00:00+00:00
[2025-12-20T16:33:23.730+0000] {processor.py:183} INFO - Processing /opt/airflow/dags/warehouse_delivery_dag.py took 0.072 seconds
[2025-12-20T16:33:54.047+0000] {processor.py:161} INFO - Started process (PID=901) to work on /opt/airflow/dags/warehouse_delivery_dag.py
[2025-12-20T16:33:54.048+0000] {processor.py:830} INFO - Processing file /opt/airflow/dags/warehouse_delivery_dag.py for tasks to queue
[2025-12-20T16:33:54.049+0000] {logging_mixin.py:188} INFO - [2025-12-20T16:33:54.049+0000] {dagbag.py:538} INFO - Filling up the DagBag from /opt/airflow/dags/warehouse_delivery_dag.py
[2025-12-20T16:33:54.058+0000] {processor.py:840} INFO - DAG(s) 'warehouse_delivery_refresh' retrieved from /opt/airflow/dags/warehouse_delivery_dag.py
[2025-12-20T16:33:54.079+0000] {logging_mixin.py:188} INFO - [2025-12-20T16:33:54.079+0000] {dag.py:3033} INFO - Sync 1 DAGs
[2025-12-20T16:33:54.096+0000] {logging_mixin.py:188} INFO - [2025-12-20T16:33:54.096+0000] {dag.py:3820} INFO - Setting next_dagrun for warehouse_delivery_refresh to 2025-12-19T03:00:00+00:00, run_after=2025-12-20T03:00:00+00:00
[2025-12-20T16:33:54.108+0000] {processor.py:183} INFO - Processing /opt/airflow/dags/warehouse_delivery_dag.py took 0.064 seconds
[2025-12-20T16:34:24.414+0000] {processor.py:161} INFO - Started process (PID=911) to work on /opt/airflow/dags/warehouse_delivery_dag.py
[2025-12-20T16:34:24.415+0000] {processor.py:830} INFO - Processing file /opt/airflow/dags/warehouse_delivery_dag.py for tasks to queue
[2025-12-20T16:34:24.416+0000] {logging_mixin.py:188} INFO - [2025-12-20T16:34:24.416+0000] {dagbag.py:538} INFO - Filling up the DagBag from /opt/airflow/dags/warehouse_delivery_dag.py
[2025-12-20T16:34:24.425+0000] {processor.py:840} INFO - DAG(s) 'warehouse_delivery_refresh' retrieved from /opt/airflow/dags/warehouse_delivery_dag.py
[2025-12-20T16:34:24.445+0000] {logging_mixin.py:188} INFO - [2025-12-20T16:34:24.445+0000] {dag.py:3033} INFO - Sync 1 DAGs
[2025-12-20T16:34:24.461+0000] {logging_mixin.py:188} INFO - [2025-12-20T16:34:24.461+0000] {dag.py:3820} INFO - Setting next_dagrun for warehouse_delivery_refresh to 2025-12-19T03:00:00+00:00, run_after=2025-12-20T03:00:00+00:00
[2025-12-20T16:34:24.472+0000] {processor.py:183} INFO - Processing /opt/airflow/dags/warehouse_delivery_dag.py took 0.063 seconds
[2025-12-20T16:34:54.812+0000] {processor.py:161} INFO - Started process (PID=921) to work on /opt/airflow/dags/warehouse_delivery_dag.py
[2025-12-20T16:34:54.813+0000] {processor.py:830} INFO - Processing file /opt/airflow/dags/warehouse_delivery_dag.py for tasks to queue
[2025-12-20T16:34:54.813+0000] {logging_mixin.py:188} INFO - [2025-12-20T16:34:54.813+0000] {dagbag.py:538} INFO - Filling up the DagBag from /opt/airflow/dags/warehouse_delivery_dag.py
[2025-12-20T16:34:54.825+0000] {processor.py:840} INFO - DAG(s) 'warehouse_delivery_refresh' retrieved from /opt/airflow/dags/warehouse_delivery_dag.py
[2025-12-20T16:34:54.847+0000] {logging_mixin.py:188} INFO - [2025-12-20T16:34:54.847+0000] {dag.py:3033} INFO - Sync 1 DAGs
[2025-12-20T16:34:54.860+0000] {logging_mixin.py:188} INFO - [2025-12-20T16:34:54.860+0000] {dag.py:3820} INFO - Setting next_dagrun for warehouse_delivery_refresh to 2025-12-19T03:00:00+00:00, run_after=2025-12-20T03:00:00+00:00
[2025-12-20T16:34:54.872+0000] {processor.py:183} INFO - Processing /opt/airflow/dags/warehouse_delivery_dag.py took 0.063 seconds
[2025-12-20T16:35:25.180+0000] {processor.py:161} INFO - Started process (PID=931) to work on /opt/airflow/dags/warehouse_delivery_dag.py
[2025-12-20T16:35:25.181+0000] {processor.py:830} INFO - Processing file /opt/airflow/dags/warehouse_delivery_dag.py for tasks to queue
[2025-12-20T16:35:25.182+0000] {logging_mixin.py:188} INFO - [2025-12-20T16:35:25.181+0000] {dagbag.py:538} INFO - Filling up the DagBag from /opt/airflow/dags/warehouse_delivery_dag.py
[2025-12-20T16:35:25.196+0000] {processor.py:840} INFO - DAG(s) 'warehouse_delivery_refresh' retrieved from /opt/airflow/dags/warehouse_delivery_dag.py
[2025-12-20T16:35:25.223+0000] {logging_mixin.py:188} INFO - [2025-12-20T16:35:25.223+0000] {dag.py:3033} INFO - Sync 1 DAGs
[2025-12-20T16:35:25.242+0000] {logging_mixin.py:188} INFO - [2025-12-20T16:35:25.242+0000] {dag.py:3820} INFO - Setting next_dagrun for warehouse_delivery_refresh to 2025-12-19T03:00:00+00:00, run_after=2025-12-20T03:00:00+00:00
[2025-12-20T16:35:25.254+0000] {processor.py:183} INFO - Processing /opt/airflow/dags/warehouse_delivery_dag.py took 0.081 seconds
[2025-12-20T16:35:55.582+0000] {processor.py:161} INFO - Started process (PID=941) to work on /opt/airflow/dags/warehouse_delivery_dag.py
[2025-12-20T16:35:55.583+0000] {processor.py:830} INFO - Processing file /opt/airflow/dags/warehouse_delivery_dag.py for tasks to queue
[2025-12-20T16:35:55.584+0000] {logging_mixin.py:188} INFO - [2025-12-20T16:35:55.583+0000] {dagbag.py:538} INFO - Filling up the DagBag from /opt/airflow/dags/warehouse_delivery_dag.py
[2025-12-20T16:35:55.593+0000] {processor.py:840} INFO - DAG(s) 'warehouse_delivery_refresh' retrieved from /opt/airflow/dags/warehouse_delivery_dag.py
[2025-12-20T16:35:55.615+0000] {logging_mixin.py:188} INFO - [2025-12-20T16:35:55.615+0000] {dag.py:3033} INFO - Sync 1 DAGs
[2025-12-20T16:35:55.631+0000] {logging_mixin.py:188} INFO - [2025-12-20T16:35:55.630+0000] {dag.py:3820} INFO - Setting next_dagrun for warehouse_delivery_refresh to 2025-12-19T03:00:00+00:00, run_after=2025-12-20T03:00:00+00:00
[2025-12-20T16:35:55.643+0000] {processor.py:183} INFO - Processing /opt/airflow/dags/warehouse_delivery_dag.py took 0.063 seconds
[2025-12-20T16:36:25.996+0000] {processor.py:161} INFO - Started process (PID=951) to work on /opt/airflow/dags/warehouse_delivery_dag.py
[2025-12-20T16:36:25.997+0000] {processor.py:830} INFO - Processing file /opt/airflow/dags/warehouse_delivery_dag.py for tasks to queue
[2025-12-20T16:36:25.998+0000] {logging_mixin.py:188} INFO - [2025-12-20T16:36:25.998+0000] {dagbag.py:538} INFO - Filling up the DagBag from /opt/airflow/dags/warehouse_delivery_dag.py
[2025-12-20T16:36:26.014+0000] {processor.py:840} INFO - DAG(s) 'warehouse_delivery_refresh' retrieved from /opt/airflow/dags/warehouse_delivery_dag.py
[2025-12-20T16:36:26.051+0000] {logging_mixin.py:188} INFO - [2025-12-20T16:36:26.051+0000] {dag.py:3033} INFO - Sync 1 DAGs
[2025-12-20T16:36:26.070+0000] {logging_mixin.py:188} INFO - [2025-12-20T16:36:26.070+0000] {dag.py:3820} INFO - Setting next_dagrun for warehouse_delivery_refresh to 2025-12-19T03:00:00+00:00, run_after=2025-12-20T03:00:00+00:00
[2025-12-20T16:36:26.082+0000] {processor.py:183} INFO - Processing /opt/airflow/dags/warehouse_delivery_dag.py took 0.091 seconds
[2025-12-20T16:36:56.398+0000] {processor.py:161} INFO - Started process (PID=961) to work on /opt/airflow/dags/warehouse_delivery_dag.py
[2025-12-20T16:36:56.399+0000] {processor.py:830} INFO - Processing file /opt/airflow/dags/warehouse_delivery_dag.py for tasks to queue
[2025-12-20T16:36:56.400+0000] {logging_mixin.py:188} INFO - [2025-12-20T16:36:56.400+0000] {dagbag.py:538} INFO - Filling up the DagBag from /opt/airflow/dags/warehouse_delivery_dag.py
[2025-12-20T16:36:56.410+0000] {processor.py:840} INFO - DAG(s) 'warehouse_delivery_refresh' retrieved from /opt/airflow/dags/warehouse_delivery_dag.py
[2025-12-20T16:36:56.432+0000] {logging_mixin.py:188} INFO - [2025-12-20T16:36:56.432+0000] {dag.py:3033} INFO - Sync 1 DAGs
[2025-12-20T16:36:56.448+0000] {logging_mixin.py:188} INFO - [2025-12-20T16:36:56.448+0000] {dag.py:3820} INFO - Setting next_dagrun for warehouse_delivery_refresh to 2025-12-19T03:00:00+00:00, run_after=2025-12-20T03:00:00+00:00
[2025-12-20T16:36:56.459+0000] {processor.py:183} INFO - Processing /opt/airflow/dags/warehouse_delivery_dag.py took 0.063 seconds
[2025-12-20T16:37:27.095+0000] {processor.py:161} INFO - Started process (PID=971) to work on /opt/airflow/dags/warehouse_delivery_dag.py
[2025-12-20T16:37:27.096+0000] {processor.py:830} INFO - Processing file /opt/airflow/dags/warehouse_delivery_dag.py for tasks to queue
[2025-12-20T16:37:27.096+0000] {logging_mixin.py:188} INFO - [2025-12-20T16:37:27.096+0000] {dagbag.py:538} INFO - Filling up the DagBag from /opt/airflow/dags/warehouse_delivery_dag.py
[2025-12-20T16:37:27.116+0000] {processor.py:840} INFO - DAG(s) 'warehouse_delivery_refresh' retrieved from /opt/airflow/dags/warehouse_delivery_dag.py
[2025-12-20T16:37:27.147+0000] {logging_mixin.py:188} INFO - [2025-12-20T16:37:27.147+0000] {dag.py:3033} INFO - Sync 1 DAGs
[2025-12-20T16:37:27.164+0000] {logging_mixin.py:188} INFO - [2025-12-20T16:37:27.163+0000] {dag.py:3820} INFO - Setting next_dagrun for warehouse_delivery_refresh to 2025-12-19T03:00:00+00:00, run_after=2025-12-20T03:00:00+00:00
[2025-12-20T16:37:27.177+0000] {processor.py:183} INFO - Processing /opt/airflow/dags/warehouse_delivery_dag.py took 0.088 seconds
[2025-12-20T16:37:57.499+0000] {processor.py:161} INFO - Started process (PID=981) to work on /opt/airflow/dags/warehouse_delivery_dag.py
[2025-12-20T16:37:57.500+0000] {processor.py:830} INFO - Processing file /opt/airflow/dags/warehouse_delivery_dag.py for tasks to queue
[2025-12-20T16:37:57.502+0000] {logging_mixin.py:188} INFO - [2025-12-20T16:37:57.502+0000] {dagbag.py:538} INFO - Filling up the DagBag from /opt/airflow/dags/warehouse_delivery_dag.py
[2025-12-20T16:37:57.525+0000] {processor.py:840} INFO - DAG(s) 'warehouse_delivery_refresh' retrieved from /opt/airflow/dags/warehouse_delivery_dag.py
[2025-12-20T16:37:57.571+0000] {logging_mixin.py:188} INFO - [2025-12-20T16:37:57.571+0000] {dag.py:3033} INFO - Sync 1 DAGs
[2025-12-20T16:37:57.595+0000] {logging_mixin.py:188} INFO - [2025-12-20T16:37:57.595+0000] {dag.py:3820} INFO - Setting next_dagrun for warehouse_delivery_refresh to 2025-12-19T03:00:00+00:00, run_after=2025-12-20T03:00:00+00:00
[2025-12-20T16:37:57.610+0000] {processor.py:183} INFO - Processing /opt/airflow/dags/warehouse_delivery_dag.py took 0.118 seconds
[2025-12-20T16:38:27.909+0000] {processor.py:161} INFO - Started process (PID=991) to work on /opt/airflow/dags/warehouse_delivery_dag.py
[2025-12-20T16:38:27.910+0000] {processor.py:830} INFO - Processing file /opt/airflow/dags/warehouse_delivery_dag.py for tasks to queue
[2025-12-20T16:38:27.915+0000] {logging_mixin.py:188} INFO - [2025-12-20T16:38:27.913+0000] {dagbag.py:538} INFO - Filling up the DagBag from /opt/airflow/dags/warehouse_delivery_dag.py
[2025-12-20T16:38:27.943+0000] {processor.py:840} INFO - DAG(s) 'warehouse_delivery_refresh' retrieved from /opt/airflow/dags/warehouse_delivery_dag.py
[2025-12-20T16:38:27.986+0000] {logging_mixin.py:188} INFO - [2025-12-20T16:38:27.986+0000] {dag.py:3033} INFO - Sync 1 DAGs
[2025-12-20T16:38:28.020+0000] {logging_mixin.py:188} INFO - [2025-12-20T16:38:28.020+0000] {dag.py:3820} INFO - Setting next_dagrun for warehouse_delivery_refresh to 2025-12-19T03:00:00+00:00, run_after=2025-12-20T03:00:00+00:00
[2025-12-20T16:38:28.053+0000] {processor.py:183} INFO - Processing /opt/airflow/dags/warehouse_delivery_dag.py took 0.151 seconds
[2025-12-20T16:38:58.305+0000] {processor.py:161} INFO - Started process (PID=994) to work on /opt/airflow/dags/warehouse_delivery_dag.py
[2025-12-20T16:38:58.307+0000] {processor.py:830} INFO - Processing file /opt/airflow/dags/warehouse_delivery_dag.py for tasks to queue
[2025-12-20T16:38:58.311+0000] {logging_mixin.py:188} INFO - [2025-12-20T16:38:58.308+0000] {dagbag.py:538} INFO - Filling up the DagBag from /opt/airflow/dags/warehouse_delivery_dag.py
[2025-12-20T16:38:58.346+0000] {processor.py:840} INFO - DAG(s) 'warehouse_delivery_refresh' retrieved from /opt/airflow/dags/warehouse_delivery_dag.py
[2025-12-20T16:38:58.408+0000] {logging_mixin.py:188} INFO - [2025-12-20T16:38:58.407+0000] {dag.py:3033} INFO - Sync 1 DAGs
[2025-12-20T16:38:58.439+0000] {logging_mixin.py:188} INFO - [2025-12-20T16:38:58.439+0000] {dag.py:3820} INFO - Setting next_dagrun for warehouse_delivery_refresh to 2025-12-19T03:00:00+00:00, run_after=2025-12-20T03:00:00+00:00
[2025-12-20T16:38:58.461+0000] {processor.py:183} INFO - Processing /opt/airflow/dags/warehouse_delivery_dag.py took 0.165 seconds
[2025-12-20T16:39:28.824+0000] {processor.py:161} INFO - Started process (PID=1004) to work on /opt/airflow/dags/warehouse_delivery_dag.py
[2025-12-20T16:39:28.829+0000] {processor.py:830} INFO - Processing file /opt/airflow/dags/warehouse_delivery_dag.py for tasks to queue
[2025-12-20T16:39:28.832+0000] {logging_mixin.py:188} INFO - [2025-12-20T16:39:28.831+0000] {dagbag.py:538} INFO - Filling up the DagBag from /opt/airflow/dags/warehouse_delivery_dag.py
[2025-12-20T16:39:28.871+0000] {processor.py:840} INFO - DAG(s) 'warehouse_delivery_refresh' retrieved from /opt/airflow/dags/warehouse_delivery_dag.py
[2025-12-20T16:39:28.921+0000] {logging_mixin.py:188} INFO - [2025-12-20T16:39:28.921+0000] {dag.py:3033} INFO - Sync 1 DAGs
[2025-12-20T16:39:28.941+0000] {logging_mixin.py:188} INFO - [2025-12-20T16:39:28.941+0000] {dag.py:3820} INFO - Setting next_dagrun for warehouse_delivery_refresh to 2025-12-19T03:00:00+00:00, run_after=2025-12-20T03:00:00+00:00
[2025-12-20T16:39:28.958+0000] {processor.py:183} INFO - Processing /opt/airflow/dags/warehouse_delivery_dag.py took 0.146 seconds
[2025-12-20T16:39:59.298+0000] {processor.py:161} INFO - Started process (PID=1014) to work on /opt/airflow/dags/warehouse_delivery_dag.py
[2025-12-20T16:39:59.301+0000] {processor.py:830} INFO - Processing file /opt/airflow/dags/warehouse_delivery_dag.py for tasks to queue
[2025-12-20T16:39:59.308+0000] {logging_mixin.py:188} INFO - [2025-12-20T16:39:59.304+0000] {dagbag.py:538} INFO - Filling up the DagBag from /opt/airflow/dags/warehouse_delivery_dag.py
[2025-12-20T16:39:59.343+0000] {processor.py:840} INFO - DAG(s) 'warehouse_delivery_refresh' retrieved from /opt/airflow/dags/warehouse_delivery_dag.py
[2025-12-20T16:39:59.394+0000] {logging_mixin.py:188} INFO - [2025-12-20T16:39:59.394+0000] {dag.py:3033} INFO - Sync 1 DAGs
[2025-12-20T16:39:59.429+0000] {logging_mixin.py:188} INFO - [2025-12-20T16:39:59.429+0000] {dag.py:3820} INFO - Setting next_dagrun for warehouse_delivery_refresh to 2025-12-19T03:00:00+00:00, run_after=2025-12-20T03:00:00+00:00
[2025-12-20T16:39:59.452+0000] {processor.py:183} INFO - Processing /opt/airflow/dags/warehouse_delivery_dag.py took 0.170 seconds
[2025-12-20T16:40:29.885+0000] {processor.py:161} INFO - Started process (PID=1024) to work on /opt/airflow/dags/warehouse_delivery_dag.py
[2025-12-20T16:40:29.890+0000] {processor.py:830} INFO - Processing file /opt/airflow/dags/warehouse_delivery_dag.py for tasks to queue
[2025-12-20T16:40:29.891+0000] {logging_mixin.py:188} INFO - [2025-12-20T16:40:29.891+0000] {dagbag.py:538} INFO - Filling up the DagBag from /opt/airflow/dags/warehouse_delivery_dag.py
[2025-12-20T16:40:30.015+0000] {processor.py:840} INFO - DAG(s) 'warehouse_delivery_refresh' retrieved from /opt/airflow/dags/warehouse_delivery_dag.py
[2025-12-20T16:40:30.223+0000] {logging_mixin.py:188} INFO - [2025-12-20T16:40:30.222+0000] {dag.py:3033} INFO - Sync 1 DAGs
[2025-12-20T16:40:30.269+0000] {logging_mixin.py:188} INFO - [2025-12-20T16:40:30.269+0000] {dag.py:3820} INFO - Setting next_dagrun for warehouse_delivery_refresh to 2025-12-19T03:00:00+00:00, run_after=2025-12-20T03:00:00+00:00
[2025-12-20T16:40:30.296+0000] {processor.py:183} INFO - Processing /opt/airflow/dags/warehouse_delivery_dag.py took 0.426 seconds
[2025-12-20T16:41:00.582+0000] {processor.py:161} INFO - Started process (PID=1034) to work on /opt/airflow/dags/warehouse_delivery_dag.py
[2025-12-20T16:41:00.584+0000] {processor.py:830} INFO - Processing file /opt/airflow/dags/warehouse_delivery_dag.py for tasks to queue
[2025-12-20T16:41:00.586+0000] {logging_mixin.py:188} INFO - [2025-12-20T16:41:00.585+0000] {dagbag.py:538} INFO - Filling up the DagBag from /opt/airflow/dags/warehouse_delivery_dag.py
[2025-12-20T16:41:00.622+0000] {processor.py:840} INFO - DAG(s) 'warehouse_delivery_refresh' retrieved from /opt/airflow/dags/warehouse_delivery_dag.py
[2025-12-20T16:41:00.665+0000] {logging_mixin.py:188} INFO - [2025-12-20T16:41:00.665+0000] {dag.py:3033} INFO - Sync 1 DAGs
[2025-12-20T16:41:00.694+0000] {logging_mixin.py:188} INFO - [2025-12-20T16:41:00.694+0000] {dag.py:3820} INFO - Setting next_dagrun for warehouse_delivery_refresh to 2025-12-19T03:00:00+00:00, run_after=2025-12-20T03:00:00+00:00
[2025-12-20T16:41:00.710+0000] {processor.py:183} INFO - Processing /opt/airflow/dags/warehouse_delivery_dag.py took 0.138 seconds
[2025-12-20T16:41:31.027+0000] {processor.py:161} INFO - Started process (PID=1044) to work on /opt/airflow/dags/warehouse_delivery_dag.py
[2025-12-20T16:41:31.032+0000] {processor.py:830} INFO - Processing file /opt/airflow/dags/warehouse_delivery_dag.py for tasks to queue
[2025-12-20T16:41:31.034+0000] {logging_mixin.py:188} INFO - [2025-12-20T16:41:31.033+0000] {dagbag.py:538} INFO - Filling up the DagBag from /opt/airflow/dags/warehouse_delivery_dag.py
[2025-12-20T16:41:31.072+0000] {processor.py:840} INFO - DAG(s) 'warehouse_delivery_refresh' retrieved from /opt/airflow/dags/warehouse_delivery_dag.py
[2025-12-20T16:41:31.121+0000] {logging_mixin.py:188} INFO - [2025-12-20T16:41:31.121+0000] {dag.py:3033} INFO - Sync 1 DAGs
[2025-12-20T16:41:31.159+0000] {logging_mixin.py:188} INFO - [2025-12-20T16:41:31.159+0000] {dag.py:3820} INFO - Setting next_dagrun for warehouse_delivery_refresh to 2025-12-19T03:00:00+00:00, run_after=2025-12-20T03:00:00+00:00
[2025-12-20T16:41:31.179+0000] {processor.py:183} INFO - Processing /opt/airflow/dags/warehouse_delivery_dag.py took 0.166 seconds
[2025-12-20T16:42:01.511+0000] {processor.py:161} INFO - Started process (PID=1054) to work on /opt/airflow/dags/warehouse_delivery_dag.py
[2025-12-20T16:42:01.514+0000] {processor.py:830} INFO - Processing file /opt/airflow/dags/warehouse_delivery_dag.py for tasks to queue
[2025-12-20T16:42:01.516+0000] {logging_mixin.py:188} INFO - [2025-12-20T16:42:01.515+0000] {dagbag.py:538} INFO - Filling up the DagBag from /opt/airflow/dags/warehouse_delivery_dag.py
[2025-12-20T16:42:01.558+0000] {processor.py:840} INFO - DAG(s) 'warehouse_delivery_refresh' retrieved from /opt/airflow/dags/warehouse_delivery_dag.py
[2025-12-20T16:42:01.605+0000] {logging_mixin.py:188} INFO - [2025-12-20T16:42:01.605+0000] {dag.py:3033} INFO - Sync 1 DAGs
[2025-12-20T16:42:01.633+0000] {logging_mixin.py:188} INFO - [2025-12-20T16:42:01.633+0000] {dag.py:3820} INFO - Setting next_dagrun for warehouse_delivery_refresh to 2025-12-19T03:00:00+00:00, run_after=2025-12-20T03:00:00+00:00
[2025-12-20T16:42:01.657+0000] {processor.py:183} INFO - Processing /opt/airflow/dags/warehouse_delivery_dag.py took 0.167 seconds
[2025-12-20T16:42:31.946+0000] {processor.py:161} INFO - Started process (PID=1066) to work on /opt/airflow/dags/warehouse_delivery_dag.py
[2025-12-20T16:42:31.948+0000] {processor.py:830} INFO - Processing file /opt/airflow/dags/warehouse_delivery_dag.py for tasks to queue
[2025-12-20T16:42:31.949+0000] {logging_mixin.py:188} INFO - [2025-12-20T16:42:31.949+0000] {dagbag.py:538} INFO - Filling up the DagBag from /opt/airflow/dags/warehouse_delivery_dag.py
[2025-12-20T16:42:31.972+0000] {processor.py:840} INFO - DAG(s) 'warehouse_delivery_refresh' retrieved from /opt/airflow/dags/warehouse_delivery_dag.py
[2025-12-20T16:42:32.022+0000] {logging_mixin.py:188} INFO - [2025-12-20T16:42:32.022+0000] {dag.py:3033} INFO - Sync 1 DAGs
[2025-12-20T16:42:32.047+0000] {logging_mixin.py:188} INFO - [2025-12-20T16:42:32.047+0000] {dag.py:3820} INFO - Setting next_dagrun for warehouse_delivery_refresh to 2025-12-20T03:00:00+00:00, run_after=2025-12-21T03:00:00+00:00
[2025-12-20T16:42:32.061+0000] {processor.py:183} INFO - Processing /opt/airflow/dags/warehouse_delivery_dag.py took 0.128 seconds
[2025-12-20T16:43:02.550+0000] {processor.py:161} INFO - Started process (PID=1098) to work on /opt/airflow/dags/warehouse_delivery_dag.py
[2025-12-20T16:43:02.552+0000] {processor.py:830} INFO - Processing file /opt/airflow/dags/warehouse_delivery_dag.py for tasks to queue
[2025-12-20T16:43:02.554+0000] {logging_mixin.py:188} INFO - [2025-12-20T16:43:02.553+0000] {dagbag.py:538} INFO - Filling up the DagBag from /opt/airflow/dags/warehouse_delivery_dag.py
[2025-12-20T16:43:02.577+0000] {processor.py:840} INFO - DAG(s) 'warehouse_delivery_refresh' retrieved from /opt/airflow/dags/warehouse_delivery_dag.py
[2025-12-20T16:43:02.618+0000] {logging_mixin.py:188} INFO - [2025-12-20T16:43:02.618+0000] {dag.py:3033} INFO - Sync 1 DAGs
[2025-12-20T16:43:02.646+0000] {logging_mixin.py:188} INFO - [2025-12-20T16:43:02.646+0000] {dag.py:3820} INFO - Setting next_dagrun for warehouse_delivery_refresh to 2025-12-20T03:00:00+00:00, run_after=2025-12-21T03:00:00+00:00
[2025-12-20T16:43:02.663+0000] {processor.py:183} INFO - Processing /opt/airflow/dags/warehouse_delivery_dag.py took 0.125 seconds
[2025-12-20T16:43:32.966+0000] {processor.py:161} INFO - Started process (PID=1108) to work on /opt/airflow/dags/warehouse_delivery_dag.py
[2025-12-20T16:43:32.968+0000] {processor.py:830} INFO - Processing file /opt/airflow/dags/warehouse_delivery_dag.py for tasks to queue
[2025-12-20T16:43:32.970+0000] {logging_mixin.py:188} INFO - [2025-12-20T16:43:32.969+0000] {dagbag.py:538} INFO - Filling up the DagBag from /opt/airflow/dags/warehouse_delivery_dag.py
[2025-12-20T16:43:33.003+0000] {processor.py:840} INFO - DAG(s) 'warehouse_delivery_refresh' retrieved from /opt/airflow/dags/warehouse_delivery_dag.py
[2025-12-20T16:43:33.050+0000] {logging_mixin.py:188} INFO - [2025-12-20T16:43:33.050+0000] {dag.py:3033} INFO - Sync 1 DAGs
[2025-12-20T16:43:33.075+0000] {logging_mixin.py:188} INFO - [2025-12-20T16:43:33.074+0000] {dag.py:3820} INFO - Setting next_dagrun for warehouse_delivery_refresh to 2025-12-20T03:00:00+00:00, run_after=2025-12-21T03:00:00+00:00
[2025-12-20T16:43:33.092+0000] {processor.py:183} INFO - Processing /opt/airflow/dags/warehouse_delivery_dag.py took 0.134 seconds
[2025-12-20T16:44:03.371+0000] {processor.py:161} INFO - Started process (PID=1118) to work on /opt/airflow/dags/warehouse_delivery_dag.py
[2025-12-20T16:44:03.374+0000] {processor.py:830} INFO - Processing file /opt/airflow/dags/warehouse_delivery_dag.py for tasks to queue
[2025-12-20T16:44:03.377+0000] {logging_mixin.py:188} INFO - [2025-12-20T16:44:03.376+0000] {dagbag.py:538} INFO - Filling up the DagBag from /opt/airflow/dags/warehouse_delivery_dag.py
[2025-12-20T16:44:03.409+0000] {processor.py:840} INFO - DAG(s) 'warehouse_delivery_refresh' retrieved from /opt/airflow/dags/warehouse_delivery_dag.py
[2025-12-20T16:44:03.465+0000] {logging_mixin.py:188} INFO - [2025-12-20T16:44:03.465+0000] {dag.py:3033} INFO - Sync 1 DAGs
[2025-12-20T16:44:03.488+0000] {logging_mixin.py:188} INFO - [2025-12-20T16:44:03.488+0000] {dag.py:3820} INFO - Setting next_dagrun for warehouse_delivery_refresh to 2025-12-20T03:00:00+00:00, run_after=2025-12-21T03:00:00+00:00
[2025-12-20T16:44:03.507+0000] {processor.py:183} INFO - Processing /opt/airflow/dags/warehouse_delivery_dag.py took 0.153 seconds
[2025-12-20T16:44:33.879+0000] {processor.py:161} INFO - Started process (PID=1128) to work on /opt/airflow/dags/warehouse_delivery_dag.py
[2025-12-20T16:44:33.881+0000] {processor.py:830} INFO - Processing file /opt/airflow/dags/warehouse_delivery_dag.py for tasks to queue
[2025-12-20T16:44:33.886+0000] {logging_mixin.py:188} INFO - [2025-12-20T16:44:33.884+0000] {dagbag.py:538} INFO - Filling up the DagBag from /opt/airflow/dags/warehouse_delivery_dag.py
[2025-12-20T16:44:33.917+0000] {processor.py:840} INFO - DAG(s) 'warehouse_delivery_refresh' retrieved from /opt/airflow/dags/warehouse_delivery_dag.py
[2025-12-20T16:44:33.955+0000] {logging_mixin.py:188} INFO - [2025-12-20T16:44:33.955+0000] {dag.py:3033} INFO - Sync 1 DAGs
[2025-12-20T16:44:33.982+0000] {logging_mixin.py:188} INFO - [2025-12-20T16:44:33.982+0000] {dag.py:3820} INFO - Setting next_dagrun for warehouse_delivery_refresh to 2025-12-20T03:00:00+00:00, run_after=2025-12-21T03:00:00+00:00
[2025-12-20T16:44:33.999+0000] {processor.py:183} INFO - Processing /opt/airflow/dags/warehouse_delivery_dag.py took 0.133 seconds
[2025-12-20T16:45:04.324+0000] {processor.py:161} INFO - Started process (PID=1138) to work on /opt/airflow/dags/warehouse_delivery_dag.py
[2025-12-20T16:45:04.325+0000] {processor.py:830} INFO - Processing file /opt/airflow/dags/warehouse_delivery_dag.py for tasks to queue
[2025-12-20T16:45:04.326+0000] {logging_mixin.py:188} INFO - [2025-12-20T16:45:04.326+0000] {dagbag.py:538} INFO - Filling up the DagBag from /opt/airflow/dags/warehouse_delivery_dag.py
[2025-12-20T16:45:04.348+0000] {processor.py:840} INFO - DAG(s) 'warehouse_delivery_refresh' retrieved from /opt/airflow/dags/warehouse_delivery_dag.py
[2025-12-20T16:45:04.377+0000] {logging_mixin.py:188} INFO - [2025-12-20T16:45:04.377+0000] {dag.py:3033} INFO - Sync 1 DAGs
[2025-12-20T16:45:04.398+0000] {logging_mixin.py:188} INFO - [2025-12-20T16:45:04.397+0000] {dag.py:3820} INFO - Setting next_dagrun for warehouse_delivery_refresh to 2025-12-20T03:00:00+00:00, run_after=2025-12-21T03:00:00+00:00
[2025-12-20T16:45:04.411+0000] {processor.py:183} INFO - Processing /opt/airflow/dags/warehouse_delivery_dag.py took 0.092 seconds
[2025-12-20T16:45:34.708+0000] {processor.py:161} INFO - Started process (PID=1148) to work on /opt/airflow/dags/warehouse_delivery_dag.py
[2025-12-20T16:45:34.711+0000] {processor.py:830} INFO - Processing file /opt/airflow/dags/warehouse_delivery_dag.py for tasks to queue
[2025-12-20T16:45:34.712+0000] {logging_mixin.py:188} INFO - [2025-12-20T16:45:34.712+0000] {dagbag.py:538} INFO - Filling up the DagBag from /opt/airflow/dags/warehouse_delivery_dag.py
[2025-12-20T16:45:34.744+0000] {processor.py:840} INFO - DAG(s) 'warehouse_delivery_refresh' retrieved from /opt/airflow/dags/warehouse_delivery_dag.py
[2025-12-20T16:45:34.888+0000] {logging_mixin.py:188} INFO - [2025-12-20T16:45:34.887+0000] {dag.py:3033} INFO - Sync 1 DAGs
[2025-12-20T16:45:34.940+0000] {logging_mixin.py:188} INFO - [2025-12-20T16:45:34.940+0000] {dag.py:3820} INFO - Setting next_dagrun for warehouse_delivery_refresh to 2025-12-20T03:00:00+00:00, run_after=2025-12-21T03:00:00+00:00
[2025-12-20T16:45:34.963+0000] {processor.py:183} INFO - Processing /opt/airflow/dags/warehouse_delivery_dag.py took 0.272 seconds
[2025-12-20T16:46:05.365+0000] {processor.py:161} INFO - Started process (PID=1159) to work on /opt/airflow/dags/warehouse_delivery_dag.py
[2025-12-20T16:46:05.368+0000] {processor.py:830} INFO - Processing file /opt/airflow/dags/warehouse_delivery_dag.py for tasks to queue
[2025-12-20T16:46:05.372+0000] {logging_mixin.py:188} INFO - [2025-12-20T16:46:05.371+0000] {dagbag.py:538} INFO - Filling up the DagBag from /opt/airflow/dags/warehouse_delivery_dag.py
[2025-12-20T16:46:05.432+0000] {processor.py:840} INFO - DAG(s) 'warehouse_delivery_refresh' retrieved from /opt/airflow/dags/warehouse_delivery_dag.py
[2025-12-20T16:46:05.519+0000] {logging_mixin.py:188} INFO - [2025-12-20T16:46:05.519+0000] {dag.py:3033} INFO - Sync 1 DAGs
[2025-12-20T16:46:05.564+0000] {logging_mixin.py:188} INFO - [2025-12-20T16:46:05.564+0000] {dag.py:3820} INFO - Setting next_dagrun for warehouse_delivery_refresh to 2025-12-20T03:00:00+00:00, run_after=2025-12-21T03:00:00+00:00
[2025-12-20T16:46:05.582+0000] {processor.py:183} INFO - Processing /opt/airflow/dags/warehouse_delivery_dag.py took 0.248 seconds
[2025-12-20T16:46:35.673+0000] {processor.py:161} INFO - Started process (PID=1169) to work on /opt/airflow/dags/warehouse_delivery_dag.py
[2025-12-20T16:46:35.676+0000] {processor.py:830} INFO - Processing file /opt/airflow/dags/warehouse_delivery_dag.py for tasks to queue
[2025-12-20T16:46:35.678+0000] {logging_mixin.py:188} INFO - [2025-12-20T16:46:35.678+0000] {dagbag.py:538} INFO - Filling up the DagBag from /opt/airflow/dags/warehouse_delivery_dag.py
[2025-12-20T16:46:35.717+0000] {processor.py:840} INFO - DAG(s) 'warehouse_delivery_refresh' retrieved from /opt/airflow/dags/warehouse_delivery_dag.py
[2025-12-20T16:46:35.766+0000] {logging_mixin.py:188} INFO - [2025-12-20T16:46:35.766+0000] {dag.py:3033} INFO - Sync 1 DAGs
[2025-12-20T16:46:35.794+0000] {logging_mixin.py:188} INFO - [2025-12-20T16:46:35.794+0000] {dag.py:3820} INFO - Setting next_dagrun for warehouse_delivery_refresh to 2025-12-20T03:00:00+00:00, run_after=2025-12-21T03:00:00+00:00
[2025-12-20T16:46:35.809+0000] {processor.py:183} INFO - Processing /opt/airflow/dags/warehouse_delivery_dag.py took 0.147 seconds
[2025-12-20T16:47:06.103+0000] {processor.py:161} INFO - Started process (PID=1191) to work on /opt/airflow/dags/warehouse_delivery_dag.py
[2025-12-20T16:47:06.106+0000] {processor.py:830} INFO - Processing file /opt/airflow/dags/warehouse_delivery_dag.py for tasks to queue
[2025-12-20T16:47:06.107+0000] {logging_mixin.py:188} INFO - [2025-12-20T16:47:06.107+0000] {dagbag.py:538} INFO - Filling up the DagBag from /opt/airflow/dags/warehouse_delivery_dag.py
[2025-12-20T16:47:06.139+0000] {processor.py:840} INFO - DAG(s) 'warehouse_delivery_refresh' retrieved from /opt/airflow/dags/warehouse_delivery_dag.py
[2025-12-20T16:47:06.195+0000] {logging_mixin.py:188} INFO - [2025-12-20T16:47:06.194+0000] {dag.py:3033} INFO - Sync 1 DAGs
[2025-12-20T16:47:06.229+0000] {logging_mixin.py:188} INFO - [2025-12-20T16:47:06.229+0000] {dag.py:3820} INFO - Setting next_dagrun for warehouse_delivery_refresh to 2025-12-20T03:00:00+00:00, run_after=2025-12-21T03:00:00+00:00
[2025-12-20T16:47:06.247+0000] {processor.py:183} INFO - Processing /opt/airflow/dags/warehouse_delivery_dag.py took 0.156 seconds
[2025-12-20T16:47:36.396+0000] {processor.py:161} INFO - Started process (PID=1213) to work on /opt/airflow/dags/warehouse_delivery_dag.py
[2025-12-20T16:47:36.398+0000] {processor.py:830} INFO - Processing file /opt/airflow/dags/warehouse_delivery_dag.py for tasks to queue
[2025-12-20T16:47:36.401+0000] {logging_mixin.py:188} INFO - [2025-12-20T16:47:36.399+0000] {dagbag.py:538} INFO - Filling up the DagBag from /opt/airflow/dags/warehouse_delivery_dag.py
[2025-12-20T16:47:36.423+0000] {processor.py:840} INFO - DAG(s) 'warehouse_delivery_refresh' retrieved from /opt/airflow/dags/warehouse_delivery_dag.py
[2025-12-20T16:47:36.460+0000] {logging_mixin.py:188} INFO - [2025-12-20T16:47:36.460+0000] {dag.py:3033} INFO - Sync 1 DAGs
[2025-12-20T16:47:36.483+0000] {logging_mixin.py:188} INFO - [2025-12-20T16:47:36.483+0000] {dag.py:3820} INFO - Setting next_dagrun for warehouse_delivery_refresh to 2025-12-20T03:00:00+00:00, run_after=2025-12-21T03:00:00+00:00
[2025-12-20T16:47:36.500+0000] {processor.py:183} INFO - Processing /opt/airflow/dags/warehouse_delivery_dag.py took 0.112 seconds
[2025-12-20T16:47:37.515+0000] {processor.py:161} INFO - Started process (PID=1215) to work on /opt/airflow/dags/warehouse_delivery_dag.py
[2025-12-20T16:47:37.516+0000] {processor.py:830} INFO - Processing file /opt/airflow/dags/warehouse_delivery_dag.py for tasks to queue
[2025-12-20T16:47:37.516+0000] {logging_mixin.py:188} INFO - [2025-12-20T16:47:37.516+0000] {dagbag.py:538} INFO - Filling up the DagBag from /opt/airflow/dags/warehouse_delivery_dag.py
[2025-12-20T16:47:37.520+0000] {logging_mixin.py:188} INFO - [2025-12-20T16:47:37.519+0000] {dagbag.py:348} ERROR - Failed to import: /opt/airflow/dags/warehouse_delivery_dag.py
Traceback (most recent call last):
  File "/home/airflow/.local/lib/python3.8/site-packages/airflow/models/dagbag.py", line 344, in parse
    loader.exec_module(new_module)
  File "<frozen importlib._bootstrap_external>", line 839, in exec_module
  File "<frozen importlib._bootstrap_external>", line 976, in get_code
  File "<frozen importlib._bootstrap_external>", line 906, in source_to_code
  File "<frozen importlib._bootstrap>", line 219, in _call_with_frames_removed
  File "/opt/airflow/dags/warehouse_delivery_dag.py", line 72
    sql = f"""
    ^
SyntaxError: invalid syntax
[2025-12-20T16:47:37.521+0000] {processor.py:842} WARNING - No viable dags retrieved from /opt/airflow/dags/warehouse_delivery_dag.py
[2025-12-20T16:47:37.541+0000] {processor.py:183} INFO - Processing /opt/airflow/dags/warehouse_delivery_dag.py took 0.028 seconds
[2025-12-20T16:47:59.770+0000] {processor.py:161} INFO - Started process (PID=1235) to work on /opt/airflow/dags/warehouse_delivery_dag.py
[2025-12-20T16:47:59.773+0000] {processor.py:830} INFO - Processing file /opt/airflow/dags/warehouse_delivery_dag.py for tasks to queue
[2025-12-20T16:47:59.776+0000] {logging_mixin.py:188} INFO - [2025-12-20T16:47:59.775+0000] {dagbag.py:538} INFO - Filling up the DagBag from /opt/airflow/dags/warehouse_delivery_dag.py
[2025-12-20T16:47:59.810+0000] {processor.py:840} INFO - DAG(s) 'warehouse_delivery_refresh' retrieved from /opt/airflow/dags/warehouse_delivery_dag.py
[2025-12-20T16:47:59.855+0000] {logging_mixin.py:188} INFO - [2025-12-20T16:47:59.855+0000] {dag.py:3033} INFO - Sync 1 DAGs
[2025-12-20T16:47:59.885+0000] {logging_mixin.py:188} INFO - [2025-12-20T16:47:59.885+0000] {dag.py:3820} INFO - Setting next_dagrun for warehouse_delivery_refresh to 2025-12-20T03:00:00+00:00, run_after=2025-12-21T03:00:00+00:00
[2025-12-20T16:47:59.908+0000] {processor.py:183} INFO - Processing /opt/airflow/dags/warehouse_delivery_dag.py took 0.150 seconds
[2025-12-20T16:48:25.311+0000] {processor.py:161} INFO - Started process (PID=1246) to work on /opt/airflow/dags/warehouse_delivery_dag.py
[2025-12-20T16:48:25.312+0000] {processor.py:830} INFO - Processing file /opt/airflow/dags/warehouse_delivery_dag.py for tasks to queue
[2025-12-20T16:48:25.313+0000] {logging_mixin.py:188} INFO - [2025-12-20T16:48:25.313+0000] {dagbag.py:538} INFO - Filling up the DagBag from /opt/airflow/dags/warehouse_delivery_dag.py
[2025-12-20T16:48:25.333+0000] {processor.py:840} INFO - DAG(s) 'warehouse_delivery_refresh' retrieved from /opt/airflow/dags/warehouse_delivery_dag.py
[2025-12-20T16:48:25.373+0000] {logging_mixin.py:188} INFO - [2025-12-20T16:48:25.373+0000] {dag.py:3033} INFO - Sync 1 DAGs
[2025-12-20T16:48:25.419+0000] {logging_mixin.py:188} INFO - [2025-12-20T16:48:25.418+0000] {dag.py:3820} INFO - Setting next_dagrun for warehouse_delivery_refresh to 2025-12-20T03:00:00+00:00, run_after=2025-12-21T03:00:00+00:00
[2025-12-20T16:48:25.442+0000] {processor.py:183} INFO - Processing /opt/airflow/dags/warehouse_delivery_dag.py took 0.135 seconds
[2025-12-20T16:48:34.658+0000] {processor.py:161} INFO - Started process (PID=1249) to work on /opt/airflow/dags/warehouse_delivery_dag.py
[2025-12-20T16:48:34.665+0000] {processor.py:830} INFO - Processing file /opt/airflow/dags/warehouse_delivery_dag.py for tasks to queue
[2025-12-20T16:48:34.666+0000] {logging_mixin.py:188} INFO - [2025-12-20T16:48:34.666+0000] {dagbag.py:538} INFO - Filling up the DagBag from /opt/airflow/dags/warehouse_delivery_dag.py
[2025-12-20T16:48:34.699+0000] {processor.py:840} INFO - DAG(s) 'warehouse_delivery_refresh' retrieved from /opt/airflow/dags/warehouse_delivery_dag.py
[2025-12-20T16:48:34.758+0000] {logging_mixin.py:188} INFO - [2025-12-20T16:48:34.757+0000] {dag.py:3033} INFO - Sync 1 DAGs
[2025-12-20T16:48:34.787+0000] {logging_mixin.py:188} INFO - [2025-12-20T16:48:34.787+0000] {dag.py:3820} INFO - Setting next_dagrun for warehouse_delivery_refresh to 2025-12-20T03:00:00+00:00, run_after=2025-12-21T03:00:00+00:00
[2025-12-20T16:48:34.806+0000] {processor.py:183} INFO - Processing /opt/airflow/dags/warehouse_delivery_dag.py took 0.161 seconds
[2025-12-20T16:48:47.922+0000] {processor.py:161} INFO - Started process (PID=1252) to work on /opt/airflow/dags/warehouse_delivery_dag.py
[2025-12-20T16:48:47.924+0000] {processor.py:830} INFO - Processing file /opt/airflow/dags/warehouse_delivery_dag.py for tasks to queue
[2025-12-20T16:48:47.927+0000] {logging_mixin.py:188} INFO - [2025-12-20T16:48:47.927+0000] {dagbag.py:538} INFO - Filling up the DagBag from /opt/airflow/dags/warehouse_delivery_dag.py
[2025-12-20T16:48:47.942+0000] {processor.py:840} INFO - DAG(s) 'warehouse_delivery_refresh' retrieved from /opt/airflow/dags/warehouse_delivery_dag.py
[2025-12-20T16:48:47.968+0000] {logging_mixin.py:188} INFO - [2025-12-20T16:48:47.968+0000] {dag.py:3033} INFO - Sync 1 DAGs
[2025-12-20T16:48:47.995+0000] {logging_mixin.py:188} INFO - [2025-12-20T16:48:47.995+0000] {dag.py:3820} INFO - Setting next_dagrun for warehouse_delivery_refresh to 2025-12-20T03:00:00+00:00, run_after=2025-12-21T03:00:00+00:00
[2025-12-20T16:48:48.015+0000] {processor.py:183} INFO - Processing /opt/airflow/dags/warehouse_delivery_dag.py took 0.101 seconds
[2025-12-20T16:49:18.347+0000] {processor.py:161} INFO - Started process (PID=1262) to work on /opt/airflow/dags/warehouse_delivery_dag.py
[2025-12-20T16:49:18.354+0000] {processor.py:830} INFO - Processing file /opt/airflow/dags/warehouse_delivery_dag.py for tasks to queue
[2025-12-20T16:49:18.355+0000] {logging_mixin.py:188} INFO - [2025-12-20T16:49:18.355+0000] {dagbag.py:538} INFO - Filling up the DagBag from /opt/airflow/dags/warehouse_delivery_dag.py
[2025-12-20T16:49:18.366+0000] {processor.py:840} INFO - DAG(s) 'warehouse_delivery_refresh' retrieved from /opt/airflow/dags/warehouse_delivery_dag.py
[2025-12-20T16:49:18.394+0000] {logging_mixin.py:188} INFO - [2025-12-20T16:49:18.394+0000] {dag.py:3033} INFO - Sync 1 DAGs
[2025-12-20T16:49:18.418+0000] {logging_mixin.py:188} INFO - [2025-12-20T16:49:18.418+0000] {dag.py:3820} INFO - Setting next_dagrun for warehouse_delivery_refresh to 2025-12-20T03:00:00+00:00, run_after=2025-12-21T03:00:00+00:00
[2025-12-20T16:49:18.431+0000] {processor.py:183} INFO - Processing /opt/airflow/dags/warehouse_delivery_dag.py took 0.092 seconds
[2025-12-20T16:49:48.756+0000] {processor.py:161} INFO - Started process (PID=1272) to work on /opt/airflow/dags/warehouse_delivery_dag.py
[2025-12-20T16:49:48.757+0000] {processor.py:830} INFO - Processing file /opt/airflow/dags/warehouse_delivery_dag.py for tasks to queue
[2025-12-20T16:49:48.758+0000] {logging_mixin.py:188} INFO - [2025-12-20T16:49:48.758+0000] {dagbag.py:538} INFO - Filling up the DagBag from /opt/airflow/dags/warehouse_delivery_dag.py
[2025-12-20T16:49:48.787+0000] {processor.py:840} INFO - DAG(s) 'warehouse_delivery_refresh' retrieved from /opt/airflow/dags/warehouse_delivery_dag.py
[2025-12-20T16:49:48.835+0000] {logging_mixin.py:188} INFO - [2025-12-20T16:49:48.835+0000] {dag.py:3033} INFO - Sync 1 DAGs
[2025-12-20T16:49:48.866+0000] {logging_mixin.py:188} INFO - [2025-12-20T16:49:48.866+0000] {dag.py:3820} INFO - Setting next_dagrun for warehouse_delivery_refresh to 2025-12-20T03:00:00+00:00, run_after=2025-12-21T03:00:00+00:00
[2025-12-20T16:49:48.881+0000] {processor.py:183} INFO - Processing /opt/airflow/dags/warehouse_delivery_dag.py took 0.132 seconds
[2025-12-20T16:50:19.186+0000] {processor.py:161} INFO - Started process (PID=1282) to work on /opt/airflow/dags/warehouse_delivery_dag.py
[2025-12-20T16:50:19.187+0000] {processor.py:830} INFO - Processing file /opt/airflow/dags/warehouse_delivery_dag.py for tasks to queue
[2025-12-20T16:50:19.188+0000] {logging_mixin.py:188} INFO - [2025-12-20T16:50:19.188+0000] {dagbag.py:538} INFO - Filling up the DagBag from /opt/airflow/dags/warehouse_delivery_dag.py
[2025-12-20T16:50:19.222+0000] {processor.py:840} INFO - DAG(s) 'warehouse_delivery_refresh' retrieved from /opt/airflow/dags/warehouse_delivery_dag.py
[2025-12-20T16:50:19.280+0000] {logging_mixin.py:188} INFO - [2025-12-20T16:50:19.280+0000] {dag.py:3033} INFO - Sync 1 DAGs
[2025-12-20T16:50:19.308+0000] {logging_mixin.py:188} INFO - [2025-12-20T16:50:19.308+0000] {dag.py:3820} INFO - Setting next_dagrun for warehouse_delivery_refresh to 2025-12-20T03:00:00+00:00, run_after=2025-12-21T03:00:00+00:00
[2025-12-20T16:50:19.338+0000] {processor.py:183} INFO - Processing /opt/airflow/dags/warehouse_delivery_dag.py took 0.162 seconds
[2025-12-20T16:50:49.644+0000] {processor.py:161} INFO - Started process (PID=1292) to work on /opt/airflow/dags/warehouse_delivery_dag.py
[2025-12-20T16:50:49.648+0000] {processor.py:830} INFO - Processing file /opt/airflow/dags/warehouse_delivery_dag.py for tasks to queue
[2025-12-20T16:50:49.649+0000] {logging_mixin.py:188} INFO - [2025-12-20T16:50:49.649+0000] {dagbag.py:538} INFO - Filling up the DagBag from /opt/airflow/dags/warehouse_delivery_dag.py
[2025-12-20T16:50:49.660+0000] {processor.py:840} INFO - DAG(s) 'warehouse_delivery_refresh' retrieved from /opt/airflow/dags/warehouse_delivery_dag.py
[2025-12-20T16:50:49.692+0000] {logging_mixin.py:188} INFO - [2025-12-20T16:50:49.692+0000] {dag.py:3033} INFO - Sync 1 DAGs
[2025-12-20T16:50:49.718+0000] {logging_mixin.py:188} INFO - [2025-12-20T16:50:49.718+0000] {dag.py:3820} INFO - Setting next_dagrun for warehouse_delivery_refresh to 2025-12-20T03:00:00+00:00, run_after=2025-12-21T03:00:00+00:00
[2025-12-20T16:50:49.733+0000] {processor.py:183} INFO - Processing /opt/airflow/dags/warehouse_delivery_dag.py took 0.095 seconds
[2025-12-20T16:51:20.194+0000] {processor.py:161} INFO - Started process (PID=1302) to work on /opt/airflow/dags/warehouse_delivery_dag.py
[2025-12-20T16:51:20.195+0000] {processor.py:830} INFO - Processing file /opt/airflow/dags/warehouse_delivery_dag.py for tasks to queue
[2025-12-20T16:51:20.196+0000] {logging_mixin.py:188} INFO - [2025-12-20T16:51:20.196+0000] {dagbag.py:538} INFO - Filling up the DagBag from /opt/airflow/dags/warehouse_delivery_dag.py
[2025-12-20T16:51:20.227+0000] {processor.py:840} INFO - DAG(s) 'warehouse_delivery_refresh' retrieved from /opt/airflow/dags/warehouse_delivery_dag.py
[2025-12-20T16:51:20.266+0000] {logging_mixin.py:188} INFO - [2025-12-20T16:51:20.266+0000] {dag.py:3033} INFO - Sync 1 DAGs
[2025-12-20T16:51:20.287+0000] {logging_mixin.py:188} INFO - [2025-12-20T16:51:20.287+0000] {dag.py:3820} INFO - Setting next_dagrun for warehouse_delivery_refresh to 2025-12-20T03:00:00+00:00, run_after=2025-12-21T03:00:00+00:00
[2025-12-20T16:51:20.311+0000] {processor.py:183} INFO - Processing /opt/airflow/dags/warehouse_delivery_dag.py took 0.122 seconds
[2025-12-20T16:51:50.749+0000] {processor.py:161} INFO - Started process (PID=1324) to work on /opt/airflow/dags/warehouse_delivery_dag.py
[2025-12-20T16:51:50.750+0000] {processor.py:830} INFO - Processing file /opt/airflow/dags/warehouse_delivery_dag.py for tasks to queue
[2025-12-20T16:51:50.751+0000] {logging_mixin.py:188} INFO - [2025-12-20T16:51:50.751+0000] {dagbag.py:538} INFO - Filling up the DagBag from /opt/airflow/dags/warehouse_delivery_dag.py
[2025-12-20T16:51:50.765+0000] {processor.py:840} INFO - DAG(s) 'warehouse_delivery_refresh' retrieved from /opt/airflow/dags/warehouse_delivery_dag.py
[2025-12-20T16:51:50.802+0000] {logging_mixin.py:188} INFO - [2025-12-20T16:51:50.802+0000] {dag.py:3033} INFO - Sync 1 DAGs
[2025-12-20T16:51:50.825+0000] {logging_mixin.py:188} INFO - [2025-12-20T16:51:50.825+0000] {dag.py:3820} INFO - Setting next_dagrun for warehouse_delivery_refresh to 2025-12-20T03:00:00+00:00, run_after=2025-12-21T03:00:00+00:00
[2025-12-20T16:51:50.843+0000] {processor.py:183} INFO - Processing /opt/airflow/dags/warehouse_delivery_dag.py took 0.099 seconds
[2025-12-20T16:52:21.144+0000] {processor.py:161} INFO - Started process (PID=1334) to work on /opt/airflow/dags/warehouse_delivery_dag.py
[2025-12-20T16:52:21.146+0000] {processor.py:830} INFO - Processing file /opt/airflow/dags/warehouse_delivery_dag.py for tasks to queue
[2025-12-20T16:52:21.148+0000] {logging_mixin.py:188} INFO - [2025-12-20T16:52:21.148+0000] {dagbag.py:538} INFO - Filling up the DagBag from /opt/airflow/dags/warehouse_delivery_dag.py
[2025-12-20T16:52:21.171+0000] {processor.py:840} INFO - DAG(s) 'warehouse_delivery_refresh' retrieved from /opt/airflow/dags/warehouse_delivery_dag.py
[2025-12-20T16:52:21.214+0000] {logging_mixin.py:188} INFO - [2025-12-20T16:52:21.214+0000] {dag.py:3033} INFO - Sync 1 DAGs
[2025-12-20T16:52:21.245+0000] {logging_mixin.py:188} INFO - [2025-12-20T16:52:21.245+0000] {dag.py:3820} INFO - Setting next_dagrun for warehouse_delivery_refresh to 2025-12-20T03:00:00+00:00, run_after=2025-12-21T03:00:00+00:00
[2025-12-20T16:52:21.261+0000] {processor.py:183} INFO - Processing /opt/airflow/dags/warehouse_delivery_dag.py took 0.126 seconds
[2025-12-20T16:52:51.557+0000] {processor.py:161} INFO - Started process (PID=1344) to work on /opt/airflow/dags/warehouse_delivery_dag.py
[2025-12-20T16:52:51.558+0000] {processor.py:830} INFO - Processing file /opt/airflow/dags/warehouse_delivery_dag.py for tasks to queue
[2025-12-20T16:52:51.559+0000] {logging_mixin.py:188} INFO - [2025-12-20T16:52:51.559+0000] {dagbag.py:538} INFO - Filling up the DagBag from /opt/airflow/dags/warehouse_delivery_dag.py
[2025-12-20T16:52:51.573+0000] {processor.py:840} INFO - DAG(s) 'warehouse_delivery_refresh' retrieved from /opt/airflow/dags/warehouse_delivery_dag.py
[2025-12-20T16:52:51.612+0000] {logging_mixin.py:188} INFO - [2025-12-20T16:52:51.612+0000] {dag.py:3033} INFO - Sync 1 DAGs
[2025-12-20T16:52:51.644+0000] {logging_mixin.py:188} INFO - [2025-12-20T16:52:51.644+0000] {dag.py:3820} INFO - Setting next_dagrun for warehouse_delivery_refresh to 2025-12-20T03:00:00+00:00, run_after=2025-12-21T03:00:00+00:00
[2025-12-20T16:52:51.665+0000] {processor.py:183} INFO - Processing /opt/airflow/dags/warehouse_delivery_dag.py took 0.112 seconds
[2025-12-20T16:53:21.934+0000] {processor.py:161} INFO - Started process (PID=1354) to work on /opt/airflow/dags/warehouse_delivery_dag.py
[2025-12-20T16:53:21.936+0000] {processor.py:830} INFO - Processing file /opt/airflow/dags/warehouse_delivery_dag.py for tasks to queue
[2025-12-20T16:53:21.937+0000] {logging_mixin.py:188} INFO - [2025-12-20T16:53:21.937+0000] {dagbag.py:538} INFO - Filling up the DagBag from /opt/airflow/dags/warehouse_delivery_dag.py
[2025-12-20T16:53:21.953+0000] {processor.py:840} INFO - DAG(s) 'warehouse_delivery_refresh' retrieved from /opt/airflow/dags/warehouse_delivery_dag.py
[2025-12-20T16:53:21.987+0000] {logging_mixin.py:188} INFO - [2025-12-20T16:53:21.987+0000] {dag.py:3033} INFO - Sync 1 DAGs
[2025-12-20T16:53:22.010+0000] {logging_mixin.py:188} INFO - [2025-12-20T16:53:22.010+0000] {dag.py:3820} INFO - Setting next_dagrun for warehouse_delivery_refresh to 2025-12-20T03:00:00+00:00, run_after=2025-12-21T03:00:00+00:00
[2025-12-20T16:53:22.024+0000] {processor.py:183} INFO - Processing /opt/airflow/dags/warehouse_delivery_dag.py took 0.094 seconds
[2025-12-20T16:53:52.339+0000] {processor.py:161} INFO - Started process (PID=1364) to work on /opt/airflow/dags/warehouse_delivery_dag.py
[2025-12-20T16:53:52.343+0000] {processor.py:830} INFO - Processing file /opt/airflow/dags/warehouse_delivery_dag.py for tasks to queue
[2025-12-20T16:53:52.344+0000] {logging_mixin.py:188} INFO - [2025-12-20T16:53:52.344+0000] {dagbag.py:538} INFO - Filling up the DagBag from /opt/airflow/dags/warehouse_delivery_dag.py
[2025-12-20T16:53:52.355+0000] {processor.py:840} INFO - DAG(s) 'warehouse_delivery_refresh' retrieved from /opt/airflow/dags/warehouse_delivery_dag.py
[2025-12-20T16:53:52.380+0000] {logging_mixin.py:188} INFO - [2025-12-20T16:53:52.380+0000] {dag.py:3033} INFO - Sync 1 DAGs
[2025-12-20T16:53:52.398+0000] {logging_mixin.py:188} INFO - [2025-12-20T16:53:52.398+0000] {dag.py:3820} INFO - Setting next_dagrun for warehouse_delivery_refresh to 2025-12-20T03:00:00+00:00, run_after=2025-12-21T03:00:00+00:00
[2025-12-20T16:53:52.413+0000] {processor.py:183} INFO - Processing /opt/airflow/dags/warehouse_delivery_dag.py took 0.082 seconds
[2025-12-20T16:54:22.703+0000] {processor.py:161} INFO - Started process (PID=1374) to work on /opt/airflow/dags/warehouse_delivery_dag.py
[2025-12-20T16:54:22.704+0000] {processor.py:830} INFO - Processing file /opt/airflow/dags/warehouse_delivery_dag.py for tasks to queue
[2025-12-20T16:54:22.705+0000] {logging_mixin.py:188} INFO - [2025-12-20T16:54:22.704+0000] {dagbag.py:538} INFO - Filling up the DagBag from /opt/airflow/dags/warehouse_delivery_dag.py
[2025-12-20T16:54:22.719+0000] {processor.py:840} INFO - DAG(s) 'warehouse_delivery_refresh' retrieved from /opt/airflow/dags/warehouse_delivery_dag.py
[2025-12-20T16:54:22.741+0000] {logging_mixin.py:188} INFO - [2025-12-20T16:54:22.741+0000] {dag.py:3033} INFO - Sync 1 DAGs
[2025-12-20T16:54:22.757+0000] {logging_mixin.py:188} INFO - [2025-12-20T16:54:22.757+0000] {dag.py:3820} INFO - Setting next_dagrun for warehouse_delivery_refresh to 2025-12-20T03:00:00+00:00, run_after=2025-12-21T03:00:00+00:00
[2025-12-20T16:54:22.769+0000] {processor.py:183} INFO - Processing /opt/airflow/dags/warehouse_delivery_dag.py took 0.070 seconds
[2025-12-20T16:54:53.121+0000] {processor.py:161} INFO - Started process (PID=1384) to work on /opt/airflow/dags/warehouse_delivery_dag.py
[2025-12-20T16:54:53.125+0000] {processor.py:830} INFO - Processing file /opt/airflow/dags/warehouse_delivery_dag.py for tasks to queue
[2025-12-20T16:54:53.130+0000] {logging_mixin.py:188} INFO - [2025-12-20T16:54:53.128+0000] {dagbag.py:538} INFO - Filling up the DagBag from /opt/airflow/dags/warehouse_delivery_dag.py
[2025-12-20T16:54:53.150+0000] {processor.py:840} INFO - DAG(s) 'warehouse_delivery_refresh' retrieved from /opt/airflow/dags/warehouse_delivery_dag.py
[2025-12-20T16:54:53.174+0000] {logging_mixin.py:188} INFO - [2025-12-20T16:54:53.174+0000] {dag.py:3033} INFO - Sync 1 DAGs
[2025-12-20T16:54:53.196+0000] {logging_mixin.py:188} INFO - [2025-12-20T16:54:53.195+0000] {dag.py:3820} INFO - Setting next_dagrun for warehouse_delivery_refresh to 2025-12-20T03:00:00+00:00, run_after=2025-12-21T03:00:00+00:00
[2025-12-20T16:54:53.215+0000] {processor.py:183} INFO - Processing /opt/airflow/dags/warehouse_delivery_dag.py took 0.100 seconds
[2025-12-20T16:55:23.532+0000] {processor.py:161} INFO - Started process (PID=1394) to work on /opt/airflow/dags/warehouse_delivery_dag.py
[2025-12-20T16:55:23.536+0000] {processor.py:830} INFO - Processing file /opt/airflow/dags/warehouse_delivery_dag.py for tasks to queue
[2025-12-20T16:55:23.537+0000] {logging_mixin.py:188} INFO - [2025-12-20T16:55:23.537+0000] {dagbag.py:538} INFO - Filling up the DagBag from /opt/airflow/dags/warehouse_delivery_dag.py
[2025-12-20T16:55:23.551+0000] {processor.py:840} INFO - DAG(s) 'warehouse_delivery_refresh' retrieved from /opt/airflow/dags/warehouse_delivery_dag.py
[2025-12-20T16:55:23.577+0000] {logging_mixin.py:188} INFO - [2025-12-20T16:55:23.577+0000] {dag.py:3033} INFO - Sync 1 DAGs
[2025-12-20T16:55:23.601+0000] {logging_mixin.py:188} INFO - [2025-12-20T16:55:23.600+0000] {dag.py:3820} INFO - Setting next_dagrun for warehouse_delivery_refresh to 2025-12-20T03:00:00+00:00, run_after=2025-12-21T03:00:00+00:00
[2025-12-20T16:55:23.617+0000] {processor.py:183} INFO - Processing /opt/airflow/dags/warehouse_delivery_dag.py took 0.095 seconds
[2025-12-20T16:55:54.023+0000] {processor.py:161} INFO - Started process (PID=1404) to work on /opt/airflow/dags/warehouse_delivery_dag.py
[2025-12-20T16:55:54.027+0000] {processor.py:830} INFO - Processing file /opt/airflow/dags/warehouse_delivery_dag.py for tasks to queue
[2025-12-20T16:55:54.029+0000] {logging_mixin.py:188} INFO - [2025-12-20T16:55:54.029+0000] {dagbag.py:538} INFO - Filling up the DagBag from /opt/airflow/dags/warehouse_delivery_dag.py
[2025-12-20T16:55:54.042+0000] {processor.py:840} INFO - DAG(s) 'warehouse_delivery_refresh' retrieved from /opt/airflow/dags/warehouse_delivery_dag.py
[2025-12-20T16:55:54.078+0000] {logging_mixin.py:188} INFO - [2025-12-20T16:55:54.078+0000] {dag.py:3033} INFO - Sync 1 DAGs
[2025-12-20T16:55:54.101+0000] {logging_mixin.py:188} INFO - [2025-12-20T16:55:54.101+0000] {dag.py:3820} INFO - Setting next_dagrun for warehouse_delivery_refresh to 2025-12-20T03:00:00+00:00, run_after=2025-12-21T03:00:00+00:00
[2025-12-20T16:55:54.124+0000] {processor.py:183} INFO - Processing /opt/airflow/dags/warehouse_delivery_dag.py took 0.106 seconds
[2025-12-20T16:56:24.471+0000] {processor.py:161} INFO - Started process (PID=1414) to work on /opt/airflow/dags/warehouse_delivery_dag.py
[2025-12-20T16:56:24.474+0000] {processor.py:830} INFO - Processing file /opt/airflow/dags/warehouse_delivery_dag.py for tasks to queue
[2025-12-20T16:56:24.475+0000] {logging_mixin.py:188} INFO - [2025-12-20T16:56:24.475+0000] {dagbag.py:538} INFO - Filling up the DagBag from /opt/airflow/dags/warehouse_delivery_dag.py
[2025-12-20T16:56:24.494+0000] {processor.py:840} INFO - DAG(s) 'warehouse_delivery_refresh' retrieved from /opt/airflow/dags/warehouse_delivery_dag.py
[2025-12-20T16:56:24.530+0000] {logging_mixin.py:188} INFO - [2025-12-20T16:56:24.530+0000] {dag.py:3033} INFO - Sync 1 DAGs
[2025-12-20T16:56:24.563+0000] {logging_mixin.py:188} INFO - [2025-12-20T16:56:24.563+0000] {dag.py:3820} INFO - Setting next_dagrun for warehouse_delivery_refresh to 2025-12-20T03:00:00+00:00, run_after=2025-12-21T03:00:00+00:00
[2025-12-20T16:56:24.581+0000] {processor.py:183} INFO - Processing /opt/airflow/dags/warehouse_delivery_dag.py took 0.116 seconds
[2025-12-20T16:56:55.103+0000] {processor.py:161} INFO - Started process (PID=1424) to work on /opt/airflow/dags/warehouse_delivery_dag.py
[2025-12-20T16:56:55.104+0000] {processor.py:830} INFO - Processing file /opt/airflow/dags/warehouse_delivery_dag.py for tasks to queue
[2025-12-20T16:56:55.106+0000] {logging_mixin.py:188} INFO - [2025-12-20T16:56:55.106+0000] {dagbag.py:538} INFO - Filling up the DagBag from /opt/airflow/dags/warehouse_delivery_dag.py
[2025-12-20T16:56:55.137+0000] {processor.py:840} INFO - DAG(s) 'warehouse_delivery_refresh' retrieved from /opt/airflow/dags/warehouse_delivery_dag.py
[2025-12-20T16:56:55.186+0000] {logging_mixin.py:188} INFO - [2025-12-20T16:56:55.186+0000] {dag.py:3033} INFO - Sync 1 DAGs
[2025-12-20T16:56:55.226+0000] {logging_mixin.py:188} INFO - [2025-12-20T16:56:55.226+0000] {dag.py:3820} INFO - Setting next_dagrun for warehouse_delivery_refresh to 2025-12-20T03:00:00+00:00, run_after=2025-12-21T03:00:00+00:00
[2025-12-20T16:56:55.362+0000] {processor.py:183} INFO - Processing /opt/airflow/dags/warehouse_delivery_dag.py took 0.266 seconds
[2025-12-20T16:57:25.710+0000] {processor.py:161} INFO - Started process (PID=1434) to work on /opt/airflow/dags/warehouse_delivery_dag.py
[2025-12-20T16:57:25.714+0000] {processor.py:830} INFO - Processing file /opt/airflow/dags/warehouse_delivery_dag.py for tasks to queue
[2025-12-20T16:57:25.716+0000] {logging_mixin.py:188} INFO - [2025-12-20T16:57:25.716+0000] {dagbag.py:538} INFO - Filling up the DagBag from /opt/airflow/dags/warehouse_delivery_dag.py
[2025-12-20T16:57:25.745+0000] {processor.py:840} INFO - DAG(s) 'warehouse_delivery_refresh' retrieved from /opt/airflow/dags/warehouse_delivery_dag.py
[2025-12-20T16:57:25.787+0000] {logging_mixin.py:188} INFO - [2025-12-20T16:57:25.787+0000] {dag.py:3033} INFO - Sync 1 DAGs
[2025-12-20T16:57:25.812+0000] {logging_mixin.py:188} INFO - [2025-12-20T16:57:25.812+0000] {dag.py:3820} INFO - Setting next_dagrun for warehouse_delivery_refresh to 2025-12-20T03:00:00+00:00, run_after=2025-12-21T03:00:00+00:00
[2025-12-20T16:57:25.834+0000] {processor.py:183} INFO - Processing /opt/airflow/dags/warehouse_delivery_dag.py took 0.132 seconds
[2025-12-20T16:57:56.095+0000] {processor.py:161} INFO - Started process (PID=1444) to work on /opt/airflow/dags/warehouse_delivery_dag.py
[2025-12-20T16:57:56.098+0000] {processor.py:830} INFO - Processing file /opt/airflow/dags/warehouse_delivery_dag.py for tasks to queue
[2025-12-20T16:57:56.098+0000] {logging_mixin.py:188} INFO - [2025-12-20T16:57:56.098+0000] {dagbag.py:538} INFO - Filling up the DagBag from /opt/airflow/dags/warehouse_delivery_dag.py
[2025-12-20T16:57:56.105+0000] {processor.py:840} INFO - DAG(s) 'warehouse_delivery_refresh' retrieved from /opt/airflow/dags/warehouse_delivery_dag.py
[2025-12-20T16:57:56.125+0000] {logging_mixin.py:188} INFO - [2025-12-20T16:57:56.125+0000] {dag.py:3033} INFO - Sync 1 DAGs
[2025-12-20T16:57:56.140+0000] {logging_mixin.py:188} INFO - [2025-12-20T16:57:56.140+0000] {dag.py:3820} INFO - Setting next_dagrun for warehouse_delivery_refresh to 2025-12-20T03:00:00+00:00, run_after=2025-12-21T03:00:00+00:00
[2025-12-20T16:57:56.152+0000] {processor.py:183} INFO - Processing /opt/airflow/dags/warehouse_delivery_dag.py took 0.061 seconds
[2025-12-20T16:58:26.558+0000] {processor.py:161} INFO - Started process (PID=1454) to work on /opt/airflow/dags/warehouse_delivery_dag.py
[2025-12-20T16:58:26.560+0000] {processor.py:830} INFO - Processing file /opt/airflow/dags/warehouse_delivery_dag.py for tasks to queue
[2025-12-20T16:58:26.561+0000] {logging_mixin.py:188} INFO - [2025-12-20T16:58:26.561+0000] {dagbag.py:538} INFO - Filling up the DagBag from /opt/airflow/dags/warehouse_delivery_dag.py
[2025-12-20T16:58:26.592+0000] {processor.py:840} INFO - DAG(s) 'warehouse_delivery_refresh' retrieved from /opt/airflow/dags/warehouse_delivery_dag.py
[2025-12-20T16:58:26.633+0000] {logging_mixin.py:188} INFO - [2025-12-20T16:58:26.633+0000] {dag.py:3033} INFO - Sync 1 DAGs
[2025-12-20T16:58:26.661+0000] {logging_mixin.py:188} INFO - [2025-12-20T16:58:26.661+0000] {dag.py:3820} INFO - Setting next_dagrun for warehouse_delivery_refresh to 2025-12-20T03:00:00+00:00, run_after=2025-12-21T03:00:00+00:00
[2025-12-20T16:58:26.683+0000] {processor.py:183} INFO - Processing /opt/airflow/dags/warehouse_delivery_dag.py took 0.130 seconds
[2025-12-20T16:58:57.017+0000] {processor.py:161} INFO - Started process (PID=1464) to work on /opt/airflow/dags/warehouse_delivery_dag.py
[2025-12-20T16:58:57.021+0000] {processor.py:830} INFO - Processing file /opt/airflow/dags/warehouse_delivery_dag.py for tasks to queue
[2025-12-20T16:58:57.022+0000] {logging_mixin.py:188} INFO - [2025-12-20T16:58:57.022+0000] {dagbag.py:538} INFO - Filling up the DagBag from /opt/airflow/dags/warehouse_delivery_dag.py
[2025-12-20T16:58:57.035+0000] {processor.py:840} INFO - DAG(s) 'warehouse_delivery_refresh' retrieved from /opt/airflow/dags/warehouse_delivery_dag.py
[2025-12-20T16:58:57.066+0000] {logging_mixin.py:188} INFO - [2025-12-20T16:58:57.066+0000] {dag.py:3033} INFO - Sync 1 DAGs
[2025-12-20T16:58:57.090+0000] {logging_mixin.py:188} INFO - [2025-12-20T16:58:57.090+0000] {dag.py:3820} INFO - Setting next_dagrun for warehouse_delivery_refresh to 2025-12-20T03:00:00+00:00, run_after=2025-12-21T03:00:00+00:00
[2025-12-20T16:58:57.109+0000] {processor.py:183} INFO - Processing /opt/airflow/dags/warehouse_delivery_dag.py took 0.100 seconds
[2025-12-20T16:59:27.385+0000] {processor.py:161} INFO - Started process (PID=1474) to work on /opt/airflow/dags/warehouse_delivery_dag.py
[2025-12-20T16:59:27.387+0000] {processor.py:830} INFO - Processing file /opt/airflow/dags/warehouse_delivery_dag.py for tasks to queue
[2025-12-20T16:59:27.388+0000] {logging_mixin.py:188} INFO - [2025-12-20T16:59:27.388+0000] {dagbag.py:538} INFO - Filling up the DagBag from /opt/airflow/dags/warehouse_delivery_dag.py
[2025-12-20T16:59:27.398+0000] {processor.py:840} INFO - DAG(s) 'warehouse_delivery_refresh' retrieved from /opt/airflow/dags/warehouse_delivery_dag.py
[2025-12-20T16:59:27.428+0000] {logging_mixin.py:188} INFO - [2025-12-20T16:59:27.428+0000] {dag.py:3033} INFO - Sync 1 DAGs
[2025-12-20T16:59:27.446+0000] {logging_mixin.py:188} INFO - [2025-12-20T16:59:27.446+0000] {dag.py:3820} INFO - Setting next_dagrun for warehouse_delivery_refresh to 2025-12-20T03:00:00+00:00, run_after=2025-12-21T03:00:00+00:00
[2025-12-20T16:59:27.464+0000] {processor.py:183} INFO - Processing /opt/airflow/dags/warehouse_delivery_dag.py took 0.086 seconds
[2025-12-20T16:59:57.764+0000] {processor.py:161} INFO - Started process (PID=1477) to work on /opt/airflow/dags/warehouse_delivery_dag.py
[2025-12-20T16:59:57.766+0000] {processor.py:830} INFO - Processing file /opt/airflow/dags/warehouse_delivery_dag.py for tasks to queue
[2025-12-20T16:59:57.767+0000] {logging_mixin.py:188} INFO - [2025-12-20T16:59:57.766+0000] {dagbag.py:538} INFO - Filling up the DagBag from /opt/airflow/dags/warehouse_delivery_dag.py
[2025-12-20T16:59:57.778+0000] {processor.py:840} INFO - DAG(s) 'warehouse_delivery_refresh' retrieved from /opt/airflow/dags/warehouse_delivery_dag.py
[2025-12-20T16:59:57.816+0000] {logging_mixin.py:188} INFO - [2025-12-20T16:59:57.816+0000] {dag.py:3033} INFO - Sync 1 DAGs
[2025-12-20T16:59:57.842+0000] {logging_mixin.py:188} INFO - [2025-12-20T16:59:57.842+0000] {dag.py:3820} INFO - Setting next_dagrun for warehouse_delivery_refresh to 2025-12-20T03:00:00+00:00, run_after=2025-12-21T03:00:00+00:00
[2025-12-20T16:59:57.854+0000] {processor.py:183} INFO - Processing /opt/airflow/dags/warehouse_delivery_dag.py took 0.102 seconds
[2025-12-20T17:00:28.204+0000] {processor.py:161} INFO - Started process (PID=1487) to work on /opt/airflow/dags/warehouse_delivery_dag.py
[2025-12-20T17:00:28.213+0000] {processor.py:830} INFO - Processing file /opt/airflow/dags/warehouse_delivery_dag.py for tasks to queue
[2025-12-20T17:00:28.214+0000] {logging_mixin.py:188} INFO - [2025-12-20T17:00:28.214+0000] {dagbag.py:538} INFO - Filling up the DagBag from /opt/airflow/dags/warehouse_delivery_dag.py
[2025-12-20T17:00:28.225+0000] {processor.py:840} INFO - DAG(s) 'warehouse_delivery_refresh' retrieved from /opt/airflow/dags/warehouse_delivery_dag.py
[2025-12-20T17:00:28.258+0000] {logging_mixin.py:188} INFO - [2025-12-20T17:00:28.258+0000] {dag.py:3033} INFO - Sync 1 DAGs
[2025-12-20T17:00:28.278+0000] {logging_mixin.py:188} INFO - [2025-12-20T17:00:28.278+0000] {dag.py:3820} INFO - Setting next_dagrun for warehouse_delivery_refresh to 2025-12-20T03:00:00+00:00, run_after=2025-12-21T03:00:00+00:00
[2025-12-20T17:00:28.293+0000] {processor.py:183} INFO - Processing /opt/airflow/dags/warehouse_delivery_dag.py took 0.102 seconds
[2025-12-20T17:00:58.756+0000] {processor.py:161} INFO - Started process (PID=1497) to work on /opt/airflow/dags/warehouse_delivery_dag.py
[2025-12-20T17:00:58.763+0000] {processor.py:830} INFO - Processing file /opt/airflow/dags/warehouse_delivery_dag.py for tasks to queue
[2025-12-20T17:00:58.765+0000] {logging_mixin.py:188} INFO - [2025-12-20T17:00:58.764+0000] {dagbag.py:538} INFO - Filling up the DagBag from /opt/airflow/dags/warehouse_delivery_dag.py
[2025-12-20T17:00:58.791+0000] {processor.py:840} INFO - DAG(s) 'warehouse_delivery_refresh' retrieved from /opt/airflow/dags/warehouse_delivery_dag.py
[2025-12-20T17:00:58.829+0000] {logging_mixin.py:188} INFO - [2025-12-20T17:00:58.829+0000] {dag.py:3033} INFO - Sync 1 DAGs
[2025-12-20T17:00:58.854+0000] {logging_mixin.py:188} INFO - [2025-12-20T17:00:58.854+0000] {dag.py:3820} INFO - Setting next_dagrun for warehouse_delivery_refresh to 2025-12-20T03:00:00+00:00, run_after=2025-12-21T03:00:00+00:00
[2025-12-20T17:00:58.874+0000] {processor.py:183} INFO - Processing /opt/airflow/dags/warehouse_delivery_dag.py took 0.124 seconds
[2025-12-20T17:04:42.060+0000] {processor.py:161} INFO - Started process (PID=31) to work on /opt/airflow/dags/warehouse_delivery_dag.py
[2025-12-20T17:04:42.062+0000] {processor.py:830} INFO - Processing file /opt/airflow/dags/warehouse_delivery_dag.py for tasks to queue
[2025-12-20T17:04:42.063+0000] {logging_mixin.py:188} INFO - [2025-12-20T17:04:42.062+0000] {dagbag.py:538} INFO - Filling up the DagBag from /opt/airflow/dags/warehouse_delivery_dag.py
[2025-12-20T17:04:42.079+0000] {processor.py:840} INFO - DAG(s) 'warehouse_delivery_refresh' retrieved from /opt/airflow/dags/warehouse_delivery_dag.py
[2025-12-20T17:04:42.128+0000] {logging_mixin.py:188} INFO - [2025-12-20T17:04:42.128+0000] {dag.py:3033} INFO - Sync 1 DAGs
[2025-12-20T17:04:42.205+0000] {logging_mixin.py:188} INFO - [2025-12-20T17:04:42.204+0000] {dag.py:3820} INFO - Setting next_dagrun for warehouse_delivery_refresh to 2025-12-20T03:00:00+00:00, run_after=2025-12-21T03:00:00+00:00
[2025-12-20T17:04:42.222+0000] {processor.py:183} INFO - Processing /opt/airflow/dags/warehouse_delivery_dag.py took 0.169 seconds
[2025-12-20T17:05:12.755+0000] {processor.py:161} INFO - Started process (PID=41) to work on /opt/airflow/dags/warehouse_delivery_dag.py
[2025-12-20T17:05:12.757+0000] {processor.py:830} INFO - Processing file /opt/airflow/dags/warehouse_delivery_dag.py for tasks to queue
[2025-12-20T17:05:12.758+0000] {logging_mixin.py:188} INFO - [2025-12-20T17:05:12.757+0000] {dagbag.py:538} INFO - Filling up the DagBag from /opt/airflow/dags/warehouse_delivery_dag.py
[2025-12-20T17:05:12.788+0000] {processor.py:840} INFO - DAG(s) 'warehouse_delivery_refresh' retrieved from /opt/airflow/dags/warehouse_delivery_dag.py
[2025-12-20T17:05:13.000+0000] {logging_mixin.py:188} INFO - [2025-12-20T17:05:13.000+0000] {dag.py:3033} INFO - Sync 1 DAGs
[2025-12-20T17:05:13.017+0000] {logging_mixin.py:188} INFO - [2025-12-20T17:05:13.016+0000] {dag.py:3820} INFO - Setting next_dagrun for warehouse_delivery_refresh to 2025-12-20T03:00:00+00:00, run_after=2025-12-21T03:00:00+00:00
[2025-12-20T17:05:13.031+0000] {processor.py:183} INFO - Processing /opt/airflow/dags/warehouse_delivery_dag.py took 0.284 seconds
[2025-12-20T17:05:43.297+0000] {processor.py:161} INFO - Started process (PID=63) to work on /opt/airflow/dags/warehouse_delivery_dag.py
[2025-12-20T17:05:43.298+0000] {processor.py:830} INFO - Processing file /opt/airflow/dags/warehouse_delivery_dag.py for tasks to queue
[2025-12-20T17:05:43.298+0000] {logging_mixin.py:188} INFO - [2025-12-20T17:05:43.298+0000] {dagbag.py:538} INFO - Filling up the DagBag from /opt/airflow/dags/warehouse_delivery_dag.py
[2025-12-20T17:05:43.306+0000] {processor.py:840} INFO - DAG(s) 'warehouse_delivery_refresh' retrieved from /opt/airflow/dags/warehouse_delivery_dag.py
[2025-12-20T17:05:43.329+0000] {logging_mixin.py:188} INFO - [2025-12-20T17:05:43.329+0000] {dag.py:3033} INFO - Sync 1 DAGs
[2025-12-20T17:05:43.346+0000] {logging_mixin.py:188} INFO - [2025-12-20T17:05:43.346+0000] {dag.py:3820} INFO - Setting next_dagrun for warehouse_delivery_refresh to 2025-12-20T03:00:00+00:00, run_after=2025-12-21T03:00:00+00:00
[2025-12-20T17:05:43.359+0000] {processor.py:183} INFO - Processing /opt/airflow/dags/warehouse_delivery_dag.py took 0.064 seconds
[2025-12-20T17:06:13.643+0000] {processor.py:161} INFO - Started process (PID=73) to work on /opt/airflow/dags/warehouse_delivery_dag.py
[2025-12-20T17:06:13.644+0000] {processor.py:830} INFO - Processing file /opt/airflow/dags/warehouse_delivery_dag.py for tasks to queue
[2025-12-20T17:06:13.644+0000] {logging_mixin.py:188} INFO - [2025-12-20T17:06:13.644+0000] {dagbag.py:538} INFO - Filling up the DagBag from /opt/airflow/dags/warehouse_delivery_dag.py
[2025-12-20T17:06:13.654+0000] {processor.py:840} INFO - DAG(s) 'warehouse_delivery_refresh' retrieved from /opt/airflow/dags/warehouse_delivery_dag.py
[2025-12-20T17:06:13.683+0000] {logging_mixin.py:188} INFO - [2025-12-20T17:06:13.682+0000] {dag.py:3033} INFO - Sync 1 DAGs
[2025-12-20T17:06:13.703+0000] {logging_mixin.py:188} INFO - [2025-12-20T17:06:13.703+0000] {dag.py:3820} INFO - Setting next_dagrun for warehouse_delivery_refresh to 2025-12-20T03:00:00+00:00, run_after=2025-12-21T03:00:00+00:00
[2025-12-20T17:06:13.717+0000] {processor.py:183} INFO - Processing /opt/airflow/dags/warehouse_delivery_dag.py took 0.080 seconds
[2025-12-20T17:06:43.949+0000] {processor.py:161} INFO - Started process (PID=83) to work on /opt/airflow/dags/warehouse_delivery_dag.py
[2025-12-20T17:06:43.950+0000] {processor.py:830} INFO - Processing file /opt/airflow/dags/warehouse_delivery_dag.py for tasks to queue
[2025-12-20T17:06:43.950+0000] {logging_mixin.py:188} INFO - [2025-12-20T17:06:43.950+0000] {dagbag.py:538} INFO - Filling up the DagBag from /opt/airflow/dags/warehouse_delivery_dag.py
[2025-12-20T17:06:43.961+0000] {processor.py:840} INFO - DAG(s) 'warehouse_delivery_refresh' retrieved from /opt/airflow/dags/warehouse_delivery_dag.py
[2025-12-20T17:06:43.985+0000] {logging_mixin.py:188} INFO - [2025-12-20T17:06:43.985+0000] {dag.py:3033} INFO - Sync 1 DAGs
[2025-12-20T17:06:44.001+0000] {logging_mixin.py:188} INFO - [2025-12-20T17:06:44.001+0000] {dag.py:3820} INFO - Setting next_dagrun for warehouse_delivery_refresh to 2025-12-20T03:00:00+00:00, run_after=2025-12-21T03:00:00+00:00
[2025-12-20T17:06:44.012+0000] {processor.py:183} INFO - Processing /opt/airflow/dags/warehouse_delivery_dag.py took 0.067 seconds
[2025-12-20T17:07:14.363+0000] {processor.py:161} INFO - Started process (PID=93) to work on /opt/airflow/dags/warehouse_delivery_dag.py
[2025-12-20T17:07:14.364+0000] {processor.py:830} INFO - Processing file /opt/airflow/dags/warehouse_delivery_dag.py for tasks to queue
[2025-12-20T17:07:14.365+0000] {logging_mixin.py:188} INFO - [2025-12-20T17:07:14.365+0000] {dagbag.py:538} INFO - Filling up the DagBag from /opt/airflow/dags/warehouse_delivery_dag.py
[2025-12-20T17:07:14.381+0000] {processor.py:840} INFO - DAG(s) 'warehouse_delivery_refresh' retrieved from /opt/airflow/dags/warehouse_delivery_dag.py
[2025-12-20T17:07:14.416+0000] {logging_mixin.py:188} INFO - [2025-12-20T17:07:14.416+0000] {dag.py:3033} INFO - Sync 1 DAGs
[2025-12-20T17:07:14.437+0000] {logging_mixin.py:188} INFO - [2025-12-20T17:07:14.436+0000] {dag.py:3820} INFO - Setting next_dagrun for warehouse_delivery_refresh to 2025-12-20T03:00:00+00:00, run_after=2025-12-21T03:00:00+00:00
[2025-12-20T17:07:14.506+0000] {processor.py:183} INFO - Processing /opt/airflow/dags/warehouse_delivery_dag.py took 0.151 seconds
[2025-12-20T17:07:44.838+0000] {processor.py:161} INFO - Started process (PID=103) to work on /opt/airflow/dags/warehouse_delivery_dag.py
[2025-12-20T17:07:44.839+0000] {processor.py:830} INFO - Processing file /opt/airflow/dags/warehouse_delivery_dag.py for tasks to queue
[2025-12-20T17:07:44.839+0000] {logging_mixin.py:188} INFO - [2025-12-20T17:07:44.839+0000] {dagbag.py:538} INFO - Filling up the DagBag from /opt/airflow/dags/warehouse_delivery_dag.py
[2025-12-20T17:07:44.853+0000] {processor.py:840} INFO - DAG(s) 'warehouse_delivery_refresh' retrieved from /opt/airflow/dags/warehouse_delivery_dag.py
[2025-12-20T17:07:44.878+0000] {logging_mixin.py:188} INFO - [2025-12-20T17:07:44.878+0000] {dag.py:3033} INFO - Sync 1 DAGs
[2025-12-20T17:07:44.895+0000] {logging_mixin.py:188} INFO - [2025-12-20T17:07:44.895+0000] {dag.py:3820} INFO - Setting next_dagrun for warehouse_delivery_refresh to 2025-12-20T03:00:00+00:00, run_after=2025-12-21T03:00:00+00:00
[2025-12-20T17:07:44.908+0000] {processor.py:183} INFO - Processing /opt/airflow/dags/warehouse_delivery_dag.py took 0.072 seconds
[2025-12-20T17:08:15.223+0000] {processor.py:161} INFO - Started process (PID=113) to work on /opt/airflow/dags/warehouse_delivery_dag.py
[2025-12-20T17:08:15.224+0000] {processor.py:830} INFO - Processing file /opt/airflow/dags/warehouse_delivery_dag.py for tasks to queue
[2025-12-20T17:08:15.225+0000] {logging_mixin.py:188} INFO - [2025-12-20T17:08:15.224+0000] {dagbag.py:538} INFO - Filling up the DagBag from /opt/airflow/dags/warehouse_delivery_dag.py
[2025-12-20T17:08:15.243+0000] {processor.py:840} INFO - DAG(s) 'warehouse_delivery_refresh' retrieved from /opt/airflow/dags/warehouse_delivery_dag.py
[2025-12-20T17:08:15.282+0000] {logging_mixin.py:188} INFO - [2025-12-20T17:08:15.282+0000] {dag.py:3033} INFO - Sync 1 DAGs
[2025-12-20T17:08:15.299+0000] {logging_mixin.py:188} INFO - [2025-12-20T17:08:15.299+0000] {dag.py:3820} INFO - Setting next_dagrun for warehouse_delivery_refresh to 2025-12-20T03:00:00+00:00, run_after=2025-12-21T03:00:00+00:00
[2025-12-20T17:08:15.311+0000] {processor.py:183} INFO - Processing /opt/airflow/dags/warehouse_delivery_dag.py took 0.092 seconds
[2025-12-20T17:08:45.625+0000] {processor.py:161} INFO - Started process (PID=123) to work on /opt/airflow/dags/warehouse_delivery_dag.py
[2025-12-20T17:08:45.625+0000] {processor.py:830} INFO - Processing file /opt/airflow/dags/warehouse_delivery_dag.py for tasks to queue
[2025-12-20T17:08:45.626+0000] {logging_mixin.py:188} INFO - [2025-12-20T17:08:45.625+0000] {dagbag.py:538} INFO - Filling up the DagBag from /opt/airflow/dags/warehouse_delivery_dag.py
[2025-12-20T17:08:45.634+0000] {processor.py:840} INFO - DAG(s) 'warehouse_delivery_refresh' retrieved from /opt/airflow/dags/warehouse_delivery_dag.py
[2025-12-20T17:08:45.653+0000] {logging_mixin.py:188} INFO - [2025-12-20T17:08:45.653+0000] {dag.py:3033} INFO - Sync 1 DAGs
[2025-12-20T17:08:45.667+0000] {logging_mixin.py:188} INFO - [2025-12-20T17:08:45.667+0000] {dag.py:3820} INFO - Setting next_dagrun for warehouse_delivery_refresh to 2025-12-20T03:00:00+00:00, run_after=2025-12-21T03:00:00+00:00
[2025-12-20T17:08:45.679+0000] {processor.py:183} INFO - Processing /opt/airflow/dags/warehouse_delivery_dag.py took 0.057 seconds
[2025-12-20T17:09:15.928+0000] {processor.py:161} INFO - Started process (PID=133) to work on /opt/airflow/dags/warehouse_delivery_dag.py
[2025-12-20T17:09:15.929+0000] {processor.py:830} INFO - Processing file /opt/airflow/dags/warehouse_delivery_dag.py for tasks to queue
[2025-12-20T17:09:15.929+0000] {logging_mixin.py:188} INFO - [2025-12-20T17:09:15.929+0000] {dagbag.py:538} INFO - Filling up the DagBag from /opt/airflow/dags/warehouse_delivery_dag.py
[2025-12-20T17:09:15.946+0000] {processor.py:840} INFO - DAG(s) 'warehouse_delivery_refresh' retrieved from /opt/airflow/dags/warehouse_delivery_dag.py
[2025-12-20T17:09:15.976+0000] {logging_mixin.py:188} INFO - [2025-12-20T17:09:15.976+0000] {dag.py:3033} INFO - Sync 1 DAGs
[2025-12-20T17:09:16.001+0000] {logging_mixin.py:188} INFO - [2025-12-20T17:09:16.001+0000] {dag.py:3820} INFO - Setting next_dagrun for warehouse_delivery_refresh to 2025-12-20T03:00:00+00:00, run_after=2025-12-21T03:00:00+00:00
[2025-12-20T17:09:16.015+0000] {processor.py:183} INFO - Processing /opt/airflow/dags/warehouse_delivery_dag.py took 0.093 seconds
[2025-12-20T17:09:46.316+0000] {processor.py:161} INFO - Started process (PID=136) to work on /opt/airflow/dags/warehouse_delivery_dag.py
[2025-12-20T17:09:46.317+0000] {processor.py:830} INFO - Processing file /opt/airflow/dags/warehouse_delivery_dag.py for tasks to queue
[2025-12-20T17:09:46.318+0000] {logging_mixin.py:188} INFO - [2025-12-20T17:09:46.318+0000] {dagbag.py:538} INFO - Filling up the DagBag from /opt/airflow/dags/warehouse_delivery_dag.py
[2025-12-20T17:09:46.333+0000] {processor.py:840} INFO - DAG(s) 'warehouse_delivery_refresh' retrieved from /opt/airflow/dags/warehouse_delivery_dag.py
[2025-12-20T17:09:46.355+0000] {logging_mixin.py:188} INFO - [2025-12-20T17:09:46.355+0000] {dag.py:3033} INFO - Sync 1 DAGs
[2025-12-20T17:09:46.373+0000] {logging_mixin.py:188} INFO - [2025-12-20T17:09:46.373+0000] {dag.py:3820} INFO - Setting next_dagrun for warehouse_delivery_refresh to 2025-12-20T03:00:00+00:00, run_after=2025-12-21T03:00:00+00:00
[2025-12-20T17:09:46.388+0000] {processor.py:183} INFO - Processing /opt/airflow/dags/warehouse_delivery_dag.py took 0.074 seconds
[2025-12-20T17:10:16.713+0000] {processor.py:161} INFO - Started process (PID=146) to work on /opt/airflow/dags/warehouse_delivery_dag.py
[2025-12-20T17:10:16.714+0000] {processor.py:830} INFO - Processing file /opt/airflow/dags/warehouse_delivery_dag.py for tasks to queue
[2025-12-20T17:10:16.716+0000] {logging_mixin.py:188} INFO - [2025-12-20T17:10:16.715+0000] {dagbag.py:538} INFO - Filling up the DagBag from /opt/airflow/dags/warehouse_delivery_dag.py
[2025-12-20T17:10:16.750+0000] {processor.py:840} INFO - DAG(s) 'warehouse_delivery_refresh' retrieved from /opt/airflow/dags/warehouse_delivery_dag.py
[2025-12-20T17:10:16.793+0000] {logging_mixin.py:188} INFO - [2025-12-20T17:10:16.793+0000] {dag.py:3033} INFO - Sync 1 DAGs
[2025-12-20T17:10:16.816+0000] {logging_mixin.py:188} INFO - [2025-12-20T17:10:16.816+0000] {dag.py:3820} INFO - Setting next_dagrun for warehouse_delivery_refresh to 2025-12-20T03:00:00+00:00, run_after=2025-12-21T03:00:00+00:00
[2025-12-20T17:10:16.834+0000] {processor.py:183} INFO - Processing /opt/airflow/dags/warehouse_delivery_dag.py took 0.125 seconds
[2025-12-20T17:10:47.096+0000] {processor.py:161} INFO - Started process (PID=168) to work on /opt/airflow/dags/warehouse_delivery_dag.py
[2025-12-20T17:10:47.096+0000] {processor.py:830} INFO - Processing file /opt/airflow/dags/warehouse_delivery_dag.py for tasks to queue
[2025-12-20T17:10:47.097+0000] {logging_mixin.py:188} INFO - [2025-12-20T17:10:47.097+0000] {dagbag.py:538} INFO - Filling up the DagBag from /opt/airflow/dags/warehouse_delivery_dag.py
[2025-12-20T17:10:47.107+0000] {processor.py:840} INFO - DAG(s) 'warehouse_delivery_refresh' retrieved from /opt/airflow/dags/warehouse_delivery_dag.py
[2025-12-20T17:10:47.129+0000] {logging_mixin.py:188} INFO - [2025-12-20T17:10:47.129+0000] {dag.py:3033} INFO - Sync 1 DAGs
[2025-12-20T17:10:47.144+0000] {logging_mixin.py:188} INFO - [2025-12-20T17:10:47.144+0000] {dag.py:3820} INFO - Setting next_dagrun for warehouse_delivery_refresh to 2025-12-20T03:00:00+00:00, run_after=2025-12-21T03:00:00+00:00
[2025-12-20T17:10:47.155+0000] {processor.py:183} INFO - Processing /opt/airflow/dags/warehouse_delivery_dag.py took 0.062 seconds
[2025-12-20T17:11:17.465+0000] {processor.py:161} INFO - Started process (PID=178) to work on /opt/airflow/dags/warehouse_delivery_dag.py
[2025-12-20T17:11:17.466+0000] {processor.py:830} INFO - Processing file /opt/airflow/dags/warehouse_delivery_dag.py for tasks to queue
[2025-12-20T17:11:17.468+0000] {logging_mixin.py:188} INFO - [2025-12-20T17:11:17.468+0000] {dagbag.py:538} INFO - Filling up the DagBag from /opt/airflow/dags/warehouse_delivery_dag.py
[2025-12-20T17:11:17.499+0000] {processor.py:840} INFO - DAG(s) 'warehouse_delivery_refresh' retrieved from /opt/airflow/dags/warehouse_delivery_dag.py
[2025-12-20T17:11:17.547+0000] {logging_mixin.py:188} INFO - [2025-12-20T17:11:17.547+0000] {dag.py:3033} INFO - Sync 1 DAGs
[2025-12-20T17:11:17.568+0000] {logging_mixin.py:188} INFO - [2025-12-20T17:11:17.568+0000] {dag.py:3820} INFO - Setting next_dagrun for warehouse_delivery_refresh to 2025-12-20T03:00:00+00:00, run_after=2025-12-21T03:00:00+00:00
[2025-12-20T17:11:17.581+0000] {processor.py:183} INFO - Processing /opt/airflow/dags/warehouse_delivery_dag.py took 0.123 seconds
[2025-12-20T17:11:48.001+0000] {processor.py:161} INFO - Started process (PID=188) to work on /opt/airflow/dags/warehouse_delivery_dag.py
[2025-12-20T17:11:48.002+0000] {processor.py:830} INFO - Processing file /opt/airflow/dags/warehouse_delivery_dag.py for tasks to queue
[2025-12-20T17:11:48.004+0000] {logging_mixin.py:188} INFO - [2025-12-20T17:11:48.003+0000] {dagbag.py:538} INFO - Filling up the DagBag from /opt/airflow/dags/warehouse_delivery_dag.py
[2025-12-20T17:11:48.026+0000] {processor.py:840} INFO - DAG(s) 'warehouse_delivery_refresh' retrieved from /opt/airflow/dags/warehouse_delivery_dag.py
[2025-12-20T17:11:48.088+0000] {logging_mixin.py:188} INFO - [2025-12-20T17:11:48.088+0000] {dag.py:3033} INFO - Sync 1 DAGs
[2025-12-20T17:11:48.112+0000] {logging_mixin.py:188} INFO - [2025-12-20T17:11:48.112+0000] {dag.py:3820} INFO - Setting next_dagrun for warehouse_delivery_refresh to 2025-12-20T03:00:00+00:00, run_after=2025-12-21T03:00:00+00:00
[2025-12-20T17:11:48.126+0000] {processor.py:183} INFO - Processing /opt/airflow/dags/warehouse_delivery_dag.py took 0.132 seconds
[2025-12-20T17:12:18.422+0000] {processor.py:161} INFO - Started process (PID=198) to work on /opt/airflow/dags/warehouse_delivery_dag.py
[2025-12-20T17:12:18.423+0000] {processor.py:830} INFO - Processing file /opt/airflow/dags/warehouse_delivery_dag.py for tasks to queue
[2025-12-20T17:12:18.423+0000] {logging_mixin.py:188} INFO - [2025-12-20T17:12:18.423+0000] {dagbag.py:538} INFO - Filling up the DagBag from /opt/airflow/dags/warehouse_delivery_dag.py
[2025-12-20T17:12:18.451+0000] {processor.py:840} INFO - DAG(s) 'warehouse_delivery_refresh' retrieved from /opt/airflow/dags/warehouse_delivery_dag.py
[2025-12-20T17:12:18.499+0000] {logging_mixin.py:188} INFO - [2025-12-20T17:12:18.498+0000] {dag.py:3033} INFO - Sync 1 DAGs
[2025-12-20T17:12:18.520+0000] {logging_mixin.py:188} INFO - [2025-12-20T17:12:18.520+0000] {dag.py:3820} INFO - Setting next_dagrun for warehouse_delivery_refresh to 2025-12-20T03:00:00+00:00, run_after=2025-12-21T03:00:00+00:00
[2025-12-20T17:12:18.534+0000] {processor.py:183} INFO - Processing /opt/airflow/dags/warehouse_delivery_dag.py took 0.116 seconds
[2025-12-20T17:12:48.808+0000] {processor.py:161} INFO - Started process (PID=208) to work on /opt/airflow/dags/warehouse_delivery_dag.py
[2025-12-20T17:12:48.810+0000] {processor.py:830} INFO - Processing file /opt/airflow/dags/warehouse_delivery_dag.py for tasks to queue
[2025-12-20T17:12:48.810+0000] {logging_mixin.py:188} INFO - [2025-12-20T17:12:48.810+0000] {dagbag.py:538} INFO - Filling up the DagBag from /opt/airflow/dags/warehouse_delivery_dag.py
[2025-12-20T17:12:48.829+0000] {processor.py:840} INFO - DAG(s) 'warehouse_delivery_refresh' retrieved from /opt/airflow/dags/warehouse_delivery_dag.py
[2025-12-20T17:12:48.858+0000] {logging_mixin.py:188} INFO - [2025-12-20T17:12:48.857+0000] {dag.py:3033} INFO - Sync 1 DAGs
[2025-12-20T17:12:48.881+0000] {logging_mixin.py:188} INFO - [2025-12-20T17:12:48.881+0000] {dag.py:3820} INFO - Setting next_dagrun for warehouse_delivery_refresh to 2025-12-20T03:00:00+00:00, run_after=2025-12-21T03:00:00+00:00
[2025-12-20T17:12:48.898+0000] {processor.py:183} INFO - Processing /opt/airflow/dags/warehouse_delivery_dag.py took 0.097 seconds
[2025-12-20T17:13:19.389+0000] {processor.py:161} INFO - Started process (PID=218) to work on /opt/airflow/dags/warehouse_delivery_dag.py
[2025-12-20T17:13:19.391+0000] {processor.py:830} INFO - Processing file /opt/airflow/dags/warehouse_delivery_dag.py for tasks to queue
[2025-12-20T17:13:19.394+0000] {logging_mixin.py:188} INFO - [2025-12-20T17:13:19.393+0000] {dagbag.py:538} INFO - Filling up the DagBag from /opt/airflow/dags/warehouse_delivery_dag.py
[2025-12-20T17:13:19.424+0000] {processor.py:840} INFO - DAG(s) 'warehouse_delivery_refresh' retrieved from /opt/airflow/dags/warehouse_delivery_dag.py
[2025-12-20T17:13:19.473+0000] {logging_mixin.py:188} INFO - [2025-12-20T17:13:19.473+0000] {dag.py:3033} INFO - Sync 1 DAGs
[2025-12-20T17:13:19.506+0000] {logging_mixin.py:188} INFO - [2025-12-20T17:13:19.506+0000] {dag.py:3820} INFO - Setting next_dagrun for warehouse_delivery_refresh to 2025-12-20T03:00:00+00:00, run_after=2025-12-21T03:00:00+00:00
[2025-12-20T17:13:19.519+0000] {processor.py:183} INFO - Processing /opt/airflow/dags/warehouse_delivery_dag.py took 0.149 seconds
[2025-12-20T17:13:46.814+0000] {processor.py:161} INFO - Started process (PID=227) to work on /opt/airflow/dags/warehouse_delivery_dag.py
[2025-12-20T17:13:46.817+0000] {processor.py:830} INFO - Processing file /opt/airflow/dags/warehouse_delivery_dag.py for tasks to queue
[2025-12-20T17:13:46.821+0000] {logging_mixin.py:188} INFO - [2025-12-20T17:13:46.820+0000] {dagbag.py:538} INFO - Filling up the DagBag from /opt/airflow/dags/warehouse_delivery_dag.py
[2025-12-20T17:13:46.864+0000] {processor.py:840} INFO - DAG(s) 'warehouse_delivery_refresh' retrieved from /opt/airflow/dags/warehouse_delivery_dag.py
[2025-12-20T17:13:46.919+0000] {logging_mixin.py:188} INFO - [2025-12-20T17:13:46.919+0000] {dag.py:3033} INFO - Sync 1 DAGs
[2025-12-20T17:13:46.963+0000] {logging_mixin.py:188} INFO - [2025-12-20T17:13:46.963+0000] {dag.py:3820} INFO - Setting next_dagrun for warehouse_delivery_refresh to 2025-12-20T03:00:00+00:00, run_after=2025-12-21T03:00:00+00:00
[2025-12-20T17:13:46.991+0000] {processor.py:183} INFO - Processing /opt/airflow/dags/warehouse_delivery_dag.py took 0.185 seconds
[2025-12-20T17:13:59.138+0000] {processor.py:161} INFO - Started process (PID=239) to work on /opt/airflow/dags/warehouse_delivery_dag.py
[2025-12-20T17:13:59.140+0000] {processor.py:830} INFO - Processing file /opt/airflow/dags/warehouse_delivery_dag.py for tasks to queue
[2025-12-20T17:13:59.140+0000] {logging_mixin.py:188} INFO - [2025-12-20T17:13:59.140+0000] {dagbag.py:538} INFO - Filling up the DagBag from /opt/airflow/dags/warehouse_delivery_dag.py
[2025-12-20T17:13:59.179+0000] {processor.py:840} INFO - DAG(s) 'warehouse_delivery_refresh' retrieved from /opt/airflow/dags/warehouse_delivery_dag.py
[2025-12-20T17:13:59.220+0000] {logging_mixin.py:188} INFO - [2025-12-20T17:13:59.220+0000] {dag.py:3033} INFO - Sync 1 DAGs
[2025-12-20T17:13:59.248+0000] {logging_mixin.py:188} INFO - [2025-12-20T17:13:59.248+0000] {dag.py:3820} INFO - Setting next_dagrun for warehouse_delivery_refresh to 2025-12-20T03:00:00+00:00, run_after=2025-12-21T03:00:00+00:00
[2025-12-20T17:13:59.269+0000] {processor.py:183} INFO - Processing /opt/airflow/dags/warehouse_delivery_dag.py took 0.138 seconds
[2025-12-20T17:14:29.536+0000] {processor.py:161} INFO - Started process (PID=249) to work on /opt/airflow/dags/warehouse_delivery_dag.py
[2025-12-20T17:14:29.538+0000] {processor.py:830} INFO - Processing file /opt/airflow/dags/warehouse_delivery_dag.py for tasks to queue
[2025-12-20T17:14:29.539+0000] {logging_mixin.py:188} INFO - [2025-12-20T17:14:29.539+0000] {dagbag.py:538} INFO - Filling up the DagBag from /opt/airflow/dags/warehouse_delivery_dag.py
[2025-12-20T17:14:29.553+0000] {processor.py:840} INFO - DAG(s) 'warehouse_delivery_refresh' retrieved from /opt/airflow/dags/warehouse_delivery_dag.py
[2025-12-20T17:14:29.587+0000] {logging_mixin.py:188} INFO - [2025-12-20T17:14:29.587+0000] {dag.py:3033} INFO - Sync 1 DAGs
[2025-12-20T17:14:29.606+0000] {logging_mixin.py:188} INFO - [2025-12-20T17:14:29.606+0000] {dag.py:3820} INFO - Setting next_dagrun for warehouse_delivery_refresh to 2025-12-20T03:00:00+00:00, run_after=2025-12-21T03:00:00+00:00
[2025-12-20T17:14:29.619+0000] {processor.py:183} INFO - Processing /opt/airflow/dags/warehouse_delivery_dag.py took 0.088 seconds
[2025-12-20T17:15:00.001+0000] {processor.py:161} INFO - Started process (PID=252) to work on /opt/airflow/dags/warehouse_delivery_dag.py
[2025-12-20T17:15:00.007+0000] {processor.py:830} INFO - Processing file /opt/airflow/dags/warehouse_delivery_dag.py for tasks to queue
[2025-12-20T17:15:00.008+0000] {logging_mixin.py:188} INFO - [2025-12-20T17:15:00.007+0000] {dagbag.py:538} INFO - Filling up the DagBag from /opt/airflow/dags/warehouse_delivery_dag.py
[2025-12-20T17:15:00.043+0000] {processor.py:840} INFO - DAG(s) 'warehouse_delivery_refresh' retrieved from /opt/airflow/dags/warehouse_delivery_dag.py
[2025-12-20T17:15:00.094+0000] {logging_mixin.py:188} INFO - [2025-12-20T17:15:00.094+0000] {dag.py:3033} INFO - Sync 1 DAGs
[2025-12-20T17:15:00.124+0000] {logging_mixin.py:188} INFO - [2025-12-20T17:15:00.124+0000] {dag.py:3820} INFO - Setting next_dagrun for warehouse_delivery_refresh to 2025-12-20T03:00:00+00:00, run_after=2025-12-21T03:00:00+00:00
[2025-12-20T17:15:00.145+0000] {processor.py:183} INFO - Processing /opt/airflow/dags/warehouse_delivery_dag.py took 0.151 seconds
[2025-12-20T17:15:42.067+0000] {processor.py:161} INFO - Started process (PID=31) to work on /opt/airflow/dags/warehouse_delivery_dag.py
[2025-12-20T17:15:42.071+0000] {processor.py:830} INFO - Processing file /opt/airflow/dags/warehouse_delivery_dag.py for tasks to queue
[2025-12-20T17:15:42.072+0000] {logging_mixin.py:188} INFO - [2025-12-20T17:15:42.072+0000] {dagbag.py:538} INFO - Filling up the DagBag from /opt/airflow/dags/warehouse_delivery_dag.py
[2025-12-20T17:15:42.090+0000] {processor.py:840} INFO - DAG(s) 'warehouse_delivery_refresh' retrieved from /opt/airflow/dags/warehouse_delivery_dag.py
[2025-12-20T17:15:42.115+0000] {logging_mixin.py:188} INFO - [2025-12-20T17:15:42.115+0000] {dag.py:3033} INFO - Sync 1 DAGs
[2025-12-20T17:15:42.135+0000] {logging_mixin.py:188} INFO - [2025-12-20T17:15:42.135+0000] {dag.py:3820} INFO - Setting next_dagrun for warehouse_delivery_refresh to 2025-12-20T03:00:00+00:00, run_after=2025-12-21T03:00:00+00:00
[2025-12-20T17:15:42.149+0000] {processor.py:183} INFO - Processing /opt/airflow/dags/warehouse_delivery_dag.py took 0.085 seconds
[2025-12-20T17:16:12.420+0000] {processor.py:161} INFO - Started process (PID=52) to work on /opt/airflow/dags/warehouse_delivery_dag.py
[2025-12-20T17:16:12.422+0000] {processor.py:830} INFO - Processing file /opt/airflow/dags/warehouse_delivery_dag.py for tasks to queue
[2025-12-20T17:16:12.423+0000] {logging_mixin.py:188} INFO - [2025-12-20T17:16:12.422+0000] {dagbag.py:538} INFO - Filling up the DagBag from /opt/airflow/dags/warehouse_delivery_dag.py
[2025-12-20T17:16:12.438+0000] {processor.py:840} INFO - DAG(s) 'warehouse_delivery_refresh' retrieved from /opt/airflow/dags/warehouse_delivery_dag.py
[2025-12-20T17:16:12.619+0000] {logging_mixin.py:188} INFO - [2025-12-20T17:16:12.619+0000] {dag.py:3033} INFO - Sync 1 DAGs
[2025-12-20T17:16:12.637+0000] {logging_mixin.py:188} INFO - [2025-12-20T17:16:12.637+0000] {dag.py:3820} INFO - Setting next_dagrun for warehouse_delivery_refresh to 2025-12-20T03:00:00+00:00, run_after=2025-12-21T03:00:00+00:00
[2025-12-20T17:16:12.650+0000] {processor.py:183} INFO - Processing /opt/airflow/dags/warehouse_delivery_dag.py took 0.232 seconds
[2025-12-20T17:16:42.949+0000] {processor.py:161} INFO - Started process (PID=63) to work on /opt/airflow/dags/warehouse_delivery_dag.py
[2025-12-20T17:16:42.950+0000] {processor.py:830} INFO - Processing file /opt/airflow/dags/warehouse_delivery_dag.py for tasks to queue
[2025-12-20T17:16:42.951+0000] {logging_mixin.py:188} INFO - [2025-12-20T17:16:42.951+0000] {dagbag.py:538} INFO - Filling up the DagBag from /opt/airflow/dags/warehouse_delivery_dag.py
[2025-12-20T17:16:42.969+0000] {processor.py:840} INFO - DAG(s) 'warehouse_delivery_refresh' retrieved from /opt/airflow/dags/warehouse_delivery_dag.py
[2025-12-20T17:16:43.018+0000] {logging_mixin.py:188} INFO - [2025-12-20T17:16:43.018+0000] {dag.py:3033} INFO - Sync 1 DAGs
[2025-12-20T17:16:43.037+0000] {logging_mixin.py:188} INFO - [2025-12-20T17:16:43.037+0000] {dag.py:3820} INFO - Setting next_dagrun for warehouse_delivery_refresh to 2025-12-20T03:00:00+00:00, run_after=2025-12-21T03:00:00+00:00
[2025-12-20T17:16:43.051+0000] {processor.py:183} INFO - Processing /opt/airflow/dags/warehouse_delivery_dag.py took 0.105 seconds
[2025-12-20T17:17:13.388+0000] {processor.py:161} INFO - Started process (PID=73) to work on /opt/airflow/dags/warehouse_delivery_dag.py
[2025-12-20T17:17:13.389+0000] {processor.py:830} INFO - Processing file /opt/airflow/dags/warehouse_delivery_dag.py for tasks to queue
[2025-12-20T17:17:13.390+0000] {logging_mixin.py:188} INFO - [2025-12-20T17:17:13.390+0000] {dagbag.py:538} INFO - Filling up the DagBag from /opt/airflow/dags/warehouse_delivery_dag.py
[2025-12-20T17:17:13.413+0000] {processor.py:840} INFO - DAG(s) 'warehouse_delivery_refresh' retrieved from /opt/airflow/dags/warehouse_delivery_dag.py
[2025-12-20T17:17:13.438+0000] {logging_mixin.py:188} INFO - [2025-12-20T17:17:13.438+0000] {dag.py:3033} INFO - Sync 1 DAGs
[2025-12-20T17:17:13.455+0000] {logging_mixin.py:188} INFO - [2025-12-20T17:17:13.455+0000] {dag.py:3820} INFO - Setting next_dagrun for warehouse_delivery_refresh to 2025-12-20T03:00:00+00:00, run_after=2025-12-21T03:00:00+00:00
[2025-12-20T17:17:13.472+0000] {processor.py:183} INFO - Processing /opt/airflow/dags/warehouse_delivery_dag.py took 0.088 seconds
[2025-12-20T17:17:43.769+0000] {processor.py:161} INFO - Started process (PID=83) to work on /opt/airflow/dags/warehouse_delivery_dag.py
[2025-12-20T17:17:43.770+0000] {processor.py:830} INFO - Processing file /opt/airflow/dags/warehouse_delivery_dag.py for tasks to queue
[2025-12-20T17:17:43.770+0000] {logging_mixin.py:188} INFO - [2025-12-20T17:17:43.770+0000] {dagbag.py:538} INFO - Filling up the DagBag from /opt/airflow/dags/warehouse_delivery_dag.py
[2025-12-20T17:17:43.778+0000] {processor.py:840} INFO - DAG(s) 'warehouse_delivery_refresh' retrieved from /opt/airflow/dags/warehouse_delivery_dag.py
[2025-12-20T17:17:43.796+0000] {logging_mixin.py:188} INFO - [2025-12-20T17:17:43.796+0000] {dag.py:3033} INFO - Sync 1 DAGs
[2025-12-20T17:17:43.810+0000] {logging_mixin.py:188} INFO - [2025-12-20T17:17:43.810+0000] {dag.py:3820} INFO - Setting next_dagrun for warehouse_delivery_refresh to 2025-12-20T03:00:00+00:00, run_after=2025-12-21T03:00:00+00:00
[2025-12-20T17:17:43.821+0000] {processor.py:183} INFO - Processing /opt/airflow/dags/warehouse_delivery_dag.py took 0.055 seconds
[2025-12-20T17:18:14.197+0000] {processor.py:161} INFO - Started process (PID=93) to work on /opt/airflow/dags/warehouse_delivery_dag.py
[2025-12-20T17:18:14.197+0000] {processor.py:830} INFO - Processing file /opt/airflow/dags/warehouse_delivery_dag.py for tasks to queue
[2025-12-20T17:18:14.198+0000] {logging_mixin.py:188} INFO - [2025-12-20T17:18:14.198+0000] {dagbag.py:538} INFO - Filling up the DagBag from /opt/airflow/dags/warehouse_delivery_dag.py
[2025-12-20T17:18:14.213+0000] {processor.py:840} INFO - DAG(s) 'warehouse_delivery_refresh' retrieved from /opt/airflow/dags/warehouse_delivery_dag.py
[2025-12-20T17:18:14.240+0000] {logging_mixin.py:188} INFO - [2025-12-20T17:18:14.240+0000] {dag.py:3033} INFO - Sync 1 DAGs
[2025-12-20T17:18:14.259+0000] {logging_mixin.py:188} INFO - [2025-12-20T17:18:14.258+0000] {dag.py:3820} INFO - Setting next_dagrun for warehouse_delivery_refresh to 2025-12-20T03:00:00+00:00, run_after=2025-12-21T03:00:00+00:00
[2025-12-20T17:18:14.271+0000] {processor.py:183} INFO - Processing /opt/airflow/dags/warehouse_delivery_dag.py took 0.078 seconds
[2025-12-20T17:18:44.589+0000] {processor.py:161} INFO - Started process (PID=103) to work on /opt/airflow/dags/warehouse_delivery_dag.py
[2025-12-20T17:18:44.590+0000] {processor.py:830} INFO - Processing file /opt/airflow/dags/warehouse_delivery_dag.py for tasks to queue
[2025-12-20T17:18:44.590+0000] {logging_mixin.py:188} INFO - [2025-12-20T17:18:44.590+0000] {dagbag.py:538} INFO - Filling up the DagBag from /opt/airflow/dags/warehouse_delivery_dag.py
[2025-12-20T17:18:44.598+0000] {processor.py:840} INFO - DAG(s) 'warehouse_delivery_refresh' retrieved from /opt/airflow/dags/warehouse_delivery_dag.py
[2025-12-20T17:18:44.622+0000] {logging_mixin.py:188} INFO - [2025-12-20T17:18:44.622+0000] {dag.py:3033} INFO - Sync 1 DAGs
[2025-12-20T17:18:44.638+0000] {logging_mixin.py:188} INFO - [2025-12-20T17:18:44.638+0000] {dag.py:3820} INFO - Setting next_dagrun for warehouse_delivery_refresh to 2025-12-20T03:00:00+00:00, run_after=2025-12-21T03:00:00+00:00
[2025-12-20T17:18:44.650+0000] {processor.py:183} INFO - Processing /opt/airflow/dags/warehouse_delivery_dag.py took 0.063 seconds
[2025-12-20T17:19:14.993+0000] {processor.py:161} INFO - Started process (PID=113) to work on /opt/airflow/dags/warehouse_delivery_dag.py
[2025-12-20T17:19:14.995+0000] {processor.py:830} INFO - Processing file /opt/airflow/dags/warehouse_delivery_dag.py for tasks to queue
[2025-12-20T17:19:14.995+0000] {logging_mixin.py:188} INFO - [2025-12-20T17:19:14.995+0000] {dagbag.py:538} INFO - Filling up the DagBag from /opt/airflow/dags/warehouse_delivery_dag.py
[2025-12-20T17:19:15.018+0000] {processor.py:840} INFO - DAG(s) 'warehouse_delivery_refresh' retrieved from /opt/airflow/dags/warehouse_delivery_dag.py
[2025-12-20T17:19:15.062+0000] {logging_mixin.py:188} INFO - [2025-12-20T17:19:15.062+0000] {dag.py:3033} INFO - Sync 1 DAGs
[2025-12-20T17:19:15.082+0000] {logging_mixin.py:188} INFO - [2025-12-20T17:19:15.082+0000] {dag.py:3820} INFO - Setting next_dagrun for warehouse_delivery_refresh to 2025-12-20T03:00:00+00:00, run_after=2025-12-21T03:00:00+00:00
[2025-12-20T17:19:15.095+0000] {processor.py:183} INFO - Processing /opt/airflow/dags/warehouse_delivery_dag.py took 0.107 seconds
[2025-12-20T17:19:45.390+0000] {processor.py:161} INFO - Started process (PID=123) to work on /opt/airflow/dags/warehouse_delivery_dag.py
[2025-12-20T17:19:45.391+0000] {processor.py:830} INFO - Processing file /opt/airflow/dags/warehouse_delivery_dag.py for tasks to queue
[2025-12-20T17:19:45.392+0000] {logging_mixin.py:188} INFO - [2025-12-20T17:19:45.391+0000] {dagbag.py:538} INFO - Filling up the DagBag from /opt/airflow/dags/warehouse_delivery_dag.py
[2025-12-20T17:19:45.412+0000] {processor.py:840} INFO - DAG(s) 'warehouse_delivery_refresh' retrieved from /opt/airflow/dags/warehouse_delivery_dag.py
[2025-12-20T17:19:45.449+0000] {logging_mixin.py:188} INFO - [2025-12-20T17:19:45.449+0000] {dag.py:3033} INFO - Sync 1 DAGs
[2025-12-20T17:19:45.467+0000] {logging_mixin.py:188} INFO - [2025-12-20T17:19:45.467+0000] {dag.py:3820} INFO - Setting next_dagrun for warehouse_delivery_refresh to 2025-12-20T03:00:00+00:00, run_after=2025-12-21T03:00:00+00:00
[2025-12-20T17:19:45.484+0000] {processor.py:183} INFO - Processing /opt/airflow/dags/warehouse_delivery_dag.py took 0.097 seconds
[2025-12-20T17:20:15.774+0000] {processor.py:161} INFO - Started process (PID=133) to work on /opt/airflow/dags/warehouse_delivery_dag.py
[2025-12-20T17:20:15.775+0000] {processor.py:830} INFO - Processing file /opt/airflow/dags/warehouse_delivery_dag.py for tasks to queue
[2025-12-20T17:20:15.776+0000] {logging_mixin.py:188} INFO - [2025-12-20T17:20:15.776+0000] {dagbag.py:538} INFO - Filling up the DagBag from /opt/airflow/dags/warehouse_delivery_dag.py
[2025-12-20T17:20:15.806+0000] {processor.py:840} INFO - DAG(s) 'warehouse_delivery_refresh' retrieved from /opt/airflow/dags/warehouse_delivery_dag.py
[2025-12-20T17:20:15.838+0000] {logging_mixin.py:188} INFO - [2025-12-20T17:20:15.838+0000] {dag.py:3033} INFO - Sync 1 DAGs
[2025-12-20T17:20:15.865+0000] {logging_mixin.py:188} INFO - [2025-12-20T17:20:15.865+0000] {dag.py:3820} INFO - Setting next_dagrun for warehouse_delivery_refresh to 2025-12-20T03:00:00+00:00, run_after=2025-12-21T03:00:00+00:00
[2025-12-20T17:20:15.881+0000] {processor.py:183} INFO - Processing /opt/airflow/dags/warehouse_delivery_dag.py took 0.111 seconds
[2025-12-20T17:20:46.154+0000] {processor.py:161} INFO - Started process (PID=136) to work on /opt/airflow/dags/warehouse_delivery_dag.py
[2025-12-20T17:20:46.155+0000] {processor.py:830} INFO - Processing file /opt/airflow/dags/warehouse_delivery_dag.py for tasks to queue
[2025-12-20T17:20:46.157+0000] {logging_mixin.py:188} INFO - [2025-12-20T17:20:46.156+0000] {dagbag.py:538} INFO - Filling up the DagBag from /opt/airflow/dags/warehouse_delivery_dag.py
[2025-12-20T17:20:46.183+0000] {processor.py:840} INFO - DAG(s) 'warehouse_delivery_refresh' retrieved from /opt/airflow/dags/warehouse_delivery_dag.py
[2025-12-20T17:20:46.232+0000] {logging_mixin.py:188} INFO - [2025-12-20T17:20:46.232+0000] {dag.py:3033} INFO - Sync 1 DAGs
[2025-12-20T17:20:46.264+0000] {logging_mixin.py:188} INFO - [2025-12-20T17:20:46.264+0000] {dag.py:3820} INFO - Setting next_dagrun for warehouse_delivery_refresh to 2025-12-20T03:00:00+00:00, run_after=2025-12-21T03:00:00+00:00
[2025-12-20T17:20:46.287+0000] {processor.py:183} INFO - Processing /opt/airflow/dags/warehouse_delivery_dag.py took 0.140 seconds
[2025-12-20T17:21:16.621+0000] {processor.py:161} INFO - Started process (PID=146) to work on /opt/airflow/dags/warehouse_delivery_dag.py
[2025-12-20T17:21:16.622+0000] {processor.py:830} INFO - Processing file /opt/airflow/dags/warehouse_delivery_dag.py for tasks to queue
[2025-12-20T17:21:16.623+0000] {logging_mixin.py:188} INFO - [2025-12-20T17:21:16.623+0000] {dagbag.py:538} INFO - Filling up the DagBag from /opt/airflow/dags/warehouse_delivery_dag.py
[2025-12-20T17:21:16.646+0000] {processor.py:840} INFO - DAG(s) 'warehouse_delivery_refresh' retrieved from /opt/airflow/dags/warehouse_delivery_dag.py
[2025-12-20T17:21:16.696+0000] {logging_mixin.py:188} INFO - [2025-12-20T17:21:16.696+0000] {dag.py:3033} INFO - Sync 1 DAGs
[2025-12-20T17:21:16.722+0000] {logging_mixin.py:188} INFO - [2025-12-20T17:21:16.722+0000] {dag.py:3820} INFO - Setting next_dagrun for warehouse_delivery_refresh to 2025-12-20T03:00:00+00:00, run_after=2025-12-21T03:00:00+00:00
[2025-12-20T17:21:16.748+0000] {processor.py:183} INFO - Processing /opt/airflow/dags/warehouse_delivery_dag.py took 0.133 seconds
[2025-12-20T17:21:47.068+0000] {processor.py:161} INFO - Started process (PID=156) to work on /opt/airflow/dags/warehouse_delivery_dag.py
[2025-12-20T17:21:47.069+0000] {processor.py:830} INFO - Processing file /opt/airflow/dags/warehouse_delivery_dag.py for tasks to queue
[2025-12-20T17:21:47.071+0000] {logging_mixin.py:188} INFO - [2025-12-20T17:21:47.070+0000] {dagbag.py:538} INFO - Filling up the DagBag from /opt/airflow/dags/warehouse_delivery_dag.py
[2025-12-20T17:21:47.105+0000] {processor.py:840} INFO - DAG(s) 'warehouse_delivery_refresh' retrieved from /opt/airflow/dags/warehouse_delivery_dag.py
[2025-12-20T17:21:47.144+0000] {logging_mixin.py:188} INFO - [2025-12-20T17:21:47.144+0000] {dag.py:3033} INFO - Sync 1 DAGs
[2025-12-20T17:21:47.177+0000] {logging_mixin.py:188} INFO - [2025-12-20T17:21:47.177+0000] {dag.py:3820} INFO - Setting next_dagrun for warehouse_delivery_refresh to 2025-12-20T03:00:00+00:00, run_after=2025-12-21T03:00:00+00:00
[2025-12-20T17:21:47.193+0000] {processor.py:183} INFO - Processing /opt/airflow/dags/warehouse_delivery_dag.py took 0.129 seconds
[2025-12-20T17:22:17.556+0000] {processor.py:161} INFO - Started process (PID=166) to work on /opt/airflow/dags/warehouse_delivery_dag.py
[2025-12-20T17:22:17.557+0000] {processor.py:830} INFO - Processing file /opt/airflow/dags/warehouse_delivery_dag.py for tasks to queue
[2025-12-20T17:22:17.558+0000] {logging_mixin.py:188} INFO - [2025-12-20T17:22:17.558+0000] {dagbag.py:538} INFO - Filling up the DagBag from /opt/airflow/dags/warehouse_delivery_dag.py
[2025-12-20T17:22:17.586+0000] {processor.py:840} INFO - DAG(s) 'warehouse_delivery_refresh' retrieved from /opt/airflow/dags/warehouse_delivery_dag.py
[2025-12-20T17:22:17.639+0000] {logging_mixin.py:188} INFO - [2025-12-20T17:22:17.639+0000] {dag.py:3033} INFO - Sync 1 DAGs
[2025-12-20T17:22:17.671+0000] {logging_mixin.py:188} INFO - [2025-12-20T17:22:17.671+0000] {dag.py:3820} INFO - Setting next_dagrun for warehouse_delivery_refresh to 2025-12-20T03:00:00+00:00, run_after=2025-12-21T03:00:00+00:00
[2025-12-20T17:22:17.687+0000] {processor.py:183} INFO - Processing /opt/airflow/dags/warehouse_delivery_dag.py took 0.137 seconds
[2025-12-20T17:22:48.039+0000] {processor.py:161} INFO - Started process (PID=176) to work on /opt/airflow/dags/warehouse_delivery_dag.py
[2025-12-20T17:22:48.040+0000] {processor.py:830} INFO - Processing file /opt/airflow/dags/warehouse_delivery_dag.py for tasks to queue
[2025-12-20T17:22:48.042+0000] {logging_mixin.py:188} INFO - [2025-12-20T17:22:48.041+0000] {dagbag.py:538} INFO - Filling up the DagBag from /opt/airflow/dags/warehouse_delivery_dag.py
[2025-12-20T17:22:48.073+0000] {processor.py:840} INFO - DAG(s) 'warehouse_delivery_refresh' retrieved from /opt/airflow/dags/warehouse_delivery_dag.py
[2025-12-20T17:22:48.132+0000] {logging_mixin.py:188} INFO - [2025-12-20T17:22:48.132+0000] {dag.py:3033} INFO - Sync 1 DAGs
[2025-12-20T17:22:48.161+0000] {logging_mixin.py:188} INFO - [2025-12-20T17:22:48.161+0000] {dag.py:3820} INFO - Setting next_dagrun for warehouse_delivery_refresh to 2025-12-20T03:00:00+00:00, run_after=2025-12-21T03:00:00+00:00
[2025-12-20T17:22:48.177+0000] {processor.py:183} INFO - Processing /opt/airflow/dags/warehouse_delivery_dag.py took 0.150 seconds
[2025-12-20T17:23:18.466+0000] {processor.py:161} INFO - Started process (PID=186) to work on /opt/airflow/dags/warehouse_delivery_dag.py
[2025-12-20T17:23:18.467+0000] {processor.py:830} INFO - Processing file /opt/airflow/dags/warehouse_delivery_dag.py for tasks to queue
[2025-12-20T17:23:18.468+0000] {logging_mixin.py:188} INFO - [2025-12-20T17:23:18.468+0000] {dagbag.py:538} INFO - Filling up the DagBag from /opt/airflow/dags/warehouse_delivery_dag.py
[2025-12-20T17:23:18.508+0000] {processor.py:840} INFO - DAG(s) 'warehouse_delivery_refresh' retrieved from /opt/airflow/dags/warehouse_delivery_dag.py
[2025-12-20T17:23:18.550+0000] {logging_mixin.py:188} INFO - [2025-12-20T17:23:18.550+0000] {dag.py:3033} INFO - Sync 1 DAGs
[2025-12-20T17:23:18.583+0000] {logging_mixin.py:188} INFO - [2025-12-20T17:23:18.583+0000] {dag.py:3820} INFO - Setting next_dagrun for warehouse_delivery_refresh to 2025-12-20T03:00:00+00:00, run_after=2025-12-21T03:00:00+00:00
[2025-12-20T17:23:18.597+0000] {processor.py:183} INFO - Processing /opt/airflow/dags/warehouse_delivery_dag.py took 0.138 seconds
[2025-12-20T17:23:48.862+0000] {processor.py:161} INFO - Started process (PID=196) to work on /opt/airflow/dags/warehouse_delivery_dag.py
[2025-12-20T17:23:48.864+0000] {processor.py:830} INFO - Processing file /opt/airflow/dags/warehouse_delivery_dag.py for tasks to queue
[2025-12-20T17:23:48.865+0000] {logging_mixin.py:188} INFO - [2025-12-20T17:23:48.865+0000] {dagbag.py:538} INFO - Filling up the DagBag from /opt/airflow/dags/warehouse_delivery_dag.py
[2025-12-20T17:23:48.898+0000] {processor.py:840} INFO - DAG(s) 'warehouse_delivery_refresh' retrieved from /opt/airflow/dags/warehouse_delivery_dag.py
[2025-12-20T17:23:48.951+0000] {logging_mixin.py:188} INFO - [2025-12-20T17:23:48.951+0000] {dag.py:3033} INFO - Sync 1 DAGs
[2025-12-20T17:23:48.983+0000] {logging_mixin.py:188} INFO - [2025-12-20T17:23:48.982+0000] {dag.py:3820} INFO - Setting next_dagrun for warehouse_delivery_refresh to 2025-12-20T03:00:00+00:00, run_after=2025-12-21T03:00:00+00:00
[2025-12-20T17:23:49.000+0000] {processor.py:183} INFO - Processing /opt/airflow/dags/warehouse_delivery_dag.py took 0.145 seconds
[2025-12-20T17:24:19.325+0000] {processor.py:161} INFO - Started process (PID=206) to work on /opt/airflow/dags/warehouse_delivery_dag.py
[2025-12-20T17:24:19.327+0000] {processor.py:830} INFO - Processing file /opt/airflow/dags/warehouse_delivery_dag.py for tasks to queue
[2025-12-20T17:24:19.332+0000] {logging_mixin.py:188} INFO - [2025-12-20T17:24:19.330+0000] {dagbag.py:538} INFO - Filling up the DagBag from /opt/airflow/dags/warehouse_delivery_dag.py
[2025-12-20T17:24:19.368+0000] {processor.py:840} INFO - DAG(s) 'warehouse_delivery_refresh' retrieved from /opt/airflow/dags/warehouse_delivery_dag.py
[2025-12-20T17:24:19.416+0000] {logging_mixin.py:188} INFO - [2025-12-20T17:24:19.416+0000] {dag.py:3033} INFO - Sync 1 DAGs
[2025-12-20T17:24:19.449+0000] {logging_mixin.py:188} INFO - [2025-12-20T17:24:19.449+0000] {dag.py:3820} INFO - Setting next_dagrun for warehouse_delivery_refresh to 2025-12-20T03:00:00+00:00, run_after=2025-12-21T03:00:00+00:00
[2025-12-20T17:24:19.466+0000] {processor.py:183} INFO - Processing /opt/airflow/dags/warehouse_delivery_dag.py took 0.146 seconds
[2025-12-20T17:24:49.807+0000] {processor.py:161} INFO - Started process (PID=216) to work on /opt/airflow/dags/warehouse_delivery_dag.py
[2025-12-20T17:24:49.810+0000] {processor.py:830} INFO - Processing file /opt/airflow/dags/warehouse_delivery_dag.py for tasks to queue
[2025-12-20T17:24:49.815+0000] {logging_mixin.py:188} INFO - [2025-12-20T17:24:49.814+0000] {dagbag.py:538} INFO - Filling up the DagBag from /opt/airflow/dags/warehouse_delivery_dag.py
[2025-12-20T17:24:49.856+0000] {processor.py:840} INFO - DAG(s) 'warehouse_delivery_refresh' retrieved from /opt/airflow/dags/warehouse_delivery_dag.py
[2025-12-20T17:24:49.929+0000] {logging_mixin.py:188} INFO - [2025-12-20T17:24:49.929+0000] {dag.py:3033} INFO - Sync 1 DAGs
[2025-12-20T17:24:49.964+0000] {logging_mixin.py:188} INFO - [2025-12-20T17:24:49.964+0000] {dag.py:3820} INFO - Setting next_dagrun for warehouse_delivery_refresh to 2025-12-20T03:00:00+00:00, run_after=2025-12-21T03:00:00+00:00
[2025-12-20T17:24:49.986+0000] {processor.py:183} INFO - Processing /opt/airflow/dags/warehouse_delivery_dag.py took 0.191 seconds
[2025-12-20T17:25:20.265+0000] {processor.py:161} INFO - Started process (PID=226) to work on /opt/airflow/dags/warehouse_delivery_dag.py
[2025-12-20T17:25:20.266+0000] {processor.py:830} INFO - Processing file /opt/airflow/dags/warehouse_delivery_dag.py for tasks to queue
[2025-12-20T17:25:20.268+0000] {logging_mixin.py:188} INFO - [2025-12-20T17:25:20.267+0000] {dagbag.py:538} INFO - Filling up the DagBag from /opt/airflow/dags/warehouse_delivery_dag.py
[2025-12-20T17:25:20.313+0000] {processor.py:840} INFO - DAG(s) 'warehouse_delivery_refresh' retrieved from /opt/airflow/dags/warehouse_delivery_dag.py
[2025-12-20T17:25:20.363+0000] {logging_mixin.py:188} INFO - [2025-12-20T17:25:20.363+0000] {dag.py:3033} INFO - Sync 1 DAGs
[2025-12-20T17:25:20.387+0000] {logging_mixin.py:188} INFO - [2025-12-20T17:25:20.386+0000] {dag.py:3820} INFO - Setting next_dagrun for warehouse_delivery_refresh to 2025-12-20T03:00:00+00:00, run_after=2025-12-21T03:00:00+00:00
[2025-12-20T17:25:20.402+0000] {processor.py:183} INFO - Processing /opt/airflow/dags/warehouse_delivery_dag.py took 0.142 seconds
[2025-12-20T17:25:50.766+0000] {processor.py:161} INFO - Started process (PID=236) to work on /opt/airflow/dags/warehouse_delivery_dag.py
[2025-12-20T17:25:50.768+0000] {processor.py:830} INFO - Processing file /opt/airflow/dags/warehouse_delivery_dag.py for tasks to queue
[2025-12-20T17:25:50.770+0000] {logging_mixin.py:188} INFO - [2025-12-20T17:25:50.769+0000] {dagbag.py:538} INFO - Filling up the DagBag from /opt/airflow/dags/warehouse_delivery_dag.py
[2025-12-20T17:25:50.798+0000] {processor.py:840} INFO - DAG(s) 'warehouse_delivery_refresh' retrieved from /opt/airflow/dags/warehouse_delivery_dag.py
[2025-12-20T17:25:50.842+0000] {logging_mixin.py:188} INFO - [2025-12-20T17:25:50.842+0000] {dag.py:3033} INFO - Sync 1 DAGs
[2025-12-20T17:25:50.870+0000] {logging_mixin.py:188} INFO - [2025-12-20T17:25:50.870+0000] {dag.py:3820} INFO - Setting next_dagrun for warehouse_delivery_refresh to 2025-12-20T03:00:00+00:00, run_after=2025-12-21T03:00:00+00:00
[2025-12-20T17:25:50.890+0000] {processor.py:183} INFO - Processing /opt/airflow/dags/warehouse_delivery_dag.py took 0.131 seconds
[2025-12-20T17:26:21.242+0000] {processor.py:161} INFO - Started process (PID=246) to work on /opt/airflow/dags/warehouse_delivery_dag.py
[2025-12-20T17:26:21.243+0000] {processor.py:830} INFO - Processing file /opt/airflow/dags/warehouse_delivery_dag.py for tasks to queue
[2025-12-20T17:26:21.244+0000] {logging_mixin.py:188} INFO - [2025-12-20T17:26:21.244+0000] {dagbag.py:538} INFO - Filling up the DagBag from /opt/airflow/dags/warehouse_delivery_dag.py
[2025-12-20T17:26:21.278+0000] {processor.py:840} INFO - DAG(s) 'warehouse_delivery_refresh' retrieved from /opt/airflow/dags/warehouse_delivery_dag.py
[2025-12-20T17:26:21.315+0000] {logging_mixin.py:188} INFO - [2025-12-20T17:26:21.315+0000] {dag.py:3033} INFO - Sync 1 DAGs
[2025-12-20T17:26:21.341+0000] {logging_mixin.py:188} INFO - [2025-12-20T17:26:21.341+0000] {dag.py:3820} INFO - Setting next_dagrun for warehouse_delivery_refresh to 2025-12-20T03:00:00+00:00, run_after=2025-12-21T03:00:00+00:00
[2025-12-20T17:26:21.363+0000] {processor.py:183} INFO - Processing /opt/airflow/dags/warehouse_delivery_dag.py took 0.125 seconds
[2025-12-20T17:37:19.856+0000] {processor.py:161} INFO - Started process (PID=31) to work on /opt/airflow/dags/warehouse_delivery_dag.py
[2025-12-20T17:37:19.857+0000] {processor.py:830} INFO - Processing file /opt/airflow/dags/warehouse_delivery_dag.py for tasks to queue
[2025-12-20T17:37:19.858+0000] {logging_mixin.py:188} INFO - [2025-12-20T17:37:19.857+0000] {dagbag.py:538} INFO - Filling up the DagBag from /opt/airflow/dags/warehouse_delivery_dag.py
[2025-12-20T17:37:19.871+0000] {processor.py:840} INFO - DAG(s) 'warehouse_delivery_refresh' retrieved from /opt/airflow/dags/warehouse_delivery_dag.py
[2025-12-20T17:37:19.898+0000] {logging_mixin.py:188} INFO - [2025-12-20T17:37:19.898+0000] {dag.py:3033} INFO - Sync 1 DAGs
[2025-12-20T17:37:19.929+0000] {logging_mixin.py:188} INFO - [2025-12-20T17:37:19.928+0000] {dag.py:3820} INFO - Setting next_dagrun for warehouse_delivery_refresh to 2025-12-20T03:00:00+00:00, run_after=2025-12-21T03:00:00+00:00
[2025-12-20T17:37:19.946+0000] {processor.py:183} INFO - Processing /opt/airflow/dags/warehouse_delivery_dag.py took 0.095 seconds
[2025-12-20T17:37:50.214+0000] {processor.py:161} INFO - Started process (PID=41) to work on /opt/airflow/dags/warehouse_delivery_dag.py
[2025-12-20T17:37:50.216+0000] {processor.py:830} INFO - Processing file /opt/airflow/dags/warehouse_delivery_dag.py for tasks to queue
[2025-12-20T17:37:50.217+0000] {logging_mixin.py:188} INFO - [2025-12-20T17:37:50.216+0000] {dagbag.py:538} INFO - Filling up the DagBag from /opt/airflow/dags/warehouse_delivery_dag.py
[2025-12-20T17:37:50.237+0000] {processor.py:840} INFO - DAG(s) 'warehouse_delivery_refresh' retrieved from /opt/airflow/dags/warehouse_delivery_dag.py
[2025-12-20T17:37:50.402+0000] {logging_mixin.py:188} INFO - [2025-12-20T17:37:50.402+0000] {dag.py:3033} INFO - Sync 1 DAGs
[2025-12-20T17:37:50.417+0000] {logging_mixin.py:188} INFO - [2025-12-20T17:37:50.417+0000] {dag.py:3820} INFO - Setting next_dagrun for warehouse_delivery_refresh to 2025-12-20T03:00:00+00:00, run_after=2025-12-21T03:00:00+00:00
[2025-12-20T17:37:50.429+0000] {processor.py:183} INFO - Processing /opt/airflow/dags/warehouse_delivery_dag.py took 0.219 seconds
[2025-12-20T17:38:20.758+0000] {processor.py:161} INFO - Started process (PID=51) to work on /opt/airflow/dags/warehouse_delivery_dag.py
[2025-12-20T17:38:20.760+0000] {processor.py:830} INFO - Processing file /opt/airflow/dags/warehouse_delivery_dag.py for tasks to queue
[2025-12-20T17:38:20.761+0000] {logging_mixin.py:188} INFO - [2025-12-20T17:38:20.761+0000] {dagbag.py:538} INFO - Filling up the DagBag from /opt/airflow/dags/warehouse_delivery_dag.py
[2025-12-20T17:38:20.779+0000] {processor.py:840} INFO - DAG(s) 'warehouse_delivery_refresh' retrieved from /opt/airflow/dags/warehouse_delivery_dag.py
[2025-12-20T17:38:20.810+0000] {logging_mixin.py:188} INFO - [2025-12-20T17:38:20.810+0000] {dag.py:3033} INFO - Sync 1 DAGs
[2025-12-20T17:38:20.827+0000] {logging_mixin.py:188} INFO - [2025-12-20T17:38:20.826+0000] {dag.py:3820} INFO - Setting next_dagrun for warehouse_delivery_refresh to 2025-12-20T03:00:00+00:00, run_after=2025-12-21T03:00:00+00:00
[2025-12-20T17:38:20.842+0000] {processor.py:183} INFO - Processing /opt/airflow/dags/warehouse_delivery_dag.py took 0.091 seconds
[2025-12-20T17:38:51.176+0000] {processor.py:161} INFO - Started process (PID=61) to work on /opt/airflow/dags/warehouse_delivery_dag.py
[2025-12-20T17:38:51.177+0000] {processor.py:830} INFO - Processing file /opt/airflow/dags/warehouse_delivery_dag.py for tasks to queue
[2025-12-20T17:38:51.178+0000] {logging_mixin.py:188} INFO - [2025-12-20T17:38:51.178+0000] {dagbag.py:538} INFO - Filling up the DagBag from /opt/airflow/dags/warehouse_delivery_dag.py
[2025-12-20T17:38:51.210+0000] {processor.py:840} INFO - DAG(s) 'warehouse_delivery_refresh' retrieved from /opt/airflow/dags/warehouse_delivery_dag.py
[2025-12-20T17:38:51.250+0000] {logging_mixin.py:188} INFO - [2025-12-20T17:38:51.250+0000] {dag.py:3033} INFO - Sync 1 DAGs
[2025-12-20T17:38:51.270+0000] {logging_mixin.py:188} INFO - [2025-12-20T17:38:51.270+0000] {dag.py:3820} INFO - Setting next_dagrun for warehouse_delivery_refresh to 2025-12-20T03:00:00+00:00, run_after=2025-12-21T03:00:00+00:00
[2025-12-20T17:38:51.284+0000] {processor.py:183} INFO - Processing /opt/airflow/dags/warehouse_delivery_dag.py took 0.112 seconds
[2025-12-20T17:39:21.533+0000] {processor.py:161} INFO - Started process (PID=71) to work on /opt/airflow/dags/warehouse_delivery_dag.py
[2025-12-20T17:39:21.535+0000] {processor.py:830} INFO - Processing file /opt/airflow/dags/warehouse_delivery_dag.py for tasks to queue
[2025-12-20T17:39:21.538+0000] {logging_mixin.py:188} INFO - [2025-12-20T17:39:21.537+0000] {dagbag.py:538} INFO - Filling up the DagBag from /opt/airflow/dags/warehouse_delivery_dag.py
[2025-12-20T17:39:21.554+0000] {processor.py:840} INFO - DAG(s) 'warehouse_delivery_refresh' retrieved from /opt/airflow/dags/warehouse_delivery_dag.py
[2025-12-20T17:39:21.594+0000] {logging_mixin.py:188} INFO - [2025-12-20T17:39:21.594+0000] {dag.py:3033} INFO - Sync 1 DAGs
[2025-12-20T17:39:21.612+0000] {logging_mixin.py:188} INFO - [2025-12-20T17:39:21.612+0000] {dag.py:3820} INFO - Setting next_dagrun for warehouse_delivery_refresh to 2025-12-20T03:00:00+00:00, run_after=2025-12-21T03:00:00+00:00
[2025-12-20T17:39:21.625+0000] {processor.py:183} INFO - Processing /opt/airflow/dags/warehouse_delivery_dag.py took 0.102 seconds
[2025-12-20T17:39:51.994+0000] {processor.py:161} INFO - Started process (PID=81) to work on /opt/airflow/dags/warehouse_delivery_dag.py
[2025-12-20T17:39:51.995+0000] {processor.py:830} INFO - Processing file /opt/airflow/dags/warehouse_delivery_dag.py for tasks to queue
[2025-12-20T17:39:51.996+0000] {logging_mixin.py:188} INFO - [2025-12-20T17:39:51.996+0000] {dagbag.py:538} INFO - Filling up the DagBag from /opt/airflow/dags/warehouse_delivery_dag.py
[2025-12-20T17:39:52.018+0000] {processor.py:840} INFO - DAG(s) 'warehouse_delivery_refresh' retrieved from /opt/airflow/dags/warehouse_delivery_dag.py
[2025-12-20T17:39:52.061+0000] {logging_mixin.py:188} INFO - [2025-12-20T17:39:52.060+0000] {dag.py:3033} INFO - Sync 1 DAGs
[2025-12-20T17:39:52.084+0000] {logging_mixin.py:188} INFO - [2025-12-20T17:39:52.084+0000] {dag.py:3820} INFO - Setting next_dagrun for warehouse_delivery_refresh to 2025-12-20T03:00:00+00:00, run_after=2025-12-21T03:00:00+00:00
[2025-12-20T17:39:52.099+0000] {processor.py:183} INFO - Processing /opt/airflow/dags/warehouse_delivery_dag.py took 0.111 seconds
[2025-12-20T17:40:22.500+0000] {processor.py:161} INFO - Started process (PID=91) to work on /opt/airflow/dags/warehouse_delivery_dag.py
[2025-12-20T17:40:22.501+0000] {processor.py:830} INFO - Processing file /opt/airflow/dags/warehouse_delivery_dag.py for tasks to queue
[2025-12-20T17:40:22.502+0000] {logging_mixin.py:188} INFO - [2025-12-20T17:40:22.502+0000] {dagbag.py:538} INFO - Filling up the DagBag from /opt/airflow/dags/warehouse_delivery_dag.py
[2025-12-20T17:40:22.522+0000] {processor.py:840} INFO - DAG(s) 'warehouse_delivery_refresh' retrieved from /opt/airflow/dags/warehouse_delivery_dag.py
[2025-12-20T17:40:22.551+0000] {logging_mixin.py:188} INFO - [2025-12-20T17:40:22.551+0000] {dag.py:3033} INFO - Sync 1 DAGs
[2025-12-20T17:40:22.570+0000] {logging_mixin.py:188} INFO - [2025-12-20T17:40:22.570+0000] {dag.py:3820} INFO - Setting next_dagrun for warehouse_delivery_refresh to 2025-12-20T03:00:00+00:00, run_after=2025-12-21T03:00:00+00:00
[2025-12-20T17:40:22.583+0000] {processor.py:183} INFO - Processing /opt/airflow/dags/warehouse_delivery_dag.py took 0.087 seconds
[2025-12-20T17:40:52.982+0000] {processor.py:161} INFO - Started process (PID=101) to work on /opt/airflow/dags/warehouse_delivery_dag.py
[2025-12-20T17:40:52.986+0000] {processor.py:830} INFO - Processing file /opt/airflow/dags/warehouse_delivery_dag.py for tasks to queue
[2025-12-20T17:40:52.987+0000] {logging_mixin.py:188} INFO - [2025-12-20T17:40:52.986+0000] {dagbag.py:538} INFO - Filling up the DagBag from /opt/airflow/dags/warehouse_delivery_dag.py
[2025-12-20T17:40:53.009+0000] {processor.py:840} INFO - DAG(s) 'warehouse_delivery_refresh' retrieved from /opt/airflow/dags/warehouse_delivery_dag.py
[2025-12-20T17:40:53.050+0000] {logging_mixin.py:188} INFO - [2025-12-20T17:40:53.050+0000] {dag.py:3033} INFO - Sync 1 DAGs
[2025-12-20T17:40:53.075+0000] {logging_mixin.py:188} INFO - [2025-12-20T17:40:53.075+0000] {dag.py:3820} INFO - Setting next_dagrun for warehouse_delivery_refresh to 2025-12-20T03:00:00+00:00, run_after=2025-12-21T03:00:00+00:00
[2025-12-20T17:40:53.090+0000] {processor.py:183} INFO - Processing /opt/airflow/dags/warehouse_delivery_dag.py took 0.113 seconds
[2025-12-20T17:41:23.359+0000] {processor.py:161} INFO - Started process (PID=110) to work on /opt/airflow/dags/warehouse_delivery_dag.py
[2025-12-20T17:41:23.361+0000] {processor.py:830} INFO - Processing file /opt/airflow/dags/warehouse_delivery_dag.py for tasks to queue
[2025-12-20T17:41:23.362+0000] {logging_mixin.py:188} INFO - [2025-12-20T17:41:23.361+0000] {dagbag.py:538} INFO - Filling up the DagBag from /opt/airflow/dags/warehouse_delivery_dag.py
[2025-12-20T17:41:23.403+0000] {processor.py:840} INFO - DAG(s) 'warehouse_delivery_refresh' retrieved from /opt/airflow/dags/warehouse_delivery_dag.py
[2025-12-20T17:41:23.461+0000] {logging_mixin.py:188} INFO - [2025-12-20T17:41:23.461+0000] {dag.py:3033} INFO - Sync 1 DAGs
[2025-12-20T17:41:23.493+0000] {logging_mixin.py:188} INFO - [2025-12-20T17:41:23.493+0000] {dag.py:3820} INFO - Setting next_dagrun for warehouse_delivery_refresh to 2025-12-20T03:00:00+00:00, run_after=2025-12-21T03:00:00+00:00
[2025-12-20T17:41:23.527+0000] {processor.py:183} INFO - Processing /opt/airflow/dags/warehouse_delivery_dag.py took 0.175 seconds
[2025-12-20T17:41:53.935+0000] {processor.py:161} INFO - Started process (PID=114) to work on /opt/airflow/dags/warehouse_delivery_dag.py
[2025-12-20T17:41:53.936+0000] {processor.py:830} INFO - Processing file /opt/airflow/dags/warehouse_delivery_dag.py for tasks to queue
[2025-12-20T17:41:53.937+0000] {logging_mixin.py:188} INFO - [2025-12-20T17:41:53.936+0000] {dagbag.py:538} INFO - Filling up the DagBag from /opt/airflow/dags/warehouse_delivery_dag.py
[2025-12-20T17:41:53.976+0000] {processor.py:840} INFO - DAG(s) 'warehouse_delivery_refresh' retrieved from /opt/airflow/dags/warehouse_delivery_dag.py
[2025-12-20T17:41:54.036+0000] {logging_mixin.py:188} INFO - [2025-12-20T17:41:54.036+0000] {dag.py:3033} INFO - Sync 1 DAGs
[2025-12-20T17:41:54.072+0000] {logging_mixin.py:188} INFO - [2025-12-20T17:41:54.072+0000] {dag.py:3820} INFO - Setting next_dagrun for warehouse_delivery_refresh to 2025-12-20T03:00:00+00:00, run_after=2025-12-21T03:00:00+00:00
[2025-12-20T17:41:54.094+0000] {processor.py:183} INFO - Processing /opt/airflow/dags/warehouse_delivery_dag.py took 0.166 seconds
[2025-12-20T17:42:24.662+0000] {processor.py:161} INFO - Started process (PID=123) to work on /opt/airflow/dags/warehouse_delivery_dag.py
[2025-12-20T17:42:24.663+0000] {processor.py:830} INFO - Processing file /opt/airflow/dags/warehouse_delivery_dag.py for tasks to queue
[2025-12-20T17:42:24.665+0000] {logging_mixin.py:188} INFO - [2025-12-20T17:42:24.665+0000] {dagbag.py:538} INFO - Filling up the DagBag from /opt/airflow/dags/warehouse_delivery_dag.py
[2025-12-20T17:42:24.709+0000] {processor.py:840} INFO - DAG(s) 'warehouse_delivery_refresh' retrieved from /opt/airflow/dags/warehouse_delivery_dag.py
[2025-12-20T17:42:24.779+0000] {logging_mixin.py:188} INFO - [2025-12-20T17:42:24.779+0000] {dag.py:3033} INFO - Sync 1 DAGs
[2025-12-20T17:42:24.813+0000] {logging_mixin.py:188} INFO - [2025-12-20T17:42:24.813+0000] {dag.py:3820} INFO - Setting next_dagrun for warehouse_delivery_refresh to 2025-12-20T03:00:00+00:00, run_after=2025-12-21T03:00:00+00:00
[2025-12-20T17:42:24.838+0000] {processor.py:183} INFO - Processing /opt/airflow/dags/warehouse_delivery_dag.py took 0.184 seconds
[2025-12-20T17:42:55.378+0000] {processor.py:161} INFO - Started process (PID=133) to work on /opt/airflow/dags/warehouse_delivery_dag.py
[2025-12-20T17:42:55.380+0000] {processor.py:830} INFO - Processing file /opt/airflow/dags/warehouse_delivery_dag.py for tasks to queue
[2025-12-20T17:42:55.381+0000] {logging_mixin.py:188} INFO - [2025-12-20T17:42:55.380+0000] {dagbag.py:538} INFO - Filling up the DagBag from /opt/airflow/dags/warehouse_delivery_dag.py
[2025-12-20T17:42:55.408+0000] {processor.py:840} INFO - DAG(s) 'warehouse_delivery_refresh' retrieved from /opt/airflow/dags/warehouse_delivery_dag.py
[2025-12-20T17:42:55.457+0000] {logging_mixin.py:188} INFO - [2025-12-20T17:42:55.457+0000] {dag.py:3033} INFO - Sync 1 DAGs
[2025-12-20T17:42:55.480+0000] {logging_mixin.py:188} INFO - [2025-12-20T17:42:55.480+0000] {dag.py:3820} INFO - Setting next_dagrun for warehouse_delivery_refresh to 2025-12-20T03:00:00+00:00, run_after=2025-12-21T03:00:00+00:00
[2025-12-20T17:42:55.494+0000] {processor.py:183} INFO - Processing /opt/airflow/dags/warehouse_delivery_dag.py took 0.135 seconds
[2025-12-20T17:43:25.848+0000] {processor.py:161} INFO - Started process (PID=143) to work on /opt/airflow/dags/warehouse_delivery_dag.py
[2025-12-20T17:43:25.849+0000] {processor.py:830} INFO - Processing file /opt/airflow/dags/warehouse_delivery_dag.py for tasks to queue
[2025-12-20T17:43:25.851+0000] {logging_mixin.py:188} INFO - [2025-12-20T17:43:25.851+0000] {dagbag.py:538} INFO - Filling up the DagBag from /opt/airflow/dags/warehouse_delivery_dag.py
[2025-12-20T17:43:25.876+0000] {processor.py:840} INFO - DAG(s) 'warehouse_delivery_refresh' retrieved from /opt/airflow/dags/warehouse_delivery_dag.py
[2025-12-20T17:43:25.938+0000] {logging_mixin.py:188} INFO - [2025-12-20T17:43:25.938+0000] {dag.py:3033} INFO - Sync 1 DAGs
[2025-12-20T17:43:25.969+0000] {logging_mixin.py:188} INFO - [2025-12-20T17:43:25.969+0000] {dag.py:3820} INFO - Setting next_dagrun for warehouse_delivery_refresh to 2025-12-20T03:00:00+00:00, run_after=2025-12-21T03:00:00+00:00
[2025-12-20T17:43:25.983+0000] {processor.py:183} INFO - Processing /opt/airflow/dags/warehouse_delivery_dag.py took 0.146 seconds
[2025-12-20T17:43:56.298+0000] {processor.py:161} INFO - Started process (PID=152) to work on /opt/airflow/dags/warehouse_delivery_dag.py
[2025-12-20T17:43:56.300+0000] {processor.py:830} INFO - Processing file /opt/airflow/dags/warehouse_delivery_dag.py for tasks to queue
[2025-12-20T17:43:56.302+0000] {logging_mixin.py:188} INFO - [2025-12-20T17:43:56.301+0000] {dagbag.py:538} INFO - Filling up the DagBag from /opt/airflow/dags/warehouse_delivery_dag.py
[2025-12-20T17:43:56.330+0000] {processor.py:840} INFO - DAG(s) 'warehouse_delivery_refresh' retrieved from /opt/airflow/dags/warehouse_delivery_dag.py
[2025-12-20T17:43:56.376+0000] {logging_mixin.py:188} INFO - [2025-12-20T17:43:56.376+0000] {dag.py:3033} INFO - Sync 1 DAGs
[2025-12-20T17:43:56.400+0000] {logging_mixin.py:188} INFO - [2025-12-20T17:43:56.400+0000] {dag.py:3820} INFO - Setting next_dagrun for warehouse_delivery_refresh to 2025-12-20T03:00:00+00:00, run_after=2025-12-21T03:00:00+00:00
[2025-12-20T17:43:56.420+0000] {processor.py:183} INFO - Processing /opt/airflow/dags/warehouse_delivery_dag.py took 0.131 seconds
[2025-12-20T17:44:26.831+0000] {processor.py:161} INFO - Started process (PID=162) to work on /opt/airflow/dags/warehouse_delivery_dag.py
[2025-12-20T17:44:26.834+0000] {processor.py:830} INFO - Processing file /opt/airflow/dags/warehouse_delivery_dag.py for tasks to queue
[2025-12-20T17:44:26.839+0000] {logging_mixin.py:188} INFO - [2025-12-20T17:44:26.838+0000] {dagbag.py:538} INFO - Filling up the DagBag from /opt/airflow/dags/warehouse_delivery_dag.py
[2025-12-20T17:44:26.867+0000] {processor.py:840} INFO - DAG(s) 'warehouse_delivery_refresh' retrieved from /opt/airflow/dags/warehouse_delivery_dag.py
[2025-12-20T17:44:26.918+0000] {logging_mixin.py:188} INFO - [2025-12-20T17:44:26.918+0000] {dag.py:3033} INFO - Sync 1 DAGs
[2025-12-20T17:44:26.955+0000] {logging_mixin.py:188} INFO - [2025-12-20T17:44:26.955+0000] {dag.py:3820} INFO - Setting next_dagrun for warehouse_delivery_refresh to 2025-12-20T03:00:00+00:00, run_after=2025-12-21T03:00:00+00:00
[2025-12-20T17:44:26.976+0000] {processor.py:183} INFO - Processing /opt/airflow/dags/warehouse_delivery_dag.py took 0.152 seconds
[2025-12-20T17:44:57.230+0000] {processor.py:161} INFO - Started process (PID=172) to work on /opt/airflow/dags/warehouse_delivery_dag.py
[2025-12-20T17:44:57.233+0000] {processor.py:830} INFO - Processing file /opt/airflow/dags/warehouse_delivery_dag.py for tasks to queue
[2025-12-20T17:44:57.234+0000] {logging_mixin.py:188} INFO - [2025-12-20T17:44:57.234+0000] {dagbag.py:538} INFO - Filling up the DagBag from /opt/airflow/dags/warehouse_delivery_dag.py
[2025-12-20T17:44:57.269+0000] {processor.py:840} INFO - DAG(s) 'warehouse_delivery_refresh' retrieved from /opt/airflow/dags/warehouse_delivery_dag.py
[2025-12-20T17:44:57.313+0000] {logging_mixin.py:188} INFO - [2025-12-20T17:44:57.313+0000] {dag.py:3033} INFO - Sync 1 DAGs
[2025-12-20T17:44:57.334+0000] {logging_mixin.py:188} INFO - [2025-12-20T17:44:57.334+0000] {dag.py:3820} INFO - Setting next_dagrun for warehouse_delivery_refresh to 2025-12-20T03:00:00+00:00, run_after=2025-12-21T03:00:00+00:00
[2025-12-20T17:44:57.351+0000] {processor.py:183} INFO - Processing /opt/airflow/dags/warehouse_delivery_dag.py took 0.135 seconds
[2025-12-20T17:59:40.019+0000] {processor.py:161} INFO - Started process (PID=31) to work on /opt/airflow/dags/warehouse_delivery_dag.py
[2025-12-20T17:59:40.020+0000] {processor.py:830} INFO - Processing file /opt/airflow/dags/warehouse_delivery_dag.py for tasks to queue
[2025-12-20T17:59:40.021+0000] {logging_mixin.py:188} INFO - [2025-12-20T17:59:40.021+0000] {dagbag.py:538} INFO - Filling up the DagBag from /opt/airflow/dags/warehouse_delivery_dag.py
[2025-12-20T17:59:40.035+0000] {processor.py:840} INFO - DAG(s) 'warehouse_delivery_refresh' retrieved from /opt/airflow/dags/warehouse_delivery_dag.py
[2025-12-20T17:59:40.061+0000] {logging_mixin.py:188} INFO - [2025-12-20T17:59:40.061+0000] {dag.py:3033} INFO - Sync 1 DAGs
[2025-12-20T17:59:40.081+0000] {logging_mixin.py:188} INFO - [2025-12-20T17:59:40.081+0000] {dag.py:3820} INFO - Setting next_dagrun for warehouse_delivery_refresh to 2025-12-20T03:00:00+00:00, run_after=2025-12-21T03:00:00+00:00
[2025-12-20T17:59:40.096+0000] {processor.py:183} INFO - Processing /opt/airflow/dags/warehouse_delivery_dag.py took 0.080 seconds
[2025-12-20T18:00:10.346+0000] {processor.py:161} INFO - Started process (PID=41) to work on /opt/airflow/dags/warehouse_delivery_dag.py
[2025-12-20T18:00:10.348+0000] {processor.py:830} INFO - Processing file /opt/airflow/dags/warehouse_delivery_dag.py for tasks to queue
[2025-12-20T18:00:10.349+0000] {logging_mixin.py:188} INFO - [2025-12-20T18:00:10.348+0000] {dagbag.py:538} INFO - Filling up the DagBag from /opt/airflow/dags/warehouse_delivery_dag.py
[2025-12-20T18:00:10.368+0000] {processor.py:840} INFO - DAG(s) 'warehouse_delivery_refresh' retrieved from /opt/airflow/dags/warehouse_delivery_dag.py
[2025-12-20T18:00:10.552+0000] {logging_mixin.py:188} INFO - [2025-12-20T18:00:10.551+0000] {dag.py:3033} INFO - Sync 1 DAGs
[2025-12-20T18:00:10.572+0000] {logging_mixin.py:188} INFO - [2025-12-20T18:00:10.572+0000] {dag.py:3820} INFO - Setting next_dagrun for warehouse_delivery_refresh to 2025-12-20T03:00:00+00:00, run_after=2025-12-21T03:00:00+00:00
[2025-12-20T18:00:10.588+0000] {processor.py:183} INFO - Processing /opt/airflow/dags/warehouse_delivery_dag.py took 0.246 seconds
[2025-12-20T18:00:41.017+0000] {processor.py:161} INFO - Started process (PID=63) to work on /opt/airflow/dags/warehouse_delivery_dag.py
[2025-12-20T18:00:41.018+0000] {processor.py:830} INFO - Processing file /opt/airflow/dags/warehouse_delivery_dag.py for tasks to queue
[2025-12-20T18:00:41.019+0000] {logging_mixin.py:188} INFO - [2025-12-20T18:00:41.019+0000] {dagbag.py:538} INFO - Filling up the DagBag from /opt/airflow/dags/warehouse_delivery_dag.py
[2025-12-20T18:00:41.045+0000] {processor.py:840} INFO - DAG(s) 'warehouse_delivery_refresh' retrieved from /opt/airflow/dags/warehouse_delivery_dag.py
[2025-12-20T18:00:41.102+0000] {logging_mixin.py:188} INFO - [2025-12-20T18:00:41.102+0000] {dag.py:3033} INFO - Sync 1 DAGs
[2025-12-20T18:00:41.126+0000] {logging_mixin.py:188} INFO - [2025-12-20T18:00:41.126+0000] {dag.py:3820} INFO - Setting next_dagrun for warehouse_delivery_refresh to 2025-12-20T03:00:00+00:00, run_after=2025-12-21T03:00:00+00:00
[2025-12-20T18:00:41.140+0000] {processor.py:183} INFO - Processing /opt/airflow/dags/warehouse_delivery_dag.py took 0.132 seconds
[2025-12-20T18:01:11.485+0000] {processor.py:161} INFO - Started process (PID=73) to work on /opt/airflow/dags/warehouse_delivery_dag.py
[2025-12-20T18:01:11.486+0000] {processor.py:830} INFO - Processing file /opt/airflow/dags/warehouse_delivery_dag.py for tasks to queue
[2025-12-20T18:01:11.487+0000] {logging_mixin.py:188} INFO - [2025-12-20T18:01:11.487+0000] {dagbag.py:538} INFO - Filling up the DagBag from /opt/airflow/dags/warehouse_delivery_dag.py
[2025-12-20T18:01:11.506+0000] {processor.py:840} INFO - DAG(s) 'warehouse_delivery_refresh' retrieved from /opt/airflow/dags/warehouse_delivery_dag.py
[2025-12-20T18:01:11.546+0000] {logging_mixin.py:188} INFO - [2025-12-20T18:01:11.546+0000] {dag.py:3033} INFO - Sync 1 DAGs
[2025-12-20T18:01:11.565+0000] {logging_mixin.py:188} INFO - [2025-12-20T18:01:11.565+0000] {dag.py:3820} INFO - Setting next_dagrun for warehouse_delivery_refresh to 2025-12-20T03:00:00+00:00, run_after=2025-12-21T03:00:00+00:00
[2025-12-20T18:01:11.577+0000] {processor.py:183} INFO - Processing /opt/airflow/dags/warehouse_delivery_dag.py took 0.094 seconds
[2025-12-20T18:01:41.847+0000] {processor.py:161} INFO - Started process (PID=83) to work on /opt/airflow/dags/warehouse_delivery_dag.py
[2025-12-20T18:01:41.848+0000] {processor.py:830} INFO - Processing file /opt/airflow/dags/warehouse_delivery_dag.py for tasks to queue
[2025-12-20T18:01:41.849+0000] {logging_mixin.py:188} INFO - [2025-12-20T18:01:41.848+0000] {dagbag.py:538} INFO - Filling up the DagBag from /opt/airflow/dags/warehouse_delivery_dag.py
[2025-12-20T18:01:41.861+0000] {processor.py:840} INFO - DAG(s) 'warehouse_delivery_refresh' retrieved from /opt/airflow/dags/warehouse_delivery_dag.py
[2025-12-20T18:01:41.896+0000] {logging_mixin.py:188} INFO - [2025-12-20T18:01:41.896+0000] {dag.py:3033} INFO - Sync 1 DAGs
[2025-12-20T18:01:41.916+0000] {logging_mixin.py:188} INFO - [2025-12-20T18:01:41.916+0000] {dag.py:3820} INFO - Setting next_dagrun for warehouse_delivery_refresh to 2025-12-20T03:00:00+00:00, run_after=2025-12-21T03:00:00+00:00
[2025-12-20T18:01:41.931+0000] {processor.py:183} INFO - Processing /opt/airflow/dags/warehouse_delivery_dag.py took 0.090 seconds
[2025-12-20T18:02:12.303+0000] {processor.py:161} INFO - Started process (PID=93) to work on /opt/airflow/dags/warehouse_delivery_dag.py
[2025-12-20T18:02:12.305+0000] {processor.py:830} INFO - Processing file /opt/airflow/dags/warehouse_delivery_dag.py for tasks to queue
[2025-12-20T18:02:12.306+0000] {logging_mixin.py:188} INFO - [2025-12-20T18:02:12.305+0000] {dagbag.py:538} INFO - Filling up the DagBag from /opt/airflow/dags/warehouse_delivery_dag.py
[2025-12-20T18:02:12.326+0000] {processor.py:840} INFO - DAG(s) 'warehouse_delivery_refresh' retrieved from /opt/airflow/dags/warehouse_delivery_dag.py
[2025-12-20T18:02:12.367+0000] {logging_mixin.py:188} INFO - [2025-12-20T18:02:12.366+0000] {dag.py:3033} INFO - Sync 1 DAGs
[2025-12-20T18:02:12.385+0000] {logging_mixin.py:188} INFO - [2025-12-20T18:02:12.385+0000] {dag.py:3820} INFO - Setting next_dagrun for warehouse_delivery_refresh to 2025-12-20T03:00:00+00:00, run_after=2025-12-21T03:00:00+00:00
[2025-12-20T18:02:12.398+0000] {processor.py:183} INFO - Processing /opt/airflow/dags/warehouse_delivery_dag.py took 0.099 seconds
[2025-12-20T18:02:42.770+0000] {processor.py:161} INFO - Started process (PID=103) to work on /opt/airflow/dags/warehouse_delivery_dag.py
[2025-12-20T18:02:42.772+0000] {processor.py:830} INFO - Processing file /opt/airflow/dags/warehouse_delivery_dag.py for tasks to queue
[2025-12-20T18:02:42.773+0000] {logging_mixin.py:188} INFO - [2025-12-20T18:02:42.773+0000] {dagbag.py:538} INFO - Filling up the DagBag from /opt/airflow/dags/warehouse_delivery_dag.py
[2025-12-20T18:02:42.790+0000] {processor.py:840} INFO - DAG(s) 'warehouse_delivery_refresh' retrieved from /opt/airflow/dags/warehouse_delivery_dag.py
[2025-12-20T18:02:42.825+0000] {logging_mixin.py:188} INFO - [2025-12-20T18:02:42.825+0000] {dag.py:3033} INFO - Sync 1 DAGs
[2025-12-20T18:02:42.844+0000] {logging_mixin.py:188} INFO - [2025-12-20T18:02:42.844+0000] {dag.py:3820} INFO - Setting next_dagrun for warehouse_delivery_refresh to 2025-12-20T03:00:00+00:00, run_after=2025-12-21T03:00:00+00:00
[2025-12-20T18:02:42.858+0000] {processor.py:183} INFO - Processing /opt/airflow/dags/warehouse_delivery_dag.py took 0.097 seconds
[2025-12-20T18:03:13.227+0000] {processor.py:161} INFO - Started process (PID=113) to work on /opt/airflow/dags/warehouse_delivery_dag.py
[2025-12-20T18:03:13.228+0000] {processor.py:830} INFO - Processing file /opt/airflow/dags/warehouse_delivery_dag.py for tasks to queue
[2025-12-20T18:03:13.229+0000] {logging_mixin.py:188} INFO - [2025-12-20T18:03:13.228+0000] {dagbag.py:538} INFO - Filling up the DagBag from /opt/airflow/dags/warehouse_delivery_dag.py
[2025-12-20T18:03:13.242+0000] {processor.py:840} INFO - DAG(s) 'warehouse_delivery_refresh' retrieved from /opt/airflow/dags/warehouse_delivery_dag.py
[2025-12-20T18:03:13.271+0000] {logging_mixin.py:188} INFO - [2025-12-20T18:03:13.271+0000] {dag.py:3033} INFO - Sync 1 DAGs
[2025-12-20T18:03:13.290+0000] {logging_mixin.py:188} INFO - [2025-12-20T18:03:13.290+0000] {dag.py:3820} INFO - Setting next_dagrun for warehouse_delivery_refresh to 2025-12-20T03:00:00+00:00, run_after=2025-12-21T03:00:00+00:00
[2025-12-20T18:03:13.303+0000] {processor.py:183} INFO - Processing /opt/airflow/dags/warehouse_delivery_dag.py took 0.080 seconds
[2025-12-20T18:03:43.579+0000] {processor.py:161} INFO - Started process (PID=123) to work on /opt/airflow/dags/warehouse_delivery_dag.py
[2025-12-20T18:03:43.580+0000] {processor.py:830} INFO - Processing file /opt/airflow/dags/warehouse_delivery_dag.py for tasks to queue
[2025-12-20T18:03:43.581+0000] {logging_mixin.py:188} INFO - [2025-12-20T18:03:43.581+0000] {dagbag.py:538} INFO - Filling up the DagBag from /opt/airflow/dags/warehouse_delivery_dag.py
[2025-12-20T18:03:43.603+0000] {processor.py:840} INFO - DAG(s) 'warehouse_delivery_refresh' retrieved from /opt/airflow/dags/warehouse_delivery_dag.py
[2025-12-20T18:03:43.639+0000] {logging_mixin.py:188} INFO - [2025-12-20T18:03:43.639+0000] {dag.py:3033} INFO - Sync 1 DAGs
[2025-12-20T18:03:43.662+0000] {logging_mixin.py:188} INFO - [2025-12-20T18:03:43.662+0000] {dag.py:3820} INFO - Setting next_dagrun for warehouse_delivery_refresh to 2025-12-20T03:00:00+00:00, run_after=2025-12-21T03:00:00+00:00
[2025-12-20T18:03:43.679+0000] {processor.py:183} INFO - Processing /opt/airflow/dags/warehouse_delivery_dag.py took 0.106 seconds
[2025-12-20T18:04:14.045+0000] {processor.py:161} INFO - Started process (PID=126) to work on /opt/airflow/dags/warehouse_delivery_dag.py
[2025-12-20T18:04:14.047+0000] {processor.py:830} INFO - Processing file /opt/airflow/dags/warehouse_delivery_dag.py for tasks to queue
[2025-12-20T18:04:14.050+0000] {logging_mixin.py:188} INFO - [2025-12-20T18:04:14.049+0000] {dagbag.py:538} INFO - Filling up the DagBag from /opt/airflow/dags/warehouse_delivery_dag.py
[2025-12-20T18:04:14.075+0000] {processor.py:840} INFO - DAG(s) 'warehouse_delivery_refresh' retrieved from /opt/airflow/dags/warehouse_delivery_dag.py
[2025-12-20T18:04:14.117+0000] {logging_mixin.py:188} INFO - [2025-12-20T18:04:14.117+0000] {dag.py:3033} INFO - Sync 1 DAGs
[2025-12-20T18:04:14.141+0000] {logging_mixin.py:188} INFO - [2025-12-20T18:04:14.141+0000] {dag.py:3820} INFO - Setting next_dagrun for warehouse_delivery_refresh to 2025-12-20T03:00:00+00:00, run_after=2025-12-21T03:00:00+00:00
[2025-12-20T18:04:14.156+0000] {processor.py:183} INFO - Processing /opt/airflow/dags/warehouse_delivery_dag.py took 0.119 seconds
[2025-12-20T18:04:44.564+0000] {processor.py:161} INFO - Started process (PID=136) to work on /opt/airflow/dags/warehouse_delivery_dag.py
[2025-12-20T18:04:44.566+0000] {processor.py:830} INFO - Processing file /opt/airflow/dags/warehouse_delivery_dag.py for tasks to queue
[2025-12-20T18:04:44.567+0000] {logging_mixin.py:188} INFO - [2025-12-20T18:04:44.566+0000] {dagbag.py:538} INFO - Filling up the DagBag from /opt/airflow/dags/warehouse_delivery_dag.py
[2025-12-20T18:04:44.585+0000] {processor.py:840} INFO - DAG(s) 'warehouse_delivery_refresh' retrieved from /opt/airflow/dags/warehouse_delivery_dag.py
[2025-12-20T18:04:44.622+0000] {logging_mixin.py:188} INFO - [2025-12-20T18:04:44.622+0000] {dag.py:3033} INFO - Sync 1 DAGs
[2025-12-20T18:04:44.644+0000] {logging_mixin.py:188} INFO - [2025-12-20T18:04:44.644+0000] {dag.py:3820} INFO - Setting next_dagrun for warehouse_delivery_refresh to 2025-12-20T03:00:00+00:00, run_after=2025-12-21T03:00:00+00:00
[2025-12-20T18:04:44.659+0000] {processor.py:183} INFO - Processing /opt/airflow/dags/warehouse_delivery_dag.py took 0.101 seconds
[2025-12-20T18:05:15.011+0000] {processor.py:161} INFO - Started process (PID=146) to work on /opt/airflow/dags/warehouse_delivery_dag.py
[2025-12-20T18:05:15.012+0000] {processor.py:830} INFO - Processing file /opt/airflow/dags/warehouse_delivery_dag.py for tasks to queue
[2025-12-20T18:05:15.013+0000] {logging_mixin.py:188} INFO - [2025-12-20T18:05:15.013+0000] {dagbag.py:538} INFO - Filling up the DagBag from /opt/airflow/dags/warehouse_delivery_dag.py
[2025-12-20T18:05:15.034+0000] {processor.py:840} INFO - DAG(s) 'warehouse_delivery_refresh' retrieved from /opt/airflow/dags/warehouse_delivery_dag.py
[2025-12-20T18:05:15.083+0000] {logging_mixin.py:188} INFO - [2025-12-20T18:05:15.083+0000] {dag.py:3033} INFO - Sync 1 DAGs
[2025-12-20T18:05:15.109+0000] {logging_mixin.py:188} INFO - [2025-12-20T18:05:15.109+0000] {dag.py:3820} INFO - Setting next_dagrun for warehouse_delivery_refresh to 2025-12-20T03:00:00+00:00, run_after=2025-12-21T03:00:00+00:00
[2025-12-20T18:05:15.126+0000] {processor.py:183} INFO - Processing /opt/airflow/dags/warehouse_delivery_dag.py took 0.123 seconds
[2025-12-20T18:05:45.651+0000] {processor.py:161} INFO - Started process (PID=156) to work on /opt/airflow/dags/warehouse_delivery_dag.py
[2025-12-20T18:05:45.652+0000] {processor.py:830} INFO - Processing file /opt/airflow/dags/warehouse_delivery_dag.py for tasks to queue
[2025-12-20T18:05:45.654+0000] {logging_mixin.py:188} INFO - [2025-12-20T18:05:45.653+0000] {dagbag.py:538} INFO - Filling up the DagBag from /opt/airflow/dags/warehouse_delivery_dag.py
[2025-12-20T18:05:45.682+0000] {processor.py:840} INFO - DAG(s) 'warehouse_delivery_refresh' retrieved from /opt/airflow/dags/warehouse_delivery_dag.py
[2025-12-20T18:05:45.746+0000] {logging_mixin.py:188} INFO - [2025-12-20T18:05:45.745+0000] {dag.py:3033} INFO - Sync 1 DAGs
[2025-12-20T18:05:45.769+0000] {logging_mixin.py:188} INFO - [2025-12-20T18:05:45.769+0000] {dag.py:3820} INFO - Setting next_dagrun for warehouse_delivery_refresh to 2025-12-20T03:00:00+00:00, run_after=2025-12-21T03:00:00+00:00
[2025-12-20T18:05:45.785+0000] {processor.py:183} INFO - Processing /opt/airflow/dags/warehouse_delivery_dag.py took 0.146 seconds
[2025-12-20T18:06:16.150+0000] {processor.py:161} INFO - Started process (PID=166) to work on /opt/airflow/dags/warehouse_delivery_dag.py
[2025-12-20T18:06:16.152+0000] {processor.py:830} INFO - Processing file /opt/airflow/dags/warehouse_delivery_dag.py for tasks to queue
[2025-12-20T18:06:16.155+0000] {logging_mixin.py:188} INFO - [2025-12-20T18:06:16.154+0000] {dagbag.py:538} INFO - Filling up the DagBag from /opt/airflow/dags/warehouse_delivery_dag.py
[2025-12-20T18:06:16.188+0000] {processor.py:840} INFO - DAG(s) 'warehouse_delivery_refresh' retrieved from /opt/airflow/dags/warehouse_delivery_dag.py
[2025-12-20T18:06:16.228+0000] {logging_mixin.py:188} INFO - [2025-12-20T18:06:16.228+0000] {dag.py:3033} INFO - Sync 1 DAGs
[2025-12-20T18:06:16.254+0000] {logging_mixin.py:188} INFO - [2025-12-20T18:06:16.254+0000] {dag.py:3820} INFO - Setting next_dagrun for warehouse_delivery_refresh to 2025-12-20T03:00:00+00:00, run_after=2025-12-21T03:00:00+00:00
[2025-12-20T18:06:16.275+0000] {processor.py:183} INFO - Processing /opt/airflow/dags/warehouse_delivery_dag.py took 0.134 seconds
[2025-12-20T18:06:46.650+0000] {processor.py:161} INFO - Started process (PID=176) to work on /opt/airflow/dags/warehouse_delivery_dag.py
[2025-12-20T18:06:46.651+0000] {processor.py:830} INFO - Processing file /opt/airflow/dags/warehouse_delivery_dag.py for tasks to queue
[2025-12-20T18:06:46.652+0000] {logging_mixin.py:188} INFO - [2025-12-20T18:06:46.652+0000] {dagbag.py:538} INFO - Filling up the DagBag from /opt/airflow/dags/warehouse_delivery_dag.py
[2025-12-20T18:06:46.678+0000] {processor.py:840} INFO - DAG(s) 'warehouse_delivery_refresh' retrieved from /opt/airflow/dags/warehouse_delivery_dag.py
[2025-12-20T18:06:46.725+0000] {logging_mixin.py:188} INFO - [2025-12-20T18:06:46.724+0000] {dag.py:3033} INFO - Sync 1 DAGs
[2025-12-20T18:06:46.753+0000] {logging_mixin.py:188} INFO - [2025-12-20T18:06:46.753+0000] {dag.py:3820} INFO - Setting next_dagrun for warehouse_delivery_refresh to 2025-12-20T03:00:00+00:00, run_after=2025-12-21T03:00:00+00:00
[2025-12-20T18:06:46.768+0000] {processor.py:183} INFO - Processing /opt/airflow/dags/warehouse_delivery_dag.py took 0.126 seconds
[2025-12-20T18:07:17.165+0000] {processor.py:161} INFO - Started process (PID=186) to work on /opt/airflow/dags/warehouse_delivery_dag.py
[2025-12-20T18:07:17.167+0000] {processor.py:830} INFO - Processing file /opt/airflow/dags/warehouse_delivery_dag.py for tasks to queue
[2025-12-20T18:07:17.168+0000] {logging_mixin.py:188} INFO - [2025-12-20T18:07:17.167+0000] {dagbag.py:538} INFO - Filling up the DagBag from /opt/airflow/dags/warehouse_delivery_dag.py
[2025-12-20T18:07:17.214+0000] {processor.py:840} INFO - DAG(s) 'warehouse_delivery_refresh' retrieved from /opt/airflow/dags/warehouse_delivery_dag.py
[2025-12-20T18:07:17.272+0000] {logging_mixin.py:188} INFO - [2025-12-20T18:07:17.272+0000] {dag.py:3033} INFO - Sync 1 DAGs
[2025-12-20T18:07:17.298+0000] {logging_mixin.py:188} INFO - [2025-12-20T18:07:17.298+0000] {dag.py:3820} INFO - Setting next_dagrun for warehouse_delivery_refresh to 2025-12-20T03:00:00+00:00, run_after=2025-12-21T03:00:00+00:00
[2025-12-20T18:07:17.326+0000] {processor.py:183} INFO - Processing /opt/airflow/dags/warehouse_delivery_dag.py took 0.169 seconds
[2025-12-20T19:00:11.031+0000] {processor.py:161} INFO - Started process (PID=31) to work on /opt/airflow/dags/warehouse_delivery_dag.py
[2025-12-20T19:00:11.033+0000] {processor.py:830} INFO - Processing file /opt/airflow/dags/warehouse_delivery_dag.py for tasks to queue
[2025-12-20T19:00:11.034+0000] {logging_mixin.py:188} INFO - [2025-12-20T19:00:11.034+0000] {dagbag.py:538} INFO - Filling up the DagBag from /opt/airflow/dags/warehouse_delivery_dag.py
[2025-12-20T19:00:11.050+0000] {processor.py:840} INFO - DAG(s) 'warehouse_delivery_refresh' retrieved from /opt/airflow/dags/warehouse_delivery_dag.py
[2025-12-20T19:00:11.074+0000] {logging_mixin.py:188} INFO - [2025-12-20T19:00:11.074+0000] {dag.py:3033} INFO - Sync 1 DAGs
[2025-12-20T19:00:11.096+0000] {logging_mixin.py:188} INFO - [2025-12-20T19:00:11.095+0000] {dag.py:3820} INFO - Setting next_dagrun for warehouse_delivery_refresh to 2025-12-20T03:00:00+00:00, run_after=2025-12-21T03:00:00+00:00
[2025-12-20T19:00:11.109+0000] {processor.py:183} INFO - Processing /opt/airflow/dags/warehouse_delivery_dag.py took 0.082 seconds
[2025-12-20T19:00:41.442+0000] {processor.py:161} INFO - Started process (PID=41) to work on /opt/airflow/dags/warehouse_delivery_dag.py
[2025-12-20T19:00:41.444+0000] {processor.py:830} INFO - Processing file /opt/airflow/dags/warehouse_delivery_dag.py for tasks to queue
[2025-12-20T19:00:41.445+0000] {logging_mixin.py:188} INFO - [2025-12-20T19:00:41.445+0000] {dagbag.py:538} INFO - Filling up the DagBag from /opt/airflow/dags/warehouse_delivery_dag.py
[2025-12-20T19:00:41.470+0000] {processor.py:840} INFO - DAG(s) 'warehouse_delivery_refresh' retrieved from /opt/airflow/dags/warehouse_delivery_dag.py
[2025-12-20T19:00:41.644+0000] {logging_mixin.py:188} INFO - [2025-12-20T19:00:41.643+0000] {dag.py:3033} INFO - Sync 1 DAGs
[2025-12-20T19:00:41.660+0000] {logging_mixin.py:188} INFO - [2025-12-20T19:00:41.660+0000] {dag.py:3820} INFO - Setting next_dagrun for warehouse_delivery_refresh to 2025-12-20T03:00:00+00:00, run_after=2025-12-21T03:00:00+00:00
[2025-12-20T19:00:41.676+0000] {processor.py:183} INFO - Processing /opt/airflow/dags/warehouse_delivery_dag.py took 0.239 seconds
[2025-12-20T19:01:11.979+0000] {processor.py:161} INFO - Started process (PID=63) to work on /opt/airflow/dags/warehouse_delivery_dag.py
[2025-12-20T19:01:11.980+0000] {processor.py:830} INFO - Processing file /opt/airflow/dags/warehouse_delivery_dag.py for tasks to queue
[2025-12-20T19:01:11.981+0000] {logging_mixin.py:188} INFO - [2025-12-20T19:01:11.981+0000] {dagbag.py:538} INFO - Filling up the DagBag from /opt/airflow/dags/warehouse_delivery_dag.py
[2025-12-20T19:01:12.004+0000] {processor.py:840} INFO - DAG(s) 'warehouse_delivery_refresh' retrieved from /opt/airflow/dags/warehouse_delivery_dag.py
[2025-12-20T19:01:12.037+0000] {logging_mixin.py:188} INFO - [2025-12-20T19:01:12.037+0000] {dag.py:3033} INFO - Sync 1 DAGs
[2025-12-20T19:01:12.056+0000] {logging_mixin.py:188} INFO - [2025-12-20T19:01:12.056+0000] {dag.py:3820} INFO - Setting next_dagrun for warehouse_delivery_refresh to 2025-12-20T03:00:00+00:00, run_after=2025-12-21T03:00:00+00:00
[2025-12-20T19:01:12.076+0000] {processor.py:183} INFO - Processing /opt/airflow/dags/warehouse_delivery_dag.py took 0.100 seconds
[2025-12-20T19:01:42.387+0000] {processor.py:161} INFO - Started process (PID=72) to work on /opt/airflow/dags/warehouse_delivery_dag.py
[2025-12-20T19:01:42.388+0000] {processor.py:830} INFO - Processing file /opt/airflow/dags/warehouse_delivery_dag.py for tasks to queue
[2025-12-20T19:01:42.389+0000] {logging_mixin.py:188} INFO - [2025-12-20T19:01:42.388+0000] {dagbag.py:538} INFO - Filling up the DagBag from /opt/airflow/dags/warehouse_delivery_dag.py
[2025-12-20T19:01:42.407+0000] {processor.py:840} INFO - DAG(s) 'warehouse_delivery_refresh' retrieved from /opt/airflow/dags/warehouse_delivery_dag.py
[2025-12-20T19:01:42.443+0000] {logging_mixin.py:188} INFO - [2025-12-20T19:01:42.443+0000] {dag.py:3033} INFO - Sync 1 DAGs
[2025-12-20T19:01:42.463+0000] {logging_mixin.py:188} INFO - [2025-12-20T19:01:42.463+0000] {dag.py:3820} INFO - Setting next_dagrun for warehouse_delivery_refresh to 2025-12-20T03:00:00+00:00, run_after=2025-12-21T03:00:00+00:00
[2025-12-20T19:01:42.482+0000] {processor.py:183} INFO - Processing /opt/airflow/dags/warehouse_delivery_dag.py took 0.099 seconds
[2025-12-20T19:02:12.855+0000] {processor.py:161} INFO - Started process (PID=82) to work on /opt/airflow/dags/warehouse_delivery_dag.py
[2025-12-20T19:02:12.857+0000] {processor.py:830} INFO - Processing file /opt/airflow/dags/warehouse_delivery_dag.py for tasks to queue
[2025-12-20T19:02:12.858+0000] {logging_mixin.py:188} INFO - [2025-12-20T19:02:12.857+0000] {dagbag.py:538} INFO - Filling up the DagBag from /opt/airflow/dags/warehouse_delivery_dag.py
[2025-12-20T19:02:12.898+0000] {processor.py:840} INFO - DAG(s) 'warehouse_delivery_refresh' retrieved from /opt/airflow/dags/warehouse_delivery_dag.py
[2025-12-20T19:02:12.978+0000] {logging_mixin.py:188} INFO - [2025-12-20T19:02:12.977+0000] {dag.py:3033} INFO - Sync 1 DAGs
[2025-12-20T19:02:13.002+0000] {logging_mixin.py:188} INFO - [2025-12-20T19:02:13.002+0000] {dag.py:3820} INFO - Setting next_dagrun for warehouse_delivery_refresh to 2025-12-20T03:00:00+00:00, run_after=2025-12-21T03:00:00+00:00
[2025-12-20T19:02:13.018+0000] {processor.py:183} INFO - Processing /opt/airflow/dags/warehouse_delivery_dag.py took 0.171 seconds
[2025-12-20T19:02:43.427+0000] {processor.py:161} INFO - Started process (PID=92) to work on /opt/airflow/dags/warehouse_delivery_dag.py
[2025-12-20T19:02:43.429+0000] {processor.py:830} INFO - Processing file /opt/airflow/dags/warehouse_delivery_dag.py for tasks to queue
[2025-12-20T19:02:43.431+0000] {logging_mixin.py:188} INFO - [2025-12-20T19:02:43.430+0000] {dagbag.py:538} INFO - Filling up the DagBag from /opt/airflow/dags/warehouse_delivery_dag.py
[2025-12-20T19:02:43.458+0000] {processor.py:840} INFO - DAG(s) 'warehouse_delivery_refresh' retrieved from /opt/airflow/dags/warehouse_delivery_dag.py
[2025-12-20T19:02:43.512+0000] {logging_mixin.py:188} INFO - [2025-12-20T19:02:43.512+0000] {dag.py:3033} INFO - Sync 1 DAGs
[2025-12-20T19:02:43.536+0000] {logging_mixin.py:188} INFO - [2025-12-20T19:02:43.536+0000] {dag.py:3820} INFO - Setting next_dagrun for warehouse_delivery_refresh to 2025-12-20T03:00:00+00:00, run_after=2025-12-21T03:00:00+00:00
[2025-12-20T19:02:43.552+0000] {processor.py:183} INFO - Processing /opt/airflow/dags/warehouse_delivery_dag.py took 0.141 seconds
[2025-12-20T19:03:13.855+0000] {processor.py:161} INFO - Started process (PID=102) to work on /opt/airflow/dags/warehouse_delivery_dag.py
[2025-12-20T19:03:13.856+0000] {processor.py:830} INFO - Processing file /opt/airflow/dags/warehouse_delivery_dag.py for tasks to queue
[2025-12-20T19:03:13.857+0000] {logging_mixin.py:188} INFO - [2025-12-20T19:03:13.857+0000] {dagbag.py:538} INFO - Filling up the DagBag from /opt/airflow/dags/warehouse_delivery_dag.py
[2025-12-20T19:03:13.871+0000] {processor.py:840} INFO - DAG(s) 'warehouse_delivery_refresh' retrieved from /opt/airflow/dags/warehouse_delivery_dag.py
[2025-12-20T19:03:13.901+0000] {logging_mixin.py:188} INFO - [2025-12-20T19:03:13.900+0000] {dag.py:3033} INFO - Sync 1 DAGs
[2025-12-20T19:03:13.920+0000] {logging_mixin.py:188} INFO - [2025-12-20T19:03:13.920+0000] {dag.py:3820} INFO - Setting next_dagrun for warehouse_delivery_refresh to 2025-12-20T03:00:00+00:00, run_after=2025-12-21T03:00:00+00:00
[2025-12-20T19:03:13.937+0000] {processor.py:183} INFO - Processing /opt/airflow/dags/warehouse_delivery_dag.py took 0.086 seconds
[2025-12-20T19:03:44.246+0000] {processor.py:161} INFO - Started process (PID=112) to work on /opt/airflow/dags/warehouse_delivery_dag.py
[2025-12-20T19:03:44.248+0000] {processor.py:830} INFO - Processing file /opt/airflow/dags/warehouse_delivery_dag.py for tasks to queue
[2025-12-20T19:03:44.249+0000] {logging_mixin.py:188} INFO - [2025-12-20T19:03:44.248+0000] {dagbag.py:538} INFO - Filling up the DagBag from /opt/airflow/dags/warehouse_delivery_dag.py
[2025-12-20T19:03:44.267+0000] {processor.py:840} INFO - DAG(s) 'warehouse_delivery_refresh' retrieved from /opt/airflow/dags/warehouse_delivery_dag.py
[2025-12-20T19:03:44.306+0000] {logging_mixin.py:188} INFO - [2025-12-20T19:03:44.305+0000] {dag.py:3033} INFO - Sync 1 DAGs
[2025-12-20T19:03:44.324+0000] {logging_mixin.py:188} INFO - [2025-12-20T19:03:44.324+0000] {dag.py:3820} INFO - Setting next_dagrun for warehouse_delivery_refresh to 2025-12-20T03:00:00+00:00, run_after=2025-12-21T03:00:00+00:00
[2025-12-20T19:03:44.338+0000] {processor.py:183} INFO - Processing /opt/airflow/dags/warehouse_delivery_dag.py took 0.096 seconds
[2025-12-20T19:04:14.711+0000] {processor.py:161} INFO - Started process (PID=122) to work on /opt/airflow/dags/warehouse_delivery_dag.py
[2025-12-20T19:04:14.712+0000] {processor.py:830} INFO - Processing file /opt/airflow/dags/warehouse_delivery_dag.py for tasks to queue
[2025-12-20T19:04:14.712+0000] {logging_mixin.py:188} INFO - [2025-12-20T19:04:14.712+0000] {dagbag.py:538} INFO - Filling up the DagBag from /opt/airflow/dags/warehouse_delivery_dag.py
[2025-12-20T19:04:14.729+0000] {processor.py:840} INFO - DAG(s) 'warehouse_delivery_refresh' retrieved from /opt/airflow/dags/warehouse_delivery_dag.py
[2025-12-20T19:04:14.769+0000] {logging_mixin.py:188} INFO - [2025-12-20T19:04:14.769+0000] {dag.py:3033} INFO - Sync 1 DAGs
[2025-12-20T19:04:14.789+0000] {logging_mixin.py:188} INFO - [2025-12-20T19:04:14.789+0000] {dag.py:3820} INFO - Setting next_dagrun for warehouse_delivery_refresh to 2025-12-20T03:00:00+00:00, run_after=2025-12-21T03:00:00+00:00
[2025-12-20T19:04:14.805+0000] {processor.py:183} INFO - Processing /opt/airflow/dags/warehouse_delivery_dag.py took 0.098 seconds
[2025-12-20T19:04:45.465+0000] {processor.py:161} INFO - Started process (PID=132) to work on /opt/airflow/dags/warehouse_delivery_dag.py
[2025-12-20T19:04:45.467+0000] {processor.py:830} INFO - Processing file /opt/airflow/dags/warehouse_delivery_dag.py for tasks to queue
[2025-12-20T19:04:45.468+0000] {logging_mixin.py:188} INFO - [2025-12-20T19:04:45.467+0000] {dagbag.py:538} INFO - Filling up the DagBag from /opt/airflow/dags/warehouse_delivery_dag.py
[2025-12-20T19:04:45.493+0000] {processor.py:840} INFO - DAG(s) 'warehouse_delivery_refresh' retrieved from /opt/airflow/dags/warehouse_delivery_dag.py
[2025-12-20T19:04:45.541+0000] {logging_mixin.py:188} INFO - [2025-12-20T19:04:45.541+0000] {dag.py:3033} INFO - Sync 1 DAGs
[2025-12-20T19:04:45.565+0000] {logging_mixin.py:188} INFO - [2025-12-20T19:04:45.565+0000] {dag.py:3820} INFO - Setting next_dagrun for warehouse_delivery_refresh to 2025-12-20T03:00:00+00:00, run_after=2025-12-21T03:00:00+00:00
[2025-12-20T19:04:45.586+0000] {processor.py:183} INFO - Processing /opt/airflow/dags/warehouse_delivery_dag.py took 0.128 seconds
[2025-12-20T19:05:15.899+0000] {processor.py:161} INFO - Started process (PID=135) to work on /opt/airflow/dags/warehouse_delivery_dag.py
[2025-12-20T19:05:15.900+0000] {processor.py:830} INFO - Processing file /opt/airflow/dags/warehouse_delivery_dag.py for tasks to queue
[2025-12-20T19:05:15.902+0000] {logging_mixin.py:188} INFO - [2025-12-20T19:05:15.901+0000] {dagbag.py:538} INFO - Filling up the DagBag from /opt/airflow/dags/warehouse_delivery_dag.py
[2025-12-20T19:05:15.927+0000] {processor.py:840} INFO - DAG(s) 'warehouse_delivery_refresh' retrieved from /opt/airflow/dags/warehouse_delivery_dag.py
[2025-12-20T19:05:15.964+0000] {logging_mixin.py:188} INFO - [2025-12-20T19:05:15.964+0000] {dag.py:3033} INFO - Sync 1 DAGs
[2025-12-20T19:05:15.987+0000] {logging_mixin.py:188} INFO - [2025-12-20T19:05:15.987+0000] {dag.py:3820} INFO - Setting next_dagrun for warehouse_delivery_refresh to 2025-12-20T03:00:00+00:00, run_after=2025-12-21T03:00:00+00:00
[2025-12-20T19:05:16.004+0000] {processor.py:183} INFO - Processing /opt/airflow/dags/warehouse_delivery_dag.py took 0.114 seconds
[2025-12-20T19:05:46.337+0000] {processor.py:161} INFO - Started process (PID=145) to work on /opt/airflow/dags/warehouse_delivery_dag.py
[2025-12-20T19:05:46.340+0000] {processor.py:830} INFO - Processing file /opt/airflow/dags/warehouse_delivery_dag.py for tasks to queue
[2025-12-20T19:05:46.341+0000] {logging_mixin.py:188} INFO - [2025-12-20T19:05:46.341+0000] {dagbag.py:538} INFO - Filling up the DagBag from /opt/airflow/dags/warehouse_delivery_dag.py
[2025-12-20T19:05:46.371+0000] {processor.py:840} INFO - DAG(s) 'warehouse_delivery_refresh' retrieved from /opt/airflow/dags/warehouse_delivery_dag.py
[2025-12-20T19:05:46.428+0000] {logging_mixin.py:188} INFO - [2025-12-20T19:05:46.428+0000] {dag.py:3033} INFO - Sync 1 DAGs
[2025-12-20T19:05:46.462+0000] {logging_mixin.py:188} INFO - [2025-12-20T19:05:46.462+0000] {dag.py:3820} INFO - Setting next_dagrun for warehouse_delivery_refresh to 2025-12-20T03:00:00+00:00, run_after=2025-12-21T03:00:00+00:00
[2025-12-20T19:05:46.481+0000] {processor.py:183} INFO - Processing /opt/airflow/dags/warehouse_delivery_dag.py took 0.164 seconds
[2025-12-20T19:06:16.847+0000] {processor.py:161} INFO - Started process (PID=155) to work on /opt/airflow/dags/warehouse_delivery_dag.py
[2025-12-20T19:06:16.848+0000] {processor.py:830} INFO - Processing file /opt/airflow/dags/warehouse_delivery_dag.py for tasks to queue
[2025-12-20T19:06:16.849+0000] {logging_mixin.py:188} INFO - [2025-12-20T19:06:16.848+0000] {dagbag.py:538} INFO - Filling up the DagBag from /opt/airflow/dags/warehouse_delivery_dag.py
[2025-12-20T19:06:16.885+0000] {processor.py:840} INFO - DAG(s) 'warehouse_delivery_refresh' retrieved from /opt/airflow/dags/warehouse_delivery_dag.py
[2025-12-20T19:06:16.942+0000] {logging_mixin.py:188} INFO - [2025-12-20T19:06:16.941+0000] {dag.py:3033} INFO - Sync 1 DAGs
[2025-12-20T19:06:16.984+0000] {logging_mixin.py:188} INFO - [2025-12-20T19:06:16.984+0000] {dag.py:3820} INFO - Setting next_dagrun for warehouse_delivery_refresh to 2025-12-20T03:00:00+00:00, run_after=2025-12-21T03:00:00+00:00
[2025-12-20T19:06:17.006+0000] {processor.py:183} INFO - Processing /opt/airflow/dags/warehouse_delivery_dag.py took 0.167 seconds
[2025-12-20T19:06:31.182+0000] {processor.py:161} INFO - Started process (PID=164) to work on /opt/airflow/dags/warehouse_delivery_dag.py
[2025-12-20T19:06:31.186+0000] {processor.py:830} INFO - Processing file /opt/airflow/dags/warehouse_delivery_dag.py for tasks to queue
[2025-12-20T19:06:31.187+0000] {logging_mixin.py:188} INFO - [2025-12-20T19:06:31.187+0000] {dagbag.py:538} INFO - Filling up the DagBag from /opt/airflow/dags/warehouse_delivery_dag.py
[2025-12-20T19:06:31.220+0000] {processor.py:840} INFO - DAG(s) 'warehouse_delivery_refresh' retrieved from /opt/airflow/dags/warehouse_delivery_dag.py
[2025-12-20T19:06:31.277+0000] {logging_mixin.py:188} INFO - [2025-12-20T19:06:31.277+0000] {dag.py:3033} INFO - Sync 1 DAGs
[2025-12-20T19:06:31.318+0000] {logging_mixin.py:188} INFO - [2025-12-20T19:06:31.318+0000] {dag.py:3820} INFO - Setting next_dagrun for warehouse_delivery_refresh to 2025-12-20T03:00:00+00:00, run_after=2025-12-21T03:00:00+00:00
[2025-12-20T19:06:31.339+0000] {processor.py:183} INFO - Processing /opt/airflow/dags/warehouse_delivery_dag.py took 0.168 seconds
[2025-12-20T19:06:33.236+0000] {processor.py:161} INFO - Started process (PID=165) to work on /opt/airflow/dags/warehouse_delivery_dag.py
[2025-12-20T19:06:33.237+0000] {processor.py:830} INFO - Processing file /opt/airflow/dags/warehouse_delivery_dag.py for tasks to queue
[2025-12-20T19:06:33.238+0000] {logging_mixin.py:188} INFO - [2025-12-20T19:06:33.237+0000] {dagbag.py:538} INFO - Filling up the DagBag from /opt/airflow/dags/warehouse_delivery_dag.py
[2025-12-20T19:06:33.246+0000] {processor.py:840} INFO - DAG(s) 'warehouse_delivery_refresh' retrieved from /opt/airflow/dags/warehouse_delivery_dag.py
[2025-12-20T19:06:33.277+0000] {logging_mixin.py:188} INFO - [2025-12-20T19:06:33.276+0000] {dag.py:3033} INFO - Sync 1 DAGs
[2025-12-20T19:06:33.300+0000] {logging_mixin.py:188} INFO - [2025-12-20T19:06:33.300+0000] {dag.py:3820} INFO - Setting next_dagrun for warehouse_delivery_refresh to 2025-12-20T03:00:00+00:00, run_after=2025-12-21T03:00:00+00:00
[2025-12-20T19:06:33.325+0000] {processor.py:183} INFO - Processing /opt/airflow/dags/warehouse_delivery_dag.py took 0.092 seconds
[2025-12-20T19:06:43.340+0000] {processor.py:161} INFO - Started process (PID=166) to work on /opt/airflow/dags/warehouse_delivery_dag.py
[2025-12-20T19:06:43.342+0000] {processor.py:830} INFO - Processing file /opt/airflow/dags/warehouse_delivery_dag.py for tasks to queue
[2025-12-20T19:06:43.343+0000] {logging_mixin.py:188} INFO - [2025-12-20T19:06:43.343+0000] {dagbag.py:538} INFO - Filling up the DagBag from /opt/airflow/dags/warehouse_delivery_dag.py
[2025-12-20T19:06:43.385+0000] {processor.py:840} INFO - DAG(s) 'warehouse_delivery_refresh' retrieved from /opt/airflow/dags/warehouse_delivery_dag.py
[2025-12-20T19:06:43.446+0000] {logging_mixin.py:188} INFO - [2025-12-20T19:06:43.446+0000] {dag.py:3033} INFO - Sync 1 DAGs
[2025-12-20T19:06:43.481+0000] {logging_mixin.py:188} INFO - [2025-12-20T19:06:43.480+0000] {dag.py:3820} INFO - Setting next_dagrun for warehouse_delivery_refresh to 2025-12-20T03:00:00+00:00, run_after=2025-12-21T03:00:00+00:00
[2025-12-20T19:06:43.503+0000] {processor.py:183} INFO - Processing /opt/airflow/dags/warehouse_delivery_dag.py took 0.169 seconds
[2025-12-20T19:06:50.629+0000] {processor.py:161} INFO - Started process (PID=169) to work on /opt/airflow/dags/warehouse_delivery_dag.py
[2025-12-20T19:06:50.630+0000] {processor.py:830} INFO - Processing file /opt/airflow/dags/warehouse_delivery_dag.py for tasks to queue
[2025-12-20T19:06:50.631+0000] {logging_mixin.py:188} INFO - [2025-12-20T19:06:50.631+0000] {dagbag.py:538} INFO - Filling up the DagBag from /opt/airflow/dags/warehouse_delivery_dag.py
[2025-12-20T19:06:50.654+0000] {processor.py:840} INFO - DAG(s) 'warehouse_delivery_refresh' retrieved from /opt/airflow/dags/warehouse_delivery_dag.py
[2025-12-20T19:06:50.691+0000] {logging_mixin.py:188} INFO - [2025-12-20T19:06:50.691+0000] {dag.py:3033} INFO - Sync 1 DAGs
[2025-12-20T19:06:50.715+0000] {logging_mixin.py:188} INFO - [2025-12-20T19:06:50.714+0000] {dag.py:3820} INFO - Setting next_dagrun for warehouse_delivery_refresh to 2025-12-20T03:00:00+00:00, run_after=2025-12-21T03:00:00+00:00
[2025-12-20T19:06:50.736+0000] {processor.py:183} INFO - Processing /opt/airflow/dags/warehouse_delivery_dag.py took 0.112 seconds
[2025-12-20T20:08:51.151+0000] {processor.py:161} INFO - Started process (PID=31) to work on /opt/airflow/dags/warehouse_delivery_dag.py
[2025-12-20T20:08:51.152+0000] {processor.py:830} INFO - Processing file /opt/airflow/dags/warehouse_delivery_dag.py for tasks to queue
[2025-12-20T20:08:51.153+0000] {logging_mixin.py:188} INFO - [2025-12-20T20:08:51.152+0000] {dagbag.py:538} INFO - Filling up the DagBag from /opt/airflow/dags/warehouse_delivery_dag.py
[2025-12-20T20:08:51.290+0000] {processor.py:840} INFO - DAG(s) 'warehouse_delivery_refresh' retrieved from /opt/airflow/dags/warehouse_delivery_dag.py
[2025-12-20T20:08:51.401+0000] {logging_mixin.py:188} INFO - [2025-12-20T20:08:51.399+0000] {dag.py:3033} INFO - Sync 1 DAGs
[2025-12-20T20:08:51.547+0000] {logging_mixin.py:188} INFO - [2025-12-20T20:08:51.546+0000] {dag.py:3820} INFO - Setting next_dagrun for warehouse_delivery_refresh to 2025-12-20T03:00:00+00:00, run_after=2025-12-21T03:00:00+00:00
[2025-12-20T20:08:51.574+0000] {processor.py:183} INFO - Processing /opt/airflow/dags/warehouse_delivery_dag.py took 0.427 seconds
[2025-12-20T20:09:22.095+0000] {processor.py:161} INFO - Started process (PID=42) to work on /opt/airflow/dags/warehouse_delivery_dag.py
[2025-12-20T20:09:22.097+0000] {processor.py:830} INFO - Processing file /opt/airflow/dags/warehouse_delivery_dag.py for tasks to queue
[2025-12-20T20:09:22.098+0000] {logging_mixin.py:188} INFO - [2025-12-20T20:09:22.098+0000] {dagbag.py:538} INFO - Filling up the DagBag from /opt/airflow/dags/warehouse_delivery_dag.py
[2025-12-20T20:09:22.140+0000] {processor.py:840} INFO - DAG(s) 'warehouse_delivery_refresh' retrieved from /opt/airflow/dags/warehouse_delivery_dag.py
[2025-12-20T20:09:22.463+0000] {logging_mixin.py:188} INFO - [2025-12-20T20:09:22.463+0000] {dag.py:3033} INFO - Sync 1 DAGs
[2025-12-20T20:09:22.501+0000] {logging_mixin.py:188} INFO - [2025-12-20T20:09:22.501+0000] {dag.py:3820} INFO - Setting next_dagrun for warehouse_delivery_refresh to 2025-12-20T03:00:00+00:00, run_after=2025-12-21T03:00:00+00:00
[2025-12-20T20:09:22.527+0000] {processor.py:183} INFO - Processing /opt/airflow/dags/warehouse_delivery_dag.py took 0.445 seconds
[2025-12-20T20:09:53.266+0000] {processor.py:161} INFO - Started process (PID=63) to work on /opt/airflow/dags/warehouse_delivery_dag.py
[2025-12-20T20:09:53.269+0000] {processor.py:830} INFO - Processing file /opt/airflow/dags/warehouse_delivery_dag.py for tasks to queue
[2025-12-20T20:09:53.270+0000] {logging_mixin.py:188} INFO - [2025-12-20T20:09:53.270+0000] {dagbag.py:538} INFO - Filling up the DagBag from /opt/airflow/dags/warehouse_delivery_dag.py
[2025-12-20T20:09:53.295+0000] {processor.py:840} INFO - DAG(s) 'warehouse_delivery_refresh' retrieved from /opt/airflow/dags/warehouse_delivery_dag.py
[2025-12-20T20:09:53.342+0000] {logging_mixin.py:188} INFO - [2025-12-20T20:09:53.342+0000] {dag.py:3033} INFO - Sync 1 DAGs
[2025-12-20T20:09:53.369+0000] {logging_mixin.py:188} INFO - [2025-12-20T20:09:53.369+0000] {dag.py:3820} INFO - Setting next_dagrun for warehouse_delivery_refresh to 2025-12-20T03:00:00+00:00, run_after=2025-12-21T03:00:00+00:00
[2025-12-20T20:09:53.400+0000] {processor.py:183} INFO - Processing /opt/airflow/dags/warehouse_delivery_dag.py took 0.138 seconds
[2025-12-20T20:10:23.662+0000] {processor.py:161} INFO - Started process (PID=73) to work on /opt/airflow/dags/warehouse_delivery_dag.py
[2025-12-20T20:10:23.664+0000] {processor.py:830} INFO - Processing file /opt/airflow/dags/warehouse_delivery_dag.py for tasks to queue
[2025-12-20T20:10:23.666+0000] {logging_mixin.py:188} INFO - [2025-12-20T20:10:23.666+0000] {dagbag.py:538} INFO - Filling up the DagBag from /opt/airflow/dags/warehouse_delivery_dag.py
[2025-12-20T20:10:23.708+0000] {processor.py:840} INFO - DAG(s) 'warehouse_delivery_refresh' retrieved from /opt/airflow/dags/warehouse_delivery_dag.py
[2025-12-20T20:10:23.767+0000] {logging_mixin.py:188} INFO - [2025-12-20T20:10:23.767+0000] {dag.py:3033} INFO - Sync 1 DAGs
[2025-12-20T20:10:23.800+0000] {logging_mixin.py:188} INFO - [2025-12-20T20:10:23.800+0000] {dag.py:3820} INFO - Setting next_dagrun for warehouse_delivery_refresh to 2025-12-20T03:00:00+00:00, run_after=2025-12-21T03:00:00+00:00
[2025-12-20T20:10:23.823+0000] {processor.py:183} INFO - Processing /opt/airflow/dags/warehouse_delivery_dag.py took 0.166 seconds
[2025-12-20T20:10:54.080+0000] {processor.py:161} INFO - Started process (PID=83) to work on /opt/airflow/dags/warehouse_delivery_dag.py
[2025-12-20T20:10:54.080+0000] {processor.py:830} INFO - Processing file /opt/airflow/dags/warehouse_delivery_dag.py for tasks to queue
[2025-12-20T20:10:54.081+0000] {logging_mixin.py:188} INFO - [2025-12-20T20:10:54.081+0000] {dagbag.py:538} INFO - Filling up the DagBag from /opt/airflow/dags/warehouse_delivery_dag.py
[2025-12-20T20:10:54.096+0000] {processor.py:840} INFO - DAG(s) 'warehouse_delivery_refresh' retrieved from /opt/airflow/dags/warehouse_delivery_dag.py
[2025-12-20T20:10:54.129+0000] {logging_mixin.py:188} INFO - [2025-12-20T20:10:54.129+0000] {dag.py:3033} INFO - Sync 1 DAGs
[2025-12-20T20:10:54.153+0000] {logging_mixin.py:188} INFO - [2025-12-20T20:10:54.153+0000] {dag.py:3820} INFO - Setting next_dagrun for warehouse_delivery_refresh to 2025-12-20T03:00:00+00:00, run_after=2025-12-21T03:00:00+00:00
[2025-12-20T20:10:54.166+0000] {processor.py:183} INFO - Processing /opt/airflow/dags/warehouse_delivery_dag.py took 0.088 seconds
[2025-12-20T20:11:24.414+0000] {processor.py:161} INFO - Started process (PID=93) to work on /opt/airflow/dags/warehouse_delivery_dag.py
[2025-12-20T20:11:24.417+0000] {processor.py:830} INFO - Processing file /opt/airflow/dags/warehouse_delivery_dag.py for tasks to queue
[2025-12-20T20:11:24.419+0000] {logging_mixin.py:188} INFO - [2025-12-20T20:11:24.418+0000] {dagbag.py:538} INFO - Filling up the DagBag from /opt/airflow/dags/warehouse_delivery_dag.py
[2025-12-20T20:11:24.444+0000] {processor.py:840} INFO - DAG(s) 'warehouse_delivery_refresh' retrieved from /opt/airflow/dags/warehouse_delivery_dag.py
[2025-12-20T20:11:24.483+0000] {logging_mixin.py:188} INFO - [2025-12-20T20:11:24.483+0000] {dag.py:3033} INFO - Sync 1 DAGs
[2025-12-20T20:11:24.509+0000] {logging_mixin.py:188} INFO - [2025-12-20T20:11:24.508+0000] {dag.py:3820} INFO - Setting next_dagrun for warehouse_delivery_refresh to 2025-12-20T03:00:00+00:00, run_after=2025-12-21T03:00:00+00:00
[2025-12-20T20:11:24.526+0000] {processor.py:183} INFO - Processing /opt/airflow/dags/warehouse_delivery_dag.py took 0.118 seconds
[2025-12-20T20:11:55.207+0000] {processor.py:161} INFO - Started process (PID=103) to work on /opt/airflow/dags/warehouse_delivery_dag.py
[2025-12-20T20:11:55.207+0000] {processor.py:830} INFO - Processing file /opt/airflow/dags/warehouse_delivery_dag.py for tasks to queue
[2025-12-20T20:11:55.208+0000] {logging_mixin.py:188} INFO - [2025-12-20T20:11:55.208+0000] {dagbag.py:538} INFO - Filling up the DagBag from /opt/airflow/dags/warehouse_delivery_dag.py
[2025-12-20T20:11:55.227+0000] {processor.py:840} INFO - DAG(s) 'warehouse_delivery_refresh' retrieved from /opt/airflow/dags/warehouse_delivery_dag.py
[2025-12-20T20:11:55.271+0000] {logging_mixin.py:188} INFO - [2025-12-20T20:11:55.271+0000] {dag.py:3033} INFO - Sync 1 DAGs
[2025-12-20T20:11:55.293+0000] {logging_mixin.py:188} INFO - [2025-12-20T20:11:55.292+0000] {dag.py:3820} INFO - Setting next_dagrun for warehouse_delivery_refresh to 2025-12-20T03:00:00+00:00, run_after=2025-12-21T03:00:00+00:00
[2025-12-20T20:11:55.312+0000] {processor.py:183} INFO - Processing /opt/airflow/dags/warehouse_delivery_dag.py took 0.108 seconds
[2025-12-20T20:12:25.764+0000] {processor.py:161} INFO - Started process (PID=125) to work on /opt/airflow/dags/warehouse_delivery_dag.py
[2025-12-20T20:12:25.765+0000] {processor.py:830} INFO - Processing file /opt/airflow/dags/warehouse_delivery_dag.py for tasks to queue
[2025-12-20T20:12:25.766+0000] {logging_mixin.py:188} INFO - [2025-12-20T20:12:25.766+0000] {dagbag.py:538} INFO - Filling up the DagBag from /opt/airflow/dags/warehouse_delivery_dag.py
[2025-12-20T20:12:25.780+0000] {processor.py:840} INFO - DAG(s) 'warehouse_delivery_refresh' retrieved from /opt/airflow/dags/warehouse_delivery_dag.py
[2025-12-20T20:12:25.808+0000] {logging_mixin.py:188} INFO - [2025-12-20T20:12:25.807+0000] {dag.py:3033} INFO - Sync 1 DAGs
[2025-12-20T20:12:25.827+0000] {logging_mixin.py:188} INFO - [2025-12-20T20:12:25.827+0000] {dag.py:3820} INFO - Setting next_dagrun for warehouse_delivery_refresh to 2025-12-20T03:00:00+00:00, run_after=2025-12-21T03:00:00+00:00
[2025-12-20T20:12:25.841+0000] {processor.py:183} INFO - Processing /opt/airflow/dags/warehouse_delivery_dag.py took 0.078 seconds
[2025-12-20T20:12:56.199+0000] {processor.py:161} INFO - Started process (PID=135) to work on /opt/airflow/dags/warehouse_delivery_dag.py
[2025-12-20T20:12:56.202+0000] {processor.py:830} INFO - Processing file /opt/airflow/dags/warehouse_delivery_dag.py for tasks to queue
[2025-12-20T20:12:56.203+0000] {logging_mixin.py:188} INFO - [2025-12-20T20:12:56.203+0000] {dagbag.py:538} INFO - Filling up the DagBag from /opt/airflow/dags/warehouse_delivery_dag.py
[2025-12-20T20:12:56.243+0000] {processor.py:840} INFO - DAG(s) 'warehouse_delivery_refresh' retrieved from /opt/airflow/dags/warehouse_delivery_dag.py
[2025-12-20T20:12:56.299+0000] {logging_mixin.py:188} INFO - [2025-12-20T20:12:56.299+0000] {dag.py:3033} INFO - Sync 1 DAGs
[2025-12-20T20:12:56.331+0000] {logging_mixin.py:188} INFO - [2025-12-20T20:12:56.331+0000] {dag.py:3820} INFO - Setting next_dagrun for warehouse_delivery_refresh to 2025-12-20T03:00:00+00:00, run_after=2025-12-21T03:00:00+00:00
[2025-12-20T20:12:56.354+0000] {processor.py:183} INFO - Processing /opt/airflow/dags/warehouse_delivery_dag.py took 0.166 seconds
[2025-12-20T20:13:26.722+0000] {processor.py:161} INFO - Started process (PID=138) to work on /opt/airflow/dags/warehouse_delivery_dag.py
[2025-12-20T20:13:26.724+0000] {processor.py:830} INFO - Processing file /opt/airflow/dags/warehouse_delivery_dag.py for tasks to queue
[2025-12-20T20:13:26.725+0000] {logging_mixin.py:188} INFO - [2025-12-20T20:13:26.725+0000] {dagbag.py:538} INFO - Filling up the DagBag from /opt/airflow/dags/warehouse_delivery_dag.py
[2025-12-20T20:13:26.773+0000] {processor.py:840} INFO - DAG(s) 'warehouse_delivery_refresh' retrieved from /opt/airflow/dags/warehouse_delivery_dag.py
[2025-12-20T20:13:26.824+0000] {logging_mixin.py:188} INFO - [2025-12-20T20:13:26.824+0000] {dag.py:3033} INFO - Sync 1 DAGs
[2025-12-20T20:13:26.852+0000] {logging_mixin.py:188} INFO - [2025-12-20T20:13:26.852+0000] {dag.py:3820} INFO - Setting next_dagrun for warehouse_delivery_refresh to 2025-12-20T03:00:00+00:00, run_after=2025-12-21T03:00:00+00:00
[2025-12-20T20:13:26.869+0000] {processor.py:183} INFO - Processing /opt/airflow/dags/warehouse_delivery_dag.py took 0.151 seconds
[2025-12-20T20:13:57.331+0000] {processor.py:161} INFO - Started process (PID=148) to work on /opt/airflow/dags/warehouse_delivery_dag.py
[2025-12-20T20:13:57.332+0000] {processor.py:830} INFO - Processing file /opt/airflow/dags/warehouse_delivery_dag.py for tasks to queue
[2025-12-20T20:13:57.333+0000] {logging_mixin.py:188} INFO - [2025-12-20T20:13:57.333+0000] {dagbag.py:538} INFO - Filling up the DagBag from /opt/airflow/dags/warehouse_delivery_dag.py
[2025-12-20T20:13:57.359+0000] {processor.py:840} INFO - DAG(s) 'warehouse_delivery_refresh' retrieved from /opt/airflow/dags/warehouse_delivery_dag.py
[2025-12-20T20:13:57.421+0000] {logging_mixin.py:188} INFO - [2025-12-20T20:13:57.421+0000] {dag.py:3033} INFO - Sync 1 DAGs
[2025-12-20T20:13:57.464+0000] {logging_mixin.py:188} INFO - [2025-12-20T20:13:57.464+0000] {dag.py:3820} INFO - Setting next_dagrun for warehouse_delivery_refresh to 2025-12-20T03:00:00+00:00, run_after=2025-12-21T03:00:00+00:00
[2025-12-20T20:13:57.480+0000] {processor.py:183} INFO - Processing /opt/airflow/dags/warehouse_delivery_dag.py took 0.153 seconds
[2025-12-20T20:14:27.841+0000] {processor.py:161} INFO - Started process (PID=157) to work on /opt/airflow/dags/warehouse_delivery_dag.py
[2025-12-20T20:14:27.843+0000] {processor.py:830} INFO - Processing file /opt/airflow/dags/warehouse_delivery_dag.py for tasks to queue
[2025-12-20T20:14:27.844+0000] {logging_mixin.py:188} INFO - [2025-12-20T20:14:27.844+0000] {dagbag.py:538} INFO - Filling up the DagBag from /opt/airflow/dags/warehouse_delivery_dag.py
[2025-12-20T20:14:27.867+0000] {processor.py:840} INFO - DAG(s) 'warehouse_delivery_refresh' retrieved from /opt/airflow/dags/warehouse_delivery_dag.py
[2025-12-20T20:14:27.914+0000] {logging_mixin.py:188} INFO - [2025-12-20T20:14:27.914+0000] {dag.py:3033} INFO - Sync 1 DAGs
[2025-12-20T20:14:27.938+0000] {logging_mixin.py:188} INFO - [2025-12-20T20:14:27.938+0000] {dag.py:3820} INFO - Setting next_dagrun for warehouse_delivery_refresh to 2025-12-20T03:00:00+00:00, run_after=2025-12-21T03:00:00+00:00
[2025-12-20T20:14:27.955+0000] {processor.py:183} INFO - Processing /opt/airflow/dags/warehouse_delivery_dag.py took 0.124 seconds
[2025-12-20T20:14:58.346+0000] {processor.py:161} INFO - Started process (PID=167) to work on /opt/airflow/dags/warehouse_delivery_dag.py
[2025-12-20T20:14:58.348+0000] {processor.py:830} INFO - Processing file /opt/airflow/dags/warehouse_delivery_dag.py for tasks to queue
[2025-12-20T20:14:58.349+0000] {logging_mixin.py:188} INFO - [2025-12-20T20:14:58.349+0000] {dagbag.py:538} INFO - Filling up the DagBag from /opt/airflow/dags/warehouse_delivery_dag.py
[2025-12-20T20:14:58.379+0000] {processor.py:840} INFO - DAG(s) 'warehouse_delivery_refresh' retrieved from /opt/airflow/dags/warehouse_delivery_dag.py
[2025-12-20T20:14:58.436+0000] {logging_mixin.py:188} INFO - [2025-12-20T20:14:58.435+0000] {dag.py:3033} INFO - Sync 1 DAGs
[2025-12-20T20:14:58.461+0000] {logging_mixin.py:188} INFO - [2025-12-20T20:14:58.461+0000] {dag.py:3820} INFO - Setting next_dagrun for warehouse_delivery_refresh to 2025-12-20T03:00:00+00:00, run_after=2025-12-21T03:00:00+00:00
[2025-12-20T20:14:58.478+0000] {processor.py:183} INFO - Processing /opt/airflow/dags/warehouse_delivery_dag.py took 0.144 seconds
[2025-12-20T20:15:28.869+0000] {processor.py:161} INFO - Started process (PID=177) to work on /opt/airflow/dags/warehouse_delivery_dag.py
[2025-12-20T20:15:28.874+0000] {processor.py:830} INFO - Processing file /opt/airflow/dags/warehouse_delivery_dag.py for tasks to queue
[2025-12-20T20:15:28.881+0000] {logging_mixin.py:188} INFO - [2025-12-20T20:15:28.878+0000] {dagbag.py:538} INFO - Filling up the DagBag from /opt/airflow/dags/warehouse_delivery_dag.py
[2025-12-20T20:15:28.910+0000] {processor.py:840} INFO - DAG(s) 'warehouse_delivery_refresh' retrieved from /opt/airflow/dags/warehouse_delivery_dag.py
[2025-12-20T20:15:28.956+0000] {logging_mixin.py:188} INFO - [2025-12-20T20:15:28.955+0000] {dag.py:3033} INFO - Sync 1 DAGs
[2025-12-20T20:15:28.983+0000] {logging_mixin.py:188} INFO - [2025-12-20T20:15:28.982+0000] {dag.py:3820} INFO - Setting next_dagrun for warehouse_delivery_refresh to 2025-12-20T03:00:00+00:00, run_after=2025-12-21T03:00:00+00:00
[2025-12-20T20:15:29.008+0000] {processor.py:183} INFO - Processing /opt/airflow/dags/warehouse_delivery_dag.py took 0.148 seconds
[2025-12-20T20:15:59.505+0000] {processor.py:161} INFO - Started process (PID=187) to work on /opt/airflow/dags/warehouse_delivery_dag.py
[2025-12-20T20:15:59.507+0000] {processor.py:830} INFO - Processing file /opt/airflow/dags/warehouse_delivery_dag.py for tasks to queue
[2025-12-20T20:15:59.509+0000] {logging_mixin.py:188} INFO - [2025-12-20T20:15:59.508+0000] {dagbag.py:538} INFO - Filling up the DagBag from /opt/airflow/dags/warehouse_delivery_dag.py
[2025-12-20T20:15:59.547+0000] {processor.py:840} INFO - DAG(s) 'warehouse_delivery_refresh' retrieved from /opt/airflow/dags/warehouse_delivery_dag.py
[2025-12-20T20:15:59.597+0000] {logging_mixin.py:188} INFO - [2025-12-20T20:15:59.597+0000] {dag.py:3033} INFO - Sync 1 DAGs
[2025-12-20T20:15:59.622+0000] {logging_mixin.py:188} INFO - [2025-12-20T20:15:59.622+0000] {dag.py:3820} INFO - Setting next_dagrun for warehouse_delivery_refresh to 2025-12-20T03:00:00+00:00, run_after=2025-12-21T03:00:00+00:00
[2025-12-20T20:15:59.641+0000] {processor.py:183} INFO - Processing /opt/airflow/dags/warehouse_delivery_dag.py took 0.149 seconds
[2025-12-20T20:16:30.165+0000] {processor.py:161} INFO - Started process (PID=199) to work on /opt/airflow/dags/warehouse_delivery_dag.py
[2025-12-20T20:16:30.167+0000] {processor.py:830} INFO - Processing file /opt/airflow/dags/warehouse_delivery_dag.py for tasks to queue
[2025-12-20T20:16:30.169+0000] {logging_mixin.py:188} INFO - [2025-12-20T20:16:30.168+0000] {dagbag.py:538} INFO - Filling up the DagBag from /opt/airflow/dags/warehouse_delivery_dag.py
[2025-12-20T20:16:30.207+0000] {processor.py:840} INFO - DAG(s) 'warehouse_delivery_refresh' retrieved from /opt/airflow/dags/warehouse_delivery_dag.py
[2025-12-20T20:16:30.261+0000] {logging_mixin.py:188} INFO - [2025-12-20T20:16:30.261+0000] {dag.py:3033} INFO - Sync 1 DAGs
[2025-12-20T20:16:30.292+0000] {logging_mixin.py:188} INFO - [2025-12-20T20:16:30.292+0000] {dag.py:3820} INFO - Setting next_dagrun for warehouse_delivery_refresh to 2025-12-20T03:00:00+00:00, run_after=2025-12-21T03:00:00+00:00
[2025-12-20T20:16:30.307+0000] {processor.py:183} INFO - Processing /opt/airflow/dags/warehouse_delivery_dag.py took 0.156 seconds
[2025-12-20T20:17:00.588+0000] {processor.py:161} INFO - Started process (PID=209) to work on /opt/airflow/dags/warehouse_delivery_dag.py
[2025-12-20T20:17:00.591+0000] {processor.py:830} INFO - Processing file /opt/airflow/dags/warehouse_delivery_dag.py for tasks to queue
[2025-12-20T20:17:00.593+0000] {logging_mixin.py:188} INFO - [2025-12-20T20:17:00.592+0000] {dagbag.py:538} INFO - Filling up the DagBag from /opt/airflow/dags/warehouse_delivery_dag.py
[2025-12-20T20:17:00.619+0000] {processor.py:840} INFO - DAG(s) 'warehouse_delivery_refresh' retrieved from /opt/airflow/dags/warehouse_delivery_dag.py
[2025-12-20T20:17:00.664+0000] {logging_mixin.py:188} INFO - [2025-12-20T20:17:00.664+0000] {dag.py:3033} INFO - Sync 1 DAGs
[2025-12-20T20:17:00.697+0000] {logging_mixin.py:188} INFO - [2025-12-20T20:17:00.697+0000] {dag.py:3820} INFO - Setting next_dagrun for warehouse_delivery_refresh to 2025-12-20T03:00:00+00:00, run_after=2025-12-21T03:00:00+00:00
[2025-12-20T20:17:00.722+0000] {processor.py:183} INFO - Processing /opt/airflow/dags/warehouse_delivery_dag.py took 0.142 seconds
[2025-12-20T20:17:31.042+0000] {processor.py:161} INFO - Started process (PID=219) to work on /opt/airflow/dags/warehouse_delivery_dag.py
[2025-12-20T20:17:31.043+0000] {processor.py:830} INFO - Processing file /opt/airflow/dags/warehouse_delivery_dag.py for tasks to queue
[2025-12-20T20:17:31.044+0000] {logging_mixin.py:188} INFO - [2025-12-20T20:17:31.044+0000] {dagbag.py:538} INFO - Filling up the DagBag from /opt/airflow/dags/warehouse_delivery_dag.py
[2025-12-20T20:17:31.066+0000] {processor.py:840} INFO - DAG(s) 'warehouse_delivery_refresh' retrieved from /opt/airflow/dags/warehouse_delivery_dag.py
[2025-12-20T20:17:31.099+0000] {logging_mixin.py:188} INFO - [2025-12-20T20:17:31.098+0000] {dag.py:3033} INFO - Sync 1 DAGs
[2025-12-20T20:17:31.124+0000] {logging_mixin.py:188} INFO - [2025-12-20T20:17:31.124+0000] {dag.py:3820} INFO - Setting next_dagrun for warehouse_delivery_refresh to 2025-12-20T03:00:00+00:00, run_after=2025-12-21T03:00:00+00:00
[2025-12-20T20:17:31.142+0000] {processor.py:183} INFO - Processing /opt/airflow/dags/warehouse_delivery_dag.py took 0.107 seconds
[2025-12-20T20:18:01.565+0000] {processor.py:161} INFO - Started process (PID=231) to work on /opt/airflow/dags/warehouse_delivery_dag.py
[2025-12-20T20:18:01.567+0000] {processor.py:830} INFO - Processing file /opt/airflow/dags/warehouse_delivery_dag.py for tasks to queue
[2025-12-20T20:18:01.570+0000] {logging_mixin.py:188} INFO - [2025-12-20T20:18:01.569+0000] {dagbag.py:538} INFO - Filling up the DagBag from /opt/airflow/dags/warehouse_delivery_dag.py
[2025-12-20T20:18:01.621+0000] {processor.py:840} INFO - DAG(s) 'warehouse_delivery_refresh' retrieved from /opt/airflow/dags/warehouse_delivery_dag.py
[2025-12-20T20:18:01.698+0000] {logging_mixin.py:188} INFO - [2025-12-20T20:18:01.698+0000] {dag.py:3033} INFO - Sync 1 DAGs
[2025-12-20T20:18:01.744+0000] {logging_mixin.py:188} INFO - [2025-12-20T20:18:01.744+0000] {dag.py:3820} INFO - Setting next_dagrun for warehouse_delivery_refresh to 2025-12-20T03:00:00+00:00, run_after=2025-12-21T03:00:00+00:00
[2025-12-20T20:18:01.764+0000] {processor.py:183} INFO - Processing /opt/airflow/dags/warehouse_delivery_dag.py took 0.216 seconds
[2025-12-20T20:18:32.097+0000] {processor.py:161} INFO - Started process (PID=241) to work on /opt/airflow/dags/warehouse_delivery_dag.py
[2025-12-20T20:18:32.099+0000] {processor.py:830} INFO - Processing file /opt/airflow/dags/warehouse_delivery_dag.py for tasks to queue
[2025-12-20T20:18:32.100+0000] {logging_mixin.py:188} INFO - [2025-12-20T20:18:32.100+0000] {dagbag.py:538} INFO - Filling up the DagBag from /opt/airflow/dags/warehouse_delivery_dag.py
[2025-12-20T20:18:32.123+0000] {processor.py:840} INFO - DAG(s) 'warehouse_delivery_refresh' retrieved from /opt/airflow/dags/warehouse_delivery_dag.py
[2025-12-20T20:18:32.155+0000] {logging_mixin.py:188} INFO - [2025-12-20T20:18:32.155+0000] {dag.py:3033} INFO - Sync 1 DAGs
[2025-12-20T20:18:32.188+0000] {logging_mixin.py:188} INFO - [2025-12-20T20:18:32.188+0000] {dag.py:3820} INFO - Setting next_dagrun for warehouse_delivery_refresh to 2025-12-20T03:00:00+00:00, run_after=2025-12-21T03:00:00+00:00
[2025-12-20T20:18:32.201+0000] {processor.py:183} INFO - Processing /opt/airflow/dags/warehouse_delivery_dag.py took 0.127 seconds
[2025-12-20T20:19:02.773+0000] {processor.py:161} INFO - Started process (PID=263) to work on /opt/airflow/dags/warehouse_delivery_dag.py
[2025-12-20T20:19:02.776+0000] {processor.py:830} INFO - Processing file /opt/airflow/dags/warehouse_delivery_dag.py for tasks to queue
[2025-12-20T20:19:02.777+0000] {logging_mixin.py:188} INFO - [2025-12-20T20:19:02.777+0000] {dagbag.py:538} INFO - Filling up the DagBag from /opt/airflow/dags/warehouse_delivery_dag.py
[2025-12-20T20:19:02.809+0000] {processor.py:840} INFO - DAG(s) 'warehouse_delivery_refresh' retrieved from /opt/airflow/dags/warehouse_delivery_dag.py
[2025-12-20T20:19:02.964+0000] {logging_mixin.py:188} INFO - [2025-12-20T20:19:02.964+0000] {dag.py:3033} INFO - Sync 1 DAGs
[2025-12-20T20:19:02.985+0000] {logging_mixin.py:188} INFO - [2025-12-20T20:19:02.984+0000] {dag.py:3820} INFO - Setting next_dagrun for warehouse_delivery_refresh to 2025-12-20T03:00:00+00:00, run_after=2025-12-21T03:00:00+00:00
[2025-12-20T20:19:02.999+0000] {processor.py:183} INFO - Processing /opt/airflow/dags/warehouse_delivery_dag.py took 0.236 seconds
[2025-12-20T20:19:33.278+0000] {processor.py:161} INFO - Started process (PID=273) to work on /opt/airflow/dags/warehouse_delivery_dag.py
[2025-12-20T20:19:33.282+0000] {processor.py:830} INFO - Processing file /opt/airflow/dags/warehouse_delivery_dag.py for tasks to queue
[2025-12-20T20:19:33.285+0000] {logging_mixin.py:188} INFO - [2025-12-20T20:19:33.283+0000] {dagbag.py:538} INFO - Filling up the DagBag from /opt/airflow/dags/warehouse_delivery_dag.py
[2025-12-20T20:19:33.303+0000] {processor.py:840} INFO - DAG(s) 'warehouse_delivery_refresh' retrieved from /opt/airflow/dags/warehouse_delivery_dag.py
[2025-12-20T20:19:33.323+0000] {logging_mixin.py:188} INFO - [2025-12-20T20:19:33.323+0000] {dag.py:3033} INFO - Sync 1 DAGs
[2025-12-20T20:19:33.342+0000] {logging_mixin.py:188} INFO - [2025-12-20T20:19:33.341+0000] {dag.py:3820} INFO - Setting next_dagrun for warehouse_delivery_refresh to 2025-12-20T03:00:00+00:00, run_after=2025-12-21T03:00:00+00:00
[2025-12-20T20:19:33.354+0000] {processor.py:183} INFO - Processing /opt/airflow/dags/warehouse_delivery_dag.py took 0.083 seconds
[2025-12-20T20:20:03.664+0000] {processor.py:161} INFO - Started process (PID=283) to work on /opt/airflow/dags/warehouse_delivery_dag.py
[2025-12-20T20:20:03.667+0000] {processor.py:830} INFO - Processing file /opt/airflow/dags/warehouse_delivery_dag.py for tasks to queue
[2025-12-20T20:20:03.670+0000] {logging_mixin.py:188} INFO - [2025-12-20T20:20:03.669+0000] {dagbag.py:538} INFO - Filling up the DagBag from /opt/airflow/dags/warehouse_delivery_dag.py
[2025-12-20T20:20:03.686+0000] {processor.py:840} INFO - DAG(s) 'warehouse_delivery_refresh' retrieved from /opt/airflow/dags/warehouse_delivery_dag.py
[2025-12-20T20:20:03.714+0000] {logging_mixin.py:188} INFO - [2025-12-20T20:20:03.714+0000] {dag.py:3033} INFO - Sync 1 DAGs
[2025-12-20T20:20:03.732+0000] {logging_mixin.py:188} INFO - [2025-12-20T20:20:03.732+0000] {dag.py:3820} INFO - Setting next_dagrun for warehouse_delivery_refresh to 2025-12-20T03:00:00+00:00, run_after=2025-12-21T03:00:00+00:00
[2025-12-20T20:20:03.743+0000] {processor.py:183} INFO - Processing /opt/airflow/dags/warehouse_delivery_dag.py took 0.086 seconds
[2025-12-20T20:20:34.072+0000] {processor.py:161} INFO - Started process (PID=293) to work on /opt/airflow/dags/warehouse_delivery_dag.py
[2025-12-20T20:20:34.074+0000] {processor.py:830} INFO - Processing file /opt/airflow/dags/warehouse_delivery_dag.py for tasks to queue
[2025-12-20T20:20:34.075+0000] {logging_mixin.py:188} INFO - [2025-12-20T20:20:34.075+0000] {dagbag.py:538} INFO - Filling up the DagBag from /opt/airflow/dags/warehouse_delivery_dag.py
[2025-12-20T20:20:34.092+0000] {processor.py:840} INFO - DAG(s) 'warehouse_delivery_refresh' retrieved from /opt/airflow/dags/warehouse_delivery_dag.py
[2025-12-20T20:20:34.116+0000] {logging_mixin.py:188} INFO - [2025-12-20T20:20:34.116+0000] {dag.py:3033} INFO - Sync 1 DAGs
[2025-12-20T20:20:34.132+0000] {logging_mixin.py:188} INFO - [2025-12-20T20:20:34.132+0000] {dag.py:3820} INFO - Setting next_dagrun for warehouse_delivery_refresh to 2025-12-20T03:00:00+00:00, run_after=2025-12-21T03:00:00+00:00
[2025-12-20T20:20:34.143+0000] {processor.py:183} INFO - Processing /opt/airflow/dags/warehouse_delivery_dag.py took 0.078 seconds
[2025-12-20T20:21:04.500+0000] {processor.py:161} INFO - Started process (PID=303) to work on /opt/airflow/dags/warehouse_delivery_dag.py
[2025-12-20T20:21:04.503+0000] {processor.py:830} INFO - Processing file /opt/airflow/dags/warehouse_delivery_dag.py for tasks to queue
[2025-12-20T20:21:04.505+0000] {logging_mixin.py:188} INFO - [2025-12-20T20:21:04.504+0000] {dagbag.py:538} INFO - Filling up the DagBag from /opt/airflow/dags/warehouse_delivery_dag.py
[2025-12-20T20:21:04.549+0000] {processor.py:840} INFO - DAG(s) 'warehouse_delivery_refresh' retrieved from /opt/airflow/dags/warehouse_delivery_dag.py
[2025-12-20T20:21:04.624+0000] {logging_mixin.py:188} INFO - [2025-12-20T20:21:04.624+0000] {dag.py:3033} INFO - Sync 1 DAGs
[2025-12-20T20:21:04.653+0000] {logging_mixin.py:188} INFO - [2025-12-20T20:21:04.653+0000] {dag.py:3820} INFO - Setting next_dagrun for warehouse_delivery_refresh to 2025-12-20T03:00:00+00:00, run_after=2025-12-21T03:00:00+00:00
[2025-12-20T20:21:04.671+0000] {processor.py:183} INFO - Processing /opt/airflow/dags/warehouse_delivery_dag.py took 0.184 seconds
[2025-12-20T20:21:34.924+0000] {processor.py:161} INFO - Started process (PID=325) to work on /opt/airflow/dags/warehouse_delivery_dag.py
[2025-12-20T20:21:34.926+0000] {processor.py:830} INFO - Processing file /opt/airflow/dags/warehouse_delivery_dag.py for tasks to queue
[2025-12-20T20:21:34.927+0000] {logging_mixin.py:188} INFO - [2025-12-20T20:21:34.926+0000] {dagbag.py:538} INFO - Filling up the DagBag from /opt/airflow/dags/warehouse_delivery_dag.py
[2025-12-20T20:21:34.942+0000] {processor.py:840} INFO - DAG(s) 'warehouse_delivery_refresh' retrieved from /opt/airflow/dags/warehouse_delivery_dag.py
[2025-12-20T20:21:34.973+0000] {logging_mixin.py:188} INFO - [2025-12-20T20:21:34.973+0000] {dag.py:3033} INFO - Sync 1 DAGs
[2025-12-20T20:21:34.990+0000] {logging_mixin.py:188} INFO - [2025-12-20T20:21:34.990+0000] {dag.py:3820} INFO - Setting next_dagrun for warehouse_delivery_refresh to 2025-12-20T03:00:00+00:00, run_after=2025-12-21T03:00:00+00:00
[2025-12-20T20:21:35.005+0000] {processor.py:183} INFO - Processing /opt/airflow/dags/warehouse_delivery_dag.py took 0.090 seconds
[2025-12-20T20:22:05.501+0000] {processor.py:161} INFO - Started process (PID=334) to work on /opt/airflow/dags/warehouse_delivery_dag.py
[2025-12-20T20:22:05.503+0000] {processor.py:830} INFO - Processing file /opt/airflow/dags/warehouse_delivery_dag.py for tasks to queue
[2025-12-20T20:22:05.507+0000] {logging_mixin.py:188} INFO - [2025-12-20T20:22:05.506+0000] {dagbag.py:538} INFO - Filling up the DagBag from /opt/airflow/dags/warehouse_delivery_dag.py
[2025-12-20T20:22:05.546+0000] {processor.py:840} INFO - DAG(s) 'warehouse_delivery_refresh' retrieved from /opt/airflow/dags/warehouse_delivery_dag.py
[2025-12-20T20:22:05.602+0000] {logging_mixin.py:188} INFO - [2025-12-20T20:22:05.602+0000] {dag.py:3033} INFO - Sync 1 DAGs
[2025-12-20T20:22:05.627+0000] {logging_mixin.py:188} INFO - [2025-12-20T20:22:05.627+0000] {dag.py:3820} INFO - Setting next_dagrun for warehouse_delivery_refresh to 2025-12-20T03:00:00+00:00, run_after=2025-12-21T03:00:00+00:00
[2025-12-20T20:22:05.650+0000] {processor.py:183} INFO - Processing /opt/airflow/dags/warehouse_delivery_dag.py took 0.160 seconds
[2025-12-20T20:22:35.934+0000] {processor.py:161} INFO - Started process (PID=344) to work on /opt/airflow/dags/warehouse_delivery_dag.py
[2025-12-20T20:22:35.936+0000] {processor.py:830} INFO - Processing file /opt/airflow/dags/warehouse_delivery_dag.py for tasks to queue
[2025-12-20T20:22:35.938+0000] {logging_mixin.py:188} INFO - [2025-12-20T20:22:35.937+0000] {dagbag.py:538} INFO - Filling up the DagBag from /opt/airflow/dags/warehouse_delivery_dag.py
[2025-12-20T20:22:35.976+0000] {processor.py:840} INFO - DAG(s) 'warehouse_delivery_refresh' retrieved from /opt/airflow/dags/warehouse_delivery_dag.py
[2025-12-20T20:22:36.040+0000] {logging_mixin.py:188} INFO - [2025-12-20T20:22:36.039+0000] {dag.py:3033} INFO - Sync 1 DAGs
[2025-12-20T20:22:36.069+0000] {logging_mixin.py:188} INFO - [2025-12-20T20:22:36.069+0000] {dag.py:3820} INFO - Setting next_dagrun for warehouse_delivery_refresh to 2025-12-20T03:00:00+00:00, run_after=2025-12-21T03:00:00+00:00
[2025-12-20T20:22:36.083+0000] {processor.py:183} INFO - Processing /opt/airflow/dags/warehouse_delivery_dag.py took 0.162 seconds
[2025-12-20T20:23:06.486+0000] {processor.py:161} INFO - Started process (PID=354) to work on /opt/airflow/dags/warehouse_delivery_dag.py
[2025-12-20T20:23:06.489+0000] {processor.py:830} INFO - Processing file /opt/airflow/dags/warehouse_delivery_dag.py for tasks to queue
[2025-12-20T20:23:06.491+0000] {logging_mixin.py:188} INFO - [2025-12-20T20:23:06.490+0000] {dagbag.py:538} INFO - Filling up the DagBag from /opt/airflow/dags/warehouse_delivery_dag.py
[2025-12-20T20:23:06.531+0000] {processor.py:840} INFO - DAG(s) 'warehouse_delivery_refresh' retrieved from /opt/airflow/dags/warehouse_delivery_dag.py
[2025-12-20T20:23:06.594+0000] {logging_mixin.py:188} INFO - [2025-12-20T20:23:06.594+0000] {dag.py:3033} INFO - Sync 1 DAGs
[2025-12-20T20:23:06.630+0000] {logging_mixin.py:188} INFO - [2025-12-20T20:23:06.629+0000] {dag.py:3820} INFO - Setting next_dagrun for warehouse_delivery_refresh to 2025-12-20T03:00:00+00:00, run_after=2025-12-21T03:00:00+00:00
[2025-12-20T20:23:06.645+0000] {processor.py:183} INFO - Processing /opt/airflow/dags/warehouse_delivery_dag.py took 0.177 seconds
[2025-12-20T20:23:37.036+0000] {processor.py:161} INFO - Started process (PID=365) to work on /opt/airflow/dags/warehouse_delivery_dag.py
[2025-12-20T20:23:37.038+0000] {processor.py:830} INFO - Processing file /opt/airflow/dags/warehouse_delivery_dag.py for tasks to queue
[2025-12-20T20:23:37.039+0000] {logging_mixin.py:188} INFO - [2025-12-20T20:23:37.039+0000] {dagbag.py:538} INFO - Filling up the DagBag from /opt/airflow/dags/warehouse_delivery_dag.py
[2025-12-20T20:23:37.075+0000] {processor.py:840} INFO - DAG(s) 'warehouse_delivery_refresh' retrieved from /opt/airflow/dags/warehouse_delivery_dag.py
[2025-12-20T20:23:37.132+0000] {logging_mixin.py:188} INFO - [2025-12-20T20:23:37.132+0000] {dag.py:3033} INFO - Sync 1 DAGs
[2025-12-20T20:23:37.160+0000] {logging_mixin.py:188} INFO - [2025-12-20T20:23:37.160+0000] {dag.py:3820} INFO - Setting next_dagrun for warehouse_delivery_refresh to 2025-12-20T03:00:00+00:00, run_after=2025-12-21T03:00:00+00:00
[2025-12-20T20:23:37.177+0000] {processor.py:183} INFO - Processing /opt/airflow/dags/warehouse_delivery_dag.py took 0.158 seconds
[2025-12-20T20:23:51.516+0000] {processor.py:161} INFO - Started process (PID=379) to work on /opt/airflow/dags/warehouse_delivery_dag.py
[2025-12-20T20:23:51.517+0000] {processor.py:830} INFO - Processing file /opt/airflow/dags/warehouse_delivery_dag.py for tasks to queue
[2025-12-20T20:23:51.518+0000] {logging_mixin.py:188} INFO - [2025-12-20T20:23:51.518+0000] {dagbag.py:538} INFO - Filling up the DagBag from /opt/airflow/dags/warehouse_delivery_dag.py
[2025-12-20T20:23:51.538+0000] {processor.py:840} INFO - DAG(s) 'warehouse_delivery_refresh' retrieved from /opt/airflow/dags/warehouse_delivery_dag.py
[2025-12-20T20:23:51.565+0000] {logging_mixin.py:188} INFO - [2025-12-20T20:23:51.564+0000] {dag.py:3033} INFO - Sync 1 DAGs
[2025-12-20T20:23:51.584+0000] {logging_mixin.py:188} INFO - [2025-12-20T20:23:51.584+0000] {dag.py:3820} INFO - Setting next_dagrun for warehouse_delivery_refresh to 2025-12-20T03:00:00+00:00, run_after=2025-12-21T03:00:00+00:00
[2025-12-20T20:23:51.598+0000] {processor.py:183} INFO - Processing /opt/airflow/dags/warehouse_delivery_dag.py took 0.086 seconds
[2025-12-20T20:24:22.072+0000] {processor.py:161} INFO - Started process (PID=389) to work on /opt/airflow/dags/warehouse_delivery_dag.py
[2025-12-20T20:24:22.075+0000] {processor.py:830} INFO - Processing file /opt/airflow/dags/warehouse_delivery_dag.py for tasks to queue
[2025-12-20T20:24:22.077+0000] {logging_mixin.py:188} INFO - [2025-12-20T20:24:22.076+0000] {dagbag.py:538} INFO - Filling up the DagBag from /opt/airflow/dags/warehouse_delivery_dag.py
[2025-12-20T20:24:22.117+0000] {processor.py:840} INFO - DAG(s) 'warehouse_delivery_refresh' retrieved from /opt/airflow/dags/warehouse_delivery_dag.py
[2025-12-20T20:24:22.171+0000] {logging_mixin.py:188} INFO - [2025-12-20T20:24:22.171+0000] {dag.py:3033} INFO - Sync 1 DAGs
[2025-12-20T20:24:22.196+0000] {logging_mixin.py:188} INFO - [2025-12-20T20:24:22.196+0000] {dag.py:3820} INFO - Setting next_dagrun for warehouse_delivery_refresh to 2025-12-20T03:00:00+00:00, run_after=2025-12-21T03:00:00+00:00
[2025-12-20T20:24:22.212+0000] {processor.py:183} INFO - Processing /opt/airflow/dags/warehouse_delivery_dag.py took 0.151 seconds
[2025-12-20T20:24:52.713+0000] {processor.py:161} INFO - Started process (PID=399) to work on /opt/airflow/dags/warehouse_delivery_dag.py
[2025-12-20T20:24:52.715+0000] {processor.py:830} INFO - Processing file /opt/airflow/dags/warehouse_delivery_dag.py for tasks to queue
[2025-12-20T20:24:52.717+0000] {logging_mixin.py:188} INFO - [2025-12-20T20:24:52.716+0000] {dagbag.py:538} INFO - Filling up the DagBag from /opt/airflow/dags/warehouse_delivery_dag.py
[2025-12-20T20:24:52.741+0000] {processor.py:840} INFO - DAG(s) 'warehouse_delivery_refresh' retrieved from /opt/airflow/dags/warehouse_delivery_dag.py
[2025-12-20T20:24:52.790+0000] {logging_mixin.py:188} INFO - [2025-12-20T20:24:52.789+0000] {dag.py:3033} INFO - Sync 1 DAGs
[2025-12-20T20:24:52.812+0000] {logging_mixin.py:188} INFO - [2025-12-20T20:24:52.812+0000] {dag.py:3820} INFO - Setting next_dagrun for warehouse_delivery_refresh to 2025-12-20T03:00:00+00:00, run_after=2025-12-21T03:00:00+00:00
[2025-12-20T20:24:52.827+0000] {processor.py:183} INFO - Processing /opt/airflow/dags/warehouse_delivery_dag.py took 0.118 seconds
[2025-12-20T20:25:23.550+0000] {processor.py:161} INFO - Started process (PID=409) to work on /opt/airflow/dags/warehouse_delivery_dag.py
[2025-12-20T20:25:23.552+0000] {processor.py:830} INFO - Processing file /opt/airflow/dags/warehouse_delivery_dag.py for tasks to queue
[2025-12-20T20:25:23.556+0000] {logging_mixin.py:188} INFO - [2025-12-20T20:25:23.555+0000] {dagbag.py:538} INFO - Filling up the DagBag from /opt/airflow/dags/warehouse_delivery_dag.py
[2025-12-20T20:25:23.592+0000] {processor.py:840} INFO - DAG(s) 'warehouse_delivery_refresh' retrieved from /opt/airflow/dags/warehouse_delivery_dag.py
[2025-12-20T20:25:23.645+0000] {logging_mixin.py:188} INFO - [2025-12-20T20:25:23.645+0000] {dag.py:3033} INFO - Sync 1 DAGs
[2025-12-20T20:25:23.679+0000] {logging_mixin.py:188} INFO - [2025-12-20T20:25:23.679+0000] {dag.py:3820} INFO - Setting next_dagrun for warehouse_delivery_refresh to 2025-12-20T03:00:00+00:00, run_after=2025-12-21T03:00:00+00:00
[2025-12-20T20:25:23.715+0000] {processor.py:183} INFO - Processing /opt/airflow/dags/warehouse_delivery_dag.py took 0.171 seconds
[2025-12-20T20:25:54.196+0000] {processor.py:161} INFO - Started process (PID=419) to work on /opt/airflow/dags/warehouse_delivery_dag.py
[2025-12-20T20:25:54.197+0000] {processor.py:830} INFO - Processing file /opt/airflow/dags/warehouse_delivery_dag.py for tasks to queue
[2025-12-20T20:25:54.198+0000] {logging_mixin.py:188} INFO - [2025-12-20T20:25:54.198+0000] {dagbag.py:538} INFO - Filling up the DagBag from /opt/airflow/dags/warehouse_delivery_dag.py
[2025-12-20T20:25:54.236+0000] {processor.py:840} INFO - DAG(s) 'warehouse_delivery_refresh' retrieved from /opt/airflow/dags/warehouse_delivery_dag.py
[2025-12-20T20:25:54.300+0000] {logging_mixin.py:188} INFO - [2025-12-20T20:25:54.299+0000] {dag.py:3033} INFO - Sync 1 DAGs
[2025-12-20T20:25:54.330+0000] {logging_mixin.py:188} INFO - [2025-12-20T20:25:54.330+0000] {dag.py:3820} INFO - Setting next_dagrun for warehouse_delivery_refresh to 2025-12-20T03:00:00+00:00, run_after=2025-12-21T03:00:00+00:00
[2025-12-20T20:25:54.352+0000] {processor.py:183} INFO - Processing /opt/airflow/dags/warehouse_delivery_dag.py took 0.162 seconds
[2025-12-20T20:26:24.736+0000] {processor.py:161} INFO - Started process (PID=431) to work on /opt/airflow/dags/warehouse_delivery_dag.py
[2025-12-20T20:26:24.738+0000] {processor.py:830} INFO - Processing file /opt/airflow/dags/warehouse_delivery_dag.py for tasks to queue
[2025-12-20T20:26:24.739+0000] {logging_mixin.py:188} INFO - [2025-12-20T20:26:24.739+0000] {dagbag.py:538} INFO - Filling up the DagBag from /opt/airflow/dags/warehouse_delivery_dag.py
[2025-12-20T20:26:24.764+0000] {processor.py:840} INFO - DAG(s) 'warehouse_delivery_refresh' retrieved from /opt/airflow/dags/warehouse_delivery_dag.py
[2025-12-20T20:26:24.800+0000] {logging_mixin.py:188} INFO - [2025-12-20T20:26:24.800+0000] {dag.py:3033} INFO - Sync 1 DAGs
[2025-12-20T20:26:24.818+0000] {logging_mixin.py:188} INFO - [2025-12-20T20:26:24.818+0000] {dag.py:3820} INFO - Setting next_dagrun for warehouse_delivery_refresh to 2025-12-20T03:00:00+00:00, run_after=2025-12-21T03:00:00+00:00
[2025-12-20T20:26:24.832+0000] {processor.py:183} INFO - Processing /opt/airflow/dags/warehouse_delivery_dag.py took 0.103 seconds
[2025-12-20T20:26:55.133+0000] {processor.py:161} INFO - Started process (PID=441) to work on /opt/airflow/dags/warehouse_delivery_dag.py
[2025-12-20T20:26:55.135+0000] {processor.py:830} INFO - Processing file /opt/airflow/dags/warehouse_delivery_dag.py for tasks to queue
[2025-12-20T20:26:55.136+0000] {logging_mixin.py:188} INFO - [2025-12-20T20:26:55.136+0000] {dagbag.py:538} INFO - Filling up the DagBag from /opt/airflow/dags/warehouse_delivery_dag.py
[2025-12-20T20:26:55.156+0000] {processor.py:840} INFO - DAG(s) 'warehouse_delivery_refresh' retrieved from /opt/airflow/dags/warehouse_delivery_dag.py
[2025-12-20T20:26:55.191+0000] {logging_mixin.py:188} INFO - [2025-12-20T20:26:55.191+0000] {dag.py:3033} INFO - Sync 1 DAGs
[2025-12-20T20:26:55.217+0000] {logging_mixin.py:188} INFO - [2025-12-20T20:26:55.217+0000] {dag.py:3820} INFO - Setting next_dagrun for warehouse_delivery_refresh to 2025-12-20T03:00:00+00:00, run_after=2025-12-21T03:00:00+00:00
[2025-12-20T20:26:55.230+0000] {processor.py:183} INFO - Processing /opt/airflow/dags/warehouse_delivery_dag.py took 0.101 seconds
[2025-12-20T20:27:25.693+0000] {processor.py:161} INFO - Started process (PID=452) to work on /opt/airflow/dags/warehouse_delivery_dag.py
[2025-12-20T20:27:25.695+0000] {processor.py:830} INFO - Processing file /opt/airflow/dags/warehouse_delivery_dag.py for tasks to queue
[2025-12-20T20:27:25.696+0000] {logging_mixin.py:188} INFO - [2025-12-20T20:27:25.695+0000] {dagbag.py:538} INFO - Filling up the DagBag from /opt/airflow/dags/warehouse_delivery_dag.py
[2025-12-20T20:27:25.714+0000] {processor.py:840} INFO - DAG(s) 'warehouse_delivery_refresh' retrieved from /opt/airflow/dags/warehouse_delivery_dag.py
[2025-12-20T20:27:25.747+0000] {logging_mixin.py:188} INFO - [2025-12-20T20:27:25.747+0000] {dag.py:3033} INFO - Sync 1 DAGs
[2025-12-20T20:27:25.766+0000] {logging_mixin.py:188} INFO - [2025-12-20T20:27:25.766+0000] {dag.py:3820} INFO - Setting next_dagrun for warehouse_delivery_refresh to 2025-12-20T03:00:00+00:00, run_after=2025-12-21T03:00:00+00:00
[2025-12-20T20:27:25.777+0000] {processor.py:183} INFO - Processing /opt/airflow/dags/warehouse_delivery_dag.py took 0.089 seconds
[2025-12-20T20:31:00.265+0000] {processor.py:161} INFO - Started process (PID=31) to work on /opt/airflow/dags/warehouse_delivery_dag.py
[2025-12-20T20:31:00.267+0000] {processor.py:830} INFO - Processing file /opt/airflow/dags/warehouse_delivery_dag.py for tasks to queue
[2025-12-20T20:31:00.272+0000] {logging_mixin.py:188} INFO - [2025-12-20T20:31:00.271+0000] {dagbag.py:538} INFO - Filling up the DagBag from /opt/airflow/dags/warehouse_delivery_dag.py
[2025-12-20T20:31:00.295+0000] {processor.py:840} INFO - DAG(s) 'warehouse_delivery_refresh' retrieved from /opt/airflow/dags/warehouse_delivery_dag.py
[2025-12-20T20:31:00.399+0000] {logging_mixin.py:188} INFO - [2025-12-20T20:31:00.399+0000] {dag.py:3033} INFO - Sync 1 DAGs
[2025-12-20T20:31:00.431+0000] {logging_mixin.py:188} INFO - [2025-12-20T20:31:00.431+0000] {dag.py:3820} INFO - Setting next_dagrun for warehouse_delivery_refresh to 2025-12-20T03:00:00+00:00, run_after=2025-12-21T03:00:00+00:00
[2025-12-20T20:31:00.452+0000] {processor.py:183} INFO - Processing /opt/airflow/dags/warehouse_delivery_dag.py took 0.193 seconds
[2025-12-20T20:31:30.656+0000] {processor.py:161} INFO - Started process (PID=41) to work on /opt/airflow/dags/warehouse_delivery_dag.py
[2025-12-20T20:31:30.657+0000] {processor.py:830} INFO - Processing file /opt/airflow/dags/warehouse_delivery_dag.py for tasks to queue
[2025-12-20T20:31:30.659+0000] {logging_mixin.py:188} INFO - [2025-12-20T20:31:30.658+0000] {dagbag.py:538} INFO - Filling up the DagBag from /opt/airflow/dags/warehouse_delivery_dag.py
[2025-12-20T20:31:30.691+0000] {processor.py:840} INFO - DAG(s) 'warehouse_delivery_refresh' retrieved from /opt/airflow/dags/warehouse_delivery_dag.py
[2025-12-20T20:31:30.943+0000] {logging_mixin.py:188} INFO - [2025-12-20T20:31:30.943+0000] {dag.py:3033} INFO - Sync 1 DAGs
[2025-12-20T20:31:30.962+0000] {logging_mixin.py:188} INFO - [2025-12-20T20:31:30.961+0000] {dag.py:3820} INFO - Setting next_dagrun for warehouse_delivery_refresh to 2025-12-20T03:00:00+00:00, run_after=2025-12-21T03:00:00+00:00
[2025-12-20T20:31:30.980+0000] {processor.py:183} INFO - Processing /opt/airflow/dags/warehouse_delivery_dag.py took 0.346 seconds
[2025-12-20T20:32:01.178+0000] {processor.py:161} INFO - Started process (PID=63) to work on /opt/airflow/dags/warehouse_delivery_dag.py
[2025-12-20T20:32:01.180+0000] {processor.py:830} INFO - Processing file /opt/airflow/dags/warehouse_delivery_dag.py for tasks to queue
[2025-12-20T20:32:01.181+0000] {logging_mixin.py:188} INFO - [2025-12-20T20:32:01.181+0000] {dagbag.py:538} INFO - Filling up the DagBag from /opt/airflow/dags/warehouse_delivery_dag.py
[2025-12-20T20:32:01.212+0000] {processor.py:840} INFO - DAG(s) 'warehouse_delivery_refresh' retrieved from /opt/airflow/dags/warehouse_delivery_dag.py
[2025-12-20T20:32:01.269+0000] {logging_mixin.py:188} INFO - [2025-12-20T20:32:01.269+0000] {dag.py:3033} INFO - Sync 1 DAGs
[2025-12-20T20:32:01.296+0000] {logging_mixin.py:188} INFO - [2025-12-20T20:32:01.296+0000] {dag.py:3820} INFO - Setting next_dagrun for warehouse_delivery_refresh to 2025-12-20T03:00:00+00:00, run_after=2025-12-21T03:00:00+00:00
[2025-12-20T20:32:01.313+0000] {processor.py:183} INFO - Processing /opt/airflow/dags/warehouse_delivery_dag.py took 0.139 seconds
[2025-12-20T20:32:31.474+0000] {processor.py:161} INFO - Started process (PID=73) to work on /opt/airflow/dags/warehouse_delivery_dag.py
[2025-12-20T20:32:31.474+0000] {processor.py:830} INFO - Processing file /opt/airflow/dags/warehouse_delivery_dag.py for tasks to queue
[2025-12-20T20:32:31.475+0000] {logging_mixin.py:188} INFO - [2025-12-20T20:32:31.475+0000] {dagbag.py:538} INFO - Filling up the DagBag from /opt/airflow/dags/warehouse_delivery_dag.py
[2025-12-20T20:32:31.484+0000] {processor.py:840} INFO - DAG(s) 'warehouse_delivery_refresh' retrieved from /opt/airflow/dags/warehouse_delivery_dag.py
[2025-12-20T20:32:31.514+0000] {logging_mixin.py:188} INFO - [2025-12-20T20:32:31.514+0000] {dag.py:3033} INFO - Sync 1 DAGs
[2025-12-20T20:32:31.533+0000] {logging_mixin.py:188} INFO - [2025-12-20T20:32:31.533+0000] {dag.py:3820} INFO - Setting next_dagrun for warehouse_delivery_refresh to 2025-12-20T03:00:00+00:00, run_after=2025-12-21T03:00:00+00:00
[2025-12-20T20:32:31.546+0000] {processor.py:183} INFO - Processing /opt/airflow/dags/warehouse_delivery_dag.py took 0.075 seconds
[2025-12-20T20:33:01.995+0000] {processor.py:161} INFO - Started process (PID=95) to work on /opt/airflow/dags/warehouse_delivery_dag.py
[2025-12-20T20:33:01.996+0000] {processor.py:830} INFO - Processing file /opt/airflow/dags/warehouse_delivery_dag.py for tasks to queue
[2025-12-20T20:33:01.997+0000] {logging_mixin.py:188} INFO - [2025-12-20T20:33:01.997+0000] {dagbag.py:538} INFO - Filling up the DagBag from /opt/airflow/dags/warehouse_delivery_dag.py
[2025-12-20T20:33:02.016+0000] {processor.py:840} INFO - DAG(s) 'warehouse_delivery_refresh' retrieved from /opt/airflow/dags/warehouse_delivery_dag.py
[2025-12-20T20:33:02.084+0000] {logging_mixin.py:188} INFO - [2025-12-20T20:33:02.083+0000] {dag.py:3033} INFO - Sync 1 DAGs
[2025-12-20T20:33:02.106+0000] {logging_mixin.py:188} INFO - [2025-12-20T20:33:02.106+0000] {dag.py:3820} INFO - Setting next_dagrun for warehouse_delivery_refresh to 2025-12-20T03:00:00+00:00, run_after=2025-12-21T03:00:00+00:00
[2025-12-20T20:33:02.122+0000] {processor.py:183} INFO - Processing /opt/airflow/dags/warehouse_delivery_dag.py took 0.130 seconds
[2025-12-20T20:33:32.304+0000] {processor.py:161} INFO - Started process (PID=105) to work on /opt/airflow/dags/warehouse_delivery_dag.py
[2025-12-20T20:33:32.304+0000] {processor.py:830} INFO - Processing file /opt/airflow/dags/warehouse_delivery_dag.py for tasks to queue
[2025-12-20T20:33:32.305+0000] {logging_mixin.py:188} INFO - [2025-12-20T20:33:32.305+0000] {dagbag.py:538} INFO - Filling up the DagBag from /opt/airflow/dags/warehouse_delivery_dag.py
[2025-12-20T20:33:32.317+0000] {processor.py:840} INFO - DAG(s) 'warehouse_delivery_refresh' retrieved from /opt/airflow/dags/warehouse_delivery_dag.py
[2025-12-20T20:33:32.348+0000] {logging_mixin.py:188} INFO - [2025-12-20T20:33:32.348+0000] {dag.py:3033} INFO - Sync 1 DAGs
[2025-12-20T20:33:32.368+0000] {logging_mixin.py:188} INFO - [2025-12-20T20:33:32.367+0000] {dag.py:3820} INFO - Setting next_dagrun for warehouse_delivery_refresh to 2025-12-20T03:00:00+00:00, run_after=2025-12-21T03:00:00+00:00
[2025-12-20T20:33:32.382+0000] {processor.py:183} INFO - Processing /opt/airflow/dags/warehouse_delivery_dag.py took 0.080 seconds
[2025-12-20T20:34:02.648+0000] {processor.py:161} INFO - Started process (PID=115) to work on /opt/airflow/dags/warehouse_delivery_dag.py
[2025-12-20T20:34:02.649+0000] {processor.py:830} INFO - Processing file /opt/airflow/dags/warehouse_delivery_dag.py for tasks to queue
[2025-12-20T20:34:02.649+0000] {logging_mixin.py:188} INFO - [2025-12-20T20:34:02.649+0000] {dagbag.py:538} INFO - Filling up the DagBag from /opt/airflow/dags/warehouse_delivery_dag.py
[2025-12-20T20:34:02.667+0000] {processor.py:840} INFO - DAG(s) 'warehouse_delivery_refresh' retrieved from /opt/airflow/dags/warehouse_delivery_dag.py
[2025-12-20T20:34:02.699+0000] {logging_mixin.py:188} INFO - [2025-12-20T20:34:02.699+0000] {dag.py:3033} INFO - Sync 1 DAGs
[2025-12-20T20:34:02.718+0000] {logging_mixin.py:188} INFO - [2025-12-20T20:34:02.718+0000] {dag.py:3820} INFO - Setting next_dagrun for warehouse_delivery_refresh to 2025-12-20T03:00:00+00:00, run_after=2025-12-21T03:00:00+00:00
[2025-12-20T20:34:02.733+0000] {processor.py:183} INFO - Processing /opt/airflow/dags/warehouse_delivery_dag.py took 0.088 seconds
[2025-12-20T20:34:33.038+0000] {processor.py:161} INFO - Started process (PID=125) to work on /opt/airflow/dags/warehouse_delivery_dag.py
[2025-12-20T20:34:33.041+0000] {processor.py:830} INFO - Processing file /opt/airflow/dags/warehouse_delivery_dag.py for tasks to queue
[2025-12-20T20:34:33.044+0000] {logging_mixin.py:188} INFO - [2025-12-20T20:34:33.044+0000] {dagbag.py:538} INFO - Filling up the DagBag from /opt/airflow/dags/warehouse_delivery_dag.py
[2025-12-20T20:34:33.064+0000] {processor.py:840} INFO - DAG(s) 'warehouse_delivery_refresh' retrieved from /opt/airflow/dags/warehouse_delivery_dag.py
[2025-12-20T20:34:33.094+0000] {logging_mixin.py:188} INFO - [2025-12-20T20:34:33.094+0000] {dag.py:3033} INFO - Sync 1 DAGs
[2025-12-20T20:34:33.119+0000] {logging_mixin.py:188} INFO - [2025-12-20T20:34:33.119+0000] {dag.py:3820} INFO - Setting next_dagrun for warehouse_delivery_refresh to 2025-12-20T03:00:00+00:00, run_after=2025-12-21T03:00:00+00:00
[2025-12-20T20:34:33.132+0000] {processor.py:183} INFO - Processing /opt/airflow/dags/warehouse_delivery_dag.py took 0.097 seconds
[2025-12-20T20:35:03.480+0000] {processor.py:161} INFO - Started process (PID=128) to work on /opt/airflow/dags/warehouse_delivery_dag.py
[2025-12-20T20:35:03.481+0000] {processor.py:830} INFO - Processing file /opt/airflow/dags/warehouse_delivery_dag.py for tasks to queue
[2025-12-20T20:35:03.482+0000] {logging_mixin.py:188} INFO - [2025-12-20T20:35:03.482+0000] {dagbag.py:538} INFO - Filling up the DagBag from /opt/airflow/dags/warehouse_delivery_dag.py
[2025-12-20T20:35:03.510+0000] {processor.py:840} INFO - DAG(s) 'warehouse_delivery_refresh' retrieved from /opt/airflow/dags/warehouse_delivery_dag.py
[2025-12-20T20:35:03.554+0000] {logging_mixin.py:188} INFO - [2025-12-20T20:35:03.554+0000] {dag.py:3033} INFO - Sync 1 DAGs
[2025-12-20T20:35:03.579+0000] {logging_mixin.py:188} INFO - [2025-12-20T20:35:03.579+0000] {dag.py:3820} INFO - Setting next_dagrun for warehouse_delivery_refresh to 2025-12-20T03:00:00+00:00, run_after=2025-12-21T03:00:00+00:00
[2025-12-20T20:35:03.597+0000] {processor.py:183} INFO - Processing /opt/airflow/dags/warehouse_delivery_dag.py took 0.124 seconds
[2025-12-20T20:35:33.911+0000] {processor.py:161} INFO - Started process (PID=138) to work on /opt/airflow/dags/warehouse_delivery_dag.py
[2025-12-20T20:35:33.912+0000] {processor.py:830} INFO - Processing file /opt/airflow/dags/warehouse_delivery_dag.py for tasks to queue
[2025-12-20T20:35:33.914+0000] {logging_mixin.py:188} INFO - [2025-12-20T20:35:33.913+0000] {dagbag.py:538} INFO - Filling up the DagBag from /opt/airflow/dags/warehouse_delivery_dag.py
[2025-12-20T20:35:33.940+0000] {processor.py:840} INFO - DAG(s) 'warehouse_delivery_refresh' retrieved from /opt/airflow/dags/warehouse_delivery_dag.py
[2025-12-20T20:35:33.990+0000] {logging_mixin.py:188} INFO - [2025-12-20T20:35:33.990+0000] {dag.py:3033} INFO - Sync 1 DAGs
[2025-12-20T20:35:34.013+0000] {logging_mixin.py:188} INFO - [2025-12-20T20:35:34.013+0000] {dag.py:3820} INFO - Setting next_dagrun for warehouse_delivery_refresh to 2025-12-20T03:00:00+00:00, run_after=2025-12-21T03:00:00+00:00
[2025-12-20T20:35:34.030+0000] {processor.py:183} INFO - Processing /opt/airflow/dags/warehouse_delivery_dag.py took 0.122 seconds
[2025-12-20T20:36:04.445+0000] {processor.py:161} INFO - Started process (PID=147) to work on /opt/airflow/dags/warehouse_delivery_dag.py
[2025-12-20T20:36:04.447+0000] {processor.py:830} INFO - Processing file /opt/airflow/dags/warehouse_delivery_dag.py for tasks to queue
[2025-12-20T20:36:04.448+0000] {logging_mixin.py:188} INFO - [2025-12-20T20:36:04.447+0000] {dagbag.py:538} INFO - Filling up the DagBag from /opt/airflow/dags/warehouse_delivery_dag.py
[2025-12-20T20:36:04.659+0000] {processor.py:840} INFO - DAG(s) 'warehouse_delivery_refresh' retrieved from /opt/airflow/dags/warehouse_delivery_dag.py
[2025-12-20T20:36:04.774+0000] {logging_mixin.py:188} INFO - [2025-12-20T20:36:04.773+0000] {dag.py:3033} INFO - Sync 1 DAGs
[2025-12-20T20:36:04.817+0000] {logging_mixin.py:188} INFO - [2025-12-20T20:36:04.817+0000] {dag.py:3820} INFO - Setting next_dagrun for warehouse_delivery_refresh to 2025-12-20T03:00:00+00:00, run_after=2025-12-21T03:00:00+00:00
[2025-12-20T20:36:04.842+0000] {processor.py:183} INFO - Processing /opt/airflow/dags/warehouse_delivery_dag.py took 0.407 seconds
[2025-12-20T20:36:35.478+0000] {processor.py:161} INFO - Started process (PID=157) to work on /opt/airflow/dags/warehouse_delivery_dag.py
[2025-12-20T20:36:35.479+0000] {processor.py:830} INFO - Processing file /opt/airflow/dags/warehouse_delivery_dag.py for tasks to queue
[2025-12-20T20:36:35.480+0000] {logging_mixin.py:188} INFO - [2025-12-20T20:36:35.480+0000] {dagbag.py:538} INFO - Filling up the DagBag from /opt/airflow/dags/warehouse_delivery_dag.py
[2025-12-20T20:36:35.511+0000] {processor.py:840} INFO - DAG(s) 'warehouse_delivery_refresh' retrieved from /opt/airflow/dags/warehouse_delivery_dag.py
[2025-12-20T20:36:35.548+0000] {logging_mixin.py:188} INFO - [2025-12-20T20:36:35.548+0000] {dag.py:3033} INFO - Sync 1 DAGs
[2025-12-20T20:36:35.570+0000] {logging_mixin.py:188} INFO - [2025-12-20T20:36:35.570+0000] {dag.py:3820} INFO - Setting next_dagrun for warehouse_delivery_refresh to 2025-12-20T03:00:00+00:00, run_after=2025-12-21T03:00:00+00:00
[2025-12-20T20:36:35.584+0000] {processor.py:183} INFO - Processing /opt/airflow/dags/warehouse_delivery_dag.py took 0.113 seconds
[2025-12-20T20:37:06.258+0000] {processor.py:161} INFO - Started process (PID=167) to work on /opt/airflow/dags/warehouse_delivery_dag.py
[2025-12-20T20:37:06.259+0000] {processor.py:830} INFO - Processing file /opt/airflow/dags/warehouse_delivery_dag.py for tasks to queue
[2025-12-20T20:37:06.260+0000] {logging_mixin.py:188} INFO - [2025-12-20T20:37:06.260+0000] {dagbag.py:538} INFO - Filling up the DagBag from /opt/airflow/dags/warehouse_delivery_dag.py
[2025-12-20T20:37:06.279+0000] {processor.py:840} INFO - DAG(s) 'warehouse_delivery_refresh' retrieved from /opt/airflow/dags/warehouse_delivery_dag.py
[2025-12-20T20:37:06.320+0000] {logging_mixin.py:188} INFO - [2025-12-20T20:37:06.320+0000] {dag.py:3033} INFO - Sync 1 DAGs
[2025-12-20T20:37:06.348+0000] {logging_mixin.py:188} INFO - [2025-12-20T20:37:06.348+0000] {dag.py:3820} INFO - Setting next_dagrun for warehouse_delivery_refresh to 2025-12-20T03:00:00+00:00, run_after=2025-12-21T03:00:00+00:00
[2025-12-20T20:37:06.363+0000] {processor.py:183} INFO - Processing /opt/airflow/dags/warehouse_delivery_dag.py took 0.116 seconds
[2025-12-20T20:37:36.662+0000] {processor.py:161} INFO - Started process (PID=177) to work on /opt/airflow/dags/warehouse_delivery_dag.py
[2025-12-20T20:37:36.663+0000] {processor.py:830} INFO - Processing file /opt/airflow/dags/warehouse_delivery_dag.py for tasks to queue
[2025-12-20T20:37:36.664+0000] {logging_mixin.py:188} INFO - [2025-12-20T20:37:36.664+0000] {dagbag.py:538} INFO - Filling up the DagBag from /opt/airflow/dags/warehouse_delivery_dag.py
[2025-12-20T20:37:36.683+0000] {processor.py:840} INFO - DAG(s) 'warehouse_delivery_refresh' retrieved from /opt/airflow/dags/warehouse_delivery_dag.py
[2025-12-20T20:37:36.717+0000] {logging_mixin.py:188} INFO - [2025-12-20T20:37:36.717+0000] {dag.py:3033} INFO - Sync 1 DAGs
[2025-12-20T20:37:36.740+0000] {logging_mixin.py:188} INFO - [2025-12-20T20:37:36.739+0000] {dag.py:3820} INFO - Setting next_dagrun for warehouse_delivery_refresh to 2025-12-20T03:00:00+00:00, run_after=2025-12-21T03:00:00+00:00
[2025-12-20T20:37:36.755+0000] {processor.py:183} INFO - Processing /opt/airflow/dags/warehouse_delivery_dag.py took 0.100 seconds
[2025-12-20T20:38:07.075+0000] {processor.py:161} INFO - Started process (PID=187) to work on /opt/airflow/dags/warehouse_delivery_dag.py
[2025-12-20T20:38:07.077+0000] {processor.py:830} INFO - Processing file /opt/airflow/dags/warehouse_delivery_dag.py for tasks to queue
[2025-12-20T20:38:07.078+0000] {logging_mixin.py:188} INFO - [2025-12-20T20:38:07.077+0000] {dagbag.py:538} INFO - Filling up the DagBag from /opt/airflow/dags/warehouse_delivery_dag.py
[2025-12-20T20:38:07.100+0000] {processor.py:840} INFO - DAG(s) 'warehouse_delivery_refresh' retrieved from /opt/airflow/dags/warehouse_delivery_dag.py
[2025-12-20T20:38:07.145+0000] {logging_mixin.py:188} INFO - [2025-12-20T20:38:07.145+0000] {dag.py:3033} INFO - Sync 1 DAGs
[2025-12-20T20:38:07.177+0000] {logging_mixin.py:188} INFO - [2025-12-20T20:38:07.176+0000] {dag.py:3820} INFO - Setting next_dagrun for warehouse_delivery_refresh to 2025-12-20T03:00:00+00:00, run_after=2025-12-21T03:00:00+00:00
[2025-12-20T20:38:07.197+0000] {processor.py:183} INFO - Processing /opt/airflow/dags/warehouse_delivery_dag.py took 0.128 seconds
[2025-12-20T20:38:37.582+0000] {processor.py:161} INFO - Started process (PID=197) to work on /opt/airflow/dags/warehouse_delivery_dag.py
[2025-12-20T20:38:37.584+0000] {processor.py:830} INFO - Processing file /opt/airflow/dags/warehouse_delivery_dag.py for tasks to queue
[2025-12-20T20:38:37.587+0000] {logging_mixin.py:188} INFO - [2025-12-20T20:38:37.585+0000] {dagbag.py:538} INFO - Filling up the DagBag from /opt/airflow/dags/warehouse_delivery_dag.py
[2025-12-20T20:38:37.623+0000] {processor.py:840} INFO - DAG(s) 'warehouse_delivery_refresh' retrieved from /opt/airflow/dags/warehouse_delivery_dag.py
[2025-12-20T20:38:37.666+0000] {logging_mixin.py:188} INFO - [2025-12-20T20:38:37.666+0000] {dag.py:3033} INFO - Sync 1 DAGs
[2025-12-20T20:38:37.690+0000] {logging_mixin.py:188} INFO - [2025-12-20T20:38:37.690+0000] {dag.py:3820} INFO - Setting next_dagrun for warehouse_delivery_refresh to 2025-12-20T03:00:00+00:00, run_after=2025-12-21T03:00:00+00:00
[2025-12-20T20:38:37.715+0000] {processor.py:183} INFO - Processing /opt/airflow/dags/warehouse_delivery_dag.py took 0.141 seconds
[2025-12-20T20:39:08.072+0000] {processor.py:161} INFO - Started process (PID=207) to work on /opt/airflow/dags/warehouse_delivery_dag.py
[2025-12-20T20:39:08.074+0000] {processor.py:830} INFO - Processing file /opt/airflow/dags/warehouse_delivery_dag.py for tasks to queue
[2025-12-20T20:39:08.075+0000] {logging_mixin.py:188} INFO - [2025-12-20T20:39:08.074+0000] {dagbag.py:538} INFO - Filling up the DagBag from /opt/airflow/dags/warehouse_delivery_dag.py
[2025-12-20T20:39:08.114+0000] {processor.py:840} INFO - DAG(s) 'warehouse_delivery_refresh' retrieved from /opt/airflow/dags/warehouse_delivery_dag.py
[2025-12-20T20:39:08.162+0000] {logging_mixin.py:188} INFO - [2025-12-20T20:39:08.162+0000] {dag.py:3033} INFO - Sync 1 DAGs
[2025-12-20T20:39:08.196+0000] {logging_mixin.py:188} INFO - [2025-12-20T20:39:08.195+0000] {dag.py:3820} INFO - Setting next_dagrun for warehouse_delivery_refresh to 2025-12-20T03:00:00+00:00, run_after=2025-12-21T03:00:00+00:00
[2025-12-20T20:39:08.223+0000] {processor.py:183} INFO - Processing /opt/airflow/dags/warehouse_delivery_dag.py took 0.161 seconds
[2025-12-20T20:39:38.603+0000] {processor.py:161} INFO - Started process (PID=217) to work on /opt/airflow/dags/warehouse_delivery_dag.py
[2025-12-20T20:39:38.605+0000] {processor.py:830} INFO - Processing file /opt/airflow/dags/warehouse_delivery_dag.py for tasks to queue
[2025-12-20T20:39:38.607+0000] {logging_mixin.py:188} INFO - [2025-12-20T20:39:38.606+0000] {dagbag.py:538} INFO - Filling up the DagBag from /opt/airflow/dags/warehouse_delivery_dag.py
[2025-12-20T20:39:38.635+0000] {processor.py:840} INFO - DAG(s) 'warehouse_delivery_refresh' retrieved from /opt/airflow/dags/warehouse_delivery_dag.py
[2025-12-20T20:39:38.699+0000] {logging_mixin.py:188} INFO - [2025-12-20T20:39:38.699+0000] {dag.py:3033} INFO - Sync 1 DAGs
[2025-12-20T20:39:38.733+0000] {logging_mixin.py:188} INFO - [2025-12-20T20:39:38.733+0000] {dag.py:3820} INFO - Setting next_dagrun for warehouse_delivery_refresh to 2025-12-20T03:00:00+00:00, run_after=2025-12-21T03:00:00+00:00
[2025-12-20T20:39:38.752+0000] {processor.py:183} INFO - Processing /opt/airflow/dags/warehouse_delivery_dag.py took 0.162 seconds
[2025-12-20T20:40:09.121+0000] {processor.py:161} INFO - Started process (PID=227) to work on /opt/airflow/dags/warehouse_delivery_dag.py
[2025-12-20T20:40:09.123+0000] {processor.py:830} INFO - Processing file /opt/airflow/dags/warehouse_delivery_dag.py for tasks to queue
[2025-12-20T20:40:09.124+0000] {logging_mixin.py:188} INFO - [2025-12-20T20:40:09.124+0000] {dagbag.py:538} INFO - Filling up the DagBag from /opt/airflow/dags/warehouse_delivery_dag.py
[2025-12-20T20:40:09.153+0000] {processor.py:840} INFO - DAG(s) 'warehouse_delivery_refresh' retrieved from /opt/airflow/dags/warehouse_delivery_dag.py
[2025-12-20T20:40:09.204+0000] {logging_mixin.py:188} INFO - [2025-12-20T20:40:09.204+0000] {dag.py:3033} INFO - Sync 1 DAGs
[2025-12-20T20:40:09.229+0000] {logging_mixin.py:188} INFO - [2025-12-20T20:40:09.229+0000] {dag.py:3820} INFO - Setting next_dagrun for warehouse_delivery_refresh to 2025-12-20T03:00:00+00:00, run_after=2025-12-21T03:00:00+00:00
[2025-12-20T20:40:09.255+0000] {processor.py:183} INFO - Processing /opt/airflow/dags/warehouse_delivery_dag.py took 0.145 seconds
[2025-12-20T20:40:39.569+0000] {processor.py:161} INFO - Started process (PID=237) to work on /opt/airflow/dags/warehouse_delivery_dag.py
[2025-12-20T20:40:39.571+0000] {processor.py:830} INFO - Processing file /opt/airflow/dags/warehouse_delivery_dag.py for tasks to queue
[2025-12-20T20:40:39.571+0000] {logging_mixin.py:188} INFO - [2025-12-20T20:40:39.571+0000] {dagbag.py:538} INFO - Filling up the DagBag from /opt/airflow/dags/warehouse_delivery_dag.py
[2025-12-20T20:40:39.605+0000] {processor.py:840} INFO - DAG(s) 'warehouse_delivery_refresh' retrieved from /opt/airflow/dags/warehouse_delivery_dag.py
[2025-12-20T20:40:39.662+0000] {logging_mixin.py:188} INFO - [2025-12-20T20:40:39.662+0000] {dag.py:3033} INFO - Sync 1 DAGs
[2025-12-20T20:40:39.691+0000] {logging_mixin.py:188} INFO - [2025-12-20T20:40:39.691+0000] {dag.py:3820} INFO - Setting next_dagrun for warehouse_delivery_refresh to 2025-12-20T03:00:00+00:00, run_after=2025-12-21T03:00:00+00:00
[2025-12-20T20:40:39.721+0000] {processor.py:183} INFO - Processing /opt/airflow/dags/warehouse_delivery_dag.py took 0.157 seconds
[2025-12-20T20:41:10.133+0000] {processor.py:161} INFO - Started process (PID=247) to work on /opt/airflow/dags/warehouse_delivery_dag.py
[2025-12-20T20:41:10.135+0000] {processor.py:830} INFO - Processing file /opt/airflow/dags/warehouse_delivery_dag.py for tasks to queue
[2025-12-20T20:41:10.135+0000] {logging_mixin.py:188} INFO - [2025-12-20T20:41:10.135+0000] {dagbag.py:538} INFO - Filling up the DagBag from /opt/airflow/dags/warehouse_delivery_dag.py
[2025-12-20T20:41:10.157+0000] {processor.py:840} INFO - DAG(s) 'warehouse_delivery_refresh' retrieved from /opt/airflow/dags/warehouse_delivery_dag.py
[2025-12-20T20:41:10.204+0000] {logging_mixin.py:188} INFO - [2025-12-20T20:41:10.203+0000] {dag.py:3033} INFO - Sync 1 DAGs
[2025-12-20T20:41:10.238+0000] {logging_mixin.py:188} INFO - [2025-12-20T20:41:10.238+0000] {dag.py:3820} INFO - Setting next_dagrun for warehouse_delivery_refresh to 2025-12-20T03:00:00+00:00, run_after=2025-12-21T03:00:00+00:00
[2025-12-20T20:41:10.260+0000] {processor.py:183} INFO - Processing /opt/airflow/dags/warehouse_delivery_dag.py took 0.134 seconds
[2025-12-20T20:41:40.613+0000] {processor.py:161} INFO - Started process (PID=257) to work on /opt/airflow/dags/warehouse_delivery_dag.py
[2025-12-20T20:41:40.615+0000] {processor.py:830} INFO - Processing file /opt/airflow/dags/warehouse_delivery_dag.py for tasks to queue
[2025-12-20T20:41:40.616+0000] {logging_mixin.py:188} INFO - [2025-12-20T20:41:40.616+0000] {dagbag.py:538} INFO - Filling up the DagBag from /opt/airflow/dags/warehouse_delivery_dag.py
[2025-12-20T20:41:40.645+0000] {processor.py:840} INFO - DAG(s) 'warehouse_delivery_refresh' retrieved from /opt/airflow/dags/warehouse_delivery_dag.py
[2025-12-20T20:41:40.703+0000] {logging_mixin.py:188} INFO - [2025-12-20T20:41:40.703+0000] {dag.py:3033} INFO - Sync 1 DAGs
[2025-12-20T20:41:40.737+0000] {logging_mixin.py:188} INFO - [2025-12-20T20:41:40.737+0000] {dag.py:3820} INFO - Setting next_dagrun for warehouse_delivery_refresh to 2025-12-20T03:00:00+00:00, run_after=2025-12-21T03:00:00+00:00
[2025-12-20T20:41:40.758+0000] {processor.py:183} INFO - Processing /opt/airflow/dags/warehouse_delivery_dag.py took 0.157 seconds
[2025-12-20T20:42:11.107+0000] {processor.py:161} INFO - Started process (PID=267) to work on /opt/airflow/dags/warehouse_delivery_dag.py
[2025-12-20T20:42:11.112+0000] {processor.py:830} INFO - Processing file /opt/airflow/dags/warehouse_delivery_dag.py for tasks to queue
[2025-12-20T20:42:11.114+0000] {logging_mixin.py:188} INFO - [2025-12-20T20:42:11.113+0000] {dagbag.py:538} INFO - Filling up the DagBag from /opt/airflow/dags/warehouse_delivery_dag.py
[2025-12-20T20:42:11.150+0000] {processor.py:840} INFO - DAG(s) 'warehouse_delivery_refresh' retrieved from /opt/airflow/dags/warehouse_delivery_dag.py
[2025-12-20T20:42:11.204+0000] {logging_mixin.py:188} INFO - [2025-12-20T20:42:11.204+0000] {dag.py:3033} INFO - Sync 1 DAGs
[2025-12-20T20:42:11.241+0000] {logging_mixin.py:188} INFO - [2025-12-20T20:42:11.240+0000] {dag.py:3820} INFO - Setting next_dagrun for warehouse_delivery_refresh to 2025-12-20T03:00:00+00:00, run_after=2025-12-21T03:00:00+00:00
[2025-12-20T20:42:11.265+0000] {processor.py:183} INFO - Processing /opt/airflow/dags/warehouse_delivery_dag.py took 0.172 seconds
[2025-12-20T20:42:41.649+0000] {processor.py:161} INFO - Started process (PID=277) to work on /opt/airflow/dags/warehouse_delivery_dag.py
[2025-12-20T20:42:41.651+0000] {processor.py:830} INFO - Processing file /opt/airflow/dags/warehouse_delivery_dag.py for tasks to queue
[2025-12-20T20:42:41.652+0000] {logging_mixin.py:188} INFO - [2025-12-20T20:42:41.652+0000] {dagbag.py:538} INFO - Filling up the DagBag from /opt/airflow/dags/warehouse_delivery_dag.py
[2025-12-20T20:42:41.692+0000] {processor.py:840} INFO - DAG(s) 'warehouse_delivery_refresh' retrieved from /opt/airflow/dags/warehouse_delivery_dag.py
[2025-12-20T20:42:41.739+0000] {logging_mixin.py:188} INFO - [2025-12-20T20:42:41.739+0000] {dag.py:3033} INFO - Sync 1 DAGs
[2025-12-20T20:42:41.766+0000] {logging_mixin.py:188} INFO - [2025-12-20T20:42:41.766+0000] {dag.py:3820} INFO - Setting next_dagrun for warehouse_delivery_refresh to 2025-12-20T03:00:00+00:00, run_after=2025-12-21T03:00:00+00:00
[2025-12-20T20:42:41.784+0000] {processor.py:183} INFO - Processing /opt/airflow/dags/warehouse_delivery_dag.py took 0.145 seconds
[2025-12-20T20:43:12.175+0000] {processor.py:161} INFO - Started process (PID=287) to work on /opt/airflow/dags/warehouse_delivery_dag.py
[2025-12-20T20:43:12.178+0000] {processor.py:830} INFO - Processing file /opt/airflow/dags/warehouse_delivery_dag.py for tasks to queue
[2025-12-20T20:43:12.181+0000] {logging_mixin.py:188} INFO - [2025-12-20T20:43:12.180+0000] {dagbag.py:538} INFO - Filling up the DagBag from /opt/airflow/dags/warehouse_delivery_dag.py
[2025-12-20T20:43:12.220+0000] {processor.py:840} INFO - DAG(s) 'warehouse_delivery_refresh' retrieved from /opt/airflow/dags/warehouse_delivery_dag.py
[2025-12-20T20:43:12.270+0000] {logging_mixin.py:188} INFO - [2025-12-20T20:43:12.270+0000] {dag.py:3033} INFO - Sync 1 DAGs
[2025-12-20T20:43:12.299+0000] {logging_mixin.py:188} INFO - [2025-12-20T20:43:12.299+0000] {dag.py:3820} INFO - Setting next_dagrun for warehouse_delivery_refresh to 2025-12-20T03:00:00+00:00, run_after=2025-12-21T03:00:00+00:00
[2025-12-20T20:43:12.323+0000] {processor.py:183} INFO - Processing /opt/airflow/dags/warehouse_delivery_dag.py took 0.181 seconds
[2025-12-20T20:43:42.711+0000] {processor.py:161} INFO - Started process (PID=297) to work on /opt/airflow/dags/warehouse_delivery_dag.py
[2025-12-20T20:43:42.712+0000] {processor.py:830} INFO - Processing file /opt/airflow/dags/warehouse_delivery_dag.py for tasks to queue
[2025-12-20T20:43:42.713+0000] {logging_mixin.py:188} INFO - [2025-12-20T20:43:42.713+0000] {dagbag.py:538} INFO - Filling up the DagBag from /opt/airflow/dags/warehouse_delivery_dag.py
[2025-12-20T20:43:42.740+0000] {processor.py:840} INFO - DAG(s) 'warehouse_delivery_refresh' retrieved from /opt/airflow/dags/warehouse_delivery_dag.py
[2025-12-20T20:43:42.794+0000] {logging_mixin.py:188} INFO - [2025-12-20T20:43:42.794+0000] {dag.py:3033} INFO - Sync 1 DAGs
[2025-12-20T20:43:42.823+0000] {logging_mixin.py:188} INFO - [2025-12-20T20:43:42.822+0000] {dag.py:3820} INFO - Setting next_dagrun for warehouse_delivery_refresh to 2025-12-20T03:00:00+00:00, run_after=2025-12-21T03:00:00+00:00
[2025-12-20T20:43:42.847+0000] {processor.py:183} INFO - Processing /opt/airflow/dags/warehouse_delivery_dag.py took 0.146 seconds
[2025-12-20T20:44:13.176+0000] {processor.py:161} INFO - Started process (PID=307) to work on /opt/airflow/dags/warehouse_delivery_dag.py
[2025-12-20T20:44:13.179+0000] {processor.py:830} INFO - Processing file /opt/airflow/dags/warehouse_delivery_dag.py for tasks to queue
[2025-12-20T20:44:13.181+0000] {logging_mixin.py:188} INFO - [2025-12-20T20:44:13.180+0000] {dagbag.py:538} INFO - Filling up the DagBag from /opt/airflow/dags/warehouse_delivery_dag.py
[2025-12-20T20:44:13.205+0000] {processor.py:840} INFO - DAG(s) 'warehouse_delivery_refresh' retrieved from /opt/airflow/dags/warehouse_delivery_dag.py
[2025-12-20T20:44:13.248+0000] {logging_mixin.py:188} INFO - [2025-12-20T20:44:13.248+0000] {dag.py:3033} INFO - Sync 1 DAGs
[2025-12-20T20:44:13.278+0000] {logging_mixin.py:188} INFO - [2025-12-20T20:44:13.277+0000] {dag.py:3820} INFO - Setting next_dagrun for warehouse_delivery_refresh to 2025-12-20T03:00:00+00:00, run_after=2025-12-21T03:00:00+00:00
[2025-12-20T20:44:13.292+0000] {processor.py:183} INFO - Processing /opt/airflow/dags/warehouse_delivery_dag.py took 0.127 seconds
